ROW_ID,BANK_ID,COUNTRY_CODE,DATE_ID,INDICATOR_ID,VALUE,SOURCE,REFERENCE_DATE
1,62,AT,1,1,0.154182,RISK_DASHBOARD,2018-03-31
2,62,AT,2,1,0.1846,RISK_DASHBOARD,2018-06-30
3,62,AT,3,1,0.132951,RISK_DASHBOARD,2018-09-30
4,62,AT,4,1,0.155706,RISK_DASHBOARD,2018-12-31
5,62,AT,5,1,0.188116,RISK_DASHBOARD,2019-03-31
6,62,AT,6,1,0.192709,RISK_DASHBOARD,2019-06-30
7,62,AT,7,1,0.147296,RISK_DASHBOARD,2019-09-30
8,62,AT,8,1,0.176989,RISK_DASHBOARD,2019-12-31
9,62,AT,9,1,0.177374,RISK_DASHBOARD,2020-03-31
10,62,AT,10,1,0.199951,RISK_DASHBOARD,2020-06-30
11,62,AT,11,1,0.153287,RISK_DASHBOARD,2020-09-30
12,62,AT,12,1,0.19614,RISK_DASHBOARD,2020-12-31
13,62,AT,13,1,0.149803,RISK_DASHBOARD,2021-03-31
14,62,AT,14,1,0.152471,RISK_DASHBOARD,2021-06-30
15,62,AT,15,1,0.208764,RISK_DASHBOARD,2021-09-30
16,62,AT,16,1,0.21077,RISK_DASHBOARD,2021-12-31
17,62,AT,17,1,0.159849,RISK_DASHBOARD,2022-03-31
18,62,AT,18,1,0.186756,RISK_DASHBOARD,2022-06-30
19,62,AT,19,1,0.169482,RISK_DASHBOARD,2022-09-30
20,62,AT,20,1,0.18721,RISK_DASHBOARD,2022-12-31
21,62,AT,21,1,0.194962,RISK_DASHBOARD,2023-03-31
22,62,AT,22,1,0.198443,RISK_DASHBOARD,2023-06-30
23,62,AT,23,1,0.183359,RISK_DASHBOARD,2023-09-30
24,62,AT,24,1,0.176387,RISK_DASHBOARD,2023-12-31
25,62,AT,25,1,0.199368,RISK_DASHBOARD,2024-03-31
26,62,AT,26,1,0.220858,RISK_DASHBOARD,2024-06-30
27,62,AT,27,1,0.217651,RISK_DASHBOARD,2024-09-30
28,62,AT,28,1,0.226384,RISK_DASHBOARD,2024-12-31
29,63,BE,1,1,0.142247,RISK_DASHBOARD,2018-03-31
30,63,BE,2,1,0.144551,RISK_DASHBOARD,2018-06-30
31,63,BE,3,1,0.14187,RISK_DASHBOARD,2018-09-30
32,63,BE,4,1,0.164001,RISK_DASHBOARD,2018-12-31
33,63,BE,5,1,0.12329,RISK_DASHBOARD,2019-03-31
34,63,BE,6,1,0.135986,RISK_DASHBOARD,2019-06-30
35,63,BE,7,1,0.138121,RISK_DASHBOARD,2019-09-30
36,63,BE,8,1,0.161593,RISK_DASHBOARD,2019-12-31
37,63,BE,9,1,0.178238,RISK_DASHBOARD,2020-03-31
38,63,BE,10,1,0.155781,RISK_DASHBOARD,2020-06-30
39,63,BE,11,1,0.174569,RISK_DASHBOARD,2020-09-30
40,63,BE,12,1,0.163889,RISK_DASHBOARD,2020-12-31
41,63,BE,13,1,0.184129,RISK_DASHBOARD,2021-03-31
42,63,BE,14,1,0.148308,RISK_DASHBOARD,2021-06-30
43,63,BE,15,1,0.157843,RISK_DASHBOARD,2021-09-30
44,63,BE,16,1,0.164982,RISK_DASHBOARD,2021-12-31
45,63,BE,17,1,0.181038,RISK_DASHBOARD,2022-03-31
46,63,BE,18,1,0.185894,RISK_DASHBOARD,2022-06-30
47,63,BE,19,1,0.184392,RISK_DASHBOARD,2022-09-30
48,63,BE,20,1,0.18479,RISK_DASHBOARD,2022-12-31
49,63,BE,21,1,0.162264,RISK_DASHBOARD,2023-03-31
50,63,BE,22,1,0.156708,RISK_DASHBOARD,2023-06-30
51,63,BE,23,1,0.196505,RISK_DASHBOARD,2023-09-30
52,63,BE,24,1,0.161704,RISK_DASHBOARD,2023-12-31
53,63,BE,25,1,0.20157,RISK_DASHBOARD,2024-03-31
54,63,BE,26,1,0.181383,RISK_DASHBOARD,2024-06-30
55,63,BE,27,1,0.203173,RISK_DASHBOARD,2024-09-30
56,63,BE,28,1,0.189685,RISK_DASHBOARD,2024-12-31
57,64,CY,1,1,0.134154,RISK_DASHBOARD,2018-03-31
58,64,CY,2,1,0.164292,RISK_DASHBOARD,2018-06-30
59,64,CY,3,1,0.154731,RISK_DASHBOARD,2018-09-30
60,64,CY,4,1,0.119336,RISK_DASHBOARD,2018-12-31
61,64,CY,5,1,0.158143,RISK_DASHBOARD,2019-03-31
62,64,CY,6,1,0.160881,RISK_DASHBOARD,2019-06-30
63,64,CY,7,1,0.121014,RISK_DASHBOARD,2019-09-30
64,64,CY,8,1,0.148862,RISK_DASHBOARD,2019-12-31
65,64,CY,9,1,0.131199,RISK_DASHBOARD,2020-03-31
66,64,CY,10,1,0.150341,RISK_DASHBOARD,2020-06-30
67,64,CY,11,1,0.177871,RISK_DASHBOARD,2020-09-30
68,64,CY,12,1,0.176509,RISK_DASHBOARD,2020-12-31
69,64,CY,13,1,0.145026,RISK_DASHBOARD,2021-03-31
70,64,CY,14,1,0.170608,RISK_DASHBOARD,2021-06-30
71,64,CY,15,1,0.149937,RISK_DASHBOARD,2021-09-30
72,64,CY,16,1,0.190942,RISK_DASHBOARD,2021-12-31
73,64,CY,17,1,0.148077,RISK_DASHBOARD,2022-03-31
74,64,CY,18,1,0.145927,RISK_DASHBOARD,2022-06-30
75,64,CY,19,1,0.161687,RISK_DASHBOARD,2022-09-30
76,64,CY,20,1,0.169218,RISK_DASHBOARD,2022-12-31
77,64,CY,21,1,0.148948,RISK_DASHBOARD,2023-03-31
78,64,CY,22,1,0.175734,RISK_DASHBOARD,2023-06-30
79,64,CY,23,1,0.18607,RISK_DASHBOARD,2023-09-30
80,64,CY,24,1,0.157813,RISK_DASHBOARD,2023-12-31
81,64,CY,25,1,0.190578,RISK_DASHBOARD,2024-03-31
82,64,CY,26,1,0.1595,RISK_DASHBOARD,2024-06-30
83,64,CY,27,1,0.173936,RISK_DASHBOARD,2024-09-30
84,64,CY,28,1,0.174007,RISK_DASHBOARD,2024-12-31
85,65,DE,1,1,0.13496,RISK_DASHBOARD,2018-03-31
86,65,DE,2,1,0.1347,RISK_DASHBOARD,2018-06-30
87,65,DE,3,1,0.143186,RISK_DASHBOARD,2018-09-30
88,65,DE,4,1,0.175168,RISK_DASHBOARD,2018-12-31
89,65,DE,5,1,0.164046,RISK_DASHBOARD,2019-03-31
90,65,DE,6,1,0.152025,RISK_DASHBOARD,2019-06-30
91,65,DE,7,1,0.170353,RISK_DASHBOARD,2019-09-30
92,65,DE,8,1,0.154596,RISK_DASHBOARD,2019-12-31
93,65,DE,9,1,0.153179,RISK_DASHBOARD,2020-03-31
94,65,DE,10,1,0.181744,RISK_DASHBOARD,2020-06-30
95,65,DE,11,1,0.188787,RISK_DASHBOARD,2020-09-30
96,65,DE,12,1,0.179387,RISK_DASHBOARD,2020-12-31
97,65,DE,13,1,0.174702,RISK_DASHBOARD,2021-03-31
98,65,DE,14,1,0.203902,RISK_DASHBOARD,2021-06-30
99,65,DE,15,1,0.16074,RISK_DASHBOARD,2021-09-30
100,65,DE,16,1,0.165645,RISK_DASHBOARD,2021-12-31
101,65,DE,17,1,0.174499,RISK_DASHBOARD,2022-03-31
102,65,DE,18,1,0.213095,RISK_DASHBOARD,2022-06-30
103,65,DE,19,1,0.157688,RISK_DASHBOARD,2022-09-30
104,65,DE,20,1,0.164334,RISK_DASHBOARD,2022-12-31
105,65,DE,21,1,0.211027,RISK_DASHBOARD,2023-03-31
106,65,DE,22,1,0.175541,RISK_DASHBOARD,2023-06-30
107,65,DE,23,1,0.174068,RISK_DASHBOARD,2023-09-30
108,65,DE,24,1,0.201941,RISK_DASHBOARD,2023-12-31
109,65,DE,25,1,0.198109,RISK_DASHBOARD,2024-03-31
110,65,DE,26,1,0.204069,RISK_DASHBOARD,2024-06-30
111,65,DE,27,1,0.178854,RISK_DASHBOARD,2024-09-30
112,65,DE,28,1,0.185061,RISK_DASHBOARD,2024-12-31
113,66,DK,1,1,0.199185,RISK_DASHBOARD,2018-03-31
114,66,DK,2,1,0.173604,RISK_DASHBOARD,2018-06-30
115,66,DK,3,1,0.155173,RISK_DASHBOARD,2018-09-30
116,66,DK,4,1,0.167421,RISK_DASHBOARD,2018-12-31
117,66,DK,5,1,0.190581,RISK_DASHBOARD,2019-03-31
118,66,DK,6,1,0.200088,RISK_DASHBOARD,2019-06-30
119,66,DK,7,1,0.206816,RISK_DASHBOARD,2019-09-30
120,66,DK,8,1,0.171473,RISK_DASHBOARD,2019-12-31
121,66,DK,9,1,0.167473,RISK_DASHBOARD,2020-03-31
122,66,DK,10,1,0.204182,RISK_DASHBOARD,2020-06-30
123,66,DK,11,1,0.21397,RISK_DASHBOARD,2020-09-30
124,66,DK,12,1,0.158886,RISK_DASHBOARD,2020-12-31
125,66,DK,13,1,0.177755,RISK_DASHBOARD,2021-03-31
126,66,DK,14,1,0.172159,RISK_DASHBOARD,2021-06-30
127,66,DK,15,1,0.207042,RISK_DASHBOARD,2021-09-30
128,66,DK,16,1,0.211656,RISK_DASHBOARD,2021-12-31
129,66,DK,17,1,0.177011,RISK_DASHBOARD,2022-03-31
130,66,DK,18,1,0.186894,RISK_DASHBOARD,2022-06-30
131,66,DK,19,1,0.221507,RISK_DASHBOARD,2022-09-30
132,66,DK,20,1,0.18336,RISK_DASHBOARD,2022-12-31
133,66,DK,21,1,0.171893,RISK_DASHBOARD,2023-03-31
134,66,DK,22,1,0.180521,RISK_DASHBOARD,2023-06-30
135,66,DK,23,1,0.221371,RISK_DASHBOARD,2023-09-30
136,66,DK,24,1,0.201509,RISK_DASHBOARD,2023-12-31
137,66,DK,25,1,0.184586,RISK_DASHBOARD,2024-03-31
138,66,DK,26,1,0.18592,RISK_DASHBOARD,2024-06-30
139,66,DK,27,1,0.185127,RISK_DASHBOARD,2024-09-30
140,66,DK,28,1,0.198596,RISK_DASHBOARD,2024-12-31
141,67,ES,1,1,0.142176,RISK_DASHBOARD,2018-03-31
142,67,ES,2,1,0.191363,RISK_DASHBOARD,2018-06-30
143,67,ES,3,1,0.14425,RISK_DASHBOARD,2018-09-30
144,67,ES,4,1,0.18661,RISK_DASHBOARD,2018-12-31
145,67,ES,5,1,0.146925,RISK_DASHBOARD,2019-03-31
146,67,ES,6,1,0.143126,RISK_DASHBOARD,2019-06-30
147,67,ES,7,1,0.158817,RISK_DASHBOARD,2019-09-30
148,67,ES,8,1,0.187907,RISK_DASHBOARD,2019-12-31
149,67,ES,9,1,0.176236,RISK_DASHBOARD,2020-03-31
150,67,ES,10,1,0.15301,RISK_DASHBOARD,2020-06-30
151,67,ES,11,1,0.170326,RISK_DASHBOARD,2020-09-30
152,67,ES,12,1,0.203063,RISK_DASHBOARD,2020-12-31
153,67,ES,13,1,0.189234,RISK_DASHBOARD,2021-03-31
154,67,ES,14,1,0.193269,RISK_DASHBOARD,2021-06-30
155,67,ES,15,1,0.20936,RISK_DASHBOARD,2021-09-30
156,67,ES,16,1,0.208812,RISK_DASHBOARD,2021-12-31
157,67,ES,17,1,0.159244,RISK_DASHBOARD,2022-03-31
158,67,ES,18,1,0.204914,RISK_DASHBOARD,2022-06-30
159,67,ES,19,1,0.195829,RISK_DASHBOARD,2022-09-30
160,67,ES,20,1,0.166545,RISK_DASHBOARD,2022-12-31
161,67,ES,21,1,0.198677,RISK_DASHBOARD,2023-03-31
162,67,ES,22,1,0.223373,RISK_DASHBOARD,2023-06-30
163,67,ES,23,1,0.187534,RISK_DASHBOARD,2023-09-30
164,67,ES,24,1,0.179873,RISK_DASHBOARD,2023-12-31
165,67,ES,25,1,0.204347,RISK_DASHBOARD,2024-03-31
166,67,ES,26,1,0.211585,RISK_DASHBOARD,2024-06-30
167,67,ES,27,1,0.195643,RISK_DASHBOARD,2024-09-30
168,67,ES,28,1,0.230385,RISK_DASHBOARD,2024-12-31
169,68,EU,1,1,0.136503,RISK_DASHBOARD,2018-03-31
170,68,EU,2,1,0.12709,RISK_DASHBOARD,2018-06-30
171,68,EU,3,1,0.17924,RISK_DASHBOARD,2018-09-30
172,68,EU,4,1,0.141243,RISK_DASHBOARD,2018-12-31
173,68,EU,5,1,0.187103,RISK_DASHBOARD,2019-03-31
174,68,EU,6,1,0.172601,RISK_DASHBOARD,2019-06-30
175,68,EU,7,1,0.143591,RISK_DASHBOARD,2019-09-30
176,68,EU,8,1,0.152364,RISK_DASHBOARD,2019-12-31
177,68,EU,9,1,0.183415,RISK_DASHBOARD,2020-03-31
178,68,EU,10,1,0.152452,RISK_DASHBOARD,2020-06-30
179,68,EU,11,1,0.189237,RISK_DASHBOARD,2020-09-30
180,68,EU,12,1,0.190605,RISK_DASHBOARD,2020-12-31
181,68,EU,13,1,0.161475,RISK_DASHBOARD,2021-03-31
182,68,EU,14,1,0.180822,RISK_DASHBOARD,2021-06-30
183,68,EU,15,1,0.166901,RISK_DASHBOARD,2021-09-30
184,68,EU,16,1,0.193805,RISK_DASHBOARD,2021-12-31
185,68,EU,17,1,0.184463,RISK_DASHBOARD,2022-03-31
186,68,EU,18,1,0.167001,RISK_DASHBOARD,2022-06-30
187,68,EU,19,1,0.207916,RISK_DASHBOARD,2022-09-30
188,68,EU,20,1,0.168352,RISK_DASHBOARD,2022-12-31
189,68,EU,21,1,0.205483,RISK_DASHBOARD,2023-03-31
190,68,EU,22,1,0.212429,RISK_DASHBOARD,2023-06-30
191,68,EU,23,1,0.211664,RISK_DASHBOARD,2023-09-30
192,68,EU,24,1,0.162673,RISK_DASHBOARD,2023-12-31
193,68,EU,25,1,0.212908,RISK_DASHBOARD,2024-03-31
194,68,EU,26,1,0.17524,RISK_DASHBOARD,2024-06-30
195,68,EU,27,1,0.164891,RISK_DASHBOARD,2024-09-30
196,68,EU,28,1,0.180509,RISK_DASHBOARD,2024-12-31
197,69,FI,1,1,0.161904,RISK_DASHBOARD,2018-03-31
198,69,FI,2,1,0.165277,RISK_DASHBOARD,2018-06-30
199,69,FI,3,1,0.16083,RISK_DASHBOARD,2018-09-30
200,69,FI,4,1,0.17397,RISK_DASHBOARD,2018-12-31
201,69,FI,5,1,0.170838,RISK_DASHBOARD,2019-03-31
202,69,FI,6,1,0.147496,RISK_DASHBOARD,2019-06-30
203,69,FI,7,1,0.183947,RISK_DASHBOARD,2019-09-30
204,69,FI,8,1,0.147268,RISK_DASHBOARD,2019-12-31
205,69,FI,9,1,0.170592,RISK_DASHBOARD,2020-03-31
206,69,FI,10,1,0.186604,RISK_DASHBOARD,2020-06-30
207,69,FI,11,1,0.157184,RISK_DASHBOARD,2020-09-30
208,69,FI,12,1,0.166348,RISK_DASHBOARD,2020-12-31
209,69,FI,13,1,0.195975,RISK_DASHBOARD,2021-03-31
210,69,FI,14,1,0.166412,RISK_DASHBOARD,2021-06-30
211,69,FI,15,1,0.2098,RISK_DASHBOARD,2021-09-30
212,69,FI,16,1,0.19026,RISK_DASHBOARD,2021-12-31
213,69,FI,17,1,0.202083,RISK_DASHBOARD,2022-03-31
214,69,FI,18,1,0.172455,RISK_DASHBOARD,2022-06-30
215,69,FI,19,1,0.19818,RISK_DASHBOARD,2022-09-30
216,69,FI,20,1,0.192272,RISK_DASHBOARD,2022-12-31
217,69,FI,21,1,0.22415,RISK_DASHBOARD,2023-03-31
218,69,FI,22,1,0.209586,RISK_DASHBOARD,2023-06-30
219,69,FI,23,1,0.173751,RISK_DASHBOARD,2023-09-30
220,69,FI,24,1,0.195147,RISK_DASHBOARD,2023-12-31
221,69,FI,25,1,0.191849,RISK_DASHBOARD,2024-03-31
222,69,FI,26,1,0.194,RISK_DASHBOARD,2024-06-30
223,69,FI,27,1,0.18984,RISK_DASHBOARD,2024-09-30
224,69,FI,28,1,0.218725,RISK_DASHBOARD,2024-12-31
225,70,FR,1,1,0.142233,RISK_DASHBOARD,2018-03-31
226,70,FR,2,1,0.159982,RISK_DASHBOARD,2018-06-30
227,70,FR,3,1,0.114953,RISK_DASHBOARD,2018-09-30
228,70,FR,4,1,0.132422,RISK_DASHBOARD,2018-12-31
229,70,FR,5,1,0.163329,RISK_DASHBOARD,2019-03-31
230,70,FR,6,1,0.172364,RISK_DASHBOARD,2019-06-30
231,70,FR,7,1,0.123047,RISK_DASHBOARD,2019-09-30
232,70,FR,8,1,0.161456,RISK_DASHBOARD,2019-12-31
233,70,FR,9,1,0.18038,RISK_DASHBOARD,2020-03-31
234,70,FR,10,1,0.136827,RISK_DASHBOARD,2020-06-30
235,70,FR,11,1,0.147402,RISK_DASHBOARD,2020-09-30
236,70,FR,12,1,0.166701,RISK_DASHBOARD,2020-12-31
237,70,FR,13,1,0.150648,RISK_DASHBOARD,2021-03-31
238,70,FR,14,1,0.175915,RISK_DASHBOARD,2021-06-30
239,70,FR,15,1,0.135007,RISK_DASHBOARD,2021-09-30
240,70,FR,16,1,0.164037,RISK_DASHBOARD,2021-12-31
241,70,FR,17,1,0.155021,RISK_DASHBOARD,2022-03-31
242,70,FR,18,1,0.143784,RISK_DASHBOARD,2022-06-30
243,70,FR,19,1,0.149639,RISK_DASHBOARD,2022-09-30
244,70,FR,20,1,0.179543,RISK_DASHBOARD,2022-12-31
245,70,FR,21,1,0.155634,RISK_DASHBOARD,2023-03-31
246,70,FR,22,1,0.175931,RISK_DASHBOARD,2023-06-30
247,70,FR,23,1,0.143842,RISK_DASHBOARD,2023-09-30
248,70,FR,24,1,0.143967,RISK_DASHBOARD,2023-12-31
249,70,FR,25,1,0.20298,RISK_DASHBOARD,2024-03-31
250,70,FR,26,1,0.165326,RISK_DASHBOARD,2024-06-30
251,70,FR,27,1,0.204379,RISK_DASHBOARD,2024-09-30
252,70,FR,28,1,0.151462,RISK_DASHBOARD,2024-12-31
253,71,GR,1,1,0.145093,RISK_DASHBOARD,2018-03-31
254,71,GR,2,1,0.198888,RISK_DASHBOARD,2018-06-30
255,71,GR,3,1,0.177545,RISK_DASHBOARD,2018-09-30
256,71,GR,4,1,0.189167,RISK_DASHBOARD,2018-12-31
257,71,GR,5,1,0.186956,RISK_DASHBOARD,2019-03-31
258,71,GR,6,1,0.150321,RISK_DASHBOARD,2019-06-30
259,71,GR,7,1,0.149497,RISK_DASHBOARD,2019-09-30
260,71,GR,8,1,0.201607,RISK_DASHBOARD,2019-12-31
261,71,GR,9,1,0.154045,RISK_DASHBOARD,2020-03-31
262,71,GR,10,1,0.16695,RISK_DASHBOARD,2020-06-30
263,71,GR,11,1,0.162358,RISK_DASHBOARD,2020-09-30
264,71,GR,12,1,0.211982,RISK_DASHBOARD,2020-12-31
265,71,GR,13,1,0.185516,RISK_DASHBOARD,2021-03-31
266,71,GR,14,1,0.183159,RISK_DASHBOARD,2021-06-30
267,71,GR,15,1,0.193294,RISK_DASHBOARD,2021-09-30
268,71,GR,16,1,0.169655,RISK_DASHBOARD,2021-12-31
269,71,GR,17,1,0.220473,RISK_DASHBOARD,2022-03-31
270,71,GR,18,1,0.197404,RISK_DASHBOARD,2022-06-30
271,71,GR,19,1,0.202865,RISK_DASHBOARD,2022-09-30
272,71,GR,20,1,0.190099,RISK_DASHBOARD,2022-12-31
273,71,GR,21,1,0.184693,RISK_DASHBOARD,2023-03-31
274,71,GR,22,1,0.198052,RISK_DASHBOARD,2023-06-30
275,71,GR,23,1,0.213134,RISK_DASHBOARD,2023-09-30
276,71,GR,24,1,0.232687,RISK_DASHBOARD,2023-12-31
277,71,GR,25,1,0.194045,RISK_DASHBOARD,2024-03-31
278,71,GR,26,1,0.222577,RISK_DASHBOARD,2024-06-30
279,71,GR,27,1,0.208281,RISK_DASHBOARD,2024-09-30
280,71,GR,28,1,0.221865,RISK_DASHBOARD,2024-12-31
281,72,HR,1,1,0.164274,RISK_DASHBOARD,2018-03-31
282,72,HR,2,1,0.132478,RISK_DASHBOARD,2018-06-30
283,72,HR,3,1,0.158586,RISK_DASHBOARD,2018-09-30
284,72,HR,4,1,0.170233,RISK_DASHBOARD,2018-12-31
285,72,HR,5,1,0.135778,RISK_DASHBOARD,2019-03-31
286,72,HR,6,1,0.158715,RISK_DASHBOARD,2019-06-30
287,72,HR,7,1,0.118964,RISK_DASHBOARD,2019-09-30
288,72,HR,8,1,0.15001,RISK_DASHBOARD,2019-12-31
289,72,HR,9,1,0.17315,RISK_DASHBOARD,2020-03-31
290,72,HR,10,1,0.133942,RISK_DASHBOARD,2020-06-30
291,72,HR,11,1,0.179968,RISK_DASHBOARD,2020-09-30
292,72,HR,12,1,0.139672,RISK_DASHBOARD,2020-12-31
293,72,HR,13,1,0.17415,RISK_DASHBOARD,2021-03-31
294,72,HR,14,1,0.178504,RISK_DASHBOARD,2021-06-30
295,72,HR,15,1,0.175991,RISK_DASHBOARD,2021-09-30
296,72,HR,16,1,0.133721,RISK_DASHBOARD,2021-12-31
297,72,HR,17,1,0.173823,RISK_DASHBOARD,2022-03-31
298,72,HR,18,1,0.152359,RISK_DASHBOARD,2022-06-30
299,72,HR,19,1,0.171165,RISK_DASHBOARD,2022-09-30
300,72,HR,20,1,0.166018,RISK_DASHBOARD,2022-12-31
301,72,HR,21,1,0.19541,RISK_DASHBOARD,2023-03-31
302,72,HR,22,1,0.149935,RISK_DASHBOARD,2023-06-30
303,72,HR,23,1,0.151685,RISK_DASHBOARD,2023-09-30
304,72,HR,24,1,0.196427,RISK_DASHBOARD,2023-12-31
305,72,HR,25,1,0.199696,RISK_DASHBOARD,2024-03-31
306,72,HR,26,1,0.168257,RISK_DASHBOARD,2024-06-30
307,72,HR,27,1,0.184197,RISK_DASHBOARD,2024-09-30
308,72,HR,28,1,0.205849,RISK_DASHBOARD,2024-12-31
309,73,HU,1,1,0.176551,RISK_DASHBOARD,2018-03-31
310,73,HU,2,1,0.19006,RISK_DASHBOARD,2018-06-30
311,73,HU,3,1,0.180397,RISK_DASHBOARD,2018-09-30
312,73,HU,4,1,0.144168,RISK_DASHBOARD,2018-12-31
313,73,HU,5,1,0.136925,RISK_DASHBOARD,2019-03-31
314,73,HU,6,1,0.193454,RISK_DASHBOARD,2019-06-30
315,73,HU,7,1,0.148429,RISK_DASHBOARD,2019-09-30
316,73,HU,8,1,0.155003,RISK_DASHBOARD,2019-12-31
317,73,HU,9,1,0.170034,RISK_DASHBOARD,2020-03-31
318,73,HU,10,1,0.194059,RISK_DASHBOARD,2020-06-30
319,73,HU,11,1,0.146405,RISK_DASHBOARD,2020-09-30
320,73,HU,12,1,0.173527,RISK_DASHBOARD,2020-12-31
321,73,HU,13,1,0.170544,RISK_DASHBOARD,2021-03-31
322,73,HU,14,1,0.185251,RISK_DASHBOARD,2021-06-30
323,73,HU,15,1,0.167494,RISK_DASHBOARD,2021-09-30
324,73,HU,16,1,0.164449,RISK_DASHBOARD,2021-12-31
325,73,HU,17,1,0.207584,RISK_DASHBOARD,2022-03-31
326,73,HU,18,1,0.185543,RISK_DASHBOARD,2022-06-30
327,73,HU,19,1,0.176588,RISK_DASHBOARD,2022-09-30
328,73,HU,20,1,0.205594,RISK_DASHBOARD,2022-12-31
329,73,HU,21,1,0.206942,RISK_DASHBOARD,2023-03-31
330,73,HU,22,1,0.172668,RISK_DASHBOARD,2023-06-30
331,73,HU,23,1,0.1708,RISK_DASHBOARD,2023-09-30
332,73,HU,24,1,0.196526,RISK_DASHBOARD,2023-12-31
333,73,HU,25,1,0.210613,RISK_DASHBOARD,2024-03-31
334,73,HU,26,1,0.212748,RISK_DASHBOARD,2024-06-30
335,73,HU,27,1,0.181505,RISK_DASHBOARD,2024-09-30
336,73,HU,28,1,0.210953,RISK_DASHBOARD,2024-12-31
337,74,IE,1,1,0.143181,RISK_DASHBOARD,2018-03-31
338,74,IE,2,1,0.198634,RISK_DASHBOARD,2018-06-30
339,74,IE,3,1,0.201211,RISK_DASHBOARD,2018-09-30
340,74,IE,4,1,0.151787,RISK_DASHBOARD,2018-12-31
341,74,IE,5,1,0.153221,RISK_DASHBOARD,2019-03-31
342,74,IE,6,1,0.191296,RISK_DASHBOARD,2019-06-30
343,74,IE,7,1,0.176762,RISK_DASHBOARD,2019-09-30
344,74,IE,8,1,0.166932,RISK_DASHBOARD,2019-12-31
345,74,IE,9,1,0.20991,RISK_DASHBOARD,2020-03-31
346,74,IE,10,1,0.169364,RISK_DASHBOARD,2020-06-30
347,74,IE,11,1,0.209903,RISK_DASHBOARD,2020-09-30
348,74,IE,12,1,0.213257,RISK_DASHBOARD,2020-12-31
349,74,IE,13,1,0.187456,RISK_DASHBOARD,2021-03-31
350,74,IE,14,1,0.191948,RISK_DASHBOARD,2021-06-30
351,74,IE,15,1,0.202124,RISK_DASHBOARD,2021-09-30
352,74,IE,16,1,0.200508,RISK_DASHBOARD,2021-12-31
353,74,IE,17,1,0.20573,RISK_DASHBOARD,2022-03-31
354,74,IE,18,1,0.190928,RISK_DASHBOARD,2022-06-30
355,74,IE,19,1,0.206878,RISK_DASHBOARD,2022-09-30
356,74,IE,20,1,0.173991,RISK_DASHBOARD,2022-12-31
357,74,IE,21,1,0.186917,RISK_DASHBOARD,2023-03-31
358,74,IE,22,1,0.188952,RISK_DASHBOARD,2023-06-30
359,74,IE,23,1,0.199908,RISK_DASHBOARD,2023-09-30
360,74,IE,24,1,0.198286,RISK_DASHBOARD,2023-12-31
361,74,IE,25,1,0.193805,RISK_DASHBOARD,2024-03-31
362,74,IE,26,1,0.182594,RISK_DASHBOARD,2024-06-30
363,74,IE,27,1,0.219293,RISK_DASHBOARD,2024-09-30
364,74,IE,28,1,0.212785,RISK_DASHBOARD,2024-12-31
365,75,IT,1,1,0.16526,RISK_DASHBOARD,2018-03-31
366,75,IT,2,1,0.19345,RISK_DASHBOARD,2018-06-30
367,75,IT,3,1,0.182088,RISK_DASHBOARD,2018-09-30
368,75,IT,4,1,0.155263,RISK_DASHBOARD,2018-12-31
369,75,IT,5,1,0.187828,RISK_DASHBOARD,2019-03-31
370,75,IT,6,1,0.197729,RISK_DASHBOARD,2019-06-30
371,75,IT,7,1,0.155888,RISK_DASHBOARD,2019-09-30
372,75,IT,8,1,0.209562,RISK_DASHBOARD,2019-12-31
373,75,IT,9,1,0.171604,RISK_DASHBOARD,2020-03-31
374,75,IT,10,1,0.161742,RISK_DASHBOARD,2020-06-30
375,75,IT,11,1,0.180222,RISK_DASHBOARD,2020-09-30
376,75,IT,12,1,0.199025,RISK_DASHBOARD,2020-12-31
377,75,IT,13,1,0.185135,RISK_DASHBOARD,2021-03-31
378,75,IT,14,1,0.201357,RISK_DASHBOARD,2021-06-30
379,75,IT,15,1,0.18718,RISK_DASHBOARD,2021-09-30
380,75,IT,16,1,0.179796,RISK_DASHBOARD,2021-12-31
381,75,IT,17,1,0.214875,RISK_DASHBOARD,2022-03-31
382,75,IT,18,1,0.21816,RISK_DASHBOARD,2022-06-30
383,75,IT,19,1,0.193931,RISK_DASHBOARD,2022-09-30
384,75,IT,20,1,0.200036,RISK_DASHBOARD,2022-12-31
385,75,IT,21,1,0.215114,RISK_DASHBOARD,2023-03-31
386,75,IT,22,1,0.190672,RISK_DASHBOARD,2023-06-30
387,75,IT,23,1,0.192586,RISK_DASHBOARD,2023-09-30
388,75,IT,24,1,0.211984,RISK_DASHBOARD,2023-12-31
389,75,IT,25,1,0.222298,RISK_DASHBOARD,2024-03-31
390,75,IT,26,1,0.234618,RISK_DASHBOARD,2024-06-30
391,75,IT,27,1,0.226033,RISK_DASHBOARD,2024-09-30
392,75,IT,28,1,0.208226,RISK_DASHBOARD,2024-12-31
393,76,LT,1,1,0.171361,RISK_DASHBOARD,2018-03-31
394,76,LT,2,1,0.163341,RISK_DASHBOARD,2018-06-30
395,76,LT,3,1,0.159325,RISK_DASHBOARD,2018-09-30
396,76,LT,4,1,0.155793,RISK_DASHBOARD,2018-12-31
397,76,LT,5,1,0.189408,RISK_DASHBOARD,2019-03-31
398,76,LT,6,1,0.187159,RISK_DASHBOARD,2019-06-30
399,76,LT,7,1,0.199087,RISK_DASHBOARD,2019-09-30
400,76,LT,8,1,0.176865,RISK_DASHBOARD,2019-12-31
401,76,LT,9,1,0.20276,RISK_DASHBOARD,2020-03-31
402,76,LT,10,1,0.179948,RISK_DASHBOARD,2020-06-30
403,76,LT,11,1,0.182668,RISK_DASHBOARD,2020-09-30
404,76,LT,12,1,0.184477,RISK_DASHBOARD,2020-12-31
405,76,LT,13,1,0.192953,RISK_DASHBOARD,2021-03-31
406,76,LT,14,1,0.208493,RISK_DASHBOARD,2021-06-30
407,76,LT,15,1,0.174103,RISK_DASHBOARD,2021-09-30
408,76,LT,16,1,0.159449,RISK_DASHBOARD,2021-12-31
409,76,LT,17,1,0.196439,RISK_DASHBOARD,2022-03-31
410,76,LT,18,1,0.203327,RISK_DASHBOARD,2022-06-30
411,76,LT,19,1,0.193103,RISK_DASHBOARD,2022-09-30
412,76,LT,20,1,0.197256,RISK_DASHBOARD,2022-12-31
413,76,LT,21,1,0.19162,RISK_DASHBOARD,2023-03-31
414,76,LT,22,1,0.226118,RISK_DASHBOARD,2023-06-30
415,76,LT,23,1,0.177311,RISK_DASHBOARD,2023-09-30
416,76,LT,24,1,0.184927,RISK_DASHBOARD,2023-12-31
417,76,LT,25,1,0.180121,RISK_DASHBOARD,2024-03-31
418,76,LT,26,1,0.204883,RISK_DASHBOARD,2024-06-30
419,76,LT,27,1,0.203612,RISK_DASHBOARD,2024-09-30
420,76,LT,28,1,0.217569,RISK_DASHBOARD,2024-12-31
421,77,LU,1,1,0.117469,RISK_DASHBOARD,2018-03-31
422,77,LU,2,1,0.146168,RISK_DASHBOARD,2018-06-30
423,77,LU,3,1,0.112645,RISK_DASHBOARD,2018-09-30
424,77,LU,4,1,0.154115,RISK_DASHBOARD,2018-12-31
425,77,LU,5,1,0.138221,RISK_DASHBOARD,2019-03-31
426,77,LU,6,1,0.171054,RISK_DASHBOARD,2019-06-30
427,77,LU,7,1,0.125668,RISK_DASHBOARD,2019-09-30
428,77,LU,8,1,0.134418,RISK_DASHBOARD,2019-12-31
429,77,LU,9,1,0.173623,RISK_DASHBOARD,2020-03-31
430,77,LU,10,1,0.137897,RISK_DASHBOARD,2020-06-30
431,77,LU,11,1,0.176206,RISK_DASHBOARD,2020-09-30
432,77,LU,12,1,0.136001,RISK_DASHBOARD,2020-12-31
433,77,LU,13,1,0.178117,RISK_DASHBOARD,2021-03-31
434,77,LU,14,1,0.167516,RISK_DASHBOARD,2021-06-30
435,77,LU,15,1,0.154261,RISK_DASHBOARD,2021-09-30
436,77,LU,16,1,0.182863,RISK_DASHBOARD,2021-12-31
437,77,LU,17,1,0.170297,RISK_DASHBOARD,2022-03-31
438,77,LU,18,1,0.1657,RISK_DASHBOARD,2022-06-30
439,77,LU,19,1,0.154639,RISK_DASHBOARD,2022-09-30
440,77,LU,20,1,0.192019,RISK_DASHBOARD,2022-12-31
441,77,LU,21,1,0.183283,RISK_DASHBOARD,2023-03-31
442,77,LU,22,1,0.174473,RISK_DASHBOARD,2023-06-30
443,77,LU,23,1,0.179129,RISK_DASHBOARD,2023-09-30
444,77,LU,24,1,0.181898,RISK_DASHBOARD,2023-12-31
445,77,LU,25,1,0.185282,RISK_DASHBOARD,2024-03-31
446,77,LU,26,1,0.155264,RISK_DASHBOARD,2024-06-30
447,77,LU,27,1,0.200782,RISK_DASHBOARD,2024-09-30
448,77,LU,28,1,0.199776,RISK_DASHBOARD,2024-12-31
449,78,LV,1,1,0.133077,RISK_DASHBOARD,2018-03-31
450,78,LV,2,1,0.13773,RISK_DASHBOARD,2018-06-30
451,78,LV,3,1,0.181042,RISK_DASHBOARD,2018-09-30
452,78,LV,4,1,0.17689,RISK_DASHBOARD,2018-12-31
453,78,LV,5,1,0.193365,RISK_DASHBOARD,2019-03-31
454,78,LV,6,1,0.167198,RISK_DASHBOARD,2019-06-30
455,78,LV,7,1,0.182361,RISK_DASHBOARD,2019-09-30
456,78,LV,8,1,0.156047,RISK_DASHBOARD,2019-12-31
457,78,LV,9,1,0.198285,RISK_DASHBOARD,2020-03-31
458,78,LV,10,1,0.200596,RISK_DASHBOARD,2020-06-30
459,78,LV,11,1,0.147972,RISK_DASHBOARD,2020-09-30
460,78,LV,12,1,0.182041,RISK_DASHBOARD,2020-12-31
461,78,LV,13,1,0.186317,RISK_DASHBOARD,2021-03-31
462,78,LV,14,1,0.190514,RISK_DASHBOARD,2021-06-30
463,78,LV,15,1,0.169856,RISK_DASHBOARD,2021-09-30
464,78,LV,16,1,0.159993,RISK_DASHBOARD,2021-12-31
465,78,LV,17,1,0.183002,RISK_DASHBOARD,2022-03-31
466,78,LV,18,1,0.174794,RISK_DASHBOARD,2022-06-30
467,78,LV,19,1,0.184727,RISK_DASHBOARD,2022-09-30
468,78,LV,20,1,0.200986,RISK_DASHBOARD,2022-12-31
469,78,LV,21,1,0.209452,RISK_DASHBOARD,2023-03-31
470,78,LV,22,1,0.164598,RISK_DASHBOARD,2023-06-30
471,78,LV,23,1,0.219734,RISK_DASHBOARD,2023-09-30
472,78,LV,24,1,0.191189,RISK_DASHBOARD,2023-12-31
473,78,LV,25,1,0.193705,RISK_DASHBOARD,2024-03-31
474,78,LV,26,1,0.184085,RISK_DASHBOARD,2024-06-30
475,78,LV,27,1,0.199692,RISK_DASHBOARD,2024-09-30
476,78,LV,28,1,0.175535,RISK_DASHBOARD,2024-12-31
477,79,MT,1,1,0.147674,RISK_DASHBOARD,2018-03-31
478,79,MT,2,1,0.178435,RISK_DASHBOARD,2018-06-30
479,79,MT,3,1,0.186116,RISK_DASHBOARD,2018-09-30
480,79,MT,4,1,0.136402,RISK_DASHBOARD,2018-12-31
481,79,MT,5,1,0.179827,RISK_DASHBOARD,2019-03-31
482,79,MT,6,1,0.15488,RISK_DASHBOARD,2019-06-30
483,79,MT,7,1,0.183464,RISK_DASHBOARD,2019-09-30
484,79,MT,8,1,0.19279,RISK_DASHBOARD,2019-12-31
485,79,MT,9,1,0.171023,RISK_DASHBOARD,2020-03-31
486,79,MT,10,1,0.174175,RISK_DASHBOARD,2020-06-30
487,79,MT,11,1,0.168378,RISK_DASHBOARD,2020-09-30
488,79,MT,12,1,0.20173,RISK_DASHBOARD,2020-12-31
489,79,MT,13,1,0.149896,RISK_DASHBOARD,2021-03-31
490,79,MT,14,1,0.187875,RISK_DASHBOARD,2021-06-30
491,79,MT,15,1,0.183771,RISK_DASHBOARD,2021-09-30
492,79,MT,16,1,0.195402,RISK_DASHBOARD,2021-12-31
493,79,MT,17,1,0.209913,RISK_DASHBOARD,2022-03-31
494,79,MT,18,1,0.194529,RISK_DASHBOARD,2022-06-30
495,79,MT,19,1,0.161616,RISK_DASHBOARD,2022-09-30
496,79,MT,20,1,0.178996,RISK_DASHBOARD,2022-12-31
497,79,MT,21,1,0.21272,RISK_DASHBOARD,2023-03-31
498,79,MT,22,1,0.195988,RISK_DASHBOARD,2023-06-30
499,79,MT,23,1,0.2002,RISK_DASHBOARD,2023-09-30
500,79,MT,24,1,0.192065,RISK_DASHBOARD,2023-12-31
501,79,MT,25,1,0.182546,RISK_DASHBOARD,2024-03-31
502,79,MT,26,1,0.171743,RISK_DASHBOARD,2024-06-30
503,79,MT,27,1,0.216073,RISK_DASHBOARD,2024-09-30
504,79,MT,28,1,0.218879,RISK_DASHBOARD,2024-12-31
505,80,NL,1,1,0.150012,RISK_DASHBOARD,2018-03-31
506,80,NL,2,1,0.159279,RISK_DASHBOARD,2018-06-30
507,80,NL,3,1,0.180503,RISK_DASHBOARD,2018-09-30
508,80,NL,4,1,0.16677,RISK_DASHBOARD,2018-12-31
509,80,NL,5,1,0.159659,RISK_DASHBOARD,2019-03-31
510,80,NL,6,1,0.17395,RISK_DASHBOARD,2019-06-30
511,80,NL,7,1,0.181804,RISK_DASHBOARD,2019-09-30
512,80,NL,8,1,0.183521,RISK_DASHBOARD,2019-12-31
513,80,NL,9,1,0.177491,RISK_DASHBOARD,2020-03-31
514,80,NL,10,1,0.196945,RISK_DASHBOARD,2020-06-30
515,80,NL,11,1,0.184284,RISK_DASHBOARD,2020-09-30
516,80,NL,12,1,0.202431,RISK_DASHBOARD,2020-12-31
517,80,NL,13,1,0.160364,RISK_DASHBOARD,2021-03-31
518,80,NL,14,1,0.180374,RISK_DASHBOARD,2021-06-30
519,80,NL,15,1,0.198056,RISK_DASHBOARD,2021-09-30
520,80,NL,16,1,0.197521,RISK_DASHBOARD,2021-12-31
521,80,NL,17,1,0.217445,RISK_DASHBOARD,2022-03-31
522,80,NL,18,1,0.201231,RISK_DASHBOARD,2022-06-30
523,80,NL,19,1,0.174838,RISK_DASHBOARD,2022-09-30
524,80,NL,20,1,0.223205,RISK_DASHBOARD,2022-12-31
525,80,NL,21,1,0.1759,RISK_DASHBOARD,2023-03-31
526,80,NL,22,1,0.198544,RISK_DASHBOARD,2023-06-30
527,80,NL,23,1,0.206477,RISK_DASHBOARD,2023-09-30
528,80,NL,24,1,0.221525,RISK_DASHBOARD,2023-12-31
529,80,NL,25,1,0.193479,RISK_DASHBOARD,2024-03-31
530,80,NL,26,1,0.234982,RISK_DASHBOARD,2024-06-30
531,80,NL,27,1,0.18459,RISK_DASHBOARD,2024-09-30
532,80,NL,28,1,0.195229,RISK_DASHBOARD,2024-12-31
533,81,NO,1,1,0.153438,RISK_DASHBOARD,2018-03-31
534,81,NO,2,1,0.150346,RISK_DASHBOARD,2018-06-30
535,81,NO,3,1,0.133707,RISK_DASHBOARD,2018-09-30
536,81,NO,4,1,0.156655,RISK_DASHBOARD,2018-12-31
537,81,NO,5,1,0.153746,RISK_DASHBOARD,2019-03-31
538,81,NO,6,1,0.144247,RISK_DASHBOARD,2019-06-30
539,81,NO,7,1,0.152106,RISK_DASHBOARD,2019-09-30
540,81,NO,8,1,0.1633,RISK_DASHBOARD,2019-12-31
541,81,NO,9,1,0.140299,RISK_DASHBOARD,2020-03-31
542,81,NO,10,1,0.177137,RISK_DASHBOARD,2020-06-30
543,81,NO,11,1,0.181767,RISK_DASHBOARD,2020-09-30
544,81,NO,12,1,0.135551,RISK_DASHBOARD,2020-12-31
545,81,NO,13,1,0.188921,RISK_DASHBOARD,2021-03-31
546,81,NO,14,1,0.134138,RISK_DASHBOARD,2021-06-30
547,81,NO,15,1,0.162619,RISK_DASHBOARD,2021-09-30
548,81,NO,16,1,0.153258,RISK_DASHBOARD,2021-12-31
549,81,NO,17,1,0.175302,RISK_DASHBOARD,2022-03-31
550,81,NO,18,1,0.160054,RISK_DASHBOARD,2022-06-30
551,81,NO,19,1,0.19337,RISK_DASHBOARD,2022-09-30
552,81,NO,20,1,0.169849,RISK_DASHBOARD,2022-12-31
553,81,NO,21,1,0.168189,RISK_DASHBOARD,2023-03-31
554,81,NO,22,1,0.163449,RISK_DASHBOARD,2023-06-30
555,81,NO,23,1,0.156426,RISK_DASHBOARD,2023-09-30
556,81,NO,24,1,0.185908,RISK_DASHBOARD,2023-12-31
557,81,NO,25,1,0.199645,RISK_DASHBOARD,2024-03-31
558,81,NO,26,1,0.199313,RISK_DASHBOARD,2024-06-30
559,81,NO,27,1,0.182125,RISK_DASHBOARD,2024-09-30
560,81,NO,28,1,0.181521,RISK_DASHBOARD,2024-12-31
561,82,PL,1,1,0.170515,RISK_DASHBOARD,2018-03-31
562,82,PL,2,1,0.164663,RISK_DASHBOARD,2018-06-30
563,82,PL,3,1,0.172633,RISK_DASHBOARD,2018-09-30
564,82,PL,4,1,0.154299,RISK_DASHBOARD,2018-12-31
565,82,PL,5,1,0.130719,RISK_DASHBOARD,2019-03-31
566,82,PL,6,1,0.155035,RISK_DASHBOARD,2019-06-30
567,82,PL,7,1,0.14942,RISK_DASHBOARD,2019-09-30
568,82,PL,8,1,0.181592,RISK_DASHBOARD,2019-12-31
569,82,PL,9,1,0.152726,RISK_DASHBOARD,2020-03-31
570,82,PL,10,1,0.178559,RISK_DASHBOARD,2020-06-30
571,82,PL,11,1,0.192392,RISK_DASHBOARD,2020-09-30
572,82,PL,12,1,0.191153,RISK_DASHBOARD,2020-12-31
573,82,PL,13,1,0.177566,RISK_DASHBOARD,2021-03-31
574,82,PL,14,1,0.159254,RISK_DASHBOARD,2021-06-30
575,82,PL,15,1,0.167233,RISK_DASHBOARD,2021-09-30
576,82,PL,16,1,0.180872,RISK_DASHBOARD,2021-12-31
577,82,PL,17,1,0.172505,RISK_DASHBOARD,2022-03-31
578,82,PL,18,1,0.192979,RISK_DASHBOARD,2022-06-30
579,82,PL,19,1,0.178487,RISK_DASHBOARD,2022-09-30
580,82,PL,20,1,0.182466,RISK_DASHBOARD,2022-12-31
581,82,PL,21,1,0.171452,RISK_DASHBOARD,2023-03-31
582,82,PL,22,1,0.186048,RISK_DASHBOARD,2023-06-30
583,82,PL,23,1,0.198567,RISK_DASHBOARD,2023-09-30
584,82,PL,24,1,0.193985,RISK_DASHBOARD,2023-12-31
585,82,PL,25,1,0.201039,RISK_DASHBOARD,2024-03-31
586,82,PL,26,1,0.216272,RISK_DASHBOARD,2024-06-30
587,82,PL,27,1,0.208001,RISK_DASHBOARD,2024-09-30
588,82,PL,28,1,0.212085,RISK_DASHBOARD,2024-12-31
589,83,PT,1,1,0.173279,RISK_DASHBOARD,2018-03-31
590,83,PT,2,1,0.191609,RISK_DASHBOARD,2018-06-30
591,83,PT,3,1,0.199893,RISK_DASHBOARD,2018-09-30
592,83,PT,4,1,0.167019,RISK_DASHBOARD,2018-12-31
593,83,PT,5,1,0.166413,RISK_DASHBOARD,2019-03-31
594,83,PT,6,1,0.167434,RISK_DASHBOARD,2019-06-30
595,83,PT,7,1,0.169018,RISK_DASHBOARD,2019-09-30
596,83,PT,8,1,0.197639,RISK_DASHBOARD,2019-12-31
597,83,PT,9,1,0.175878,RISK_DASHBOARD,2020-03-31
598,83,PT,10,1,0.200338,RISK_DASHBOARD,2020-06-30
599,83,PT,11,1,0.19435,RISK_DASHBOARD,2020-09-30
600,83,PT,12,1,0.157697,RISK_DASHBOARD,2020-12-31
601,83,PT,13,1,0.170943,RISK_DASHBOARD,2021-03-31
602,83,PT,14,1,0.200829,RISK_DASHBOARD,2021-06-30
603,83,PT,15,1,0.214964,RISK_DASHBOARD,2021-09-30
604,83,PT,16,1,0.162248,RISK_DASHBOARD,2021-12-31
605,83,PT,17,1,0.165687,RISK_DASHBOARD,2022-03-31
606,83,PT,18,1,0.16604,RISK_DASHBOARD,2022-06-30
607,83,PT,19,1,0.204011,RISK_DASHBOARD,2022-09-30
608,83,PT,20,1,0.207142,RISK_DASHBOARD,2022-12-31
609,83,PT,21,1,0.207637,RISK_DASHBOARD,2023-03-31
610,83,PT,22,1,0.173766,RISK_DASHBOARD,2023-06-30
611,83,PT,23,1,0.189155,RISK_DASHBOARD,2023-09-30
612,83,PT,24,1,0.204428,RISK_DASHBOARD,2023-12-31
613,83,PT,25,1,0.194575,RISK_DASHBOARD,2024-03-31
614,83,PT,26,1,0.202582,RISK_DASHBOARD,2024-06-30
615,83,PT,27,1,0.219517,RISK_DASHBOARD,2024-09-30
616,83,PT,28,1,0.235649,RISK_DASHBOARD,2024-12-31
617,84,RO,1,1,0.180885,RISK_DASHBOARD,2018-03-31
618,84,RO,2,1,0.155615,RISK_DASHBOARD,2018-06-30
619,84,RO,3,1,0.144899,RISK_DASHBOARD,2018-09-30
620,84,RO,4,1,0.191034,RISK_DASHBOARD,2018-12-31
621,84,RO,5,1,0.199934,RISK_DASHBOARD,2019-03-31
622,84,RO,6,1,0.186371,RISK_DASHBOARD,2019-06-30
623,84,RO,7,1,0.172359,RISK_DASHBOARD,2019-09-30
624,84,RO,8,1,0.186142,RISK_DASHBOARD,2019-12-31
625,84,RO,9,1,0.161655,RISK_DASHBOARD,2020-03-31
626,84,RO,10,1,0.181972,RISK_DASHBOARD,2020-06-30
627,84,RO,11,1,0.16868,RISK_DASHBOARD,2020-09-30
628,84,RO,12,1,0.161526,RISK_DASHBOARD,2020-12-31
629,84,RO,13,1,0.184901,RISK_DASHBOARD,2021-03-31
630,84,RO,14,1,0.201226,RISK_DASHBOARD,2021-06-30
631,84,RO,15,1,0.182192,RISK_DASHBOARD,2021-09-30
632,84,RO,16,1,0.194461,RISK_DASHBOARD,2021-12-31
633,84,RO,17,1,0.174791,RISK_DASHBOARD,2022-03-31
634,84,RO,18,1,0.218569,RISK_DASHBOARD,2022-06-30
635,84,RO,19,1,0.201406,RISK_DASHBOARD,2022-09-30
636,84,RO,20,1,0.225456,RISK_DASHBOARD,2022-12-31
637,84,RO,21,1,0.197765,RISK_DASHBOARD,2023-03-31
638,84,RO,22,1,0.218588,RISK_DASHBOARD,2023-06-30
639,84,RO,23,1,0.210247,RISK_DASHBOARD,2023-09-30
640,84,RO,24,1,0.190662,RISK_DASHBOARD,2023-12-31
641,84,RO,25,1,0.181422,RISK_DASHBOARD,2024-03-31
642,84,RO,26,1,0.225817,RISK_DASHBOARD,2024-06-30
643,84,RO,27,1,0.236743,RISK_DASHBOARD,2024-09-30
644,84,RO,28,1,0.24012,RISK_DASHBOARD,2024-12-31
645,85,SE,1,1,0.170657,RISK_DASHBOARD,2018-03-31
646,85,SE,2,1,0.125549,RISK_DASHBOARD,2018-06-30
647,85,SE,3,1,0.173193,RISK_DASHBOARD,2018-09-30
648,85,SE,4,1,0.139187,RISK_DASHBOARD,2018-12-31
649,85,SE,5,1,0.151599,RISK_DASHBOARD,2019-03-31
650,85,SE,6,1,0.148762,RISK_DASHBOARD,2019-06-30
651,85,SE,7,1,0.134551,RISK_DASHBOARD,2019-09-30
652,85,SE,8,1,0.147771,RISK_DASHBOARD,2019-12-31
653,85,SE,9,1,0.167794,RISK_DASHBOARD,2020-03-31
654,85,SE,10,1,0.161745,RISK_DASHBOARD,2020-06-30
655,85,SE,11,1,0.156816,RISK_DASHBOARD,2020-09-30
656,85,SE,12,1,0.153923,RISK_DASHBOARD,2020-12-31
657,85,SE,13,1,0.152866,RISK_DASHBOARD,2021-03-31
658,85,SE,14,1,0.160467,RISK_DASHBOARD,2021-06-30
659,85,SE,15,1,0.144211,RISK_DASHBOARD,2021-09-30
660,85,SE,16,1,0.174163,RISK_DASHBOARD,2021-12-31
661,85,SE,17,1,0.14351,RISK_DASHBOARD,2022-03-31
662,85,SE,18,1,0.158919,RISK_DASHBOARD,2022-06-30
663,85,SE,19,1,0.20283,RISK_DASHBOARD,2022-09-30
664,85,SE,20,1,0.188295,RISK_DASHBOARD,2022-12-31
665,85,SE,21,1,0.206245,RISK_DASHBOARD,2023-03-31
666,85,SE,22,1,0.179516,RISK_DASHBOARD,2023-06-30
667,85,SE,23,1,0.181913,RISK_DASHBOARD,2023-09-30
668,85,SE,24,1,0.201678,RISK_DASHBOARD,2023-12-31
669,85,SE,25,1,0.195094,RISK_DASHBOARD,2024-03-31
670,85,SE,26,1,0.16302,RISK_DASHBOARD,2024-06-30
671,85,SE,27,1,0.178253,RISK_DASHBOARD,2024-09-30
672,85,SE,28,1,0.204904,RISK_DASHBOARD,2024-12-31
673,86,SI,1,1,0.132313,RISK_DASHBOARD,2018-03-31
674,86,SI,2,1,0.149114,RISK_DASHBOARD,2018-06-30
675,86,SI,3,1,0.16726,RISK_DASHBOARD,2018-09-30
676,86,SI,4,1,0.176014,RISK_DASHBOARD,2018-12-31
677,86,SI,5,1,0.130249,RISK_DASHBOARD,2019-03-31
678,86,SI,6,1,0.157945,RISK_DASHBOARD,2019-06-30
679,86,SI,7,1,0.148774,RISK_DASHBOARD,2019-09-30
680,86,SI,8,1,0.159051,RISK_DASHBOARD,2019-12-31
681,86,SI,9,1,0.140402,RISK_DASHBOARD,2020-03-31
682,86,SI,10,1,0.164642,RISK_DASHBOARD,2020-06-30
683,86,SI,11,1,0.169591,RISK_DASHBOARD,2020-09-30
684,86,SI,12,1,0.141869,RISK_DASHBOARD,2020-12-31
685,86,SI,13,1,0.179586,RISK_DASHBOARD,2021-03-31
686,86,SI,14,1,0.187414,RISK_DASHBOARD,2021-06-30
687,86,SI,15,1,0.192949,RISK_DASHBOARD,2021-09-30
688,86,SI,16,1,0.184817,RISK_DASHBOARD,2021-12-31
689,86,SI,17,1,0.195029,RISK_DASHBOARD,2022-03-31
690,86,SI,18,1,0.206045,RISK_DASHBOARD,2022-06-30
691,86,SI,19,1,0.195409,RISK_DASHBOARD,2022-09-30
692,86,SI,20,1,0.199954,RISK_DASHBOARD,2022-12-31
693,86,SI,21,1,0.153801,RISK_DASHBOARD,2023-03-31
694,86,SI,22,1,0.171316,RISK_DASHBOARD,2023-06-30
695,86,SI,23,1,0.179708,RISK_DASHBOARD,2023-09-30
696,86,SI,24,1,0.170289,RISK_DASHBOARD,2023-12-31
697,86,SI,25,1,0.160608,RISK_DASHBOARD,2024-03-31
698,86,SI,26,1,0.210457,RISK_DASHBOARD,2024-06-30
699,86,SI,27,1,0.186791,RISK_DASHBOARD,2024-09-30
700,86,SI,28,1,0.222224,RISK_DASHBOARD,2024-12-31
701,87,SK,1,1,0.164092,RISK_DASHBOARD,2018-03-31
702,87,SK,2,1,0.157493,RISK_DASHBOARD,2018-06-30
703,87,SK,3,1,0.137653,RISK_DASHBOARD,2018-09-30
704,87,SK,4,1,0.133907,RISK_DASHBOARD,2018-12-31
705,87,SK,5,1,0.14973,RISK_DASHBOARD,2019-03-31
706,87,SK,6,1,0.131938,RISK_DASHBOARD,2019-06-30
707,87,SK,7,1,0.1737,RISK_DASHBOARD,2019-09-30
708,87,SK,8,1,0.17981,RISK_DASHBOARD,2019-12-31
709,87,SK,9,1,0.178068,RISK_DASHBOARD,2020-03-31
710,87,SK,10,1,0.140269,RISK_DASHBOARD,2020-06-30
711,87,SK,11,1,0.189379,RISK_DASHBOARD,2020-09-30
712,87,SK,12,1,0.151382,RISK_DASHBOARD,2020-12-31
713,87,SK,13,1,0.163262,RISK_DASHBOARD,2021-03-31
714,87,SK,14,1,0.187353,RISK_DASHBOARD,2021-06-30
715,87,SK,15,1,0.158508,RISK_DASHBOARD,2021-09-30
716,87,SK,16,1,0.166452,RISK_DASHBOARD,2021-12-31
717,87,SK,17,1,0.18279,RISK_DASHBOARD,2022-03-31
718,87,SK,18,1,0.156918,RISK_DASHBOARD,2022-06-30
719,87,SK,19,1,0.189604,RISK_DASHBOARD,2022-09-30
720,87,SK,20,1,0.175476,RISK_DASHBOARD,2022-12-31
721,87,SK,21,1,0.150695,RISK_DASHBOARD,2023-03-31
722,87,SK,22,1,0.19515,RISK_DASHBOARD,2023-06-30
723,87,SK,23,1,0.170814,RISK_DASHBOARD,2023-09-30
724,87,SK,24,1,0.154824,RISK_DASHBOARD,2023-12-31
725,87,SK,25,1,0.170148,RISK_DASHBOARD,2024-03-31
726,87,SK,26,1,0.169879,RISK_DASHBOARD,2024-06-30
727,87,SK,27,1,0.178747,RISK_DASHBOARD,2024-09-30
728,87,SK,28,1,0.203313,RISK_DASHBOARD,2024-12-31
729,62,AT,1,15,0.529726,RISK_DASHBOARD,2018-03-31
730,62,AT,2,15,0.607641,RISK_DASHBOARD,2018-06-30
731,62,AT,3,15,0.646127,RISK_DASHBOARD,2018-09-30
732,62,AT,4,15,0.560111,RISK_DASHBOARD,2018-12-31
733,62,AT,5,15,0.537804,RISK_DASHBOARD,2019-03-31
734,62,AT,6,15,0.597403,RISK_DASHBOARD,2019-06-30
735,62,AT,7,15,0.612417,RISK_DASHBOARD,2019-09-30
736,62,AT,8,15,0.644641,RISK_DASHBOARD,2019-12-31
737,62,AT,9,15,0.560548,RISK_DASHBOARD,2020-03-31
738,62,AT,10,15,0.642984,RISK_DASHBOARD,2020-06-30
739,62,AT,11,15,0.635112,RISK_DASHBOARD,2020-09-30
740,62,AT,12,15,0.631927,RISK_DASHBOARD,2020-12-31
741,62,AT,13,15,0.598237,RISK_DASHBOARD,2021-03-31
742,62,AT,14,15,0.560837,RISK_DASHBOARD,2021-06-30
743,62,AT,15,15,0.645818,RISK_DASHBOARD,2021-09-30
744,62,AT,16,15,0.544943,RISK_DASHBOARD,2021-12-31
745,62,AT,17,15,0.620413,RISK_DASHBOARD,2022-03-31
746,62,AT,18,15,0.646705,RISK_DASHBOARD,2022-06-30
747,62,AT,19,15,0.617827,RISK_DASHBOARD,2022-09-30
748,62,AT,20,15,0.603715,RISK_DASHBOARD,2022-12-31
749,62,AT,21,15,0.600528,RISK_DASHBOARD,2023-03-31
750,62,AT,22,15,0.589801,RISK_DASHBOARD,2023-06-30
751,62,AT,23,15,0.607139,RISK_DASHBOARD,2023-09-30
752,62,AT,24,15,0.635333,RISK_DASHBOARD,2023-12-31
753,62,AT,25,15,0.593379,RISK_DASHBOARD,2024-03-31
754,62,AT,26,15,0.588164,RISK_DASHBOARD,2024-06-30
755,62,AT,27,15,0.566716,RISK_DASHBOARD,2024-09-30
756,62,AT,28,15,0.608912,RISK_DASHBOARD,2024-12-31
757,63,BE,1,15,0.598694,RISK_DASHBOARD,2018-03-31
758,63,BE,2,15,0.571102,RISK_DASHBOARD,2018-06-30
759,63,BE,3,15,0.588474,RISK_DASHBOARD,2018-09-30
760,63,BE,4,15,0.517058,RISK_DASHBOARD,2018-12-31
761,63,BE,5,15,0.576155,RISK_DASHBOARD,2019-03-31
762,63,BE,6,15,0.546771,RISK_DASHBOARD,2019-06-30
763,63,BE,7,15,0.596288,RISK_DASHBOARD,2019-09-30
764,63,BE,8,15,0.551727,RISK_DASHBOARD,2019-12-31
765,63,BE,9,15,0.54054,RISK_DASHBOARD,2020-03-31
766,63,BE,10,15,0.513683,RISK_DASHBOARD,2020-06-30
767,63,BE,11,15,0.605847,RISK_DASHBOARD,2020-09-30
768,63,BE,12,15,0.547256,RISK_DASHBOARD,2020-12-31
769,63,BE,13,15,0.613187,RISK_DASHBOARD,2021-03-31
770,63,BE,14,15,0.54335,RISK_DASHBOARD,2021-06-30
771,63,BE,15,15,0.583524,RISK_DASHBOARD,2021-09-30
772,63,BE,16,15,0.542654,RISK_DASHBOARD,2021-12-31
773,63,BE,17,15,0.613501,RISK_DASHBOARD,2022-03-31
774,63,BE,18,15,0.532412,RISK_DASHBOARD,2022-06-30
775,63,BE,19,15,0.525122,RISK_DASHBOARD,2022-09-30
776,63,BE,20,15,0.628821,RISK_DASHBOARD,2022-12-31
777,63,BE,21,15,0.572845,RISK_DASHBOARD,2023-03-31
778,63,BE,22,15,0.574111,RISK_DASHBOARD,2023-06-30
779,63,BE,23,15,0.54814,RISK_DASHBOARD,2023-09-30
780,63,BE,24,15,0.536993,RISK_DASHBOARD,2023-12-31
781,63,BE,25,15,0.57541,RISK_DASHBOARD,2024-03-31
782,63,BE,26,15,0.552362,RISK_DASHBOARD,2024-06-30
783,63,BE,27,15,0.554749,RISK_DASHBOARD,2024-09-30
784,63,BE,28,15,0.574551,RISK_DASHBOARD,2024-12-31
785,64,CY,1,15,0.573204,RISK_DASHBOARD,2018-03-31
786,64,CY,2,15,0.552959,RISK_DASHBOARD,2018-06-30
787,64,CY,3,15,0.540728,RISK_DASHBOARD,2018-09-30
788,64,CY,4,15,0.586831,RISK_DASHBOARD,2018-12-31
789,64,CY,5,15,0.628625,RISK_DASHBOARD,2019-03-31
790,64,CY,6,15,0.565263,RISK_DASHBOARD,2019-06-30
791,64,CY,7,15,0.544286,RISK_DASHBOARD,2019-09-30
792,64,CY,8,15,0.608662,RISK_DASHBOARD,2019-12-31
793,64,CY,9,15,0.583024,RISK_DASHBOARD,2020-03-31
794,64,CY,10,15,0.562565,RISK_DASHBOARD,2020-06-30
795,64,CY,11,15,0.536746,RISK_DASHBOARD,2020-09-30
796,64,CY,12,15,0.622687,RISK_DASHBOARD,2020-12-31
797,64,CY,13,15,0.588223,RISK_DASHBOARD,2021-03-31
798,64,CY,14,15,0.609425,RISK_DASHBOARD,2021-06-30
799,64,CY,15,15,0.5933,RISK_DASHBOARD,2021-09-30
800,64,CY,16,15,0.539021,RISK_DASHBOARD,2021-12-31
801,64,CY,17,15,0.550811,RISK_DASHBOARD,2022-03-31
802,64,CY,18,15,0.536595,RISK_DASHBOARD,2022-06-30
803,64,CY,19,15,0.595795,RISK_DASHBOARD,2022-09-30
804,64,CY,20,15,0.59613,RISK_DASHBOARD,2022-12-31
805,64,CY,21,15,0.537467,RISK_DASHBOARD,2023-03-31
806,64,CY,22,15,0.512855,RISK_DASHBOARD,2023-06-30
807,64,CY,23,15,0.571529,RISK_DASHBOARD,2023-09-30
808,64,CY,24,15,0.524002,RISK_DASHBOARD,2023-12-31
809,64,CY,25,15,0.607303,RISK_DASHBOARD,2024-03-31
810,64,CY,26,15,0.556564,RISK_DASHBOARD,2024-06-30
811,64,CY,27,15,0.524645,RISK_DASHBOARD,2024-09-30
812,64,CY,28,15,0.595986,RISK_DASHBOARD,2024-12-31
813,65,DE,1,15,0.555788,RISK_DASHBOARD,2018-03-31
814,65,DE,2,15,0.543568,RISK_DASHBOARD,2018-06-30
815,65,DE,3,15,0.578227,RISK_DASHBOARD,2018-09-30
816,65,DE,4,15,0.602633,RISK_DASHBOARD,2018-12-31
817,65,DE,5,15,0.617586,RISK_DASHBOARD,2019-03-31
818,65,DE,6,15,0.573762,RISK_DASHBOARD,2019-06-30
819,65,DE,7,15,0.547438,RISK_DASHBOARD,2019-09-30
820,65,DE,8,15,0.597366,RISK_DASHBOARD,2019-12-31
821,65,DE,9,15,0.550887,RISK_DASHBOARD,2020-03-31
822,65,DE,10,15,0.538556,RISK_DASHBOARD,2020-06-30
823,65,DE,11,15,0.532383,RISK_DASHBOARD,2020-09-30
824,65,DE,12,15,0.599663,RISK_DASHBOARD,2020-12-31
825,65,DE,13,15,0.580382,RISK_DASHBOARD,2021-03-31
826,65,DE,14,15,0.646571,RISK_DASHBOARD,2021-06-30
827,65,DE,15,15,0.629023,RISK_DASHBOARD,2021-09-30
828,65,DE,16,15,0.629625,RISK_DASHBOARD,2021-12-31
829,65,DE,17,15,0.594747,RISK_DASHBOARD,2022-03-31
830,65,DE,18,15,0.58738,RISK_DASHBOARD,2022-06-30
831,65,DE,19,15,0.615853,RISK_DASHBOARD,2022-09-30
832,65,DE,20,15,0.590803,RISK_DASHBOARD,2022-12-31
833,65,DE,21,15,0.588541,RISK_DASHBOARD,2023-03-31
834,65,DE,22,15,0.573459,RISK_DASHBOARD,2023-06-30
835,65,DE,23,15,0.580918,RISK_DASHBOARD,2023-09-30
836,65,DE,24,15,0.569069,RISK_DASHBOARD,2023-12-31
837,65,DE,25,15,0.647741,RISK_DASHBOARD,2024-03-31
838,65,DE,26,15,0.529562,RISK_DASHBOARD,2024-06-30
839,65,DE,27,15,0.640399,RISK_DASHBOARD,2024-09-30
840,65,DE,28,15,0.576236,RISK_DASHBOARD,2024-12-31
841,66,DK,1,15,0.64006,RISK_DASHBOARD,2018-03-31
842,66,DK,2,15,0.650231,RISK_DASHBOARD,2018-06-30
843,66,DK,3,15,0.639311,RISK_DASHBOARD,2018-09-30
844,66,DK,4,15,0.605976,RISK_DASHBOARD,2018-12-31
845,66,DK,5,15,0.585846,RISK_DASHBOARD,2019-03-31
846,66,DK,6,15,0.658861,RISK_DASHBOARD,2019-06-30
847,66,DK,7,15,0.589962,RISK_DASHBOARD,2019-09-30
848,66,DK,8,15,0.586735,RISK_DASHBOARD,2019-12-31
849,66,DK,9,15,0.601524,RISK_DASHBOARD,2020-03-31
850,66,DK,10,15,0.568121,RISK_DASHBOARD,2020-06-30
851,66,DK,11,15,0.585958,RISK_DASHBOARD,2020-09-30
852,66,DK,12,15,0.572059,RISK_DASHBOARD,2020-12-31
853,66,DK,13,15,0.571352,RISK_DASHBOARD,2021-03-31
854,66,DK,14,15,0.594282,RISK_DASHBOARD,2021-06-30
855,66,DK,15,15,0.611682,RISK_DASHBOARD,2021-09-30
856,66,DK,16,15,0.543675,RISK_DASHBOARD,2021-12-31
857,66,DK,17,15,0.611977,RISK_DASHBOARD,2022-03-31
858,66,DK,18,15,0.647199,RISK_DASHBOARD,2022-06-30
859,66,DK,19,15,0.575072,RISK_DASHBOARD,2022-09-30
860,66,DK,20,15,0.61601,RISK_DASHBOARD,2022-12-31
861,66,DK,21,15,0.602464,RISK_DASHBOARD,2023-03-31
862,66,DK,22,15,0.617115,RISK_DASHBOARD,2023-06-30
863,66,DK,23,15,0.584231,RISK_DASHBOARD,2023-09-30
864,66,DK,24,15,0.604844,RISK_DASHBOARD,2023-12-31
865,66,DK,25,15,0.622732,RISK_DASHBOARD,2024-03-31
866,66,DK,26,15,0.562695,RISK_DASHBOARD,2024-06-30
867,66,DK,27,15,0.597172,RISK_DASHBOARD,2024-09-30
868,66,DK,28,15,0.572218,RISK_DASHBOARD,2024-12-31
869,67,ES,1,15,0.649978,RISK_DASHBOARD,2018-03-31
870,67,ES,2,15,0.554947,RISK_DASHBOARD,2018-06-30
871,67,ES,3,15,0.539504,RISK_DASHBOARD,2018-09-30
872,67,ES,4,15,0.566656,RISK_DASHBOARD,2018-12-31
873,67,ES,5,15,0.540755,RISK_DASHBOARD,2019-03-31
874,67,ES,6,15,0.632004,RISK_DASHBOARD,2019-06-30
875,67,ES,7,15,0.581024,RISK_DASHBOARD,2019-09-30
876,67,ES,8,15,0.627817,RISK_DASHBOARD,2019-12-31
877,67,ES,9,15,0.554886,RISK_DASHBOARD,2020-03-31
878,67,ES,10,15,0.648988,RISK_DASHBOARD,2020-06-30
879,67,ES,11,15,0.562706,RISK_DASHBOARD,2020-09-30
880,67,ES,12,15,0.539801,RISK_DASHBOARD,2020-12-31
881,67,ES,13,15,0.586661,RISK_DASHBOARD,2021-03-31
882,67,ES,14,15,0.60526,RISK_DASHBOARD,2021-06-30
883,67,ES,15,15,0.535288,RISK_DASHBOARD,2021-09-30
884,67,ES,16,15,0.537417,RISK_DASHBOARD,2021-12-31
885,67,ES,17,15,0.613339,RISK_DASHBOARD,2022-03-31
886,67,ES,18,15,0.612468,RISK_DASHBOARD,2022-06-30
887,67,ES,19,15,0.606368,RISK_DASHBOARD,2022-09-30
888,67,ES,20,15,0.562305,RISK_DASHBOARD,2022-12-31
889,67,ES,21,15,0.572349,RISK_DASHBOARD,2023-03-31
890,67,ES,22,15,0.576401,RISK_DASHBOARD,2023-06-30
891,67,ES,23,15,0.550661,RISK_DASHBOARD,2023-09-30
892,67,ES,24,15,0.586669,RISK_DASHBOARD,2023-12-31
893,67,ES,25,15,0.575806,RISK_DASHBOARD,2024-03-31
894,67,ES,26,15,0.646097,RISK_DASHBOARD,2024-06-30
895,67,ES,27,15,0.638675,RISK_DASHBOARD,2024-09-30
896,67,ES,28,15,0.585156,RISK_DASHBOARD,2024-12-31
897,68,EU,1,15,0.558656,RISK_DASHBOARD,2018-03-31
898,68,EU,2,15,0.523418,RISK_DASHBOARD,2018-06-30
899,68,EU,3,15,0.567544,RISK_DASHBOARD,2018-09-30
900,68,EU,4,15,0.559772,RISK_DASHBOARD,2018-12-31
901,68,EU,5,15,0.629472,RISK_DASHBOARD,2019-03-31
902,68,EU,6,15,0.637252,RISK_DASHBOARD,2019-06-30
903,68,EU,7,15,0.579273,RISK_DASHBOARD,2019-09-30
904,68,EU,8,15,0.637198,RISK_DASHBOARD,2019-12-31
905,68,EU,9,15,0.633859,RISK_DASHBOARD,2020-03-31
906,68,EU,10,15,0.589546,RISK_DASHBOARD,2020-06-30
907,68,EU,11,15,0.544879,RISK_DASHBOARD,2020-09-30
908,68,EU,12,15,0.541535,RISK_DASHBOARD,2020-12-31
909,68,EU,13,15,0.636902,RISK_DASHBOARD,2021-03-31
910,68,EU,14,15,0.633876,RISK_DASHBOARD,2021-06-30
911,68,EU,15,15,0.595065,RISK_DASHBOARD,2021-09-30
912,68,EU,16,15,0.562898,RISK_DASHBOARD,2021-12-31
913,68,EU,17,15,0.610069,RISK_DASHBOARD,2022-03-31
914,68,EU,18,15,0.634761,RISK_DASHBOARD,2022-06-30
915,68,EU,19,15,0.556868,RISK_DASHBOARD,2022-09-30
916,68,EU,20,15,0.574284,RISK_DASHBOARD,2022-12-31
917,68,EU,21,15,0.56859,RISK_DASHBOARD,2023-03-31
918,68,EU,22,15,0.540404,RISK_DASHBOARD,2023-06-30
919,68,EU,23,15,0.52647,RISK_DASHBOARD,2023-09-30
920,68,EU,24,15,0.543779,RISK_DASHBOARD,2023-12-31
921,68,EU,25,15,0.587709,RISK_DASHBOARD,2024-03-31
922,68,EU,26,15,0.637804,RISK_DASHBOARD,2024-06-30
923,68,EU,27,15,0.619126,RISK_DASHBOARD,2024-09-30
924,68,EU,28,15,0.641363,RISK_DASHBOARD,2024-12-31
925,69,FI,1,15,0.654628,RISK_DASHBOARD,2018-03-31
926,69,FI,2,15,0.610347,RISK_DASHBOARD,2018-06-30
927,69,FI,3,15,0.569038,RISK_DASHBOARD,2018-09-30
928,69,FI,4,15,0.564378,RISK_DASHBOARD,2018-12-31
929,69,FI,5,15,0.561673,RISK_DASHBOARD,2019-03-31
930,69,FI,6,15,0.645692,RISK_DASHBOARD,2019-06-30
931,69,FI,7,15,0.617135,RISK_DASHBOARD,2019-09-30
932,69,FI,8,15,0.570509,RISK_DASHBOARD,2019-12-31
933,69,FI,9,15,0.614499,RISK_DASHBOARD,2020-03-31
934,69,FI,10,15,0.653162,RISK_DASHBOARD,2020-06-30
935,69,FI,11,15,0.593791,RISK_DASHBOARD,2020-09-30
936,69,FI,12,15,0.583792,RISK_DASHBOARD,2020-12-31
937,69,FI,13,15,0.557043,RISK_DASHBOARD,2021-03-31
938,69,FI,14,15,0.542104,RISK_DASHBOARD,2021-06-30
939,69,FI,15,15,0.597929,RISK_DASHBOARD,2021-09-30
940,69,FI,16,15,0.607553,RISK_DASHBOARD,2021-12-31
941,69,FI,17,15,0.57696,RISK_DASHBOARD,2022-03-31
942,69,FI,18,15,0.623439,RISK_DASHBOARD,2022-06-30
943,69,FI,19,15,0.637197,RISK_DASHBOARD,2022-09-30
944,69,FI,20,15,0.54288,RISK_DASHBOARD,2022-12-31
945,69,FI,21,15,0.597698,RISK_DASHBOARD,2023-03-31
946,69,FI,22,15,0.633849,RISK_DASHBOARD,2023-06-30
947,69,FI,23,15,0.623516,RISK_DASHBOARD,2023-09-30
948,69,FI,24,15,0.620096,RISK_DASHBOARD,2023-12-31
949,69,FI,25,15,0.655798,RISK_DASHBOARD,2024-03-31
950,69,FI,26,15,0.616196,RISK_DASHBOARD,2024-06-30
951,69,FI,27,15,0.605918,RISK_DASHBOARD,2024-09-30
952,69,FI,28,15,0.621336,RISK_DASHBOARD,2024-12-31
953,70,FR,1,15,0.517751,RISK_DASHBOARD,2018-03-31
954,70,FR,2,15,0.580541,RISK_DASHBOARD,2018-06-30
955,70,FR,3,15,0.532202,RISK_DASHBOARD,2018-09-30
956,70,FR,4,15,0.572077,RISK_DASHBOARD,2018-12-31
957,70,FR,5,15,0.619543,RISK_DASHBOARD,2019-03-31
958,70,FR,6,15,0.577001,RISK_DASHBOARD,2019-06-30
959,70,FR,7,15,0.574456,RISK_DASHBOARD,2019-09-30
960,70,FR,8,15,0.532835,RISK_DASHBOARD,2019-12-31
961,70,FR,9,15,0.522745,RISK_DASHBOARD,2020-03-31
962,70,FR,10,15,0.600875,RISK_DASHBOARD,2020-06-30
963,70,FR,11,15,0.516724,RISK_DASHBOARD,2020-09-30
964,70,FR,12,15,0.565902,RISK_DASHBOARD,2020-12-31
965,70,FR,13,15,0.576265,RISK_DASHBOARD,2021-03-31
966,70,FR,14,15,0.533059,RISK_DASHBOARD,2021-06-30
967,70,FR,15,15,0.521617,RISK_DASHBOARD,2021-09-30
968,70,FR,16,15,0.573601,RISK_DASHBOARD,2021-12-31
969,70,FR,17,15,0.606549,RISK_DASHBOARD,2022-03-31
970,70,FR,18,15,0.569683,RISK_DASHBOARD,2022-06-30
971,70,FR,19,15,0.606941,RISK_DASHBOARD,2022-09-30
972,70,FR,20,15,0.612794,RISK_DASHBOARD,2022-12-31
973,70,FR,21,15,0.570128,RISK_DASHBOARD,2023-03-31
974,70,FR,22,15,0.589113,RISK_DASHBOARD,2023-06-30
975,70,FR,23,15,0.546253,RISK_DASHBOARD,2023-09-30
976,70,FR,24,15,0.550118,RISK_DASHBOARD,2023-12-31
977,70,FR,25,15,0.541396,RISK_DASHBOARD,2024-03-31
978,70,FR,26,15,0.533422,RISK_DASHBOARD,2024-06-30
979,70,FR,27,15,0.573142,RISK_DASHBOARD,2024-09-30
980,70,FR,28,15,0.525027,RISK_DASHBOARD,2024-12-31
981,71,GR,1,15,0.605469,RISK_DASHBOARD,2018-03-31
982,71,GR,2,15,0.611062,RISK_DASHBOARD,2018-06-30
983,71,GR,3,15,0.658569,RISK_DASHBOARD,2018-09-30
984,71,GR,4,15,0.588298,RISK_DASHBOARD,2018-12-31
985,71,GR,5,15,0.627019,RISK_DASHBOARD,2019-03-31
986,71,GR,6,15,0.589937,RISK_DASHBOARD,2019-06-30
987,71,GR,7,15,0.628018,RISK_DASHBOARD,2019-09-30
988,71,GR,8,15,0.635812,RISK_DASHBOARD,2019-12-31
989,71,GR,9,15,0.632258,RISK_DASHBOARD,2020-03-31
990,71,GR,10,15,0.606312,RISK_DASHBOARD,2020-06-30
991,71,GR,11,15,0.656879,RISK_DASHBOARD,2020-09-30
992,71,GR,12,15,0.577701,RISK_DASHBOARD,2020-12-31
993,71,GR,13,15,0.562968,RISK_DASHBOARD,2021-03-31
994,71,GR,14,15,0.579196,RISK_DASHBOARD,2021-06-30
995,71,GR,15,15,0.585096,RISK_DASHBOARD,2021-09-30
996,71,GR,16,15,0.644596,RISK_DASHBOARD,2021-12-31
997,71,GR,17,15,0.652403,RISK_DASHBOARD,2022-03-31
998,71,GR,18,15,0.628958,RISK_DASHBOARD,2022-06-30
999,71,GR,19,15,0.5862,RISK_DASHBOARD,2022-09-30
1000,71,GR,20,15,0.63014,RISK_DASHBOARD,2022-12-31
1001,71,GR,21,15,0.634015,RISK_DASHBOARD,2023-03-31
1002,71,GR,22,15,0.65404,RISK_DASHBOARD,2023-06-30
1003,71,GR,23,15,0.539473,RISK_DASHBOARD,2023-09-30
1004,71,GR,24,15,0.591499,RISK_DASHBOARD,2023-12-31
1005,71,GR,25,15,0.573278,RISK_DASHBOARD,2024-03-31
1006,71,GR,26,15,0.551689,RISK_DASHBOARD,2024-06-30
1007,71,GR,27,15,0.623834,RISK_DASHBOARD,2024-09-30
1008,71,GR,28,15,0.63965,RISK_DASHBOARD,2024-12-31
1009,72,HR,1,15,0.588319,RISK_DASHBOARD,2018-03-31
1010,72,HR,2,15,0.575309,RISK_DASHBOARD,2018-06-30
1011,72,HR,3,15,0.562842,RISK_DASHBOARD,2018-09-30
1012,72,HR,4,15,0.560199,RISK_DASHBOARD,2018-12-31
1013,72,HR,5,15,0.581046,RISK_DASHBOARD,2019-03-31
1014,72,HR,6,15,0.60451,RISK_DASHBOARD,2019-06-30
1015,72,HR,7,15,0.519985,RISK_DASHBOARD,2019-09-30
1016,72,HR,8,15,0.568892,RISK_DASHBOARD,2019-12-31
1017,72,HR,9,15,0.530932,RISK_DASHBOARD,2020-03-31
1018,72,HR,10,15,0.605644,RISK_DASHBOARD,2020-06-30
1019,72,HR,11,15,0.583331,RISK_DASHBOARD,2020-09-30
1020,72,HR,12,15,0.516727,RISK_DASHBOARD,2020-12-31
1021,72,HR,13,15,0.616911,RISK_DASHBOARD,2021-03-31
1022,72,HR,14,15,0.604966,RISK_DASHBOARD,2021-06-30
1023,72,HR,15,15,0.54564,RISK_DASHBOARD,2021-09-30
1024,72,HR,16,15,0.549526,RISK_DASHBOARD,2021-12-31
1025,72,HR,17,15,0.532959,RISK_DASHBOARD,2022-03-31
1026,72,HR,18,15,0.516581,RISK_DASHBOARD,2022-06-30
1027,72,HR,19,15,0.572599,RISK_DASHBOARD,2022-09-30
1028,72,HR,20,15,0.558541,RISK_DASHBOARD,2022-12-31
1029,72,HR,21,15,0.599261,RISK_DASHBOARD,2023-03-31
1030,72,HR,22,15,0.575747,RISK_DASHBOARD,2023-06-30
1031,72,HR,23,15,0.591483,RISK_DASHBOARD,2023-09-30
1032,72,HR,24,15,0.555462,RISK_DASHBOARD,2023-12-31
1033,72,HR,25,15,0.537712,RISK_DASHBOARD,2024-03-31
1034,72,HR,26,15,0.580881,RISK_DASHBOARD,2024-06-30
1035,72,HR,27,15,0.547837,RISK_DASHBOARD,2024-09-30
1036,72,HR,28,15,0.572791,RISK_DASHBOARD,2024-12-31
1037,73,HU,1,15,0.638811,RISK_DASHBOARD,2018-03-31
1038,73,HU,2,15,0.609441,RISK_DASHBOARD,2018-06-30
1039,73,HU,3,15,0.578968,RISK_DASHBOARD,2018-09-30
1040,73,HU,4,15,0.5325,RISK_DASHBOARD,2018-12-31
1041,73,HU,5,15,0.625815,RISK_DASHBOARD,2019-03-31
1042,73,HU,6,15,0.620779,RISK_DASHBOARD,2019-06-30
1043,73,HU,7,15,0.613697,RISK_DASHBOARD,2019-09-30
1044,73,HU,8,15,0.603275,RISK_DASHBOARD,2019-12-31
1045,73,HU,9,15,0.612384,RISK_DASHBOARD,2020-03-31
1046,73,HU,10,15,0.604157,RISK_DASHBOARD,2020-06-30
1047,73,HU,11,15,0.539801,RISK_DASHBOARD,2020-09-30
1048,73,HU,12,15,0.633006,RISK_DASHBOARD,2020-12-31
1049,73,HU,13,15,0.638035,RISK_DASHBOARD,2021-03-31
1050,73,HU,14,15,0.554438,RISK_DASHBOARD,2021-06-30
1051,73,HU,15,15,0.641958,RISK_DASHBOARD,2021-09-30
1052,73,HU,16,15,0.64518,RISK_DASHBOARD,2021-12-31
1053,73,HU,17,15,0.590974,RISK_DASHBOARD,2022-03-31
1054,73,HU,18,15,0.54019,RISK_DASHBOARD,2022-06-30
1055,73,HU,19,15,0.636691,RISK_DASHBOARD,2022-09-30
1056,73,HU,20,15,0.605677,RISK_DASHBOARD,2022-12-31
1057,73,HU,21,15,0.609403,RISK_DASHBOARD,2023-03-31
1058,73,HU,22,15,0.62794,RISK_DASHBOARD,2023-06-30
1059,73,HU,23,15,0.607822,RISK_DASHBOARD,2023-09-30
1060,73,HU,24,15,0.625218,RISK_DASHBOARD,2023-12-31
1061,73,HU,25,15,0.60594,RISK_DASHBOARD,2024-03-31
1062,73,HU,26,15,0.626588,RISK_DASHBOARD,2024-06-30
1063,73,HU,27,15,0.580285,RISK_DASHBOARD,2024-09-30
1064,73,HU,28,15,0.633726,RISK_DASHBOARD,2024-12-31
1065,74,IE,1,15,0.632024,RISK_DASHBOARD,2018-03-31
1066,74,IE,2,15,0.58837,RISK_DASHBOARD,2018-06-30
1067,74,IE,3,15,0.590385,RISK_DASHBOARD,2018-09-30
1068,74,IE,4,15,0.609104,RISK_DASHBOARD,2018-12-31
1069,74,IE,5,15,0.641159,RISK_DASHBOARD,2019-03-31
1070,74,IE,6,15,0.620092,RISK_DASHBOARD,2019-06-30
1071,74,IE,7,15,0.62778,RISK_DASHBOARD,2019-09-30
1072,74,IE,8,15,0.619622,RISK_DASHBOARD,2019-12-31
1073,74,IE,9,15,0.585051,RISK_DASHBOARD,2020-03-31
1074,74,IE,10,15,0.619698,RISK_DASHBOARD,2020-06-30
1075,74,IE,11,15,0.557878,RISK_DASHBOARD,2020-09-30
1076,74,IE,12,15,0.572579,RISK_DASHBOARD,2020-12-31
1077,74,IE,13,15,0.556172,RISK_DASHBOARD,2021-03-31
1078,74,IE,14,15,0.556305,RISK_DASHBOARD,2021-06-30
1079,74,IE,15,15,0.634955,RISK_DASHBOARD,2021-09-30
1080,74,IE,16,15,0.619439,RISK_DASHBOARD,2021-12-31
1081,74,IE,17,15,0.644356,RISK_DASHBOARD,2022-03-31
1082,74,IE,18,15,0.657691,RISK_DASHBOARD,2022-06-30
1083,74,IE,19,15,0.634306,RISK_DASHBOARD,2022-09-30
1084,74,IE,20,15,0.576046,RISK_DASHBOARD,2022-12-31
1085,74,IE,21,15,0.577788,RISK_DASHBOARD,2023-03-31
1086,74,IE,22,15,0.58962,RISK_DASHBOARD,2023-06-30
1087,74,IE,23,15,0.554603,RISK_DASHBOARD,2023-09-30
1088,74,IE,24,15,0.614798,RISK_DASHBOARD,2023-12-31
1089,74,IE,25,15,0.644953,RISK_DASHBOARD,2024-03-31
1090,74,IE,26,15,0.654634,RISK_DASHBOARD,2024-06-30
1091,74,IE,27,15,0.572783,RISK_DASHBOARD,2024-09-30
1092,74,IE,28,15,0.62886,RISK_DASHBOARD,2024-12-31
1093,75,IT,1,15,0.604278,RISK_DASHBOARD,2018-03-31
1094,75,IT,2,15,0.644661,RISK_DASHBOARD,2018-06-30
1095,75,IT,3,15,0.632663,RISK_DASHBOARD,2018-09-30
1096,75,IT,4,15,0.555092,RISK_DASHBOARD,2018-12-31
1097,75,IT,5,15,0.601385,RISK_DASHBOARD,2019-03-31
1098,75,IT,6,15,0.63834,RISK_DASHBOARD,2019-06-30
1099,75,IT,7,15,0.615408,RISK_DASHBOARD,2019-09-30
1100,75,IT,8,15,0.627177,RISK_DASHBOARD,2019-12-31
1101,75,IT,9,15,0.643426,RISK_DASHBOARD,2020-03-31
1102,75,IT,10,15,0.652195,RISK_DASHBOARD,2020-06-30
1103,75,IT,11,15,0.607994,RISK_DASHBOARD,2020-09-30
1104,75,IT,12,15,0.583447,RISK_DASHBOARD,2020-12-31
1105,75,IT,13,15,0.648852,RISK_DASHBOARD,2021-03-31
1106,75,IT,14,15,0.563639,RISK_DASHBOARD,2021-06-30
1107,75,IT,15,15,0.605901,RISK_DASHBOARD,2021-09-30
1108,75,IT,16,15,0.637411,RISK_DASHBOARD,2021-12-31
1109,75,IT,17,15,0.634584,RISK_DASHBOARD,2022-03-31
1110,75,IT,18,15,0.602727,RISK_DASHBOARD,2022-06-30
1111,75,IT,19,15,0.576384,RISK_DASHBOARD,2022-09-30
1112,75,IT,20,15,0.543994,RISK_DASHBOARD,2022-12-31
1113,75,IT,21,15,0.624993,RISK_DASHBOARD,2023-03-31
1114,75,IT,22,15,0.606754,RISK_DASHBOARD,2023-06-30
1115,75,IT,23,15,0.654438,RISK_DASHBOARD,2023-09-30
1116,75,IT,24,15,0.634782,RISK_DASHBOARD,2023-12-31
1117,75,IT,25,15,0.633884,RISK_DASHBOARD,2024-03-31
1118,75,IT,26,15,0.628899,RISK_DASHBOARD,2024-06-30
1119,75,IT,27,15,0.628292,RISK_DASHBOARD,2024-09-30
1120,75,IT,28,15,0.602651,RISK_DASHBOARD,2024-12-31
1121,76,LT,1,15,0.545554,RISK_DASHBOARD,2018-03-31
1122,76,LT,2,15,0.58292,RISK_DASHBOARD,2018-06-30
1123,76,LT,3,15,0.591396,RISK_DASHBOARD,2018-09-30
1124,76,LT,4,15,0.642216,RISK_DASHBOARD,2018-12-31
1125,76,LT,5,15,0.642162,RISK_DASHBOARD,2019-03-31
1126,76,LT,6,15,0.603642,RISK_DASHBOARD,2019-06-30
1127,76,LT,7,15,0.600225,RISK_DASHBOARD,2019-09-30
1128,76,LT,8,15,0.633626,RISK_DASHBOARD,2019-12-31
1129,76,LT,9,15,0.649373,RISK_DASHBOARD,2020-03-31
1130,76,LT,10,15,0.597006,RISK_DASHBOARD,2020-06-30
1131,76,LT,11,15,0.634633,RISK_DASHBOARD,2020-09-30
1132,76,LT,12,15,0.64055,RISK_DASHBOARD,2020-12-31
1133,76,LT,13,15,0.544892,RISK_DASHBOARD,2021-03-31
1134,76,LT,14,15,0.648757,RISK_DASHBOARD,2021-06-30
1135,76,LT,15,15,0.615274,RISK_DASHBOARD,2021-09-30
1136,76,LT,16,15,0.607421,RISK_DASHBOARD,2021-12-31
1137,76,LT,17,15,0.547915,RISK_DASHBOARD,2022-03-31
1138,76,LT,18,15,0.571455,RISK_DASHBOARD,2022-06-30
1139,76,LT,19,15,0.636588,RISK_DASHBOARD,2022-09-30
1140,76,LT,20,15,0.583153,RISK_DASHBOARD,2022-12-31
1141,76,LT,21,15,0.632724,RISK_DASHBOARD,2023-03-31
1142,76,LT,22,15,0.621252,RISK_DASHBOARD,2023-06-30
1143,76,LT,23,15,0.538294,RISK_DASHBOARD,2023-09-30
1144,76,LT,24,15,0.635081,RISK_DASHBOARD,2023-12-31
1145,76,LT,25,15,0.570218,RISK_DASHBOARD,2024-03-31
1146,76,LT,26,15,0.554676,RISK_DASHBOARD,2024-06-30
1147,76,LT,27,15,0.542423,RISK_DASHBOARD,2024-09-30
1148,76,LT,28,15,0.654634,RISK_DASHBOARD,2024-12-31
1149,77,LU,1,15,0.619568,RISK_DASHBOARD,2018-03-31
1150,77,LU,2,15,0.557931,RISK_DASHBOARD,2018-06-30
1151,77,LU,3,15,0.576166,RISK_DASHBOARD,2018-09-30
1152,77,LU,4,15,0.560882,RISK_DASHBOARD,2018-12-31
1153,77,LU,5,15,0.583037,RISK_DASHBOARD,2019-03-31
1154,77,LU,6,15,0.597844,RISK_DASHBOARD,2019-06-30
1155,77,LU,7,15,0.59263,RISK_DASHBOARD,2019-09-30
1156,77,LU,8,15,0.55931,RISK_DASHBOARD,2019-12-31
1157,77,LU,9,15,0.615736,RISK_DASHBOARD,2020-03-31
1158,77,LU,10,15,0.514113,RISK_DASHBOARD,2020-06-30
1159,77,LU,11,15,0.610442,RISK_DASHBOARD,2020-09-30
1160,77,LU,12,15,0.597382,RISK_DASHBOARD,2020-12-31
1161,77,LU,13,15,0.57917,RISK_DASHBOARD,2021-03-31
1162,77,LU,14,15,0.556095,RISK_DASHBOARD,2021-06-30
1163,77,LU,15,15,0.593677,RISK_DASHBOARD,2021-09-30
1164,77,LU,16,15,0.539239,RISK_DASHBOARD,2021-12-31
1165,77,LU,17,15,0.557542,RISK_DASHBOARD,2022-03-31
1166,77,LU,18,15,0.51234,RISK_DASHBOARD,2022-06-30
1167,77,LU,19,15,0.547978,RISK_DASHBOARD,2022-09-30
1168,77,LU,20,15,0.616306,RISK_DASHBOARD,2022-12-31
1169,77,LU,21,15,0.569625,RISK_DASHBOARD,2023-03-31
1170,77,LU,22,15,0.598564,RISK_DASHBOARD,2023-06-30
1171,77,LU,23,15,0.609293,RISK_DASHBOARD,2023-09-30
1172,77,LU,24,15,0.617318,RISK_DASHBOARD,2023-12-31
1173,77,LU,25,15,0.586574,RISK_DASHBOARD,2024-03-31
1174,77,LU,26,15,0.587285,RISK_DASHBOARD,2024-06-30
1175,77,LU,27,15,0.619044,RISK_DASHBOARD,2024-09-30
1176,77,LU,28,15,0.548198,RISK_DASHBOARD,2024-12-31
1177,78,LV,1,15,0.596811,RISK_DASHBOARD,2018-03-31
1178,78,LV,2,15,0.53233,RISK_DASHBOARD,2018-06-30
1179,78,LV,3,15,0.545081,RISK_DASHBOARD,2018-09-30
1180,78,LV,4,15,0.586456,RISK_DASHBOARD,2018-12-31
1181,78,LV,5,15,0.62847,RISK_DASHBOARD,2019-03-31
1182,78,LV,6,15,0.556153,RISK_DASHBOARD,2019-06-30
1183,78,LV,7,15,0.5932,RISK_DASHBOARD,2019-09-30
1184,78,LV,8,15,0.64477,RISK_DASHBOARD,2019-12-31
1185,78,LV,9,15,0.564564,RISK_DASHBOARD,2020-03-31
1186,78,LV,10,15,0.608437,RISK_DASHBOARD,2020-06-30
1187,78,LV,11,15,0.538801,RISK_DASHBOARD,2020-09-30
1188,78,LV,12,15,0.639431,RISK_DASHBOARD,2020-12-31
1189,78,LV,13,15,0.616698,RISK_DASHBOARD,2021-03-31
1190,78,LV,14,15,0.642304,RISK_DASHBOARD,2021-06-30
1191,78,LV,15,15,0.56904,RISK_DASHBOARD,2021-09-30
1192,78,LV,16,15,0.605371,RISK_DASHBOARD,2021-12-31
1193,78,LV,17,15,0.600587,RISK_DASHBOARD,2022-03-31
1194,78,LV,18,15,0.618687,RISK_DASHBOARD,2022-06-30
1195,78,LV,19,15,0.555346,RISK_DASHBOARD,2022-09-30
1196,78,LV,20,15,0.615766,RISK_DASHBOARD,2022-12-31
1197,78,LV,21,15,0.578483,RISK_DASHBOARD,2023-03-31
1198,78,LV,22,15,0.59053,RISK_DASHBOARD,2023-06-30
1199,78,LV,23,15,0.587943,RISK_DASHBOARD,2023-09-30
1200,78,LV,24,15,0.532149,RISK_DASHBOARD,2023-12-31
1201,78,LV,25,15,0.613877,RISK_DASHBOARD,2024-03-31
1202,78,LV,26,15,0.544619,RISK_DASHBOARD,2024-06-30
1203,78,LV,27,15,0.650215,RISK_DASHBOARD,2024-09-30
1204,78,LV,28,15,0.581676,RISK_DASHBOARD,2024-12-31
1205,79,MT,1,15,0.557678,RISK_DASHBOARD,2018-03-31
1206,79,MT,2,15,0.623278,RISK_DASHBOARD,2018-06-30
1207,79,MT,3,15,0.575708,RISK_DASHBOARD,2018-09-30
1208,79,MT,4,15,0.534897,RISK_DASHBOARD,2018-12-31
1209,79,MT,5,15,0.633768,RISK_DASHBOARD,2019-03-31
1210,79,MT,6,15,0.643381,RISK_DASHBOARD,2019-06-30
1211,79,MT,7,15,0.533974,RISK_DASHBOARD,2019-09-30
1212,79,MT,8,15,0.59143,RISK_DASHBOARD,2019-12-31
1213,79,MT,9,15,0.543194,RISK_DASHBOARD,2020-03-31
1214,79,MT,10,15,0.537417,RISK_DASHBOARD,2020-06-30
1215,79,MT,11,15,0.63398,RISK_DASHBOARD,2020-09-30
1216,79,MT,12,15,0.534889,RISK_DASHBOARD,2020-12-31
1217,79,MT,13,15,0.605321,RISK_DASHBOARD,2021-03-31
1218,79,MT,14,15,0.587959,RISK_DASHBOARD,2021-06-30
1219,79,MT,15,15,0.579468,RISK_DASHBOARD,2021-09-30
1220,79,MT,16,15,0.649199,RISK_DASHBOARD,2021-12-31
1221,79,MT,17,15,0.649145,RISK_DASHBOARD,2022-03-31
1222,79,MT,18,15,0.55031,RISK_DASHBOARD,2022-06-30
1223,79,MT,19,15,0.618413,RISK_DASHBOARD,2022-09-30
1224,79,MT,20,15,0.537102,RISK_DASHBOARD,2022-12-31
1225,79,MT,21,15,0.547765,RISK_DASHBOARD,2023-03-31
1226,79,MT,22,15,0.61523,RISK_DASHBOARD,2023-06-30
1227,79,MT,23,15,0.589458,RISK_DASHBOARD,2023-09-30
1228,79,MT,24,15,0.635961,RISK_DASHBOARD,2023-12-31
1229,79,MT,25,15,0.641668,RISK_DASHBOARD,2024-03-31
1230,79,MT,26,15,0.597601,RISK_DASHBOARD,2024-06-30
1231,79,MT,27,15,0.631648,RISK_DASHBOARD,2024-09-30
1232,79,MT,28,15,0.562534,RISK_DASHBOARD,2024-12-31
1233,80,NL,1,15,0.651665,RISK_DASHBOARD,2018-03-31
1234,80,NL,2,15,0.65852,RISK_DASHBOARD,2018-06-30
1235,80,NL,3,15,0.64435,RISK_DASHBOARD,2018-09-30
1236,80,NL,4,15,0.60388,RISK_DASHBOARD,2018-12-31
1237,80,NL,5,15,0.651013,RISK_DASHBOARD,2019-03-31
1238,80,NL,6,15,0.59725,RISK_DASHBOARD,2019-06-30
1239,80,NL,7,15,0.64724,RISK_DASHBOARD,2019-09-30
1240,80,NL,8,15,0.647999,RISK_DASHBOARD,2019-12-31
1241,80,NL,9,15,0.572075,RISK_DASHBOARD,2020-03-31
1242,80,NL,10,15,0.659548,RISK_DASHBOARD,2020-06-30
1243,80,NL,11,15,0.559807,RISK_DASHBOARD,2020-09-30
1244,80,NL,12,15,0.543954,RISK_DASHBOARD,2020-12-31
1245,80,NL,13,15,0.551381,RISK_DASHBOARD,2021-03-31
1246,80,NL,14,15,0.573103,RISK_DASHBOARD,2021-06-30
1247,80,NL,15,15,0.646489,RISK_DASHBOARD,2021-09-30
1248,80,NL,16,15,0.652021,RISK_DASHBOARD,2021-12-31
1249,80,NL,17,15,0.561073,RISK_DASHBOARD,2022-03-31
1250,80,NL,18,15,0.577038,RISK_DASHBOARD,2022-06-30
1251,80,NL,19,15,0.61021,RISK_DASHBOARD,2022-09-30
1252,80,NL,20,15,0.561012,RISK_DASHBOARD,2022-12-31
1253,80,NL,21,15,0.558027,RISK_DASHBOARD,2023-03-31
1254,80,NL,22,15,0.612989,RISK_DASHBOARD,2023-06-30
1255,80,NL,23,15,0.654354,RISK_DASHBOARD,2023-09-30
1256,80,NL,24,15,0.631952,RISK_DASHBOARD,2023-12-31
1257,80,NL,25,15,0.612376,RISK_DASHBOARD,2024-03-31
1258,80,NL,26,15,0.64541,RISK_DASHBOARD,2024-06-30
1259,80,NL,27,15,0.600368,RISK_DASHBOARD,2024-09-30
1260,80,NL,28,15,0.653051,RISK_DASHBOARD,2024-12-31
1261,81,NO,1,15,0.572254,RISK_DASHBOARD,2018-03-31
1262,81,NO,2,15,0.615723,RISK_DASHBOARD,2018-06-30
1263,81,NO,3,15,0.616447,RISK_DASHBOARD,2018-09-30
1264,81,NO,4,15,0.623738,RISK_DASHBOARD,2018-12-31
1265,81,NO,5,15,0.53411,RISK_DASHBOARD,2019-03-31
1266,81,NO,6,15,0.534379,RISK_DASHBOARD,2019-06-30
1267,81,NO,7,15,0.595998,RISK_DASHBOARD,2019-09-30
1268,81,NO,8,15,0.587132,RISK_DASHBOARD,2019-12-31
1269,81,NO,9,15,0.51632,RISK_DASHBOARD,2020-03-31
1270,81,NO,10,15,0.60467,RISK_DASHBOARD,2020-06-30
1271,81,NO,11,15,0.622956,RISK_DASHBOARD,2020-09-30
1272,81,NO,12,15,0.575468,RISK_DASHBOARD,2020-12-31
1273,81,NO,13,15,0.614857,RISK_DASHBOARD,2021-03-31
1274,81,NO,14,15,0.532501,RISK_DASHBOARD,2021-06-30
1275,81,NO,15,15,0.561935,RISK_DASHBOARD,2021-09-30
1276,81,NO,16,15,0.561598,RISK_DASHBOARD,2021-12-31
1277,81,NO,17,15,0.543547,RISK_DASHBOARD,2022-03-31
1278,81,NO,18,15,0.567168,RISK_DASHBOARD,2022-06-30
1279,81,NO,19,15,0.549046,RISK_DASHBOARD,2022-09-30
1280,81,NO,20,15,0.629593,RISK_DASHBOARD,2022-12-31
1281,81,NO,21,15,0.583077,RISK_DASHBOARD,2023-03-31
1282,81,NO,22,15,0.542914,RISK_DASHBOARD,2023-06-30
1283,81,NO,23,15,0.549303,RISK_DASHBOARD,2023-09-30
1284,81,NO,24,15,0.615544,RISK_DASHBOARD,2023-12-31
1285,81,NO,25,15,0.514689,RISK_DASHBOARD,2024-03-31
1286,81,NO,26,15,0.549172,RISK_DASHBOARD,2024-06-30
1287,81,NO,27,15,0.589137,RISK_DASHBOARD,2024-09-30
1288,81,NO,28,15,0.573551,RISK_DASHBOARD,2024-12-31
1289,82,PL,1,15,0.606822,RISK_DASHBOARD,2018-03-31
1290,82,PL,2,15,0.627801,RISK_DASHBOARD,2018-06-30
1291,82,PL,3,15,0.627804,RISK_DASHBOARD,2018-09-30
1292,82,PL,4,15,0.552426,RISK_DASHBOARD,2018-12-31
1293,82,PL,5,15,0.536764,RISK_DASHBOARD,2019-03-31
1294,82,PL,6,15,0.541705,RISK_DASHBOARD,2019-06-30
1295,82,PL,7,15,0.639044,RISK_DASHBOARD,2019-09-30
1296,82,PL,8,15,0.539632,RISK_DASHBOARD,2019-12-31
1297,82,PL,9,15,0.620011,RISK_DASHBOARD,2020-03-31
1298,82,PL,10,15,0.628158,RISK_DASHBOARD,2020-06-30
1299,82,PL,11,15,0.543438,RISK_DASHBOARD,2020-09-30
1300,82,PL,12,15,0.534148,RISK_DASHBOARD,2020-12-31
1301,82,PL,13,15,0.620527,RISK_DASHBOARD,2021-03-31
1302,82,PL,14,15,0.532337,RISK_DASHBOARD,2021-06-30
1303,82,PL,15,15,0.533194,RISK_DASHBOARD,2021-09-30
1304,82,PL,16,15,0.563946,RISK_DASHBOARD,2021-12-31
1305,82,PL,17,15,0.580772,RISK_DASHBOARD,2022-03-31
1306,82,PL,18,15,0.619074,RISK_DASHBOARD,2022-06-30
1307,82,PL,19,15,0.603373,RISK_DASHBOARD,2022-09-30
1308,82,PL,20,15,0.607608,RISK_DASHBOARD,2022-12-31
1309,82,PL,21,15,0.627255,RISK_DASHBOARD,2023-03-31
1310,82,PL,22,15,0.555602,RISK_DASHBOARD,2023-06-30
1311,82,PL,23,15,0.591148,RISK_DASHBOARD,2023-09-30
1312,82,PL,24,15,0.552095,RISK_DASHBOARD,2023-12-31
1313,82,PL,25,15,0.60876,RISK_DASHBOARD,2024-03-31
1314,82,PL,26,15,0.525487,RISK_DASHBOARD,2024-06-30
1315,82,PL,27,15,0.538445,RISK_DASHBOARD,2024-09-30
1316,82,PL,28,15,0.616942,RISK_DASHBOARD,2024-12-31
1317,83,PT,1,15,0.578979,RISK_DASHBOARD,2018-03-31
1318,83,PT,2,15,0.59639,RISK_DASHBOARD,2018-06-30
1319,83,PT,3,15,0.564772,RISK_DASHBOARD,2018-09-30
1320,83,PT,4,15,0.551419,RISK_DASHBOARD,2018-12-31
1321,83,PT,5,15,0.581671,RISK_DASHBOARD,2019-03-31
1322,83,PT,6,15,0.598051,RISK_DASHBOARD,2019-06-30
1323,83,PT,7,15,0.553196,RISK_DASHBOARD,2019-09-30
1324,83,PT,8,15,0.615714,RISK_DASHBOARD,2019-12-31
1325,83,PT,9,15,0.58823,RISK_DASHBOARD,2020-03-31
1326,83,PT,10,15,0.641871,RISK_DASHBOARD,2020-06-30
1327,83,PT,11,15,0.630298,RISK_DASHBOARD,2020-09-30
1328,83,PT,12,15,0.579311,RISK_DASHBOARD,2020-12-31
1329,83,PT,13,15,0.639498,RISK_DASHBOARD,2021-03-31
1330,83,PT,14,15,0.609952,RISK_DASHBOARD,2021-06-30
1331,83,PT,15,15,0.583365,RISK_DASHBOARD,2021-09-30
1332,83,PT,16,15,0.570319,RISK_DASHBOARD,2021-12-31
1333,83,PT,17,15,0.590928,RISK_DASHBOARD,2022-03-31
1334,83,PT,18,15,0.566308,RISK_DASHBOARD,2022-06-30
1335,83,PT,19,15,0.630077,RISK_DASHBOARD,2022-09-30
1336,83,PT,20,15,0.568445,RISK_DASHBOARD,2022-12-31
1337,83,PT,21,15,0.597867,RISK_DASHBOARD,2023-03-31
1338,83,PT,22,15,0.579342,RISK_DASHBOARD,2023-06-30
1339,83,PT,23,15,0.602394,RISK_DASHBOARD,2023-09-30
1340,83,PT,24,15,0.611224,RISK_DASHBOARD,2023-12-31
1341,83,PT,25,15,0.572441,RISK_DASHBOARD,2024-03-31
1342,83,PT,26,15,0.566356,RISK_DASHBOARD,2024-06-30
1343,83,PT,27,15,0.593603,RISK_DASHBOARD,2024-09-30
1344,83,PT,28,15,0.562686,RISK_DASHBOARD,2024-12-31
1345,84,RO,1,15,0.55443,RISK_DASHBOARD,2018-03-31
1346,84,RO,2,15,0.551787,RISK_DASHBOARD,2018-06-30
1347,84,RO,3,15,0.612049,RISK_DASHBOARD,2018-09-30
1348,84,RO,4,15,0.550359,RISK_DASHBOARD,2018-12-31
1349,84,RO,5,15,0.575402,RISK_DASHBOARD,2019-03-31
1350,84,RO,6,15,0.6004,RISK_DASHBOARD,2019-06-30
1351,84,RO,7,15,0.655879,RISK_DASHBOARD,2019-09-30
1352,84,RO,8,15,0.549816,RISK_DASHBOARD,2019-12-31
1353,84,RO,9,15,0.576469,RISK_DASHBOARD,2020-03-31
1354,84,RO,10,15,0.625645,RISK_DASHBOARD,2020-06-30
1355,84,RO,11,15,0.647438,RISK_DASHBOARD,2020-09-30
1356,84,RO,12,15,0.557047,RISK_DASHBOARD,2020-12-31
1357,84,RO,13,15,0.635069,RISK_DASHBOARD,2021-03-31
1358,84,RO,14,15,0.634781,RISK_DASHBOARD,2021-06-30
1359,84,RO,15,15,0.580726,RISK_DASHBOARD,2021-09-30
1360,84,RO,16,15,0.586828,RISK_DASHBOARD,2021-12-31
1361,84,RO,17,15,0.599469,RISK_DASHBOARD,2022-03-31
1362,84,RO,18,15,0.541676,RISK_DASHBOARD,2022-06-30
1363,84,RO,19,15,0.606685,RISK_DASHBOARD,2022-09-30
1364,84,RO,20,15,0.630222,RISK_DASHBOARD,2022-12-31
1365,84,RO,21,15,0.563838,RISK_DASHBOARD,2023-03-31
1366,84,RO,22,15,0.566647,RISK_DASHBOARD,2023-06-30
1367,84,RO,23,15,0.545435,RISK_DASHBOARD,2023-09-30
1368,84,RO,24,15,0.611072,RISK_DASHBOARD,2023-12-31
1369,84,RO,25,15,0.558338,RISK_DASHBOARD,2024-03-31
1370,84,RO,26,15,0.626455,RISK_DASHBOARD,2024-06-30
1371,84,RO,27,15,0.557946,RISK_DASHBOARD,2024-09-30
1372,84,RO,28,15,0.576358,RISK_DASHBOARD,2024-12-31
1373,85,SE,1,15,0.62735,RISK_DASHBOARD,2018-03-31
1374,85,SE,2,15,0.609098,RISK_DASHBOARD,2018-06-30
1375,85,SE,3,15,0.609685,RISK_DASHBOARD,2018-09-30
1376,85,SE,4,15,0.578925,RISK_DASHBOARD,2018-12-31
1377,85,SE,5,15,0.557544,RISK_DASHBOARD,2019-03-31
1378,85,SE,6,15,0.565967,RISK_DASHBOARD,2019-06-30
1379,85,SE,7,15,0.635306,RISK_DASHBOARD,2019-09-30
1380,85,SE,8,15,0.633636,RISK_DASHBOARD,2019-12-31
1381,85,SE,9,15,0.602471,RISK_DASHBOARD,2020-03-31
1382,85,SE,10,15,0.630259,RISK_DASHBOARD,2020-06-30
1383,85,SE,11,15,0.607347,RISK_DASHBOARD,2020-09-30
1384,85,SE,12,15,0.529977,RISK_DASHBOARD,2020-12-31
1385,85,SE,13,15,0.591523,RISK_DASHBOARD,2021-03-31
1386,85,SE,14,15,0.529023,RISK_DASHBOARD,2021-06-30
1387,85,SE,15,15,0.605621,RISK_DASHBOARD,2021-09-30
1388,85,SE,16,15,0.617919,RISK_DASHBOARD,2021-12-31
1389,85,SE,17,15,0.531039,RISK_DASHBOARD,2022-03-31
1390,85,SE,18,15,0.537714,RISK_DASHBOARD,2022-06-30
1391,85,SE,19,15,0.533323,RISK_DASHBOARD,2022-09-30
1392,85,SE,20,15,0.566551,RISK_DASHBOARD,2022-12-31
1393,85,SE,21,15,0.533444,RISK_DASHBOARD,2023-03-31
1394,85,SE,22,15,0.625222,RISK_DASHBOARD,2023-06-30
1395,85,SE,23,15,0.588276,RISK_DASHBOARD,2023-09-30
1396,85,SE,24,15,0.563919,RISK_DASHBOARD,2023-12-31
1397,85,SE,25,15,0.579552,RISK_DASHBOARD,2024-03-31
1398,85,SE,26,15,0.552528,RISK_DASHBOARD,2024-06-30
1399,85,SE,27,15,0.628011,RISK_DASHBOARD,2024-09-30
1400,85,SE,28,15,0.577266,RISK_DASHBOARD,2024-12-31
1401,86,SI,1,15,0.590268,RISK_DASHBOARD,2018-03-31
1402,86,SI,2,15,0.595477,RISK_DASHBOARD,2018-06-30
1403,86,SI,3,15,0.545256,RISK_DASHBOARD,2018-09-30
1404,86,SI,4,15,0.571654,RISK_DASHBOARD,2018-12-31
1405,86,SI,5,15,0.556969,RISK_DASHBOARD,2019-03-31
1406,86,SI,6,15,0.632132,RISK_DASHBOARD,2019-06-30
1407,86,SI,7,15,0.598955,RISK_DASHBOARD,2019-09-30
1408,86,SI,8,15,0.64091,RISK_DASHBOARD,2019-12-31
1409,86,SI,9,15,0.556676,RISK_DASHBOARD,2020-03-31
1410,86,SI,10,15,0.629217,RISK_DASHBOARD,2020-06-30
1411,86,SI,11,15,0.639749,RISK_DASHBOARD,2020-09-30
1412,86,SI,12,15,0.556095,RISK_DASHBOARD,2020-12-31
1413,86,SI,13,15,0.609707,RISK_DASHBOARD,2021-03-31
1414,86,SI,14,15,0.626379,RISK_DASHBOARD,2021-06-30
1415,86,SI,15,15,0.6276,RISK_DASHBOARD,2021-09-30
1416,86,SI,16,15,0.604733,RISK_DASHBOARD,2021-12-31
1417,86,SI,17,15,0.564599,RISK_DASHBOARD,2022-03-31
1418,86,SI,18,15,0.63547,RISK_DASHBOARD,2022-06-30
1419,86,SI,19,15,0.576913,RISK_DASHBOARD,2022-09-30
1420,86,SI,20,15,0.539974,RISK_DASHBOARD,2022-12-31
1421,86,SI,21,15,0.639541,RISK_DASHBOARD,2023-03-31
1422,86,SI,22,15,0.569419,RISK_DASHBOARD,2023-06-30
1423,86,SI,23,15,0.580179,RISK_DASHBOARD,2023-09-30
1424,86,SI,24,15,0.593628,RISK_DASHBOARD,2023-12-31
1425,86,SI,25,15,0.576229,RISK_DASHBOARD,2024-03-31
1426,86,SI,26,15,0.615895,RISK_DASHBOARD,2024-06-30
1427,86,SI,27,15,0.537357,RISK_DASHBOARD,2024-09-30
1428,86,SI,28,15,0.589804,RISK_DASHBOARD,2024-12-31
1429,87,SK,1,15,0.627883,RISK_DASHBOARD,2018-03-31
1430,87,SK,2,15,0.521661,RISK_DASHBOARD,2018-06-30
1431,87,SK,3,15,0.588797,RISK_DASHBOARD,2018-09-30
1432,87,SK,4,15,0.558973,RISK_DASHBOARD,2018-12-31
1433,87,SK,5,15,0.615893,RISK_DASHBOARD,2019-03-31
1434,87,SK,6,15,0.540518,RISK_DASHBOARD,2019-06-30
1435,87,SK,7,15,0.537816,RISK_DASHBOARD,2019-09-30
1436,87,SK,8,15,0.560629,RISK_DASHBOARD,2019-12-31
1437,87,SK,9,15,0.551847,RISK_DASHBOARD,2020-03-31
1438,87,SK,10,15,0.624506,RISK_DASHBOARD,2020-06-30
1439,87,SK,11,15,0.551717,RISK_DASHBOARD,2020-09-30
1440,87,SK,12,15,0.536802,RISK_DASHBOARD,2020-12-31
1441,87,SK,13,15,0.564511,RISK_DASHBOARD,2021-03-31
1442,87,SK,14,15,0.591168,RISK_DASHBOARD,2021-06-30
1443,87,SK,15,15,0.562586,RISK_DASHBOARD,2021-09-30
1444,87,SK,16,15,0.628712,RISK_DASHBOARD,2021-12-31
1445,87,SK,17,15,0.535557,RISK_DASHBOARD,2022-03-31
1446,87,SK,18,15,0.521077,RISK_DASHBOARD,2022-06-30
1447,87,SK,19,15,0.551217,RISK_DASHBOARD,2022-09-30
1448,87,SK,20,15,0.62127,RISK_DASHBOARD,2022-12-31
1449,87,SK,21,15,0.575318,RISK_DASHBOARD,2023-03-31
1450,87,SK,22,15,0.529788,RISK_DASHBOARD,2023-06-30
1451,87,SK,23,15,0.61703,RISK_DASHBOARD,2023-09-30
1452,87,SK,24,15,0.544612,RISK_DASHBOARD,2023-12-31
1453,87,SK,25,15,0.569151,RISK_DASHBOARD,2024-03-31
1454,87,SK,26,15,0.548489,RISK_DASHBOARD,2024-06-30
1455,87,SK,27,15,0.615078,RISK_DASHBOARD,2024-09-30
1456,87,SK,28,15,0.545884,RISK_DASHBOARD,2024-12-31
1457,62,AT,1,8,1.567481,RISK_DASHBOARD,2018-03-31
1458,62,AT,2,8,1.497517,RISK_DASHBOARD,2018-06-30
1459,62,AT,3,8,1.473876,RISK_DASHBOARD,2018-09-30
1460,62,AT,4,8,1.627838,RISK_DASHBOARD,2018-12-31
1461,62,AT,5,8,1.632606,RISK_DASHBOARD,2019-03-31
1462,62,AT,6,8,1.750612,RISK_DASHBOARD,2019-06-30
1463,62,AT,7,8,1.364831,RISK_DASHBOARD,2019-09-30
1464,62,AT,8,8,1.629554,RISK_DASHBOARD,2019-12-31
1465,62,AT,9,8,1.674232,RISK_DASHBOARD,2020-03-31
1466,62,AT,10,8,1.452644,RISK_DASHBOARD,2020-06-30
1467,62,AT,11,8,1.803323,RISK_DASHBOARD,2020-09-30
1468,62,AT,12,8,1.439864,RISK_DASHBOARD,2020-12-31
1469,62,AT,13,8,1.615677,RISK_DASHBOARD,2021-03-31
1470,62,AT,14,8,1.876378,RISK_DASHBOARD,2021-06-30
1471,62,AT,15,8,1.850925,RISK_DASHBOARD,2021-09-30
1472,62,AT,16,8,1.626651,RISK_DASHBOARD,2021-12-31
1473,62,AT,17,8,1.809885,RISK_DASHBOARD,2022-03-31
1474,62,AT,18,8,1.751494,RISK_DASHBOARD,2022-06-30
1475,62,AT,19,8,1.57212,RISK_DASHBOARD,2022-09-30
1476,62,AT,20,8,1.65927,RISK_DASHBOARD,2022-12-31
1477,62,AT,21,8,1.476231,RISK_DASHBOARD,2023-03-31
1478,62,AT,22,8,1.516124,RISK_DASHBOARD,2023-06-30
1479,62,AT,23,8,1.693829,RISK_DASHBOARD,2023-09-30
1480,62,AT,24,8,1.373519,RISK_DASHBOARD,2023-12-31
1481,62,AT,25,8,1.629319,RISK_DASHBOARD,2024-03-31
1482,62,AT,26,8,1.30535,RISK_DASHBOARD,2024-06-30
1483,62,AT,27,8,1.365563,RISK_DASHBOARD,2024-09-30
1484,62,AT,28,8,1.360919,RISK_DASHBOARD,2024-12-31
1485,63,BE,1,8,1.400486,RISK_DASHBOARD,2018-03-31
1486,63,BE,2,8,1.478506,RISK_DASHBOARD,2018-06-30
1487,63,BE,3,8,1.471618,RISK_DASHBOARD,2018-09-30
1488,63,BE,4,8,1.615918,RISK_DASHBOARD,2018-12-31
1489,63,BE,5,8,1.853676,RISK_DASHBOARD,2019-03-31
1490,63,BE,6,8,1.631716,RISK_DASHBOARD,2019-06-30
1491,63,BE,7,8,1.641147,RISK_DASHBOARD,2019-09-30
1492,63,BE,8,8,1.39662,RISK_DASHBOARD,2019-12-31
1493,63,BE,9,8,1.778499,RISK_DASHBOARD,2020-03-31
1494,63,BE,10,8,1.576984,RISK_DASHBOARD,2020-06-30
1495,63,BE,11,8,1.497771,RISK_DASHBOARD,2020-09-30
1496,63,BE,12,8,1.544166,RISK_DASHBOARD,2020-12-31
1497,63,BE,13,8,1.840874,RISK_DASHBOARD,2021-03-31
1498,63,BE,14,8,1.493649,RISK_DASHBOARD,2021-06-30
1499,63,BE,15,8,1.322011,RISK_DASHBOARD,2021-09-30
1500,63,BE,16,8,1.479661,RISK_DASHBOARD,2021-12-31
1501,63,BE,17,8,1.690469,RISK_DASHBOARD,2022-03-31
1502,63,BE,18,8,1.67201,RISK_DASHBOARD,2022-06-30
1503,63,BE,19,8,1.301433,RISK_DASHBOARD,2022-09-30
1504,63,BE,20,8,1.659308,RISK_DASHBOARD,2022-12-31
1505,63,BE,21,8,1.407599,RISK_DASHBOARD,2023-03-31
1506,63,BE,22,8,1.741788,RISK_DASHBOARD,2023-06-30
1507,63,BE,23,8,1.605639,RISK_DASHBOARD,2023-09-30
1508,63,BE,24,8,1.686986,RISK_DASHBOARD,2023-12-31
1509,63,BE,25,8,1.41487,RISK_DASHBOARD,2024-03-31
1510,63,BE,26,8,1.701548,RISK_DASHBOARD,2024-06-30
1511,63,BE,27,8,1.407208,RISK_DASHBOARD,2024-09-30
1512,63,BE,28,8,1.578653,RISK_DASHBOARD,2024-12-31
1513,64,CY,1,8,1.677357,RISK_DASHBOARD,2018-03-31
1514,64,CY,2,8,1.406151,RISK_DASHBOARD,2018-06-30
1515,64,CY,3,8,1.558591,RISK_DASHBOARD,2018-09-30
1516,64,CY,4,8,1.719377,RISK_DASHBOARD,2018-12-31
1517,64,CY,5,8,1.562948,RISK_DASHBOARD,2019-03-31
1518,64,CY,6,8,1.433212,RISK_DASHBOARD,2019-06-30
1519,64,CY,7,8,1.432784,RISK_DASHBOARD,2019-09-30
1520,64,CY,8,8,1.430369,RISK_DASHBOARD,2019-12-31
1521,64,CY,9,8,1.71597,RISK_DASHBOARD,2020-03-31
1522,64,CY,10,8,1.400485,RISK_DASHBOARD,2020-06-30
1523,64,CY,11,8,1.646088,RISK_DASHBOARD,2020-09-30
1524,64,CY,12,8,1.416789,RISK_DASHBOARD,2020-12-31
1525,64,CY,13,8,1.28648,RISK_DASHBOARD,2021-03-31
1526,64,CY,14,8,1.788042,RISK_DASHBOARD,2021-06-30
1527,64,CY,15,8,1.357089,RISK_DASHBOARD,2021-09-30
1528,64,CY,16,8,1.503709,RISK_DASHBOARD,2021-12-31
1529,64,CY,17,8,1.302495,RISK_DASHBOARD,2022-03-31
1530,64,CY,18,8,1.790934,RISK_DASHBOARD,2022-06-30
1531,64,CY,19,8,1.823905,RISK_DASHBOARD,2022-09-30
1532,64,CY,20,8,1.316462,RISK_DASHBOARD,2022-12-31
1533,64,CY,21,8,1.387594,RISK_DASHBOARD,2023-03-31
1534,64,CY,22,8,1.460692,RISK_DASHBOARD,2023-06-30
1535,64,CY,23,8,1.433815,RISK_DASHBOARD,2023-09-30
1536,64,CY,24,8,1.319083,RISK_DASHBOARD,2023-12-31
1537,64,CY,25,8,1.745042,RISK_DASHBOARD,2024-03-31
1538,64,CY,26,8,1.692246,RISK_DASHBOARD,2024-06-30
1539,64,CY,27,8,1.601557,RISK_DASHBOARD,2024-09-30
1540,64,CY,28,8,1.606719,RISK_DASHBOARD,2024-12-31
1541,65,DE,1,8,1.876337,RISK_DASHBOARD,2018-03-31
1542,65,DE,2,8,1.853784,RISK_DASHBOARD,2018-06-30
1543,65,DE,3,8,1.579395,RISK_DASHBOARD,2018-09-30
1544,65,DE,4,8,1.376779,RISK_DASHBOARD,2018-12-31
1545,65,DE,5,8,1.446615,RISK_DASHBOARD,2019-03-31
1546,65,DE,6,8,1.576894,RISK_DASHBOARD,2019-06-30
1547,65,DE,7,8,1.332681,RISK_DASHBOARD,2019-09-30
1548,65,DE,8,8,1.558167,RISK_DASHBOARD,2019-12-31
1549,65,DE,9,8,1.879673,RISK_DASHBOARD,2020-03-31
1550,65,DE,10,8,1.387909,RISK_DASHBOARD,2020-06-30
1551,65,DE,11,8,1.62142,RISK_DASHBOARD,2020-09-30
1552,65,DE,12,8,1.708846,RISK_DASHBOARD,2020-12-31
1553,65,DE,13,8,1.452076,RISK_DASHBOARD,2021-03-31
1554,65,DE,14,8,1.337048,RISK_DASHBOARD,2021-06-30
1555,65,DE,15,8,1.578774,RISK_DASHBOARD,2021-09-30
1556,65,DE,16,8,1.888887,RISK_DASHBOARD,2021-12-31
1557,65,DE,17,8,1.615626,RISK_DASHBOARD,2022-03-31
1558,65,DE,18,8,1.344705,RISK_DASHBOARD,2022-06-30
1559,65,DE,19,8,1.390484,RISK_DASHBOARD,2022-09-30
1560,65,DE,20,8,1.333465,RISK_DASHBOARD,2022-12-31
1561,65,DE,21,8,1.643622,RISK_DASHBOARD,2023-03-31
1562,65,DE,22,8,1.815193,RISK_DASHBOARD,2023-06-30
1563,65,DE,23,8,1.460836,RISK_DASHBOARD,2023-09-30
1564,65,DE,24,8,1.647556,RISK_DASHBOARD,2023-12-31
1565,65,DE,25,8,1.565838,RISK_DASHBOARD,2024-03-31
1566,65,DE,26,8,1.676336,RISK_DASHBOARD,2024-06-30
1567,65,DE,27,8,1.372364,RISK_DASHBOARD,2024-09-30
1568,65,DE,28,8,1.817222,RISK_DASHBOARD,2024-12-31
1569,66,DK,1,8,1.791706,RISK_DASHBOARD,2018-03-31
1570,66,DK,2,8,1.658273,RISK_DASHBOARD,2018-06-30
1571,66,DK,3,8,1.476366,RISK_DASHBOARD,2018-09-30
1572,66,DK,4,8,1.746967,RISK_DASHBOARD,2018-12-31
1573,66,DK,5,8,1.409562,RISK_DASHBOARD,2019-03-31
1574,66,DK,6,8,1.834892,RISK_DASHBOARD,2019-06-30
1575,66,DK,7,8,1.353903,RISK_DASHBOARD,2019-09-30
1576,66,DK,8,8,1.7726,RISK_DASHBOARD,2019-12-31
1577,66,DK,9,8,1.446526,RISK_DASHBOARD,2020-03-31
1578,66,DK,10,8,1.473596,RISK_DASHBOARD,2020-06-30
1579,66,DK,11,8,1.646597,RISK_DASHBOARD,2020-09-30
1580,66,DK,12,8,1.497082,RISK_DASHBOARD,2020-12-31
1581,66,DK,13,8,1.341358,RISK_DASHBOARD,2021-03-31
1582,66,DK,14,8,1.639443,RISK_DASHBOARD,2021-06-30
1583,66,DK,15,8,1.544148,RISK_DASHBOARD,2021-09-30
1584,66,DK,16,8,1.742737,RISK_DASHBOARD,2021-12-31
1585,66,DK,17,8,1.693406,RISK_DASHBOARD,2022-03-31
1586,66,DK,18,8,1.676643,RISK_DASHBOARD,2022-06-30
1587,66,DK,19,8,1.605523,RISK_DASHBOARD,2022-09-30
1588,66,DK,20,8,1.732778,RISK_DASHBOARD,2022-12-31
1589,66,DK,21,8,1.898588,RISK_DASHBOARD,2023-03-31
1590,66,DK,22,8,1.907833,RISK_DASHBOARD,2023-06-30
1591,66,DK,23,8,1.533871,RISK_DASHBOARD,2023-09-30
1592,66,DK,24,8,1.414503,RISK_DASHBOARD,2023-12-31
1593,66,DK,25,8,1.78946,RISK_DASHBOARD,2024-03-31
1594,66,DK,26,8,1.686223,RISK_DASHBOARD,2024-06-30
1595,66,DK,27,8,1.757454,RISK_DASHBOARD,2024-09-30
1596,66,DK,28,8,1.575744,RISK_DASHBOARD,2024-12-31
1597,67,ES,1,8,1.8332,RISK_DASHBOARD,2018-03-31
1598,67,ES,2,8,1.780513,RISK_DASHBOARD,2018-06-30
1599,67,ES,3,8,1.514867,RISK_DASHBOARD,2018-09-30
1600,67,ES,4,8,1.521766,RISK_DASHBOARD,2018-12-31
1601,67,ES,5,8,1.512909,RISK_DASHBOARD,2019-03-31
1602,67,ES,6,8,1.428352,RISK_DASHBOARD,2019-06-30
1603,67,ES,7,8,1.859851,RISK_DASHBOARD,2019-09-30
1604,67,ES,8,8,1.381742,RISK_DASHBOARD,2019-12-31
1605,67,ES,9,8,1.55456,RISK_DASHBOARD,2020-03-31
1606,67,ES,10,8,1.70082,RISK_DASHBOARD,2020-06-30
1607,67,ES,11,8,1.896782,RISK_DASHBOARD,2020-09-30
1608,67,ES,12,8,1.486276,RISK_DASHBOARD,2020-12-31
1609,67,ES,13,8,1.714153,RISK_DASHBOARD,2021-03-31
1610,67,ES,14,8,1.36007,RISK_DASHBOARD,2021-06-30
1611,67,ES,15,8,1.695058,RISK_DASHBOARD,2021-09-30
1612,67,ES,16,8,1.879512,RISK_DASHBOARD,2021-12-31
1613,67,ES,17,8,1.666289,RISK_DASHBOARD,2022-03-31
1614,67,ES,18,8,1.743601,RISK_DASHBOARD,2022-06-30
1615,67,ES,19,8,1.821504,RISK_DASHBOARD,2022-09-30
1616,67,ES,20,8,1.391755,RISK_DASHBOARD,2022-12-31
1617,67,ES,21,8,1.811914,RISK_DASHBOARD,2023-03-31
1618,67,ES,22,8,1.587213,RISK_DASHBOARD,2023-06-30
1619,67,ES,23,8,1.725328,RISK_DASHBOARD,2023-09-30
1620,67,ES,24,8,1.386346,RISK_DASHBOARD,2023-12-31
1621,67,ES,25,8,1.339106,RISK_DASHBOARD,2024-03-31
1622,67,ES,26,8,1.332803,RISK_DASHBOARD,2024-06-30
1623,67,ES,27,8,1.828467,RISK_DASHBOARD,2024-09-30
1624,67,ES,28,8,1.838123,RISK_DASHBOARD,2024-12-31
1625,68,EU,1,8,1.366214,RISK_DASHBOARD,2018-03-31
1626,68,EU,2,8,1.729107,RISK_DASHBOARD,2018-06-30
1627,68,EU,3,8,1.514717,RISK_DASHBOARD,2018-09-30
1628,68,EU,4,8,1.430809,RISK_DASHBOARD,2018-12-31
1629,68,EU,5,8,1.568523,RISK_DASHBOARD,2019-03-31
1630,68,EU,6,8,1.655382,RISK_DASHBOARD,2019-06-30
1631,68,EU,7,8,1.611,RISK_DASHBOARD,2019-09-30
1632,68,EU,8,8,1.54345,RISK_DASHBOARD,2019-12-31
1633,68,EU,9,8,1.58949,RISK_DASHBOARD,2020-03-31
1634,68,EU,10,8,1.591486,RISK_DASHBOARD,2020-06-30
1635,68,EU,11,8,1.609416,RISK_DASHBOARD,2020-09-30
1636,68,EU,12,8,1.783237,RISK_DASHBOARD,2020-12-31
1637,68,EU,13,8,1.661665,RISK_DASHBOARD,2021-03-31
1638,68,EU,14,8,1.734257,RISK_DASHBOARD,2021-06-30
1639,68,EU,15,8,1.624625,RISK_DASHBOARD,2021-09-30
1640,68,EU,16,8,1.30312,RISK_DASHBOARD,2021-12-31
1641,68,EU,17,8,1.444522,RISK_DASHBOARD,2022-03-31
1642,68,EU,18,8,1.491702,RISK_DASHBOARD,2022-06-30
1643,68,EU,19,8,1.445356,RISK_DASHBOARD,2022-09-30
1644,68,EU,20,8,1.830606,RISK_DASHBOARD,2022-12-31
1645,68,EU,21,8,1.52785,RISK_DASHBOARD,2023-03-31
1646,68,EU,22,8,1.309025,RISK_DASHBOARD,2023-06-30
1647,68,EU,23,8,1.462655,RISK_DASHBOARD,2023-09-30
1648,68,EU,24,8,1.664655,RISK_DASHBOARD,2023-12-31
1649,68,EU,25,8,1.795484,RISK_DASHBOARD,2024-03-31
1650,68,EU,26,8,1.439129,RISK_DASHBOARD,2024-06-30
1651,68,EU,27,8,1.671494,RISK_DASHBOARD,2024-09-30
1652,68,EU,28,8,1.437545,RISK_DASHBOARD,2024-12-31
1653,69,FI,1,8,1.639944,RISK_DASHBOARD,2018-03-31
1654,69,FI,2,8,1.552885,RISK_DASHBOARD,2018-06-30
1655,69,FI,3,8,1.699509,RISK_DASHBOARD,2018-09-30
1656,69,FI,4,8,1.446555,RISK_DASHBOARD,2018-12-31
1657,69,FI,5,8,1.675272,RISK_DASHBOARD,2019-03-31
1658,69,FI,6,8,1.670937,RISK_DASHBOARD,2019-06-30
1659,69,FI,7,8,1.601101,RISK_DASHBOARD,2019-09-30
1660,69,FI,8,8,1.86355,RISK_DASHBOARD,2019-12-31
1661,69,FI,9,8,1.427497,RISK_DASHBOARD,2020-03-31
1662,69,FI,10,8,1.858542,RISK_DASHBOARD,2020-06-30
1663,69,FI,11,8,1.646047,RISK_DASHBOARD,2020-09-30
1664,69,FI,12,8,1.488683,RISK_DASHBOARD,2020-12-31
1665,69,FI,13,8,1.341371,RISK_DASHBOARD,2021-03-31
1666,69,FI,14,8,1.78606,RISK_DASHBOARD,2021-06-30
1667,69,FI,15,8,1.673129,RISK_DASHBOARD,2021-09-30
1668,69,FI,16,8,1.721392,RISK_DASHBOARD,2021-12-31
1669,69,FI,17,8,1.338022,RISK_DASHBOARD,2022-03-31
1670,69,FI,18,8,1.684253,RISK_DASHBOARD,2022-06-30
1671,69,FI,19,8,1.51069,RISK_DASHBOARD,2022-09-30
1672,69,FI,20,8,1.452681,RISK_DASHBOARD,2022-12-31
1673,69,FI,21,8,1.76912,RISK_DASHBOARD,2023-03-31
1674,69,FI,22,8,1.845298,RISK_DASHBOARD,2023-06-30
1675,69,FI,23,8,1.349952,RISK_DASHBOARD,2023-09-30
1676,69,FI,24,8,1.686881,RISK_DASHBOARD,2023-12-31
1677,69,FI,25,8,1.846719,RISK_DASHBOARD,2024-03-31
1678,69,FI,26,8,1.379115,RISK_DASHBOARD,2024-06-30
1679,69,FI,27,8,1.814196,RISK_DASHBOARD,2024-09-30
1680,69,FI,28,8,1.886584,RISK_DASHBOARD,2024-12-31
1681,70,FR,1,8,1.309724,RISK_DASHBOARD,2018-03-31
1682,70,FR,2,8,1.578091,RISK_DASHBOARD,2018-06-30
1683,70,FR,3,8,1.604044,RISK_DASHBOARD,2018-09-30
1684,70,FR,4,8,1.745668,RISK_DASHBOARD,2018-12-31
1685,70,FR,5,8,1.689845,RISK_DASHBOARD,2019-03-31
1686,70,FR,6,8,1.544004,RISK_DASHBOARD,2019-06-30
1687,70,FR,7,8,1.617601,RISK_DASHBOARD,2019-09-30
1688,70,FR,8,8,1.759101,RISK_DASHBOARD,2019-12-31
1689,70,FR,9,8,1.382445,RISK_DASHBOARD,2020-03-31
1690,70,FR,10,8,1.566487,RISK_DASHBOARD,2020-06-30
1691,70,FR,11,8,1.531017,RISK_DASHBOARD,2020-09-30
1692,70,FR,12,8,1.547872,RISK_DASHBOARD,2020-12-31
1693,70,FR,13,8,1.471771,RISK_DASHBOARD,2021-03-31
1694,70,FR,14,8,1.851818,RISK_DASHBOARD,2021-06-30
1695,70,FR,15,8,1.567466,RISK_DASHBOARD,2021-09-30
1696,70,FR,16,8,1.498714,RISK_DASHBOARD,2021-12-31
1697,70,FR,17,8,1.596339,RISK_DASHBOARD,2022-03-31
1698,70,FR,18,8,1.617303,RISK_DASHBOARD,2022-06-30
1699,70,FR,19,8,1.802085,RISK_DASHBOARD,2022-09-30
1700,70,FR,20,8,1.551045,RISK_DASHBOARD,2022-12-31
1701,70,FR,21,8,1.869182,RISK_DASHBOARD,2023-03-31
1702,70,FR,22,8,1.63858,RISK_DASHBOARD,2023-06-30
1703,70,FR,23,8,1.693925,RISK_DASHBOARD,2023-09-30
1704,70,FR,24,8,1.608661,RISK_DASHBOARD,2023-12-31
1705,70,FR,25,8,1.322036,RISK_DASHBOARD,2024-03-31
1706,70,FR,26,8,1.49989,RISK_DASHBOARD,2024-06-30
1707,70,FR,27,8,1.703222,RISK_DASHBOARD,2024-09-30
1708,70,FR,28,8,1.375207,RISK_DASHBOARD,2024-12-31
1709,71,GR,1,8,1.82804,RISK_DASHBOARD,2018-03-31
1710,71,GR,2,8,1.341407,RISK_DASHBOARD,2018-06-30
1711,71,GR,3,8,1.465372,RISK_DASHBOARD,2018-09-30
1712,71,GR,4,8,1.322477,RISK_DASHBOARD,2018-12-31
1713,71,GR,5,8,1.904599,RISK_DASHBOARD,2019-03-31
1714,71,GR,6,8,1.895918,RISK_DASHBOARD,2019-06-30
1715,71,GR,7,8,1.580627,RISK_DASHBOARD,2019-09-30
1716,71,GR,8,8,1.68174,RISK_DASHBOARD,2019-12-31
1717,71,GR,9,8,1.429807,RISK_DASHBOARD,2020-03-31
1718,71,GR,10,8,1.788757,RISK_DASHBOARD,2020-06-30
1719,71,GR,11,8,1.345258,RISK_DASHBOARD,2020-09-30
1720,71,GR,12,8,1.451078,RISK_DASHBOARD,2020-12-31
1721,71,GR,13,8,1.811011,RISK_DASHBOARD,2021-03-31
1722,71,GR,14,8,1.559756,RISK_DASHBOARD,2021-06-30
1723,71,GR,15,8,1.574477,RISK_DASHBOARD,2021-09-30
1724,71,GR,16,8,1.442761,RISK_DASHBOARD,2021-12-31
1725,71,GR,17,8,1.890613,RISK_DASHBOARD,2022-03-31
1726,71,GR,18,8,1.739596,RISK_DASHBOARD,2022-06-30
1727,71,GR,19,8,1.627843,RISK_DASHBOARD,2022-09-30
1728,71,GR,20,8,1.754011,RISK_DASHBOARD,2022-12-31
1729,71,GR,21,8,1.544078,RISK_DASHBOARD,2023-03-31
1730,71,GR,22,8,1.466776,RISK_DASHBOARD,2023-06-30
1731,71,GR,23,8,1.556665,RISK_DASHBOARD,2023-09-30
1732,71,GR,24,8,1.596431,RISK_DASHBOARD,2023-12-31
1733,71,GR,25,8,1.845845,RISK_DASHBOARD,2024-03-31
1734,71,GR,26,8,1.562648,RISK_DASHBOARD,2024-06-30
1735,71,GR,27,8,1.671736,RISK_DASHBOARD,2024-09-30
1736,71,GR,28,8,1.609649,RISK_DASHBOARD,2024-12-31
1737,72,HR,1,8,1.683955,RISK_DASHBOARD,2018-03-31
1738,72,HR,2,8,1.454592,RISK_DASHBOARD,2018-06-30
1739,72,HR,3,8,1.853151,RISK_DASHBOARD,2018-09-30
1740,72,HR,4,8,1.810144,RISK_DASHBOARD,2018-12-31
1741,72,HR,5,8,1.549651,RISK_DASHBOARD,2019-03-31
1742,72,HR,6,8,1.4235,RISK_DASHBOARD,2019-06-30
1743,72,HR,7,8,1.291758,RISK_DASHBOARD,2019-09-30
1744,72,HR,8,8,1.830778,RISK_DASHBOARD,2019-12-31
1745,72,HR,9,8,1.812795,RISK_DASHBOARD,2020-03-31
1746,72,HR,10,8,1.31988,RISK_DASHBOARD,2020-06-30
1747,72,HR,11,8,1.767474,RISK_DASHBOARD,2020-09-30
1748,72,HR,12,8,1.711789,RISK_DASHBOARD,2020-12-31
1749,72,HR,13,8,1.679232,RISK_DASHBOARD,2021-03-31
1750,72,HR,14,8,1.771565,RISK_DASHBOARD,2021-06-30
1751,72,HR,15,8,1.399288,RISK_DASHBOARD,2021-09-30
1752,72,HR,16,8,1.687996,RISK_DASHBOARD,2021-12-31
1753,72,HR,17,8,1.763946,RISK_DASHBOARD,2022-03-31
1754,72,HR,18,8,1.779038,RISK_DASHBOARD,2022-06-30
1755,72,HR,19,8,1.592276,RISK_DASHBOARD,2022-09-30
1756,72,HR,20,8,1.659968,RISK_DASHBOARD,2022-12-31
1757,72,HR,21,8,1.837612,RISK_DASHBOARD,2023-03-31
1758,72,HR,22,8,1.666152,RISK_DASHBOARD,2023-06-30
1759,72,HR,23,8,1.364483,RISK_DASHBOARD,2023-09-30
1760,72,HR,24,8,1.473035,RISK_DASHBOARD,2023-12-31
1761,72,HR,25,8,1.790946,RISK_DASHBOARD,2024-03-31
1762,72,HR,26,8,1.604587,RISK_DASHBOARD,2024-06-30
1763,72,HR,27,8,1.535727,RISK_DASHBOARD,2024-09-30
1764,72,HR,28,8,1.793606,RISK_DASHBOARD,2024-12-31
1765,73,HU,1,8,1.742657,RISK_DASHBOARD,2018-03-31
1766,73,HU,2,8,1.310655,RISK_DASHBOARD,2018-06-30
1767,73,HU,3,8,1.698233,RISK_DASHBOARD,2018-09-30
1768,73,HU,4,8,1.441677,RISK_DASHBOARD,2018-12-31
1769,73,HU,5,8,1.588788,RISK_DASHBOARD,2019-03-31
1770,73,HU,6,8,1.600674,RISK_DASHBOARD,2019-06-30
1771,73,HU,7,8,1.500827,RISK_DASHBOARD,2019-09-30
1772,73,HU,8,8,1.412436,RISK_DASHBOARD,2019-12-31
1773,73,HU,9,8,1.513524,RISK_DASHBOARD,2020-03-31
1774,73,HU,10,8,1.629647,RISK_DASHBOARD,2020-06-30
1775,73,HU,11,8,1.514551,RISK_DASHBOARD,2020-09-30
1776,73,HU,12,8,1.770445,RISK_DASHBOARD,2020-12-31
1777,73,HU,13,8,1.638508,RISK_DASHBOARD,2021-03-31
1778,73,HU,14,8,1.869644,RISK_DASHBOARD,2021-06-30
1779,73,HU,15,8,1.620605,RISK_DASHBOARD,2021-09-30
1780,73,HU,16,8,1.701694,RISK_DASHBOARD,2021-12-31
1781,73,HU,17,8,1.559308,RISK_DASHBOARD,2022-03-31
1782,73,HU,18,8,1.886492,RISK_DASHBOARD,2022-06-30
1783,73,HU,19,8,1.306821,RISK_DASHBOARD,2022-09-30
1784,73,HU,20,8,1.674556,RISK_DASHBOARD,2022-12-31
1785,73,HU,21,8,1.618711,RISK_DASHBOARD,2023-03-31
1786,73,HU,22,8,1.617456,RISK_DASHBOARD,2023-06-30
1787,73,HU,23,8,1.386699,RISK_DASHBOARD,2023-09-30
1788,73,HU,24,8,1.405259,RISK_DASHBOARD,2023-12-31
1789,73,HU,25,8,1.573351,RISK_DASHBOARD,2024-03-31
1790,73,HU,26,8,1.529605,RISK_DASHBOARD,2024-06-30
1791,73,HU,27,8,1.686603,RISK_DASHBOARD,2024-09-30
1792,73,HU,28,8,1.839151,RISK_DASHBOARD,2024-12-31
1793,74,IE,1,8,1.787419,RISK_DASHBOARD,2018-03-31
1794,74,IE,2,8,1.74719,RISK_DASHBOARD,2018-06-30
1795,74,IE,3,8,1.524825,RISK_DASHBOARD,2018-09-30
1796,74,IE,4,8,1.834686,RISK_DASHBOARD,2018-12-31
1797,74,IE,5,8,1.558949,RISK_DASHBOARD,2019-03-31
1798,74,IE,6,8,1.644009,RISK_DASHBOARD,2019-06-30
1799,74,IE,7,8,1.775926,RISK_DASHBOARD,2019-09-30
1800,74,IE,8,8,1.793245,RISK_DASHBOARD,2019-12-31
1801,74,IE,9,8,1.729738,RISK_DASHBOARD,2020-03-31
1802,74,IE,10,8,1.651944,RISK_DASHBOARD,2020-06-30
1803,74,IE,11,8,1.595007,RISK_DASHBOARD,2020-09-30
1804,74,IE,12,8,1.347435,RISK_DASHBOARD,2020-12-31
1805,74,IE,13,8,1.568808,RISK_DASHBOARD,2021-03-31
1806,74,IE,14,8,1.796338,RISK_DASHBOARD,2021-06-30
1807,74,IE,15,8,1.623774,RISK_DASHBOARD,2021-09-30
1808,74,IE,16,8,1.840338,RISK_DASHBOARD,2021-12-31
1809,74,IE,17,8,1.485088,RISK_DASHBOARD,2022-03-31
1810,74,IE,18,8,1.666529,RISK_DASHBOARD,2022-06-30
1811,74,IE,19,8,1.67572,RISK_DASHBOARD,2022-09-30
1812,74,IE,20,8,1.576888,RISK_DASHBOARD,2022-12-31
1813,74,IE,21,8,1.463056,RISK_DASHBOARD,2023-03-31
1814,74,IE,22,8,1.578759,RISK_DASHBOARD,2023-06-30
1815,74,IE,23,8,1.351189,RISK_DASHBOARD,2023-09-30
1816,74,IE,24,8,1.465506,RISK_DASHBOARD,2023-12-31
1817,74,IE,25,8,1.66061,RISK_DASHBOARD,2024-03-31
1818,74,IE,26,8,1.560963,RISK_DASHBOARD,2024-06-30
1819,74,IE,27,8,1.450303,RISK_DASHBOARD,2024-09-30
1820,74,IE,28,8,1.49674,RISK_DASHBOARD,2024-12-31
1821,75,IT,1,8,1.69514,RISK_DASHBOARD,2018-03-31
1822,75,IT,2,8,1.518763,RISK_DASHBOARD,2018-06-30
1823,75,IT,3,8,1.542121,RISK_DASHBOARD,2018-09-30
1824,75,IT,4,8,1.593854,RISK_DASHBOARD,2018-12-31
1825,75,IT,5,8,1.889829,RISK_DASHBOARD,2019-03-31
1826,75,IT,6,8,1.435816,RISK_DASHBOARD,2019-06-30
1827,75,IT,7,8,1.445034,RISK_DASHBOARD,2019-09-30
1828,75,IT,8,8,1.579712,RISK_DASHBOARD,2019-12-31
1829,75,IT,9,8,1.355575,RISK_DASHBOARD,2020-03-31
1830,75,IT,10,8,1.472118,RISK_DASHBOARD,2020-06-30
1831,75,IT,11,8,1.346077,RISK_DASHBOARD,2020-09-30
1832,75,IT,12,8,1.415707,RISK_DASHBOARD,2020-12-31
1833,75,IT,13,8,1.500562,RISK_DASHBOARD,2021-03-31
1834,75,IT,14,8,1.599655,RISK_DASHBOARD,2021-06-30
1835,75,IT,15,8,1.721198,RISK_DASHBOARD,2021-09-30
1836,75,IT,16,8,1.336549,RISK_DASHBOARD,2021-12-31
1837,75,IT,17,8,1.824081,RISK_DASHBOARD,2022-03-31
1838,75,IT,18,8,1.523136,RISK_DASHBOARD,2022-06-30
1839,75,IT,19,8,1.423628,RISK_DASHBOARD,2022-09-30
1840,75,IT,20,8,1.441055,RISK_DASHBOARD,2022-12-31
1841,75,IT,21,8,1.390422,RISK_DASHBOARD,2023-03-31
1842,75,IT,22,8,1.764967,RISK_DASHBOARD,2023-06-30
1843,75,IT,23,8,1.868087,RISK_DASHBOARD,2023-09-30
1844,75,IT,24,8,1.395937,RISK_DASHBOARD,2023-12-31
1845,75,IT,25,8,1.655692,RISK_DASHBOARD,2024-03-31
1846,75,IT,26,8,1.526078,RISK_DASHBOARD,2024-06-30
1847,75,IT,27,8,1.483653,RISK_DASHBOARD,2024-09-30
1848,75,IT,28,8,1.793392,RISK_DASHBOARD,2024-12-31
1849,76,LT,1,8,1.629034,RISK_DASHBOARD,2018-03-31
1850,76,LT,2,8,1.470951,RISK_DASHBOARD,2018-06-30
1851,76,LT,3,8,1.727927,RISK_DASHBOARD,2018-09-30
1852,76,LT,4,8,1.362265,RISK_DASHBOARD,2018-12-31
1853,76,LT,5,8,1.600825,RISK_DASHBOARD,2019-03-31
1854,76,LT,6,8,1.724329,RISK_DASHBOARD,2019-06-30
1855,76,LT,7,8,1.514312,RISK_DASHBOARD,2019-09-30
1856,76,LT,8,8,1.804338,RISK_DASHBOARD,2019-12-31
1857,76,LT,9,8,1.872061,RISK_DASHBOARD,2020-03-31
1858,76,LT,10,8,1.522237,RISK_DASHBOARD,2020-06-30
1859,76,LT,11,8,1.895687,RISK_DASHBOARD,2020-09-30
1860,76,LT,12,8,1.778809,RISK_DASHBOARD,2020-12-31
1861,76,LT,13,8,1.772231,RISK_DASHBOARD,2021-03-31
1862,76,LT,14,8,1.322084,RISK_DASHBOARD,2021-06-30
1863,76,LT,15,8,1.830953,RISK_DASHBOARD,2021-09-30
1864,76,LT,16,8,1.693565,RISK_DASHBOARD,2021-12-31
1865,76,LT,17,8,1.608023,RISK_DASHBOARD,2022-03-31
1866,76,LT,18,8,1.458059,RISK_DASHBOARD,2022-06-30
1867,76,LT,19,8,1.559342,RISK_DASHBOARD,2022-09-30
1868,76,LT,20,8,1.847729,RISK_DASHBOARD,2022-12-31
1869,76,LT,21,8,1.481827,RISK_DASHBOARD,2023-03-31
1870,76,LT,22,8,1.385813,RISK_DASHBOARD,2023-06-30
1871,76,LT,23,8,1.60607,RISK_DASHBOARD,2023-09-30
1872,76,LT,24,8,1.541001,RISK_DASHBOARD,2023-12-31
1873,76,LT,25,8,1.441963,RISK_DASHBOARD,2024-03-31
1874,76,LT,26,8,1.55826,RISK_DASHBOARD,2024-06-30
1875,76,LT,27,8,1.871256,RISK_DASHBOARD,2024-09-30
1876,76,LT,28,8,1.580871,RISK_DASHBOARD,2024-12-31
1877,77,LU,1,8,1.533827,RISK_DASHBOARD,2018-03-31
1878,77,LU,2,8,1.749458,RISK_DASHBOARD,2018-06-30
1879,77,LU,3,8,1.767475,RISK_DASHBOARD,2018-09-30
1880,77,LU,4,8,1.708315,RISK_DASHBOARD,2018-12-31
1881,77,LU,5,8,1.425508,RISK_DASHBOARD,2019-03-31
1882,77,LU,6,8,1.294358,RISK_DASHBOARD,2019-06-30
1883,77,LU,7,8,1.726084,RISK_DASHBOARD,2019-09-30
1884,77,LU,8,8,1.54535,RISK_DASHBOARD,2019-12-31
1885,77,LU,9,8,1.599279,RISK_DASHBOARD,2020-03-31
1886,77,LU,10,8,1.657378,RISK_DASHBOARD,2020-06-30
1887,77,LU,11,8,1.323214,RISK_DASHBOARD,2020-09-30
1888,77,LU,12,8,1.60473,RISK_DASHBOARD,2020-12-31
1889,77,LU,13,8,1.789649,RISK_DASHBOARD,2021-03-31
1890,77,LU,14,8,1.335201,RISK_DASHBOARD,2021-06-30
1891,77,LU,15,8,1.622062,RISK_DASHBOARD,2021-09-30
1892,77,LU,16,8,1.293484,RISK_DASHBOARD,2021-12-31
1893,77,LU,17,8,1.386965,RISK_DASHBOARD,2022-03-31
1894,77,LU,18,8,1.338291,RISK_DASHBOARD,2022-06-30
1895,77,LU,19,8,1.352758,RISK_DASHBOARD,2022-09-30
1896,77,LU,20,8,1.704799,RISK_DASHBOARD,2022-12-31
1897,77,LU,21,8,1.840412,RISK_DASHBOARD,2023-03-31
1898,77,LU,22,8,1.514455,RISK_DASHBOARD,2023-06-30
1899,77,LU,23,8,1.413041,RISK_DASHBOARD,2023-09-30
1900,77,LU,24,8,1.332786,RISK_DASHBOARD,2023-12-31
1901,77,LU,25,8,1.468648,RISK_DASHBOARD,2024-03-31
1902,77,LU,26,8,1.735744,RISK_DASHBOARD,2024-06-30
1903,77,LU,27,8,1.46847,RISK_DASHBOARD,2024-09-30
1904,77,LU,28,8,1.607697,RISK_DASHBOARD,2024-12-31
1905,78,LV,1,8,1.403434,RISK_DASHBOARD,2018-03-31
1906,78,LV,2,8,1.433825,RISK_DASHBOARD,2018-06-30
1907,78,LV,3,8,1.7265,RISK_DASHBOARD,2018-09-30
1908,78,LV,4,8,1.887764,RISK_DASHBOARD,2018-12-31
1909,78,LV,5,8,1.730659,RISK_DASHBOARD,2019-03-31
1910,78,LV,6,8,1.795555,RISK_DASHBOARD,2019-06-30
1911,78,LV,7,8,1.500549,RISK_DASHBOARD,2019-09-30
1912,78,LV,8,8,1.439496,RISK_DASHBOARD,2019-12-31
1913,78,LV,9,8,1.355234,RISK_DASHBOARD,2020-03-31
1914,78,LV,10,8,1.363243,RISK_DASHBOARD,2020-06-30
1915,78,LV,11,8,1.497862,RISK_DASHBOARD,2020-09-30
1916,78,LV,12,8,1.331026,RISK_DASHBOARD,2020-12-31
1917,78,LV,13,8,1.604604,RISK_DASHBOARD,2021-03-31
1918,78,LV,14,8,1.743669,RISK_DASHBOARD,2021-06-30
1919,78,LV,15,8,1.761163,RISK_DASHBOARD,2021-09-30
1920,78,LV,16,8,1.461248,RISK_DASHBOARD,2021-12-31
1921,78,LV,17,8,1.798393,RISK_DASHBOARD,2022-03-31
1922,78,LV,18,8,1.639139,RISK_DASHBOARD,2022-06-30
1923,78,LV,19,8,1.572365,RISK_DASHBOARD,2022-09-30
1924,78,LV,20,8,1.640159,RISK_DASHBOARD,2022-12-31
1925,78,LV,21,8,1.620785,RISK_DASHBOARD,2023-03-31
1926,78,LV,22,8,1.397963,RISK_DASHBOARD,2023-06-30
1927,78,LV,23,8,1.48635,RISK_DASHBOARD,2023-09-30
1928,78,LV,24,8,1.408874,RISK_DASHBOARD,2023-12-31
1929,78,LV,25,8,1.874751,RISK_DASHBOARD,2024-03-31
1930,78,LV,26,8,1.34415,RISK_DASHBOARD,2024-06-30
1931,78,LV,27,8,1.777279,RISK_DASHBOARD,2024-09-30
1932,78,LV,28,8,1.590805,RISK_DASHBOARD,2024-12-31
1933,79,MT,1,8,1.871925,RISK_DASHBOARD,2018-03-31
1934,79,MT,2,8,1.744231,RISK_DASHBOARD,2018-06-30
1935,79,MT,3,8,1.515544,RISK_DASHBOARD,2018-09-30
1936,79,MT,4,8,1.437708,RISK_DASHBOARD,2018-12-31
1937,79,MT,5,8,1.573392,RISK_DASHBOARD,2019-03-31
1938,79,MT,6,8,1.823544,RISK_DASHBOARD,2019-06-30
1939,79,MT,7,8,1.742085,RISK_DASHBOARD,2019-09-30
1940,79,MT,8,8,1.544093,RISK_DASHBOARD,2019-12-31
1941,79,MT,9,8,1.496059,RISK_DASHBOARD,2020-03-31
1942,79,MT,10,8,1.400832,RISK_DASHBOARD,2020-06-30
1943,79,MT,11,8,1.497896,RISK_DASHBOARD,2020-09-30
1944,79,MT,12,8,1.44259,RISK_DASHBOARD,2020-12-31
1945,79,MT,13,8,1.662139,RISK_DASHBOARD,2021-03-31
1946,79,MT,14,8,1.560192,RISK_DASHBOARD,2021-06-30
1947,79,MT,15,8,1.327301,RISK_DASHBOARD,2021-09-30
1948,79,MT,16,8,1.759447,RISK_DASHBOARD,2021-12-31
1949,79,MT,17,8,1.629621,RISK_DASHBOARD,2022-03-31
1950,79,MT,18,8,1.4948,RISK_DASHBOARD,2022-06-30
1951,79,MT,19,8,1.381431,RISK_DASHBOARD,2022-09-30
1952,79,MT,20,8,1.725779,RISK_DASHBOARD,2022-12-31
1953,79,MT,21,8,1.42997,RISK_DASHBOARD,2023-03-31
1954,79,MT,22,8,1.662603,RISK_DASHBOARD,2023-06-30
1955,79,MT,23,8,1.837607,RISK_DASHBOARD,2023-09-30
1956,79,MT,24,8,1.817063,RISK_DASHBOARD,2023-12-31
1957,79,MT,25,8,1.649423,RISK_DASHBOARD,2024-03-31
1958,79,MT,26,8,1.471684,RISK_DASHBOARD,2024-06-30
1959,79,MT,27,8,1.881483,RISK_DASHBOARD,2024-09-30
1960,79,MT,28,8,1.367744,RISK_DASHBOARD,2024-12-31
1961,80,NL,1,8,1.457307,RISK_DASHBOARD,2018-03-31
1962,80,NL,2,8,1.466055,RISK_DASHBOARD,2018-06-30
1963,80,NL,3,8,1.471427,RISK_DASHBOARD,2018-09-30
1964,80,NL,4,8,1.840595,RISK_DASHBOARD,2018-12-31
1965,80,NL,5,8,1.791796,RISK_DASHBOARD,2019-03-31
1966,80,NL,6,8,1.530786,RISK_DASHBOARD,2019-06-30
1967,80,NL,7,8,1.862246,RISK_DASHBOARD,2019-09-30
1968,80,NL,8,8,1.77281,RISK_DASHBOARD,2019-12-31
1969,80,NL,9,8,1.777626,RISK_DASHBOARD,2020-03-31
1970,80,NL,10,8,1.837388,RISK_DASHBOARD,2020-06-30
1971,80,NL,11,8,1.320439,RISK_DASHBOARD,2020-09-30
1972,80,NL,12,8,1.414851,RISK_DASHBOARD,2020-12-31
1973,80,NL,13,8,1.449724,RISK_DASHBOARD,2021-03-31
1974,80,NL,14,8,1.659542,RISK_DASHBOARD,2021-06-30
1975,80,NL,15,8,1.87564,RISK_DASHBOARD,2021-09-30
1976,80,NL,16,8,1.657425,RISK_DASHBOARD,2021-12-31
1977,80,NL,17,8,1.48345,RISK_DASHBOARD,2022-03-31
1978,80,NL,18,8,1.628279,RISK_DASHBOARD,2022-06-30
1979,80,NL,19,8,1.342665,RISK_DASHBOARD,2022-09-30
1980,80,NL,20,8,1.683827,RISK_DASHBOARD,2022-12-31
1981,80,NL,21,8,1.888175,RISK_DASHBOARD,2023-03-31
1982,80,NL,22,8,1.658038,RISK_DASHBOARD,2023-06-30
1983,80,NL,23,8,1.51689,RISK_DASHBOARD,2023-09-30
1984,80,NL,24,8,1.553362,RISK_DASHBOARD,2023-12-31
1985,80,NL,25,8,1.690144,RISK_DASHBOARD,2024-03-31
1986,80,NL,26,8,1.906322,RISK_DASHBOARD,2024-06-30
1987,80,NL,27,8,1.53599,RISK_DASHBOARD,2024-09-30
1988,80,NL,28,8,1.870816,RISK_DASHBOARD,2024-12-31
1989,81,NO,1,8,1.829798,RISK_DASHBOARD,2018-03-31
1990,81,NO,2,8,1.882769,RISK_DASHBOARD,2018-06-30
1991,81,NO,3,8,1.72362,RISK_DASHBOARD,2018-09-30
1992,81,NO,4,8,1.41221,RISK_DASHBOARD,2018-12-31
1993,81,NO,5,8,1.406347,RISK_DASHBOARD,2019-03-31
1994,81,NO,6,8,1.74872,RISK_DASHBOARD,2019-06-30
1995,81,NO,7,8,1.521691,RISK_DASHBOARD,2019-09-30
1996,81,NO,8,8,1.510183,RISK_DASHBOARD,2019-12-31
1997,81,NO,9,8,1.462964,RISK_DASHBOARD,2020-03-31
1998,81,NO,10,8,1.850841,RISK_DASHBOARD,2020-06-30
1999,81,NO,11,8,1.448116,RISK_DASHBOARD,2020-09-30
2000,81,NO,12,8,1.465174,RISK_DASHBOARD,2020-12-31
2001,81,NO,13,8,1.654471,RISK_DASHBOARD,2021-03-31
2002,81,NO,14,8,1.339491,RISK_DASHBOARD,2021-06-30
2003,81,NO,15,8,1.779682,RISK_DASHBOARD,2021-09-30
2004,81,NO,16,8,1.59415,RISK_DASHBOARD,2021-12-31
2005,81,NO,17,8,1.682687,RISK_DASHBOARD,2022-03-31
2006,81,NO,18,8,1.599839,RISK_DASHBOARD,2022-06-30
2007,81,NO,19,8,1.429658,RISK_DASHBOARD,2022-09-30
2008,81,NO,20,8,1.648516,RISK_DASHBOARD,2022-12-31
2009,81,NO,21,8,1.34541,RISK_DASHBOARD,2023-03-31
2010,81,NO,22,8,1.48685,RISK_DASHBOARD,2023-06-30
2011,81,NO,23,8,1.463125,RISK_DASHBOARD,2023-09-30
2012,81,NO,24,8,1.564122,RISK_DASHBOARD,2023-12-31
2013,81,NO,25,8,1.653298,RISK_DASHBOARD,2024-03-31
2014,81,NO,26,8,1.670934,RISK_DASHBOARD,2024-06-30
2015,81,NO,27,8,1.62185,RISK_DASHBOARD,2024-09-30
2016,81,NO,28,8,1.630447,RISK_DASHBOARD,2024-12-31
2017,82,PL,1,8,1.465399,RISK_DASHBOARD,2018-03-31
2018,82,PL,2,8,1.582731,RISK_DASHBOARD,2018-06-30
2019,82,PL,3,8,1.502243,RISK_DASHBOARD,2018-09-30
2020,82,PL,4,8,1.335245,RISK_DASHBOARD,2018-12-31
2021,82,PL,5,8,1.559828,RISK_DASHBOARD,2019-03-31
2022,82,PL,6,8,1.562294,RISK_DASHBOARD,2019-06-30
2023,82,PL,7,8,1.549083,RISK_DASHBOARD,2019-09-30
2024,82,PL,8,8,1.818254,RISK_DASHBOARD,2019-12-31
2025,82,PL,9,8,1.46247,RISK_DASHBOARD,2020-03-31
2026,82,PL,10,8,1.313204,RISK_DASHBOARD,2020-06-30
2027,82,PL,11,8,1.393983,RISK_DASHBOARD,2020-09-30
2028,82,PL,12,8,1.820816,RISK_DASHBOARD,2020-12-31
2029,82,PL,13,8,1.5693,RISK_DASHBOARD,2021-03-31
2030,82,PL,14,8,1.562382,RISK_DASHBOARD,2021-06-30
2031,82,PL,15,8,1.455159,RISK_DASHBOARD,2021-09-30
2032,82,PL,16,8,1.826484,RISK_DASHBOARD,2021-12-31
2033,82,PL,17,8,1.822194,RISK_DASHBOARD,2022-03-31
2034,82,PL,18,8,1.493693,RISK_DASHBOARD,2022-06-30
2035,82,PL,19,8,1.648619,RISK_DASHBOARD,2022-09-30
2036,82,PL,20,8,1.60935,RISK_DASHBOARD,2022-12-31
2037,82,PL,21,8,1.418631,RISK_DASHBOARD,2023-03-31
2038,82,PL,22,8,1.512449,RISK_DASHBOARD,2023-06-30
2039,82,PL,23,8,1.857554,RISK_DASHBOARD,2023-09-30
2040,82,PL,24,8,1.522435,RISK_DASHBOARD,2023-12-31
2041,82,PL,25,8,1.400165,RISK_DASHBOARD,2024-03-31
2042,82,PL,26,8,1.747223,RISK_DASHBOARD,2024-06-30
2043,82,PL,27,8,1.337067,RISK_DASHBOARD,2024-09-30
2044,82,PL,28,8,1.873614,RISK_DASHBOARD,2024-12-31
2045,83,PT,1,8,1.902247,RISK_DASHBOARD,2018-03-31
2046,83,PT,2,8,1.394734,RISK_DASHBOARD,2018-06-30
2047,83,PT,3,8,1.452976,RISK_DASHBOARD,2018-09-30
2048,83,PT,4,8,1.333831,RISK_DASHBOARD,2018-12-31
2049,83,PT,5,8,1.6095,RISK_DASHBOARD,2019-03-31
2050,83,PT,6,8,1.341718,RISK_DASHBOARD,2019-06-30
2051,83,PT,7,8,1.694644,RISK_DASHBOARD,2019-09-30
2052,83,PT,8,8,1.343889,RISK_DASHBOARD,2019-12-31
2053,83,PT,9,8,1.738308,RISK_DASHBOARD,2020-03-31
2054,83,PT,10,8,1.459669,RISK_DASHBOARD,2020-06-30
2055,83,PT,11,8,1.687815,RISK_DASHBOARD,2020-09-30
2056,83,PT,12,8,1.696494,RISK_DASHBOARD,2020-12-31
2057,83,PT,13,8,1.848665,RISK_DASHBOARD,2021-03-31
2058,83,PT,14,8,1.395207,RISK_DASHBOARD,2021-06-30
2059,83,PT,15,8,1.660201,RISK_DASHBOARD,2021-09-30
2060,83,PT,16,8,1.490226,RISK_DASHBOARD,2021-12-31
2061,83,PT,17,8,1.754459,RISK_DASHBOARD,2022-03-31
2062,83,PT,18,8,1.768261,RISK_DASHBOARD,2022-06-30
2063,83,PT,19,8,1.419341,RISK_DASHBOARD,2022-09-30
2064,83,PT,20,8,1.810671,RISK_DASHBOARD,2022-12-31
2065,83,PT,21,8,1.407206,RISK_DASHBOARD,2023-03-31
2066,83,PT,22,8,1.373895,RISK_DASHBOARD,2023-06-30
2067,83,PT,23,8,1.330149,RISK_DASHBOARD,2023-09-30
2068,83,PT,24,8,1.853013,RISK_DASHBOARD,2023-12-31
2069,83,PT,25,8,1.355612,RISK_DASHBOARD,2024-03-31
2070,83,PT,26,8,1.652904,RISK_DASHBOARD,2024-06-30
2071,83,PT,27,8,1.849182,RISK_DASHBOARD,2024-09-30
2072,83,PT,28,8,1.879325,RISK_DASHBOARD,2024-12-31
2073,84,RO,1,8,1.322004,RISK_DASHBOARD,2018-03-31
2074,84,RO,2,8,1.358592,RISK_DASHBOARD,2018-06-30
2075,84,RO,3,8,1.600842,RISK_DASHBOARD,2018-09-30
2076,84,RO,4,8,1.378243,RISK_DASHBOARD,2018-12-31
2077,84,RO,5,8,1.821042,RISK_DASHBOARD,2019-03-31
2078,84,RO,6,8,1.347939,RISK_DASHBOARD,2019-06-30
2079,84,RO,7,8,1.509058,RISK_DASHBOARD,2019-09-30
2080,84,RO,8,8,1.521333,RISK_DASHBOARD,2019-12-31
2081,84,RO,9,8,1.375564,RISK_DASHBOARD,2020-03-31
2082,84,RO,10,8,1.422215,RISK_DASHBOARD,2020-06-30
2083,84,RO,11,8,1.383987,RISK_DASHBOARD,2020-09-30
2084,84,RO,12,8,1.512933,RISK_DASHBOARD,2020-12-31
2085,84,RO,13,8,1.876671,RISK_DASHBOARD,2021-03-31
2086,84,RO,14,8,1.721807,RISK_DASHBOARD,2021-06-30
2087,84,RO,15,8,1.338693,RISK_DASHBOARD,2021-09-30
2088,84,RO,16,8,1.406656,RISK_DASHBOARD,2021-12-31
2089,84,RO,17,8,1.468914,RISK_DASHBOARD,2022-03-31
2090,84,RO,18,8,1.891394,RISK_DASHBOARD,2022-06-30
2091,84,RO,19,8,1.776287,RISK_DASHBOARD,2022-09-30
2092,84,RO,20,8,1.408457,RISK_DASHBOARD,2022-12-31
2093,84,RO,21,8,1.744688,RISK_DASHBOARD,2023-03-31
2094,84,RO,22,8,1.89982,RISK_DASHBOARD,2023-06-30
2095,84,RO,23,8,1.44538,RISK_DASHBOARD,2023-09-30
2096,84,RO,24,8,1.387029,RISK_DASHBOARD,2023-12-31
2097,84,RO,25,8,1.394225,RISK_DASHBOARD,2024-03-31
2098,84,RO,26,8,1.394481,RISK_DASHBOARD,2024-06-30
2099,84,RO,27,8,1.578251,RISK_DASHBOARD,2024-09-30
2100,84,RO,28,8,1.328114,RISK_DASHBOARD,2024-12-31
2101,85,SE,1,8,1.714593,RISK_DASHBOARD,2018-03-31
2102,85,SE,2,8,1.567977,RISK_DASHBOARD,2018-06-30
2103,85,SE,3,8,1.503462,RISK_DASHBOARD,2018-09-30
2104,85,SE,4,8,1.866404,RISK_DASHBOARD,2018-12-31
2105,85,SE,5,8,1.75686,RISK_DASHBOARD,2019-03-31
2106,85,SE,6,8,1.383007,RISK_DASHBOARD,2019-06-30
2107,85,SE,7,8,1.460891,RISK_DASHBOARD,2019-09-30
2108,85,SE,8,8,1.563953,RISK_DASHBOARD,2019-12-31
2109,85,SE,9,8,1.73244,RISK_DASHBOARD,2020-03-31
2110,85,SE,10,8,1.318603,RISK_DASHBOARD,2020-06-30
2111,85,SE,11,8,1.369276,RISK_DASHBOARD,2020-09-30
2112,85,SE,12,8,1.587446,RISK_DASHBOARD,2020-12-31
2113,85,SE,13,8,1.411533,RISK_DASHBOARD,2021-03-31
2114,85,SE,14,8,1.408202,RISK_DASHBOARD,2021-06-30
2115,85,SE,15,8,1.786127,RISK_DASHBOARD,2021-09-30
2116,85,SE,16,8,1.44653,RISK_DASHBOARD,2021-12-31
2117,85,SE,17,8,1.678741,RISK_DASHBOARD,2022-03-31
2118,85,SE,18,8,1.695961,RISK_DASHBOARD,2022-06-30
2119,85,SE,19,8,1.634805,RISK_DASHBOARD,2022-09-30
2120,85,SE,20,8,1.396901,RISK_DASHBOARD,2022-12-31
2121,85,SE,21,8,1.680313,RISK_DASHBOARD,2023-03-31
2122,85,SE,22,8,1.422567,RISK_DASHBOARD,2023-06-30
2123,85,SE,23,8,1.595393,RISK_DASHBOARD,2023-09-30
2124,85,SE,24,8,1.397146,RISK_DASHBOARD,2023-12-31
2125,85,SE,25,8,1.356587,RISK_DASHBOARD,2024-03-31
2126,85,SE,26,8,1.30905,RISK_DASHBOARD,2024-06-30
2127,85,SE,27,8,1.588325,RISK_DASHBOARD,2024-09-30
2128,85,SE,28,8,1.423408,RISK_DASHBOARD,2024-12-31
2129,86,SI,1,8,1.389743,RISK_DASHBOARD,2018-03-31
2130,86,SI,2,8,1.595676,RISK_DASHBOARD,2018-06-30
2131,86,SI,3,8,1.299377,RISK_DASHBOARD,2018-09-30
2132,86,SI,4,8,1.756227,RISK_DASHBOARD,2018-12-31
2133,86,SI,5,8,1.420705,RISK_DASHBOARD,2019-03-31
2134,86,SI,6,8,1.443262,RISK_DASHBOARD,2019-06-30
2135,86,SI,7,8,1.385857,RISK_DASHBOARD,2019-09-30
2136,86,SI,8,8,1.62112,RISK_DASHBOARD,2019-12-31
2137,86,SI,9,8,1.835187,RISK_DASHBOARD,2020-03-31
2138,86,SI,10,8,1.536848,RISK_DASHBOARD,2020-06-30
2139,86,SI,11,8,1.388726,RISK_DASHBOARD,2020-09-30
2140,86,SI,12,8,1.46543,RISK_DASHBOARD,2020-12-31
2141,86,SI,13,8,1.313831,RISK_DASHBOARD,2021-03-31
2142,86,SI,14,8,1.461081,RISK_DASHBOARD,2021-06-30
2143,86,SI,15,8,1.299434,RISK_DASHBOARD,2021-09-30
2144,86,SI,16,8,1.69259,RISK_DASHBOARD,2021-12-31
2145,86,SI,17,8,1.463238,RISK_DASHBOARD,2022-03-31
2146,86,SI,18,8,1.600565,RISK_DASHBOARD,2022-06-30
2147,86,SI,19,8,1.822895,RISK_DASHBOARD,2022-09-30
2148,86,SI,20,8,1.835098,RISK_DASHBOARD,2022-12-31
2149,86,SI,21,8,1.553269,RISK_DASHBOARD,2023-03-31
2150,86,SI,22,8,1.552501,RISK_DASHBOARD,2023-06-30
2151,86,SI,23,8,1.442551,RISK_DASHBOARD,2023-09-30
2152,86,SI,24,8,1.383305,RISK_DASHBOARD,2023-12-31
2153,86,SI,25,8,1.621431,RISK_DASHBOARD,2024-03-31
2154,86,SI,26,8,1.471,RISK_DASHBOARD,2024-06-30
2155,86,SI,27,8,1.31093,RISK_DASHBOARD,2024-09-30
2156,86,SI,28,8,1.649262,RISK_DASHBOARD,2024-12-31
2157,87,SK,1,8,1.63596,RISK_DASHBOARD,2018-03-31
2158,87,SK,2,8,1.701204,RISK_DASHBOARD,2018-06-30
2159,87,SK,3,8,1.310563,RISK_DASHBOARD,2018-09-30
2160,87,SK,4,8,1.411072,RISK_DASHBOARD,2018-12-31
2161,87,SK,5,8,1.558085,RISK_DASHBOARD,2019-03-31
2162,87,SK,6,8,1.493957,RISK_DASHBOARD,2019-06-30
2163,87,SK,7,8,1.575223,RISK_DASHBOARD,2019-09-30
2164,87,SK,8,8,1.63864,RISK_DASHBOARD,2019-12-31
2165,87,SK,9,8,1.680315,RISK_DASHBOARD,2020-03-31
2166,87,SK,10,8,1.733127,RISK_DASHBOARD,2020-06-30
2167,87,SK,11,8,1.664996,RISK_DASHBOARD,2020-09-30
2168,87,SK,12,8,1.707163,RISK_DASHBOARD,2020-12-31
2169,87,SK,13,8,1.299649,RISK_DASHBOARD,2021-03-31
2170,87,SK,14,8,1.875604,RISK_DASHBOARD,2021-06-30
2171,87,SK,15,8,1.383849,RISK_DASHBOARD,2021-09-30
2172,87,SK,16,8,1.889167,RISK_DASHBOARD,2021-12-31
2173,87,SK,17,8,1.302738,RISK_DASHBOARD,2022-03-31
2174,87,SK,18,8,1.722875,RISK_DASHBOARD,2022-06-30
2175,87,SK,19,8,1.873775,RISK_DASHBOARD,2022-09-30
2176,87,SK,20,8,1.502912,RISK_DASHBOARD,2022-12-31
2177,87,SK,21,8,1.816919,RISK_DASHBOARD,2023-03-31
2178,87,SK,22,8,1.707832,RISK_DASHBOARD,2023-06-30
2179,87,SK,23,8,1.619199,RISK_DASHBOARD,2023-09-30
2180,87,SK,24,8,1.445213,RISK_DASHBOARD,2023-12-31
2181,87,SK,25,8,1.694032,RISK_DASHBOARD,2024-03-31
2182,87,SK,26,8,1.619429,RISK_DASHBOARD,2024-06-30
2183,87,SK,27,8,1.816019,RISK_DASHBOARD,2024-09-30
2184,87,SK,28,8,1.505985,RISK_DASHBOARD,2024-12-31
2185,62,AT,1,17,0.056352,RISK_DASHBOARD,2018-03-31
2186,62,AT,2,17,0.066071,RISK_DASHBOARD,2018-06-30
2187,62,AT,3,17,0.049038,RISK_DASHBOARD,2018-09-30
2188,62,AT,4,17,0.068777,RISK_DASHBOARD,2018-12-31
2189,62,AT,5,17,0.053884,RISK_DASHBOARD,2019-03-31
2190,62,AT,6,17,0.070358,RISK_DASHBOARD,2019-06-30
2191,62,AT,7,17,0.062812,RISK_DASHBOARD,2019-09-30
2192,62,AT,8,17,0.055457,RISK_DASHBOARD,2019-12-31
2193,62,AT,9,17,0.068271,RISK_DASHBOARD,2020-03-31
2194,62,AT,10,17,0.061234,RISK_DASHBOARD,2020-06-30
2195,62,AT,11,17,0.060723,RISK_DASHBOARD,2020-09-30
2196,62,AT,12,17,0.056344,RISK_DASHBOARD,2020-12-31
2197,62,AT,13,17,0.061818,RISK_DASHBOARD,2021-03-31
2198,62,AT,14,17,0.069981,RISK_DASHBOARD,2021-06-30
2199,62,AT,15,17,0.051457,RISK_DASHBOARD,2021-09-30
2200,62,AT,16,17,0.060639,RISK_DASHBOARD,2021-12-31
2201,62,AT,17,17,0.064151,RISK_DASHBOARD,2022-03-31
2202,62,AT,18,17,0.054608,RISK_DASHBOARD,2022-06-30
2203,62,AT,19,17,0.071041,RISK_DASHBOARD,2022-09-30
2204,62,AT,20,17,0.06213,RISK_DASHBOARD,2022-12-31
2205,62,AT,21,17,0.07024,RISK_DASHBOARD,2023-03-31
2206,62,AT,22,17,0.069166,RISK_DASHBOARD,2023-06-30
2207,62,AT,23,17,0.050552,RISK_DASHBOARD,2023-09-30
2208,62,AT,24,17,0.054337,RISK_DASHBOARD,2023-12-31
2209,62,AT,25,17,0.063432,RISK_DASHBOARD,2024-03-31
2210,62,AT,26,17,0.052462,RISK_DASHBOARD,2024-06-30
2211,62,AT,27,17,0.048901,RISK_DASHBOARD,2024-09-30
2212,62,AT,28,17,0.060735,RISK_DASHBOARD,2024-12-31
2213,63,BE,1,17,0.042722,RISK_DASHBOARD,2018-03-31
2214,63,BE,2,17,0.039569,RISK_DASHBOARD,2018-06-30
2215,63,BE,3,17,0.039058,RISK_DASHBOARD,2018-09-30
2216,63,BE,4,17,0.045582,RISK_DASHBOARD,2018-12-31
2217,63,BE,5,17,0.046516,RISK_DASHBOARD,2019-03-31
2218,63,BE,6,17,0.041644,RISK_DASHBOARD,2019-06-30
2219,63,BE,7,17,0.056084,RISK_DASHBOARD,2019-09-30
2220,63,BE,8,17,0.048118,RISK_DASHBOARD,2019-12-31
2221,63,BE,9,17,0.050322,RISK_DASHBOARD,2020-03-31
2222,63,BE,10,17,0.051102,RISK_DASHBOARD,2020-06-30
2223,63,BE,11,17,0.038465,RISK_DASHBOARD,2020-09-30
2224,63,BE,12,17,0.035743,RISK_DASHBOARD,2020-12-31
2225,63,BE,13,17,0.036427,RISK_DASHBOARD,2021-03-31
2226,63,BE,14,17,0.052131,RISK_DASHBOARD,2021-06-30
2227,63,BE,15,17,0.057017,RISK_DASHBOARD,2021-09-30
2228,63,BE,16,17,0.044691,RISK_DASHBOARD,2021-12-31
2229,63,BE,17,17,0.03816,RISK_DASHBOARD,2022-03-31
2230,63,BE,18,17,0.047885,RISK_DASHBOARD,2022-06-30
2231,63,BE,19,17,0.04745,RISK_DASHBOARD,2022-09-30
2232,63,BE,20,17,0.040572,RISK_DASHBOARD,2022-12-31
2233,63,BE,21,17,0.036016,RISK_DASHBOARD,2023-03-31
2234,63,BE,22,17,0.054775,RISK_DASHBOARD,2023-06-30
2235,63,BE,23,17,0.046125,RISK_DASHBOARD,2023-09-30
2236,63,BE,24,17,0.03693,RISK_DASHBOARD,2023-12-31
2237,63,BE,25,17,0.034296,RISK_DASHBOARD,2024-03-31
2238,63,BE,26,17,0.054653,RISK_DASHBOARD,2024-06-30
2239,63,BE,27,17,0.036891,RISK_DASHBOARD,2024-09-30
2240,63,BE,28,17,0.036899,RISK_DASHBOARD,2024-12-31
2241,64,CY,1,17,0.048575,RISK_DASHBOARD,2018-03-31
2242,64,CY,2,17,0.028974,RISK_DASHBOARD,2018-06-30
2243,64,CY,3,17,0.051497,RISK_DASHBOARD,2018-09-30
2244,64,CY,4,17,0.047942,RISK_DASHBOARD,2018-12-31
2245,64,CY,5,17,0.037987,RISK_DASHBOARD,2019-03-31
2246,64,CY,6,17,0.038454,RISK_DASHBOARD,2019-06-30
2247,64,CY,7,17,0.033749,RISK_DASHBOARD,2019-09-30
2248,64,CY,8,17,0.037326,RISK_DASHBOARD,2019-12-31
2249,64,CY,9,17,0.033737,RISK_DASHBOARD,2020-03-31
2250,64,CY,10,17,0.046011,RISK_DASHBOARD,2020-06-30
2251,64,CY,11,17,0.03137,RISK_DASHBOARD,2020-09-30
2252,64,CY,12,17,0.04414,RISK_DASHBOARD,2020-12-31
2253,64,CY,13,17,0.039352,RISK_DASHBOARD,2021-03-31
2254,64,CY,14,17,0.038977,RISK_DASHBOARD,2021-06-30
2255,64,CY,15,17,0.03072,RISK_DASHBOARD,2021-09-30
2256,64,CY,16,17,0.046253,RISK_DASHBOARD,2021-12-31
2257,64,CY,17,17,0.051262,RISK_DASHBOARD,2022-03-31
2258,64,CY,18,17,0.051616,RISK_DASHBOARD,2022-06-30
2259,64,CY,19,17,0.036421,RISK_DASHBOARD,2022-09-30
2260,64,CY,20,17,0.045822,RISK_DASHBOARD,2022-12-31
2261,64,CY,21,17,0.036096,RISK_DASHBOARD,2023-03-31
2262,64,CY,22,17,0.032036,RISK_DASHBOARD,2023-06-30
2263,64,CY,23,17,0.049869,RISK_DASHBOARD,2023-09-30
2264,64,CY,24,17,0.039584,RISK_DASHBOARD,2023-12-31
2265,64,CY,25,17,0.044202,RISK_DASHBOARD,2024-03-31
2266,64,CY,26,17,0.052133,RISK_DASHBOARD,2024-06-30
2267,64,CY,27,17,0.043971,RISK_DASHBOARD,2024-09-30
2268,64,CY,28,17,0.044819,RISK_DASHBOARD,2024-12-31
2269,65,DE,1,17,0.053218,RISK_DASHBOARD,2018-03-31
2270,65,DE,2,17,0.060509,RISK_DASHBOARD,2018-06-30
2271,65,DE,3,17,0.06063,RISK_DASHBOARD,2018-09-30
2272,65,DE,4,17,0.068886,RISK_DASHBOARD,2018-12-31
2273,65,DE,5,17,0.068639,RISK_DASHBOARD,2019-03-31
2274,65,DE,6,17,0.070101,RISK_DASHBOARD,2019-06-30
2275,65,DE,7,17,0.054492,RISK_DASHBOARD,2019-09-30
2276,65,DE,8,17,0.059244,RISK_DASHBOARD,2019-12-31
2277,65,DE,9,17,0.057836,RISK_DASHBOARD,2020-03-31
2278,65,DE,10,17,0.073095,RISK_DASHBOARD,2020-06-30
2279,65,DE,11,17,0.056501,RISK_DASHBOARD,2020-09-30
2280,65,DE,12,17,0.058875,RISK_DASHBOARD,2020-12-31
2281,65,DE,13,17,0.060323,RISK_DASHBOARD,2021-03-31
2282,65,DE,14,17,0.059975,RISK_DASHBOARD,2021-06-30
2283,65,DE,15,17,0.061601,RISK_DASHBOARD,2021-09-30
2284,65,DE,16,17,0.067533,RISK_DASHBOARD,2021-12-31
2285,65,DE,17,17,0.061948,RISK_DASHBOARD,2022-03-31
2286,65,DE,18,17,0.067417,RISK_DASHBOARD,2022-06-30
2287,65,DE,19,17,0.052161,RISK_DASHBOARD,2022-09-30
2288,65,DE,20,17,0.05026,RISK_DASHBOARD,2022-12-31
2289,65,DE,21,17,0.072308,RISK_DASHBOARD,2023-03-31
2290,65,DE,22,17,0.064091,RISK_DASHBOARD,2023-06-30
2291,65,DE,23,17,0.051077,RISK_DASHBOARD,2023-09-30
2292,65,DE,24,17,0.063037,RISK_DASHBOARD,2023-12-31
2293,65,DE,25,17,0.051426,RISK_DASHBOARD,2024-03-31
2294,65,DE,26,17,0.06588,RISK_DASHBOARD,2024-06-30
2295,65,DE,27,17,0.053073,RISK_DASHBOARD,2024-09-30
2296,65,DE,28,17,0.06086,RISK_DASHBOARD,2024-12-31
2297,66,DK,1,17,0.077895,RISK_DASHBOARD,2018-03-31
2298,66,DK,2,17,0.080514,RISK_DASHBOARD,2018-06-30
2299,66,DK,3,17,0.083413,RISK_DASHBOARD,2018-09-30
2300,66,DK,4,17,0.082316,RISK_DASHBOARD,2018-12-31
2301,66,DK,5,17,0.077673,RISK_DASHBOARD,2019-03-31
2302,66,DK,6,17,0.067825,RISK_DASHBOARD,2019-06-30
2303,66,DK,7,17,0.080931,RISK_DASHBOARD,2019-09-30
2304,66,DK,8,17,0.073464,RISK_DASHBOARD,2019-12-31
2305,66,DK,9,17,0.076646,RISK_DASHBOARD,2020-03-31
2306,66,DK,10,17,0.077848,RISK_DASHBOARD,2020-06-30
2307,66,DK,11,17,0.083341,RISK_DASHBOARD,2020-09-30
2308,66,DK,12,17,0.076629,RISK_DASHBOARD,2020-12-31
2309,66,DK,13,17,0.075484,RISK_DASHBOARD,2021-03-31
2310,66,DK,14,17,0.077643,RISK_DASHBOARD,2021-06-30
2311,66,DK,15,17,0.080998,RISK_DASHBOARD,2021-09-30
2312,66,DK,16,17,0.072421,RISK_DASHBOARD,2021-12-31
2313,66,DK,17,17,0.071997,RISK_DASHBOARD,2022-03-31
2314,66,DK,18,17,0.062153,RISK_DASHBOARD,2022-06-30
2315,66,DK,19,17,0.075989,RISK_DASHBOARD,2022-09-30
2316,66,DK,20,17,0.066244,RISK_DASHBOARD,2022-12-31
2317,66,DK,21,17,0.063931,RISK_DASHBOARD,2023-03-31
2318,66,DK,22,17,0.068772,RISK_DASHBOARD,2023-06-30
2319,66,DK,23,17,0.080667,RISK_DASHBOARD,2023-09-30
2320,66,DK,24,17,0.082522,RISK_DASHBOARD,2023-12-31
2321,66,DK,25,17,0.078237,RISK_DASHBOARD,2024-03-31
2322,66,DK,26,17,0.083629,RISK_DASHBOARD,2024-06-30
2323,66,DK,27,17,0.075093,RISK_DASHBOARD,2024-09-30
2324,66,DK,28,17,0.082914,RISK_DASHBOARD,2024-12-31
2325,67,ES,1,17,0.068726,RISK_DASHBOARD,2018-03-31
2326,67,ES,2,17,0.07648,RISK_DASHBOARD,2018-06-30
2327,67,ES,3,17,0.07677,RISK_DASHBOARD,2018-09-30
2328,67,ES,4,17,0.054511,RISK_DASHBOARD,2018-12-31
2329,67,ES,5,17,0.054571,RISK_DASHBOARD,2019-03-31
2330,67,ES,6,17,0.070091,RISK_DASHBOARD,2019-06-30
2331,67,ES,7,17,0.05674,RISK_DASHBOARD,2019-09-30
2332,67,ES,8,17,0.076016,RISK_DASHBOARD,2019-12-31
2333,67,ES,9,17,0.058078,RISK_DASHBOARD,2020-03-31
2334,67,ES,10,17,0.069705,RISK_DASHBOARD,2020-06-30
2335,67,ES,11,17,0.075975,RISK_DASHBOARD,2020-09-30
2336,67,ES,12,17,0.054756,RISK_DASHBOARD,2020-12-31
2337,67,ES,13,17,0.054181,RISK_DASHBOARD,2021-03-31
2338,67,ES,14,17,0.067036,RISK_DASHBOARD,2021-06-30
2339,67,ES,15,17,0.075248,RISK_DASHBOARD,2021-09-30
2340,67,ES,16,17,0.061997,RISK_DASHBOARD,2021-12-31
2341,67,ES,17,17,0.072414,RISK_DASHBOARD,2022-03-31
2342,67,ES,18,17,0.070285,RISK_DASHBOARD,2022-06-30
2343,67,ES,19,17,0.054247,RISK_DASHBOARD,2022-09-30
2344,67,ES,20,17,0.067903,RISK_DASHBOARD,2022-12-31
2345,67,ES,21,17,0.053563,RISK_DASHBOARD,2023-03-31
2346,67,ES,22,17,0.057838,RISK_DASHBOARD,2023-06-30
2347,67,ES,23,17,0.059774,RISK_DASHBOARD,2023-09-30
2348,67,ES,24,17,0.055285,RISK_DASHBOARD,2023-12-31
2349,67,ES,25,17,0.075198,RISK_DASHBOARD,2024-03-31
2350,67,ES,26,17,0.057332,RISK_DASHBOARD,2024-06-30
2351,67,ES,27,17,0.059239,RISK_DASHBOARD,2024-09-30
2352,67,ES,28,17,0.071027,RISK_DASHBOARD,2024-12-31
2353,68,EU,1,17,0.064075,RISK_DASHBOARD,2018-03-31
2354,68,EU,2,17,0.057819,RISK_DASHBOARD,2018-06-30
2355,68,EU,3,17,0.050445,RISK_DASHBOARD,2018-09-30
2356,68,EU,4,17,0.066748,RISK_DASHBOARD,2018-12-31
2357,68,EU,5,17,0.052174,RISK_DASHBOARD,2019-03-31
2358,68,EU,6,17,0.058072,RISK_DASHBOARD,2019-06-30
2359,68,EU,7,17,0.051695,RISK_DASHBOARD,2019-09-30
2360,68,EU,8,17,0.050252,RISK_DASHBOARD,2019-12-31
2361,68,EU,9,17,0.054149,RISK_DASHBOARD,2020-03-31
2362,68,EU,10,17,0.064234,RISK_DASHBOARD,2020-06-30
2363,68,EU,11,17,0.0589,RISK_DASHBOARD,2020-09-30
2364,68,EU,12,17,0.050278,RISK_DASHBOARD,2020-12-31
2365,68,EU,13,17,0.060701,RISK_DASHBOARD,2021-03-31
2366,68,EU,14,17,0.065571,RISK_DASHBOARD,2021-06-30
2367,68,EU,15,17,0.051317,RISK_DASHBOARD,2021-09-30
2368,68,EU,16,17,0.065006,RISK_DASHBOARD,2021-12-31
2369,68,EU,17,17,0.055208,RISK_DASHBOARD,2022-03-31
2370,68,EU,18,17,0.059504,RISK_DASHBOARD,2022-06-30
2371,68,EU,19,17,0.043765,RISK_DASHBOARD,2022-09-30
2372,68,EU,20,17,0.050997,RISK_DASHBOARD,2022-12-31
2373,68,EU,21,17,0.066734,RISK_DASHBOARD,2023-03-31
2374,68,EU,22,17,0.052403,RISK_DASHBOARD,2023-06-30
2375,68,EU,23,17,0.052947,RISK_DASHBOARD,2023-09-30
2376,68,EU,24,17,0.061411,RISK_DASHBOARD,2023-12-31
2377,68,EU,25,17,0.047016,RISK_DASHBOARD,2024-03-31
2378,68,EU,26,17,0.05056,RISK_DASHBOARD,2024-06-30
2379,68,EU,27,17,0.060383,RISK_DASHBOARD,2024-09-30
2380,68,EU,28,17,0.053967,RISK_DASHBOARD,2024-12-31
2381,69,FI,1,17,0.061764,RISK_DASHBOARD,2018-03-31
2382,69,FI,2,17,0.077733,RISK_DASHBOARD,2018-06-30
2383,69,FI,3,17,0.06624,RISK_DASHBOARD,2018-09-30
2384,69,FI,4,17,0.057041,RISK_DASHBOARD,2018-12-31
2385,69,FI,5,17,0.060121,RISK_DASHBOARD,2019-03-31
2386,69,FI,6,17,0.07698,RISK_DASHBOARD,2019-06-30
2387,69,FI,7,17,0.063804,RISK_DASHBOARD,2019-09-30
2388,69,FI,8,17,0.07956,RISK_DASHBOARD,2019-12-31
2389,69,FI,9,17,0.056662,RISK_DASHBOARD,2020-03-31
2390,69,FI,10,17,0.064438,RISK_DASHBOARD,2020-06-30
2391,69,FI,11,17,0.064304,RISK_DASHBOARD,2020-09-30
2392,69,FI,12,17,0.06071,RISK_DASHBOARD,2020-12-31
2393,69,FI,13,17,0.072968,RISK_DASHBOARD,2021-03-31
2394,69,FI,14,17,0.062281,RISK_DASHBOARD,2021-06-30
2395,69,FI,15,17,0.05982,RISK_DASHBOARD,2021-09-30
2396,69,FI,16,17,0.056393,RISK_DASHBOARD,2021-12-31
2397,69,FI,17,17,0.072517,RISK_DASHBOARD,2022-03-31
2398,69,FI,18,17,0.073005,RISK_DASHBOARD,2022-06-30
2399,69,FI,19,17,0.056012,RISK_DASHBOARD,2022-09-30
2400,69,FI,20,17,0.067545,RISK_DASHBOARD,2022-12-31
2401,69,FI,21,17,0.066543,RISK_DASHBOARD,2023-03-31
2402,69,FI,22,17,0.060812,RISK_DASHBOARD,2023-06-30
2403,69,FI,23,17,0.076157,RISK_DASHBOARD,2023-09-30
2404,69,FI,24,17,0.07413,RISK_DASHBOARD,2023-12-31
2405,69,FI,25,17,0.075056,RISK_DASHBOARD,2024-03-31
2406,69,FI,26,17,0.060735,RISK_DASHBOARD,2024-06-30
2407,69,FI,27,17,0.068194,RISK_DASHBOARD,2024-09-30
2408,69,FI,28,17,0.070337,RISK_DASHBOARD,2024-12-31
2409,70,FR,1,17,0.042339,RISK_DASHBOARD,2018-03-31
2410,70,FR,2,17,0.044126,RISK_DASHBOARD,2018-06-30
2411,70,FR,3,17,0.035847,RISK_DASHBOARD,2018-09-30
2412,70,FR,4,17,0.048783,RISK_DASHBOARD,2018-12-31
2413,70,FR,5,17,0.035868,RISK_DASHBOARD,2019-03-31
2414,70,FR,6,17,0.052793,RISK_DASHBOARD,2019-06-30
2415,70,FR,7,17,0.031323,RISK_DASHBOARD,2019-09-30
2416,70,FR,8,17,0.038385,RISK_DASHBOARD,2019-12-31
2417,70,FR,9,17,0.031248,RISK_DASHBOARD,2020-03-31
2418,70,FR,10,17,0.042041,RISK_DASHBOARD,2020-06-30
2419,70,FR,11,17,0.043782,RISK_DASHBOARD,2020-09-30
2420,70,FR,12,17,0.050029,RISK_DASHBOARD,2020-12-31
2421,70,FR,13,17,0.032649,RISK_DASHBOARD,2021-03-31
2422,70,FR,14,17,0.045351,RISK_DASHBOARD,2021-06-30
2423,70,FR,15,17,0.042219,RISK_DASHBOARD,2021-09-30
2424,70,FR,16,17,0.030223,RISK_DASHBOARD,2021-12-31
2425,70,FR,17,17,0.028855,RISK_DASHBOARD,2022-03-31
2426,70,FR,18,17,0.050072,RISK_DASHBOARD,2022-06-30
2427,70,FR,19,17,0.052648,RISK_DASHBOARD,2022-09-30
2428,70,FR,20,17,0.043268,RISK_DASHBOARD,2022-12-31
2429,70,FR,21,17,0.045797,RISK_DASHBOARD,2023-03-31
2430,70,FR,22,17,0.043207,RISK_DASHBOARD,2023-06-30
2431,70,FR,23,17,0.047508,RISK_DASHBOARD,2023-09-30
2432,70,FR,24,17,0.043891,RISK_DASHBOARD,2023-12-31
2433,70,FR,25,17,0.048629,RISK_DASHBOARD,2024-03-31
2434,70,FR,26,17,0.035002,RISK_DASHBOARD,2024-06-30
2435,70,FR,27,17,0.044426,RISK_DASHBOARD,2024-09-30
2436,70,FR,28,17,0.031378,RISK_DASHBOARD,2024-12-31
2437,71,GR,1,17,0.073846,RISK_DASHBOARD,2018-03-31
2438,71,GR,2,17,0.074989,RISK_DASHBOARD,2018-06-30
2439,71,GR,3,17,0.061562,RISK_DASHBOARD,2018-09-30
2440,71,GR,4,17,0.066675,RISK_DASHBOARD,2018-12-31
2441,71,GR,5,17,0.076454,RISK_DASHBOARD,2019-03-31
2442,71,GR,6,17,0.08196,RISK_DASHBOARD,2019-06-30
2443,71,GR,7,17,0.058982,RISK_DASHBOARD,2019-09-30
2444,71,GR,8,17,0.061704,RISK_DASHBOARD,2019-12-31
2445,71,GR,9,17,0.065894,RISK_DASHBOARD,2020-03-31
2446,71,GR,10,17,0.065229,RISK_DASHBOARD,2020-06-30
2447,71,GR,11,17,0.070931,RISK_DASHBOARD,2020-09-30
2448,71,GR,12,17,0.073981,RISK_DASHBOARD,2020-12-31
2449,71,GR,13,17,0.063591,RISK_DASHBOARD,2021-03-31
2450,71,GR,14,17,0.072895,RISK_DASHBOARD,2021-06-30
2451,71,GR,15,17,0.06652,RISK_DASHBOARD,2021-09-30
2452,71,GR,16,17,0.081285,RISK_DASHBOARD,2021-12-31
2453,71,GR,17,17,0.077392,RISK_DASHBOARD,2022-03-31
2454,71,GR,18,17,0.065808,RISK_DASHBOARD,2022-06-30
2455,71,GR,19,17,0.069225,RISK_DASHBOARD,2022-09-30
2456,71,GR,20,17,0.081243,RISK_DASHBOARD,2022-12-31
2457,71,GR,21,17,0.074793,RISK_DASHBOARD,2023-03-31
2458,71,GR,22,17,0.060565,RISK_DASHBOARD,2023-06-30
2459,71,GR,23,17,0.070136,RISK_DASHBOARD,2023-09-30
2460,71,GR,24,17,0.061975,RISK_DASHBOARD,2023-12-31
2461,71,GR,25,17,0.074833,RISK_DASHBOARD,2024-03-31
2462,71,GR,26,17,0.064848,RISK_DASHBOARD,2024-06-30
2463,71,GR,27,17,0.069006,RISK_DASHBOARD,2024-09-30
2464,71,GR,28,17,0.072486,RISK_DASHBOARD,2024-12-31
2465,72,HR,1,17,0.037244,RISK_DASHBOARD,2018-03-31
2466,72,HR,2,17,0.043412,RISK_DASHBOARD,2018-06-30
2467,72,HR,3,17,0.040851,RISK_DASHBOARD,2018-09-30
2468,72,HR,4,17,0.049412,RISK_DASHBOARD,2018-12-31
2469,72,HR,5,17,0.034761,RISK_DASHBOARD,2019-03-31
2470,72,HR,6,17,0.028691,RISK_DASHBOARD,2019-06-30
2471,72,HR,7,17,0.048852,RISK_DASHBOARD,2019-09-30
2472,72,HR,8,17,0.04251,RISK_DASHBOARD,2019-12-31
2473,72,HR,9,17,0.0405,RISK_DASHBOARD,2020-03-31
2474,72,HR,10,17,0.045794,RISK_DASHBOARD,2020-06-30
2475,72,HR,11,17,0.026291,RISK_DASHBOARD,2020-09-30
2476,72,HR,12,17,0.043594,RISK_DASHBOARD,2020-12-31
2477,72,HR,13,17,0.029605,RISK_DASHBOARD,2021-03-31
2478,72,HR,14,17,0.034615,RISK_DASHBOARD,2021-06-30
2479,72,HR,15,17,0.032354,RISK_DASHBOARD,2021-09-30
2480,72,HR,16,17,0.043846,RISK_DASHBOARD,2021-12-31
2481,72,HR,17,17,0.043603,RISK_DASHBOARD,2022-03-31
2482,72,HR,18,17,0.043131,RISK_DASHBOARD,2022-06-30
2483,72,HR,19,17,0.026042,RISK_DASHBOARD,2022-09-30
2484,72,HR,20,17,0.030063,RISK_DASHBOARD,2022-12-31
2485,72,HR,21,17,0.039196,RISK_DASHBOARD,2023-03-31
2486,72,HR,22,17,0.040774,RISK_DASHBOARD,2023-06-30
2487,72,HR,23,17,0.029836,RISK_DASHBOARD,2023-09-30
2488,72,HR,24,17,0.039065,RISK_DASHBOARD,2023-12-31
2489,72,HR,25,17,0.047414,RISK_DASHBOARD,2024-03-31
2490,72,HR,26,17,0.042246,RISK_DASHBOARD,2024-06-30
2491,72,HR,27,17,0.026015,RISK_DASHBOARD,2024-09-30
2492,72,HR,28,17,0.030353,RISK_DASHBOARD,2024-12-31
2493,73,HU,1,17,0.069391,RISK_DASHBOARD,2018-03-31
2494,73,HU,2,17,0.052582,RISK_DASHBOARD,2018-06-30
2495,73,HU,3,17,0.05507,RISK_DASHBOARD,2018-09-30
2496,73,HU,4,17,0.051578,RISK_DASHBOARD,2018-12-31
2497,73,HU,5,17,0.063508,RISK_DASHBOARD,2019-03-31
2498,73,HU,6,17,0.054906,RISK_DASHBOARD,2019-06-30
2499,73,HU,7,17,0.062696,RISK_DASHBOARD,2019-09-30
2500,73,HU,8,17,0.057397,RISK_DASHBOARD,2019-12-31
2501,73,HU,9,17,0.057539,RISK_DASHBOARD,2020-03-31
2502,73,HU,10,17,0.061552,RISK_DASHBOARD,2020-06-30
2503,73,HU,11,17,0.070323,RISK_DASHBOARD,2020-09-30
2504,73,HU,12,17,0.050321,RISK_DASHBOARD,2020-12-31
2505,73,HU,13,17,0.061846,RISK_DASHBOARD,2021-03-31
2506,73,HU,14,17,0.070829,RISK_DASHBOARD,2021-06-30
2507,73,HU,15,17,0.064091,RISK_DASHBOARD,2021-09-30
2508,73,HU,16,17,0.067843,RISK_DASHBOARD,2021-12-31
2509,73,HU,17,17,0.061309,RISK_DASHBOARD,2022-03-31
2510,73,HU,18,17,0.058648,RISK_DASHBOARD,2022-06-30
2511,73,HU,19,17,0.064087,RISK_DASHBOARD,2022-09-30
2512,73,HU,20,17,0.062121,RISK_DASHBOARD,2022-12-31
2513,73,HU,21,17,0.052542,RISK_DASHBOARD,2023-03-31
2514,73,HU,22,17,0.054845,RISK_DASHBOARD,2023-06-30
2515,73,HU,23,17,0.050439,RISK_DASHBOARD,2023-09-30
2516,73,HU,24,17,0.064515,RISK_DASHBOARD,2023-12-31
2517,73,HU,25,17,0.059248,RISK_DASHBOARD,2024-03-31
2518,73,HU,26,17,0.063207,RISK_DASHBOARD,2024-06-30
2519,73,HU,27,17,0.050594,RISK_DASHBOARD,2024-09-30
2520,73,HU,28,17,0.062707,RISK_DASHBOARD,2024-12-31
2521,74,IE,1,17,0.076745,RISK_DASHBOARD,2018-03-31
2522,74,IE,2,17,0.063229,RISK_DASHBOARD,2018-06-30
2523,74,IE,3,17,0.079205,RISK_DASHBOARD,2018-09-30
2524,74,IE,4,17,0.073003,RISK_DASHBOARD,2018-12-31
2525,74,IE,5,17,0.074066,RISK_DASHBOARD,2019-03-31
2526,74,IE,6,17,0.067084,RISK_DASHBOARD,2019-06-30
2527,74,IE,7,17,0.085394,RISK_DASHBOARD,2019-09-30
2528,74,IE,8,17,0.081407,RISK_DASHBOARD,2019-12-31
2529,74,IE,9,17,0.078541,RISK_DASHBOARD,2020-03-31
2530,74,IE,10,17,0.064387,RISK_DASHBOARD,2020-06-30
2531,74,IE,11,17,0.073414,RISK_DASHBOARD,2020-09-30
2532,74,IE,12,17,0.064649,RISK_DASHBOARD,2020-12-31
2533,74,IE,13,17,0.072062,RISK_DASHBOARD,2021-03-31
2534,74,IE,14,17,0.078949,RISK_DASHBOARD,2021-06-30
2535,74,IE,15,17,0.084067,RISK_DASHBOARD,2021-09-30
2536,74,IE,16,17,0.080715,RISK_DASHBOARD,2021-12-31
2537,74,IE,17,17,0.066268,RISK_DASHBOARD,2022-03-31
2538,74,IE,18,17,0.083006,RISK_DASHBOARD,2022-06-30
2539,74,IE,19,17,0.067153,RISK_DASHBOARD,2022-09-30
2540,74,IE,20,17,0.085892,RISK_DASHBOARD,2022-12-31
2541,74,IE,21,17,0.072716,RISK_DASHBOARD,2023-03-31
2542,74,IE,22,17,0.066467,RISK_DASHBOARD,2023-06-30
2543,74,IE,23,17,0.066352,RISK_DASHBOARD,2023-09-30
2544,74,IE,24,17,0.0731,RISK_DASHBOARD,2023-12-31
2545,74,IE,25,17,0.069682,RISK_DASHBOARD,2024-03-31
2546,74,IE,26,17,0.070639,RISK_DASHBOARD,2024-06-30
2547,74,IE,27,17,0.065878,RISK_DASHBOARD,2024-09-30
2548,74,IE,28,17,0.075297,RISK_DASHBOARD,2024-12-31
2549,75,IT,1,17,0.065468,RISK_DASHBOARD,2018-03-31
2550,75,IT,2,17,0.07913,RISK_DASHBOARD,2018-06-30
2551,75,IT,3,17,0.074073,RISK_DASHBOARD,2018-09-30
2552,75,IT,4,17,0.083092,RISK_DASHBOARD,2018-12-31
2553,75,IT,5,17,0.078029,RISK_DASHBOARD,2019-03-31
2554,75,IT,6,17,0.079239,RISK_DASHBOARD,2019-06-30
2555,75,IT,7,17,0.081475,RISK_DASHBOARD,2019-09-30
2556,75,IT,8,17,0.065853,RISK_DASHBOARD,2019-12-31
2557,75,IT,9,17,0.081442,RISK_DASHBOARD,2020-03-31
2558,75,IT,10,17,0.075724,RISK_DASHBOARD,2020-06-30
2559,75,IT,11,17,0.075317,RISK_DASHBOARD,2020-09-30
2560,75,IT,12,17,0.066191,RISK_DASHBOARD,2020-12-31
2561,75,IT,13,17,0.070071,RISK_DASHBOARD,2021-03-31
2562,75,IT,14,17,0.066308,RISK_DASHBOARD,2021-06-30
2563,75,IT,15,17,0.06457,RISK_DASHBOARD,2021-09-30
2564,75,IT,16,17,0.083365,RISK_DASHBOARD,2021-12-31
2565,75,IT,17,17,0.070005,RISK_DASHBOARD,2022-03-31
2566,75,IT,18,17,0.062395,RISK_DASHBOARD,2022-06-30
2567,75,IT,19,17,0.076764,RISK_DASHBOARD,2022-09-30
2568,75,IT,20,17,0.084339,RISK_DASHBOARD,2022-12-31
2569,75,IT,21,17,0.070385,RISK_DASHBOARD,2023-03-31
2570,75,IT,22,17,0.061348,RISK_DASHBOARD,2023-06-30
2571,75,IT,23,17,0.066274,RISK_DASHBOARD,2023-09-30
2572,75,IT,24,17,0.08004,RISK_DASHBOARD,2023-12-31
2573,75,IT,25,17,0.066946,RISK_DASHBOARD,2024-03-31
2574,75,IT,26,17,0.079031,RISK_DASHBOARD,2024-06-30
2575,75,IT,27,17,0.068608,RISK_DASHBOARD,2024-09-30
2576,75,IT,28,17,0.064898,RISK_DASHBOARD,2024-12-31
2577,76,LT,1,17,0.072802,RISK_DASHBOARD,2018-03-31
2578,76,LT,2,17,0.080439,RISK_DASHBOARD,2018-06-30
2579,76,LT,3,17,0.061934,RISK_DASHBOARD,2018-09-30
2580,76,LT,4,17,0.07461,RISK_DASHBOARD,2018-12-31
2581,76,LT,5,17,0.0747,RISK_DASHBOARD,2019-03-31
2582,76,LT,6,17,0.073083,RISK_DASHBOARD,2019-06-30
2583,76,LT,7,17,0.078327,RISK_DASHBOARD,2019-09-30
2584,76,LT,8,17,0.057554,RISK_DASHBOARD,2019-12-31
2585,76,LT,9,17,0.063956,RISK_DASHBOARD,2020-03-31
2586,76,LT,10,17,0.067076,RISK_DASHBOARD,2020-06-30
2587,76,LT,11,17,0.07871,RISK_DASHBOARD,2020-09-30
2588,76,LT,12,17,0.062815,RISK_DASHBOARD,2020-12-31
2589,76,LT,13,17,0.059729,RISK_DASHBOARD,2021-03-31
2590,76,LT,14,17,0.066112,RISK_DASHBOARD,2021-06-30
2591,76,LT,15,17,0.06761,RISK_DASHBOARD,2021-09-30
2592,76,LT,16,17,0.077793,RISK_DASHBOARD,2021-12-31
2593,76,LT,17,17,0.058141,RISK_DASHBOARD,2022-03-31
2594,76,LT,18,17,0.062933,RISK_DASHBOARD,2022-06-30
2595,76,LT,19,17,0.063869,RISK_DASHBOARD,2022-09-30
2596,76,LT,20,17,0.065745,RISK_DASHBOARD,2022-12-31
2597,76,LT,21,17,0.05858,RISK_DASHBOARD,2023-03-31
2598,76,LT,22,17,0.063444,RISK_DASHBOARD,2023-06-30
2599,76,LT,23,17,0.078324,RISK_DASHBOARD,2023-09-30
2600,76,LT,24,17,0.071151,RISK_DASHBOARD,2023-12-31
2601,76,LT,25,17,0.07537,RISK_DASHBOARD,2024-03-31
2602,76,LT,26,17,0.065071,RISK_DASHBOARD,2024-06-30
2603,76,LT,27,17,0.059307,RISK_DASHBOARD,2024-09-30
2604,76,LT,28,17,0.077368,RISK_DASHBOARD,2024-12-31
2605,77,LU,1,17,0.027324,RISK_DASHBOARD,2018-03-31
2606,77,LU,2,17,0.040362,RISK_DASHBOARD,2018-06-30
2607,77,LU,3,17,0.044558,RISK_DASHBOARD,2018-09-30
2608,77,LU,4,17,0.047829,RISK_DASHBOARD,2018-12-31
2609,77,LU,5,17,0.036742,RISK_DASHBOARD,2019-03-31
2610,77,LU,6,17,0.049131,RISK_DASHBOARD,2019-06-30
2611,77,LU,7,17,0.048842,RISK_DASHBOARD,2019-09-30
2612,77,LU,8,17,0.040219,RISK_DASHBOARD,2019-12-31
2613,77,LU,9,17,0.030717,RISK_DASHBOARD,2020-03-31
2614,77,LU,10,17,0.04683,RISK_DASHBOARD,2020-06-30
2615,77,LU,11,17,0.048501,RISK_DASHBOARD,2020-09-30
2616,77,LU,12,17,0.033292,RISK_DASHBOARD,2020-12-31
2617,77,LU,13,17,0.033611,RISK_DASHBOARD,2021-03-31
2618,77,LU,14,17,0.02832,RISK_DASHBOARD,2021-06-30
2619,77,LU,15,17,0.028597,RISK_DASHBOARD,2021-09-30
2620,77,LU,16,17,0.046308,RISK_DASHBOARD,2021-12-31
2621,77,LU,17,17,0.046214,RISK_DASHBOARD,2022-03-31
2622,77,LU,18,17,0.031627,RISK_DASHBOARD,2022-06-30
2623,77,LU,19,17,0.038741,RISK_DASHBOARD,2022-09-30
2624,77,LU,20,17,0.045835,RISK_DASHBOARD,2022-12-31
2625,77,LU,21,17,0.031834,RISK_DASHBOARD,2023-03-31
2626,77,LU,22,17,0.036908,RISK_DASHBOARD,2023-06-30
2627,77,LU,23,17,0.027546,RISK_DASHBOARD,2023-09-30
2628,77,LU,24,17,0.042357,RISK_DASHBOARD,2023-12-31
2629,77,LU,25,17,0.050204,RISK_DASHBOARD,2024-03-31
2630,77,LU,26,17,0.042396,RISK_DASHBOARD,2024-06-30
2631,77,LU,27,17,0.049937,RISK_DASHBOARD,2024-09-30
2632,77,LU,28,17,0.048104,RISK_DASHBOARD,2024-12-31
2633,78,LV,1,17,0.065432,RISK_DASHBOARD,2018-03-31
2634,78,LV,2,17,0.073052,RISK_DASHBOARD,2018-06-30
2635,78,LV,3,17,0.067966,RISK_DASHBOARD,2018-09-30
2636,78,LV,4,17,0.055428,RISK_DASHBOARD,2018-12-31
2637,78,LV,5,17,0.067582,RISK_DASHBOARD,2019-03-31
2638,78,LV,6,17,0.074613,RISK_DASHBOARD,2019-06-30
2639,78,LV,7,17,0.058289,RISK_DASHBOARD,2019-09-30
2640,78,LV,8,17,0.051687,RISK_DASHBOARD,2019-12-31
2641,78,LV,9,17,0.066867,RISK_DASHBOARD,2020-03-31
2642,78,LV,10,17,0.062342,RISK_DASHBOARD,2020-06-30
2643,78,LV,11,17,0.055655,RISK_DASHBOARD,2020-09-30
2644,78,LV,12,17,0.0659,RISK_DASHBOARD,2020-12-31
2645,78,LV,13,17,0.053251,RISK_DASHBOARD,2021-03-31
2646,78,LV,14,17,0.058008,RISK_DASHBOARD,2021-06-30
2647,78,LV,15,17,0.051636,RISK_DASHBOARD,2021-09-30
2648,78,LV,16,17,0.058413,RISK_DASHBOARD,2021-12-31
2649,78,LV,17,17,0.053042,RISK_DASHBOARD,2022-03-31
2650,78,LV,18,17,0.057833,RISK_DASHBOARD,2022-06-30
2651,78,LV,19,17,0.0666,RISK_DASHBOARD,2022-09-30
2652,78,LV,20,17,0.069859,RISK_DASHBOARD,2022-12-31
2653,78,LV,21,17,0.057757,RISK_DASHBOARD,2023-03-31
2654,78,LV,22,17,0.074345,RISK_DASHBOARD,2023-06-30
2655,78,LV,23,17,0.066927,RISK_DASHBOARD,2023-09-30
2656,78,LV,24,17,0.074188,RISK_DASHBOARD,2023-12-31
2657,78,LV,25,17,0.067984,RISK_DASHBOARD,2024-03-31
2658,78,LV,26,17,0.059309,RISK_DASHBOARD,2024-06-30
2659,78,LV,27,17,0.053768,RISK_DASHBOARD,2024-09-30
2660,78,LV,28,17,0.0648,RISK_DASHBOARD,2024-12-31
2661,79,MT,1,17,0.060267,RISK_DASHBOARD,2018-03-31
2662,79,MT,2,17,0.060074,RISK_DASHBOARD,2018-06-30
2663,79,MT,3,17,0.064007,RISK_DASHBOARD,2018-09-30
2664,79,MT,4,17,0.070775,RISK_DASHBOARD,2018-12-31
2665,79,MT,5,17,0.068769,RISK_DASHBOARD,2019-03-31
2666,79,MT,6,17,0.058487,RISK_DASHBOARD,2019-06-30
2667,79,MT,7,17,0.073608,RISK_DASHBOARD,2019-09-30
2668,79,MT,8,17,0.0541,RISK_DASHBOARD,2019-12-31
2669,79,MT,9,17,0.063894,RISK_DASHBOARD,2020-03-31
2670,79,MT,10,17,0.066253,RISK_DASHBOARD,2020-06-30
2671,79,MT,11,17,0.07473,RISK_DASHBOARD,2020-09-30
2672,79,MT,12,17,0.062522,RISK_DASHBOARD,2020-12-31
2673,79,MT,13,17,0.069748,RISK_DASHBOARD,2021-03-31
2674,79,MT,14,17,0.068624,RISK_DASHBOARD,2021-06-30
2675,79,MT,15,17,0.073455,RISK_DASHBOARD,2021-09-30
2676,79,MT,16,17,0.061095,RISK_DASHBOARD,2021-12-31
2677,79,MT,17,17,0.073031,RISK_DASHBOARD,2022-03-31
2678,79,MT,18,17,0.065019,RISK_DASHBOARD,2022-06-30
2679,79,MT,19,17,0.061039,RISK_DASHBOARD,2022-09-30
2680,79,MT,20,17,0.070297,RISK_DASHBOARD,2022-12-31
2681,79,MT,21,17,0.072668,RISK_DASHBOARD,2023-03-31
2682,79,MT,22,17,0.061859,RISK_DASHBOARD,2023-06-30
2683,79,MT,23,17,0.055925,RISK_DASHBOARD,2023-09-30
2684,79,MT,24,17,0.07255,RISK_DASHBOARD,2023-12-31
2685,79,MT,25,17,0.069252,RISK_DASHBOARD,2024-03-31
2686,79,MT,26,17,0.063871,RISK_DASHBOARD,2024-06-30
2687,79,MT,27,17,0.060689,RISK_DASHBOARD,2024-09-30
2688,79,MT,28,17,0.075203,RISK_DASHBOARD,2024-12-31
2689,80,NL,1,17,0.073647,RISK_DASHBOARD,2018-03-31
2690,80,NL,2,17,0.071269,RISK_DASHBOARD,2018-06-30
2691,80,NL,3,17,0.080823,RISK_DASHBOARD,2018-09-30
2692,80,NL,4,17,0.080416,RISK_DASHBOARD,2018-12-31
2693,80,NL,5,17,0.071863,RISK_DASHBOARD,2019-03-31
2694,80,NL,6,17,0.068183,RISK_DASHBOARD,2019-06-30
2695,80,NL,7,17,0.081557,RISK_DASHBOARD,2019-09-30
2696,80,NL,8,17,0.064913,RISK_DASHBOARD,2019-12-31
2697,80,NL,9,17,0.063793,RISK_DASHBOARD,2020-03-31
2698,80,NL,10,17,0.08549,RISK_DASHBOARD,2020-06-30
2699,80,NL,11,17,0.067967,RISK_DASHBOARD,2020-09-30
2700,80,NL,12,17,0.068686,RISK_DASHBOARD,2020-12-31
2701,80,NL,13,17,0.079164,RISK_DASHBOARD,2021-03-31
2702,80,NL,14,17,0.081378,RISK_DASHBOARD,2021-06-30
2703,80,NL,15,17,0.071726,RISK_DASHBOARD,2021-09-30
2704,80,NL,16,17,0.073116,RISK_DASHBOARD,2021-12-31
2705,80,NL,17,17,0.071778,RISK_DASHBOARD,2022-03-31
2706,80,NL,18,17,0.080229,RISK_DASHBOARD,2022-06-30
2707,80,NL,19,17,0.075835,RISK_DASHBOARD,2022-09-30
2708,80,NL,20,17,0.070653,RISK_DASHBOARD,2022-12-31
2709,80,NL,21,17,0.07318,RISK_DASHBOARD,2023-03-31
2710,80,NL,22,17,0.069584,RISK_DASHBOARD,2023-06-30
2711,80,NL,23,17,0.075965,RISK_DASHBOARD,2023-09-30
2712,80,NL,24,17,0.064659,RISK_DASHBOARD,2023-12-31
2713,80,NL,25,17,0.066728,RISK_DASHBOARD,2024-03-31
2714,80,NL,26,17,0.062361,RISK_DASHBOARD,2024-06-30
2715,80,NL,27,17,0.08299,RISK_DASHBOARD,2024-09-30
2716,80,NL,28,17,0.083891,RISK_DASHBOARD,2024-12-31
2717,81,NO,1,17,0.036573,RISK_DASHBOARD,2018-03-31
2718,81,NO,2,17,0.035707,RISK_DASHBOARD,2018-06-30
2719,81,NO,3,17,0.036391,RISK_DASHBOARD,2018-09-30
2720,81,NO,4,17,0.048183,RISK_DASHBOARD,2018-12-31
2721,81,NO,5,17,0.046939,RISK_DASHBOARD,2019-03-31
2722,81,NO,6,17,0.056137,RISK_DASHBOARD,2019-06-30
2723,81,NO,7,17,0.054654,RISK_DASHBOARD,2019-09-30
2724,81,NO,8,17,0.04564,RISK_DASHBOARD,2019-12-31
2725,81,NO,9,17,0.055801,RISK_DASHBOARD,2020-03-31
2726,81,NO,10,17,0.037486,RISK_DASHBOARD,2020-06-30
2727,81,NO,11,17,0.046638,RISK_DASHBOARD,2020-09-30
2728,81,NO,12,17,0.040343,RISK_DASHBOARD,2020-12-31
2729,81,NO,13,17,0.055043,RISK_DASHBOARD,2021-03-31
2730,81,NO,14,17,0.049059,RISK_DASHBOARD,2021-06-30
2731,81,NO,15,17,0.044033,RISK_DASHBOARD,2021-09-30
2732,81,NO,16,17,0.034566,RISK_DASHBOARD,2021-12-31
2733,81,NO,17,17,0.042556,RISK_DASHBOARD,2022-03-31
2734,81,NO,18,17,0.040718,RISK_DASHBOARD,2022-06-30
2735,81,NO,19,17,0.04975,RISK_DASHBOARD,2022-09-30
2736,81,NO,20,17,0.037673,RISK_DASHBOARD,2022-12-31
2737,81,NO,21,17,0.044242,RISK_DASHBOARD,2023-03-31
2738,81,NO,22,17,0.052976,RISK_DASHBOARD,2023-06-30
2739,81,NO,23,17,0.0493,RISK_DASHBOARD,2023-09-30
2740,81,NO,24,17,0.052136,RISK_DASHBOARD,2023-12-31
2741,81,NO,25,17,0.049708,RISK_DASHBOARD,2024-03-31
2742,81,NO,26,17,0.042114,RISK_DASHBOARD,2024-06-30
2743,81,NO,27,17,0.037575,RISK_DASHBOARD,2024-09-30
2744,81,NO,28,17,0.033806,RISK_DASHBOARD,2024-12-31
2745,82,PL,1,17,0.053689,RISK_DASHBOARD,2018-03-31
2746,82,PL,2,17,0.05695,RISK_DASHBOARD,2018-06-30
2747,82,PL,3,17,0.046501,RISK_DASHBOARD,2018-09-30
2748,82,PL,4,17,0.062576,RISK_DASHBOARD,2018-12-31
2749,82,PL,5,17,0.054361,RISK_DASHBOARD,2019-03-31
2750,82,PL,6,17,0.061933,RISK_DASHBOARD,2019-06-30
2751,82,PL,7,17,0.052918,RISK_DASHBOARD,2019-09-30
2752,82,PL,8,17,0.061813,RISK_DASHBOARD,2019-12-31
2753,82,PL,9,17,0.054134,RISK_DASHBOARD,2020-03-31
2754,82,PL,10,17,0.044988,RISK_DASHBOARD,2020-06-30
2755,82,PL,11,17,0.057889,RISK_DASHBOARD,2020-09-30
2756,82,PL,12,17,0.047905,RISK_DASHBOARD,2020-12-31
2757,82,PL,13,17,0.05548,RISK_DASHBOARD,2021-03-31
2758,82,PL,14,17,0.040666,RISK_DASHBOARD,2021-06-30
2759,82,PL,15,17,0.046934,RISK_DASHBOARD,2021-09-30
2760,82,PL,16,17,0.042945,RISK_DASHBOARD,2021-12-31
2761,82,PL,17,17,0.05626,RISK_DASHBOARD,2022-03-31
2762,82,PL,18,17,0.048196,RISK_DASHBOARD,2022-06-30
2763,82,PL,19,17,0.041466,RISK_DASHBOARD,2022-09-30
2764,82,PL,20,17,0.060849,RISK_DASHBOARD,2022-12-31
2765,82,PL,21,17,0.060163,RISK_DASHBOARD,2023-03-31
2766,82,PL,22,17,0.040888,RISK_DASHBOARD,2023-06-30
2767,82,PL,23,17,0.041594,RISK_DASHBOARD,2023-09-30
2768,82,PL,24,17,0.041969,RISK_DASHBOARD,2023-12-31
2769,82,PL,25,17,0.043024,RISK_DASHBOARD,2024-03-31
2770,82,PL,26,17,0.043722,RISK_DASHBOARD,2024-06-30
2771,82,PL,27,17,0.047082,RISK_DASHBOARD,2024-09-30
2772,82,PL,28,17,0.059589,RISK_DASHBOARD,2024-12-31
2773,83,PT,1,17,0.074364,RISK_DASHBOARD,2018-03-31
2774,83,PT,2,17,0.064118,RISK_DASHBOARD,2018-06-30
2775,83,PT,3,17,0.064576,RISK_DASHBOARD,2018-09-30
2776,83,PT,4,17,0.074238,RISK_DASHBOARD,2018-12-31
2777,83,PT,5,17,0.074524,RISK_DASHBOARD,2019-03-31
2778,83,PT,6,17,0.077397,RISK_DASHBOARD,2019-06-30
2779,83,PT,7,17,0.074702,RISK_DASHBOARD,2019-09-30
2780,83,PT,8,17,0.079495,RISK_DASHBOARD,2019-12-31
2781,83,PT,9,17,0.07615,RISK_DASHBOARD,2020-03-31
2782,83,PT,10,17,0.069374,RISK_DASHBOARD,2020-06-30
2783,83,PT,11,17,0.058352,RISK_DASHBOARD,2020-09-30
2784,83,PT,12,17,0.071211,RISK_DASHBOARD,2020-12-31
2785,83,PT,13,17,0.06789,RISK_DASHBOARD,2021-03-31
2786,83,PT,14,17,0.05819,RISK_DASHBOARD,2021-06-30
2787,83,PT,15,17,0.064395,RISK_DASHBOARD,2021-09-30
2788,83,PT,16,17,0.058916,RISK_DASHBOARD,2021-12-31
2789,83,PT,17,17,0.065292,RISK_DASHBOARD,2022-03-31
2790,83,PT,18,17,0.068514,RISK_DASHBOARD,2022-06-30
2791,83,PT,19,17,0.062415,RISK_DASHBOARD,2022-09-30
2792,83,PT,20,17,0.073041,RISK_DASHBOARD,2022-12-31
2793,83,PT,21,17,0.069295,RISK_DASHBOARD,2023-03-31
2794,83,PT,22,17,0.074561,RISK_DASHBOARD,2023-06-30
2795,83,PT,23,17,0.070335,RISK_DASHBOARD,2023-09-30
2796,83,PT,24,17,0.068749,RISK_DASHBOARD,2023-12-31
2797,83,PT,25,17,0.064575,RISK_DASHBOARD,2024-03-31
2798,83,PT,26,17,0.069776,RISK_DASHBOARD,2024-06-30
2799,83,PT,27,17,0.063079,RISK_DASHBOARD,2024-09-30
2800,83,PT,28,17,0.061868,RISK_DASHBOARD,2024-12-31
2801,84,RO,1,17,0.06557,RISK_DASHBOARD,2018-03-31
2802,84,RO,2,17,0.082313,RISK_DASHBOARD,2018-06-30
2803,84,RO,3,17,0.080852,RISK_DASHBOARD,2018-09-30
2804,84,RO,4,17,0.07555,RISK_DASHBOARD,2018-12-31
2805,84,RO,5,17,0.061758,RISK_DASHBOARD,2019-03-31
2806,84,RO,6,17,0.068335,RISK_DASHBOARD,2019-06-30
2807,84,RO,7,17,0.070329,RISK_DASHBOARD,2019-09-30
2808,84,RO,8,17,0.077829,RISK_DASHBOARD,2019-12-31
2809,84,RO,9,17,0.0674,RISK_DASHBOARD,2020-03-31
2810,84,RO,10,17,0.073056,RISK_DASHBOARD,2020-06-30
2811,84,RO,11,17,0.067451,RISK_DASHBOARD,2020-09-30
2812,84,RO,12,17,0.064232,RISK_DASHBOARD,2020-12-31
2813,84,RO,13,17,0.081486,RISK_DASHBOARD,2021-03-31
2814,84,RO,14,17,0.077198,RISK_DASHBOARD,2021-06-30
2815,84,RO,15,17,0.071959,RISK_DASHBOARD,2021-09-30
2816,84,RO,16,17,0.07937,RISK_DASHBOARD,2021-12-31
2817,84,RO,17,17,0.06623,RISK_DASHBOARD,2022-03-31
2818,84,RO,18,17,0.062452,RISK_DASHBOARD,2022-06-30
2819,84,RO,19,17,0.081816,RISK_DASHBOARD,2022-09-30
2820,84,RO,20,17,0.062083,RISK_DASHBOARD,2022-12-31
2821,84,RO,21,17,0.06177,RISK_DASHBOARD,2023-03-31
2822,84,RO,22,17,0.083172,RISK_DASHBOARD,2023-06-30
2823,84,RO,23,17,0.076179,RISK_DASHBOARD,2023-09-30
2824,84,RO,24,17,0.07032,RISK_DASHBOARD,2023-12-31
2825,84,RO,25,17,0.076581,RISK_DASHBOARD,2024-03-31
2826,84,RO,26,17,0.065694,RISK_DASHBOARD,2024-06-30
2827,84,RO,27,17,0.075087,RISK_DASHBOARD,2024-09-30
2828,84,RO,28,17,0.066346,RISK_DASHBOARD,2024-12-31
2829,85,SE,1,17,0.036898,RISK_DASHBOARD,2018-03-31
2830,85,SE,2,17,0.042291,RISK_DASHBOARD,2018-06-30
2831,85,SE,3,17,0.048893,RISK_DASHBOARD,2018-09-30
2832,85,SE,4,17,0.049902,RISK_DASHBOARD,2018-12-31
2833,85,SE,5,17,0.053966,RISK_DASHBOARD,2019-03-31
2834,85,SE,6,17,0.052759,RISK_DASHBOARD,2019-06-30
2835,85,SE,7,17,0.04904,RISK_DASHBOARD,2019-09-30
2836,85,SE,8,17,0.040072,RISK_DASHBOARD,2019-12-31
2837,85,SE,9,17,0.046419,RISK_DASHBOARD,2020-03-31
2838,85,SE,10,17,0.053652,RISK_DASHBOARD,2020-06-30
2839,85,SE,11,17,0.051547,RISK_DASHBOARD,2020-09-30
2840,85,SE,12,17,0.037219,RISK_DASHBOARD,2020-12-31
2841,85,SE,13,17,0.051051,RISK_DASHBOARD,2021-03-31
2842,85,SE,14,17,0.043867,RISK_DASHBOARD,2021-06-30
2843,85,SE,15,17,0.06016,RISK_DASHBOARD,2021-09-30
2844,85,SE,16,17,0.046412,RISK_DASHBOARD,2021-12-31
2845,85,SE,17,17,0.055702,RISK_DASHBOARD,2022-03-31
2846,85,SE,18,17,0.051979,RISK_DASHBOARD,2022-06-30
2847,85,SE,19,17,0.060121,RISK_DASHBOARD,2022-09-30
2848,85,SE,20,17,0.044216,RISK_DASHBOARD,2022-12-31
2849,85,SE,21,17,0.042194,RISK_DASHBOARD,2023-03-31
2850,85,SE,22,17,0.05713,RISK_DASHBOARD,2023-06-30
2851,85,SE,23,17,0.054146,RISK_DASHBOARD,2023-09-30
2852,85,SE,24,17,0.039276,RISK_DASHBOARD,2023-12-31
2853,85,SE,25,17,0.052348,RISK_DASHBOARD,2024-03-31
2854,85,SE,26,17,0.03857,RISK_DASHBOARD,2024-06-30
2855,85,SE,27,17,0.037282,RISK_DASHBOARD,2024-09-30
2856,85,SE,28,17,0.04554,RISK_DASHBOARD,2024-12-31
2857,86,SI,1,17,0.054909,RISK_DASHBOARD,2018-03-31
2858,86,SI,2,17,0.056247,RISK_DASHBOARD,2018-06-30
2859,86,SI,3,17,0.045457,RISK_DASHBOARD,2018-09-30
2860,86,SI,4,17,0.064065,RISK_DASHBOARD,2018-12-31
2861,86,SI,5,17,0.061877,RISK_DASHBOARD,2019-03-31
2862,86,SI,6,17,0.057287,RISK_DASHBOARD,2019-06-30
2863,86,SI,7,17,0.047296,RISK_DASHBOARD,2019-09-30
2864,86,SI,8,17,0.0623,RISK_DASHBOARD,2019-12-31
2865,86,SI,9,17,0.066514,RISK_DASHBOARD,2020-03-31
2866,86,SI,10,17,0.057501,RISK_DASHBOARD,2020-06-30
2867,86,SI,11,17,0.059151,RISK_DASHBOARD,2020-09-30
2868,86,SI,12,17,0.046222,RISK_DASHBOARD,2020-12-31
2869,86,SI,13,17,0.053428,RISK_DASHBOARD,2021-03-31
2870,86,SI,14,17,0.057694,RISK_DASHBOARD,2021-06-30
2871,86,SI,15,17,0.060596,RISK_DASHBOARD,2021-09-30
2872,86,SI,16,17,0.061939,RISK_DASHBOARD,2021-12-31
2873,86,SI,17,17,0.062661,RISK_DASHBOARD,2022-03-31
2874,86,SI,18,17,0.052457,RISK_DASHBOARD,2022-06-30
2875,86,SI,19,17,0.046761,RISK_DASHBOARD,2022-09-30
2876,86,SI,20,17,0.059206,RISK_DASHBOARD,2022-12-31
2877,86,SI,21,17,0.044132,RISK_DASHBOARD,2023-03-31
2878,86,SI,22,17,0.057168,RISK_DASHBOARD,2023-06-30
2879,86,SI,23,17,0.052202,RISK_DASHBOARD,2023-09-30
2880,86,SI,24,17,0.044685,RISK_DASHBOARD,2023-12-31
2881,86,SI,25,17,0.058355,RISK_DASHBOARD,2024-03-31
2882,86,SI,26,17,0.054217,RISK_DASHBOARD,2024-06-30
2883,86,SI,27,17,0.064117,RISK_DASHBOARD,2024-09-30
2884,86,SI,28,17,0.062359,RISK_DASHBOARD,2024-12-31
2885,87,SK,1,17,0.047138,RISK_DASHBOARD,2018-03-31
2886,87,SK,2,17,0.052712,RISK_DASHBOARD,2018-06-30
2887,87,SK,3,17,0.062,RISK_DASHBOARD,2018-09-30
2888,87,SK,4,17,0.048047,RISK_DASHBOARD,2018-12-31
2889,87,SK,5,17,0.040676,RISK_DASHBOARD,2019-03-31
2890,87,SK,6,17,0.054438,RISK_DASHBOARD,2019-06-30
2891,87,SK,7,17,0.055164,RISK_DASHBOARD,2019-09-30
2892,87,SK,8,17,0.047362,RISK_DASHBOARD,2019-12-31
2893,87,SK,9,17,0.047325,RISK_DASHBOARD,2020-03-31
2894,87,SK,10,17,0.062709,RISK_DASHBOARD,2020-06-30
2895,87,SK,11,17,0.045565,RISK_DASHBOARD,2020-09-30
2896,87,SK,12,17,0.043342,RISK_DASHBOARD,2020-12-31
2897,87,SK,13,17,0.059414,RISK_DASHBOARD,2021-03-31
2898,87,SK,14,17,0.059816,RISK_DASHBOARD,2021-06-30
2899,87,SK,15,17,0.039272,RISK_DASHBOARD,2021-09-30
2900,87,SK,16,17,0.048662,RISK_DASHBOARD,2021-12-31
2901,87,SK,17,17,0.062356,RISK_DASHBOARD,2022-03-31
2902,87,SK,18,17,0.043622,RISK_DASHBOARD,2022-06-30
2903,87,SK,19,17,0.055636,RISK_DASHBOARD,2022-09-30
2904,87,SK,20,17,0.04594,RISK_DASHBOARD,2022-12-31
2905,87,SK,21,17,0.051354,RISK_DASHBOARD,2023-03-31
2906,87,SK,22,17,0.043679,RISK_DASHBOARD,2023-06-30
2907,87,SK,23,17,0.046034,RISK_DASHBOARD,2023-09-30
2908,87,SK,24,17,0.044906,RISK_DASHBOARD,2023-12-31
2909,87,SK,25,17,0.062969,RISK_DASHBOARD,2024-03-31
2910,87,SK,26,17,0.057956,RISK_DASHBOARD,2024-06-30
2911,87,SK,27,17,0.060971,RISK_DASHBOARD,2024-09-30
2912,87,SK,28,17,0.046423,RISK_DASHBOARD,2024-12-31
2913,62,AT,1,18,0.990241,RISK_DASHBOARD,2018-03-31
2914,62,AT,2,18,1.009704,RISK_DASHBOARD,2018-06-30
2915,62,AT,3,18,1.06628,RISK_DASHBOARD,2018-09-30
2916,62,AT,4,18,1.081397,RISK_DASHBOARD,2018-12-31
2917,62,AT,5,18,1.096146,RISK_DASHBOARD,2019-03-31
2918,62,AT,6,18,0.963665,RISK_DASHBOARD,2019-06-30
2919,62,AT,7,18,1.082283,RISK_DASHBOARD,2019-09-30
2920,62,AT,8,18,1.080545,RISK_DASHBOARD,2019-12-31
2921,62,AT,9,18,1.061486,RISK_DASHBOARD,2020-03-31
2922,62,AT,10,18,1.056333,RISK_DASHBOARD,2020-06-30
2923,62,AT,11,18,0.983629,RISK_DASHBOARD,2020-09-30
2924,62,AT,12,18,1.100561,RISK_DASHBOARD,2020-12-31
2925,62,AT,13,18,1.06833,RISK_DASHBOARD,2021-03-31
2926,62,AT,14,18,1.043279,RISK_DASHBOARD,2021-06-30
2927,62,AT,15,18,1.0067,RISK_DASHBOARD,2021-09-30
2928,62,AT,16,18,1.128366,RISK_DASHBOARD,2021-12-31
2929,62,AT,17,18,0.992196,RISK_DASHBOARD,2022-03-31
2930,62,AT,18,18,1.06665,RISK_DASHBOARD,2022-06-30
2931,62,AT,19,18,1.090358,RISK_DASHBOARD,2022-09-30
2932,62,AT,20,18,1.028786,RISK_DASHBOARD,2022-12-31
2933,62,AT,21,18,1.081663,RISK_DASHBOARD,2023-03-31
2934,62,AT,22,18,1.008825,RISK_DASHBOARD,2023-06-30
2935,62,AT,23,18,1.112858,RISK_DASHBOARD,2023-09-30
2936,62,AT,24,18,1.014133,RISK_DASHBOARD,2023-12-31
2937,62,AT,25,18,1.025899,RISK_DASHBOARD,2024-03-31
2938,62,AT,26,18,1.028561,RISK_DASHBOARD,2024-06-30
2939,62,AT,27,18,1.13542,RISK_DASHBOARD,2024-09-30
2940,62,AT,28,18,0.961509,RISK_DASHBOARD,2024-12-31
2941,63,BE,1,18,1.078771,RISK_DASHBOARD,2018-03-31
2942,63,BE,2,18,1.031053,RISK_DASHBOARD,2018-06-30
2943,63,BE,3,18,1.07044,RISK_DASHBOARD,2018-09-30
2944,63,BE,4,18,1.070146,RISK_DASHBOARD,2018-12-31
2945,63,BE,5,18,1.038928,RISK_DASHBOARD,2019-03-31
2946,63,BE,6,18,0.992625,RISK_DASHBOARD,2019-06-30
2947,63,BE,7,18,1.067022,RISK_DASHBOARD,2019-09-30
2948,63,BE,8,18,1.006958,RISK_DASHBOARD,2019-12-31
2949,63,BE,9,18,1.112074,RISK_DASHBOARD,2020-03-31
2950,63,BE,10,18,1.013982,RISK_DASHBOARD,2020-06-30
2951,63,BE,11,18,0.979496,RISK_DASHBOARD,2020-09-30
2952,63,BE,12,18,1.010153,RISK_DASHBOARD,2020-12-31
2953,63,BE,13,18,1.056507,RISK_DASHBOARD,2021-03-31
2954,63,BE,14,18,0.999581,RISK_DASHBOARD,2021-06-30
2955,63,BE,15,18,0.993666,RISK_DASHBOARD,2021-09-30
2956,63,BE,16,18,1.033231,RISK_DASHBOARD,2021-12-31
2957,63,BE,17,18,1.029752,RISK_DASHBOARD,2022-03-31
2958,63,BE,18,18,0.972404,RISK_DASHBOARD,2022-06-30
2959,63,BE,19,18,1.099105,RISK_DASHBOARD,2022-09-30
2960,63,BE,20,18,1.017524,RISK_DASHBOARD,2022-12-31
2961,63,BE,21,18,1.137347,RISK_DASHBOARD,2023-03-31
2962,63,BE,22,18,1.095905,RISK_DASHBOARD,2023-06-30
2963,63,BE,23,18,0.973836,RISK_DASHBOARD,2023-09-30
2964,63,BE,24,18,0.943466,RISK_DASHBOARD,2023-12-31
2965,63,BE,25,18,1.017411,RISK_DASHBOARD,2024-03-31
2966,63,BE,26,18,1.013766,RISK_DASHBOARD,2024-06-30
2967,63,BE,27,18,1.052338,RISK_DASHBOARD,2024-09-30
2968,63,BE,28,18,0.973894,RISK_DASHBOARD,2024-12-31
2969,64,CY,1,18,1.089218,RISK_DASHBOARD,2018-03-31
2970,64,CY,2,18,0.986186,RISK_DASHBOARD,2018-06-30
2971,64,CY,3,18,1.101604,RISK_DASHBOARD,2018-09-30
2972,64,CY,4,18,1.012995,RISK_DASHBOARD,2018-12-31
2973,64,CY,5,18,0.974746,RISK_DASHBOARD,2019-03-31
2974,64,CY,6,18,0.946284,RISK_DASHBOARD,2019-06-30
2975,64,CY,7,18,1.027602,RISK_DASHBOARD,2019-09-30
2976,64,CY,8,18,1.068937,RISK_DASHBOARD,2019-12-31
2977,64,CY,9,18,1.021797,RISK_DASHBOARD,2020-03-31
2978,64,CY,10,18,0.938499,RISK_DASHBOARD,2020-06-30
2979,64,CY,11,18,0.990305,RISK_DASHBOARD,2020-09-30
2980,64,CY,12,18,1.112262,RISK_DASHBOARD,2020-12-31
2981,64,CY,13,18,1.098754,RISK_DASHBOARD,2021-03-31
2982,64,CY,14,18,1.089586,RISK_DASHBOARD,2021-06-30
2983,64,CY,15,18,1.034948,RISK_DASHBOARD,2021-09-30
2984,64,CY,16,18,1.068333,RISK_DASHBOARD,2021-12-31
2985,64,CY,17,18,1.058335,RISK_DASHBOARD,2022-03-31
2986,64,CY,18,18,1.109438,RISK_DASHBOARD,2022-06-30
2987,64,CY,19,18,0.963316,RISK_DASHBOARD,2022-09-30
2988,64,CY,20,18,1.130238,RISK_DASHBOARD,2022-12-31
2989,64,CY,21,18,1.078732,RISK_DASHBOARD,2023-03-31
2990,64,CY,22,18,0.941398,RISK_DASHBOARD,2023-06-30
2991,64,CY,23,18,1.080375,RISK_DASHBOARD,2023-09-30
2992,64,CY,24,18,0.990884,RISK_DASHBOARD,2023-12-31
2993,64,CY,25,18,1.124944,RISK_DASHBOARD,2024-03-31
2994,64,CY,26,18,1.094496,RISK_DASHBOARD,2024-06-30
2995,64,CY,27,18,0.94258,RISK_DASHBOARD,2024-09-30
2996,64,CY,28,18,1.0,RISK_DASHBOARD,2024-12-31
2997,65,DE,1,18,1.126597,RISK_DASHBOARD,2018-03-31
2998,65,DE,2,18,1.093473,RISK_DASHBOARD,2018-06-30
2999,65,DE,3,18,1.054711,RISK_DASHBOARD,2018-09-30
3000,65,DE,4,18,1.053908,RISK_DASHBOARD,2018-12-31
3001,65,DE,5,18,1.12214,RISK_DASHBOARD,2019-03-31
3002,65,DE,6,18,0.981783,RISK_DASHBOARD,2019-06-30
3003,65,DE,7,18,1.114493,RISK_DASHBOARD,2019-09-30
3004,65,DE,8,18,1.004679,RISK_DASHBOARD,2019-12-31
3005,65,DE,9,18,1.144161,RISK_DASHBOARD,2020-03-31
3006,65,DE,10,18,0.964398,RISK_DASHBOARD,2020-06-30
3007,65,DE,11,18,1.105567,RISK_DASHBOARD,2020-09-30
3008,65,DE,12,18,0.958089,RISK_DASHBOARD,2020-12-31
3009,65,DE,13,18,1.029073,RISK_DASHBOARD,2021-03-31
3010,65,DE,14,18,1.093051,RISK_DASHBOARD,2021-06-30
3011,65,DE,15,18,1.136115,RISK_DASHBOARD,2021-09-30
3012,65,DE,16,18,1.036701,RISK_DASHBOARD,2021-12-31
3013,65,DE,17,18,1.119387,RISK_DASHBOARD,2022-03-31
3014,65,DE,18,18,1.078759,RISK_DASHBOARD,2022-06-30
3015,65,DE,19,18,1.085465,RISK_DASHBOARD,2022-09-30
3016,65,DE,20,18,1.109057,RISK_DASHBOARD,2022-12-31
3017,65,DE,21,18,1.141028,RISK_DASHBOARD,2023-03-31
3018,65,DE,22,18,1.104511,RISK_DASHBOARD,2023-06-30
3019,65,DE,23,18,1.051088,RISK_DASHBOARD,2023-09-30
3020,65,DE,24,18,1.055012,RISK_DASHBOARD,2023-12-31
3021,65,DE,25,18,1.12907,RISK_DASHBOARD,2024-03-31
3022,65,DE,26,18,1.116714,RISK_DASHBOARD,2024-06-30
3023,65,DE,27,18,1.153036,RISK_DASHBOARD,2024-09-30
3024,65,DE,28,18,1.138233,RISK_DASHBOARD,2024-12-31
3025,66,DK,1,18,1.155908,RISK_DASHBOARD,2018-03-31
3026,66,DK,2,18,1.04404,RISK_DASHBOARD,2018-06-30
3027,66,DK,3,18,1.145091,RISK_DASHBOARD,2018-09-30
3028,66,DK,4,18,1.159252,RISK_DASHBOARD,2018-12-31
3029,66,DK,5,18,0.980499,RISK_DASHBOARD,2019-03-31
3030,66,DK,6,18,1.090126,RISK_DASHBOARD,2019-06-30
3031,66,DK,7,18,0.997925,RISK_DASHBOARD,2019-09-30
3032,66,DK,8,18,1.026193,RISK_DASHBOARD,2019-12-31
3033,66,DK,9,18,1.079805,RISK_DASHBOARD,2020-03-31
3034,66,DK,10,18,1.143851,RISK_DASHBOARD,2020-06-30
3035,66,DK,11,18,1.055568,RISK_DASHBOARD,2020-09-30
3036,66,DK,12,18,0.977286,RISK_DASHBOARD,2020-12-31
3037,66,DK,13,18,0.995279,RISK_DASHBOARD,2021-03-31
3038,66,DK,14,18,0.993786,RISK_DASHBOARD,2021-06-30
3039,66,DK,15,18,1.013577,RISK_DASHBOARD,2021-09-30
3040,66,DK,16,18,1.070483,RISK_DASHBOARD,2021-12-31
3041,66,DK,17,18,0.988369,RISK_DASHBOARD,2022-03-31
3042,66,DK,18,18,1.050527,RISK_DASHBOARD,2022-06-30
3043,66,DK,19,18,1.136066,RISK_DASHBOARD,2022-09-30
3044,66,DK,20,18,1.004906,RISK_DASHBOARD,2022-12-31
3045,66,DK,21,18,1.059462,RISK_DASHBOARD,2023-03-31
3046,66,DK,22,18,1.149471,RISK_DASHBOARD,2023-06-30
3047,66,DK,23,18,1.158542,RISK_DASHBOARD,2023-09-30
3048,66,DK,24,18,1.066584,RISK_DASHBOARD,2023-12-31
3049,66,DK,25,18,1.147581,RISK_DASHBOARD,2024-03-31
3050,66,DK,26,18,0.976592,RISK_DASHBOARD,2024-06-30
3051,66,DK,27,18,1.061769,RISK_DASHBOARD,2024-09-30
3052,66,DK,28,18,1.068701,RISK_DASHBOARD,2024-12-31
3053,67,ES,1,18,1.053854,RISK_DASHBOARD,2018-03-31
3054,67,ES,2,18,1.012397,RISK_DASHBOARD,2018-06-30
3055,67,ES,3,18,1.088057,RISK_DASHBOARD,2018-09-30
3056,67,ES,4,18,0.992496,RISK_DASHBOARD,2018-12-31
3057,67,ES,5,18,1.091288,RISK_DASHBOARD,2019-03-31
3058,67,ES,6,18,1.069756,RISK_DASHBOARD,2019-06-30
3059,67,ES,7,18,1.123571,RISK_DASHBOARD,2019-09-30
3060,67,ES,8,18,1.112036,RISK_DASHBOARD,2019-12-31
3061,67,ES,9,18,0.970214,RISK_DASHBOARD,2020-03-31
3062,67,ES,10,18,1.058352,RISK_DASHBOARD,2020-06-30
3063,67,ES,11,18,1.095217,RISK_DASHBOARD,2020-09-30
3064,67,ES,12,18,0.966615,RISK_DASHBOARD,2020-12-31
3065,67,ES,13,18,1.02911,RISK_DASHBOARD,2021-03-31
3066,67,ES,14,18,1.14387,RISK_DASHBOARD,2021-06-30
3067,67,ES,15,18,1.003518,RISK_DASHBOARD,2021-09-30
3068,67,ES,16,18,1.063647,RISK_DASHBOARD,2021-12-31
3069,67,ES,17,18,1.095866,RISK_DASHBOARD,2022-03-31
3070,67,ES,18,18,1.012637,RISK_DASHBOARD,2022-06-30
3071,67,ES,19,18,1.139738,RISK_DASHBOARD,2022-09-30
3072,67,ES,20,18,1.149541,RISK_DASHBOARD,2022-12-31
3073,67,ES,21,18,1.123511,RISK_DASHBOARD,2023-03-31
3074,67,ES,22,18,1.044426,RISK_DASHBOARD,2023-06-30
3075,67,ES,23,18,1.106973,RISK_DASHBOARD,2023-09-30
3076,67,ES,24,18,0.975603,RISK_DASHBOARD,2023-12-31
3077,67,ES,25,18,1.126263,RISK_DASHBOARD,2024-03-31
3078,67,ES,26,18,1.04781,RISK_DASHBOARD,2024-06-30
3079,67,ES,27,18,0.983109,RISK_DASHBOARD,2024-09-30
3080,67,ES,28,18,1.113643,RISK_DASHBOARD,2024-12-31
3081,68,EU,1,18,1.053472,RISK_DASHBOARD,2018-03-31
3082,68,EU,2,18,1.098283,RISK_DASHBOARD,2018-06-30
3083,68,EU,3,18,1.048913,RISK_DASHBOARD,2018-09-30
3084,68,EU,4,18,1.145402,RISK_DASHBOARD,2018-12-31
3085,68,EU,5,18,0.995604,RISK_DASHBOARD,2019-03-31
3086,68,EU,6,18,1.029696,RISK_DASHBOARD,2019-06-30
3087,68,EU,7,18,0.996957,RISK_DASHBOARD,2019-09-30
3088,68,EU,8,18,0.990092,RISK_DASHBOARD,2019-12-31
3089,68,EU,9,18,1.126866,RISK_DASHBOARD,2020-03-31
3090,68,EU,10,18,0.949806,RISK_DASHBOARD,2020-06-30
3091,68,EU,11,18,0.98351,RISK_DASHBOARD,2020-09-30
3092,68,EU,12,18,1.139084,RISK_DASHBOARD,2020-12-31
3093,68,EU,13,18,0.955932,RISK_DASHBOARD,2021-03-31
3094,68,EU,14,18,1.059914,RISK_DASHBOARD,2021-06-30
3095,68,EU,15,18,0.981846,RISK_DASHBOARD,2021-09-30
3096,68,EU,16,18,1.001992,RISK_DASHBOARD,2021-12-31
3097,68,EU,17,18,1.028295,RISK_DASHBOARD,2022-03-31
3098,68,EU,18,18,1.070899,RISK_DASHBOARD,2022-06-30
3099,68,EU,19,18,1.122105,RISK_DASHBOARD,2022-09-30
3100,68,EU,20,18,1.003054,RISK_DASHBOARD,2022-12-31
3101,68,EU,21,18,1.072685,RISK_DASHBOARD,2023-03-31
3102,68,EU,22,18,0.96305,RISK_DASHBOARD,2023-06-30
3103,68,EU,23,18,1.059489,RISK_DASHBOARD,2023-09-30
3104,68,EU,24,18,1.066702,RISK_DASHBOARD,2023-12-31
3105,68,EU,25,18,1.011664,RISK_DASHBOARD,2024-03-31
3106,68,EU,26,18,1.147613,RISK_DASHBOARD,2024-06-30
3107,68,EU,27,18,1.138469,RISK_DASHBOARD,2024-09-30
3108,68,EU,28,18,1.018493,RISK_DASHBOARD,2024-12-31
3109,69,FI,1,18,1.017894,RISK_DASHBOARD,2018-03-31
3110,69,FI,2,18,1.103308,RISK_DASHBOARD,2018-06-30
3111,69,FI,3,18,1.088957,RISK_DASHBOARD,2018-09-30
3112,69,FI,4,18,1.01964,RISK_DASHBOARD,2018-12-31
3113,69,FI,5,18,1.00401,RISK_DASHBOARD,2019-03-31
3114,69,FI,6,18,1.048949,RISK_DASHBOARD,2019-06-30
3115,69,FI,7,18,1.117727,RISK_DASHBOARD,2019-09-30
3116,69,FI,8,18,0.994374,RISK_DASHBOARD,2019-12-31
3117,69,FI,9,18,1.032632,RISK_DASHBOARD,2020-03-31
3118,69,FI,10,18,1.122325,RISK_DASHBOARD,2020-06-30
3119,69,FI,11,18,0.985652,RISK_DASHBOARD,2020-09-30
3120,69,FI,12,18,1.041952,RISK_DASHBOARD,2020-12-31
3121,69,FI,13,18,1.083363,RISK_DASHBOARD,2021-03-31
3122,69,FI,14,18,1.14041,RISK_DASHBOARD,2021-06-30
3123,69,FI,15,18,0.976215,RISK_DASHBOARD,2021-09-30
3124,69,FI,16,18,1.067981,RISK_DASHBOARD,2021-12-31
3125,69,FI,17,18,1.124434,RISK_DASHBOARD,2022-03-31
3126,69,FI,18,18,1.062901,RISK_DASHBOARD,2022-06-30
3127,69,FI,19,18,1.102155,RISK_DASHBOARD,2022-09-30
3128,69,FI,20,18,1.104363,RISK_DASHBOARD,2022-12-31
3129,69,FI,21,18,1.123058,RISK_DASHBOARD,2023-03-31
3130,69,FI,22,18,1.029178,RISK_DASHBOARD,2023-06-30
3131,69,FI,23,18,1.005663,RISK_DASHBOARD,2023-09-30
3132,69,FI,24,18,1.135987,RISK_DASHBOARD,2023-12-31
3133,69,FI,25,18,1.11328,RISK_DASHBOARD,2024-03-31
3134,69,FI,26,18,0.997684,RISK_DASHBOARD,2024-06-30
3135,69,FI,27,18,1.067655,RISK_DASHBOARD,2024-09-30
3136,69,FI,28,18,1.085717,RISK_DASHBOARD,2024-12-31
3137,70,FR,1,18,1.01011,RISK_DASHBOARD,2018-03-31
3138,70,FR,2,18,1.045719,RISK_DASHBOARD,2018-06-30
3139,70,FR,3,18,1.011153,RISK_DASHBOARD,2018-09-30
3140,70,FR,4,18,1.06968,RISK_DASHBOARD,2018-12-31
3141,70,FR,5,18,0.992392,RISK_DASHBOARD,2019-03-31
3142,70,FR,6,18,1.125672,RISK_DASHBOARD,2019-06-30
3143,70,FR,7,18,1.033997,RISK_DASHBOARD,2019-09-30
3144,70,FR,8,18,1.084065,RISK_DASHBOARD,2019-12-31
3145,70,FR,9,18,1.119615,RISK_DASHBOARD,2020-03-31
3146,70,FR,10,18,0.947467,RISK_DASHBOARD,2020-06-30
3147,70,FR,11,18,0.975351,RISK_DASHBOARD,2020-09-30
3148,70,FR,12,18,1.070351,RISK_DASHBOARD,2020-12-31
3149,70,FR,13,18,1.036473,RISK_DASHBOARD,2021-03-31
3150,70,FR,14,18,1.12646,RISK_DASHBOARD,2021-06-30
3151,70,FR,15,18,1.055252,RISK_DASHBOARD,2021-09-30
3152,70,FR,16,18,1.003061,RISK_DASHBOARD,2021-12-31
3153,70,FR,17,18,1.033515,RISK_DASHBOARD,2022-03-31
3154,70,FR,18,18,0.976953,RISK_DASHBOARD,2022-06-30
3155,70,FR,19,18,1.118546,RISK_DASHBOARD,2022-09-30
3156,70,FR,20,18,1.026143,RISK_DASHBOARD,2022-12-31
3157,70,FR,21,18,0.93513,RISK_DASHBOARD,2023-03-31
3158,70,FR,22,18,1.051872,RISK_DASHBOARD,2023-06-30
3159,70,FR,23,18,1.019304,RISK_DASHBOARD,2023-09-30
3160,70,FR,24,18,0.966049,RISK_DASHBOARD,2023-12-31
3161,70,FR,25,18,1.043958,RISK_DASHBOARD,2024-03-31
3162,70,FR,26,18,1.006343,RISK_DASHBOARD,2024-06-30
3163,70,FR,27,18,1.021801,RISK_DASHBOARD,2024-09-30
3164,70,FR,28,18,1.113303,RISK_DASHBOARD,2024-12-31
3165,71,GR,1,18,1.077839,RISK_DASHBOARD,2018-03-31
3166,71,GR,2,18,1.107621,RISK_DASHBOARD,2018-06-30
3167,71,GR,3,18,1.157481,RISK_DASHBOARD,2018-09-30
3168,71,GR,4,18,1.133407,RISK_DASHBOARD,2018-12-31
3169,71,GR,5,18,1.14712,RISK_DASHBOARD,2019-03-31
3170,71,GR,6,18,1.161252,RISK_DASHBOARD,2019-06-30
3171,71,GR,7,18,1.02247,RISK_DASHBOARD,2019-09-30
3172,71,GR,8,18,1.099635,RISK_DASHBOARD,2019-12-31
3173,71,GR,9,18,1.124288,RISK_DASHBOARD,2020-03-31
3174,71,GR,10,18,0.968404,RISK_DASHBOARD,2020-06-30
3175,71,GR,11,18,1.061665,RISK_DASHBOARD,2020-09-30
3176,71,GR,12,18,1.107475,RISK_DASHBOARD,2020-12-31
3177,71,GR,13,18,1.060916,RISK_DASHBOARD,2021-03-31
3178,71,GR,14,18,1.031003,RISK_DASHBOARD,2021-06-30
3179,71,GR,15,18,1.093538,RISK_DASHBOARD,2021-09-30
3180,71,GR,16,18,1.12119,RISK_DASHBOARD,2021-12-31
3181,71,GR,17,18,1.152728,RISK_DASHBOARD,2022-03-31
3182,71,GR,18,18,1.02702,RISK_DASHBOARD,2022-06-30
3183,71,GR,19,18,1.146546,RISK_DASHBOARD,2022-09-30
3184,71,GR,20,18,1.102754,RISK_DASHBOARD,2022-12-31
3185,71,GR,21,18,1.014885,RISK_DASHBOARD,2023-03-31
3186,71,GR,22,18,1.002801,RISK_DASHBOARD,2023-06-30
3187,71,GR,23,18,1.066987,RISK_DASHBOARD,2023-09-30
3188,71,GR,24,18,1.066986,RISK_DASHBOARD,2023-12-31
3189,71,GR,25,18,1.151157,RISK_DASHBOARD,2024-03-31
3190,71,GR,26,18,1.110528,RISK_DASHBOARD,2024-06-30
3191,71,GR,27,18,1.149842,RISK_DASHBOARD,2024-09-30
3192,71,GR,28,18,1.101899,RISK_DASHBOARD,2024-12-31
3193,72,HR,1,18,1.019863,RISK_DASHBOARD,2018-03-31
3194,72,HR,2,18,1.070784,RISK_DASHBOARD,2018-06-30
3195,72,HR,3,18,1.075658,RISK_DASHBOARD,2018-09-30
3196,72,HR,4,18,1.000027,RISK_DASHBOARD,2018-12-31
3197,72,HR,5,18,1.128952,RISK_DASHBOARD,2019-03-31
3198,72,HR,6,18,0.949007,RISK_DASHBOARD,2019-06-30
3199,72,HR,7,18,1.110063,RISK_DASHBOARD,2019-09-30
3200,72,HR,8,18,1.040969,RISK_DASHBOARD,2019-12-31
3201,72,HR,9,18,1.087047,RISK_DASHBOARD,2020-03-31
3202,72,HR,10,18,1.057494,RISK_DASHBOARD,2020-06-30
3203,72,HR,11,18,0.95947,RISK_DASHBOARD,2020-09-30
3204,72,HR,12,18,0.984171,RISK_DASHBOARD,2020-12-31
3205,72,HR,13,18,1.019891,RISK_DASHBOARD,2021-03-31
3206,72,HR,14,18,1.090631,RISK_DASHBOARD,2021-06-30
3207,72,HR,15,18,1.09356,RISK_DASHBOARD,2021-09-30
3208,72,HR,16,18,0.954132,RISK_DASHBOARD,2021-12-31
3209,72,HR,17,18,0.967383,RISK_DASHBOARD,2022-03-31
3210,72,HR,18,18,1.063676,RISK_DASHBOARD,2022-06-30
3211,72,HR,19,18,0.954546,RISK_DASHBOARD,2022-09-30
3212,72,HR,20,18,1.031639,RISK_DASHBOARD,2022-12-31
3213,72,HR,21,18,1.0766,RISK_DASHBOARD,2023-03-31
3214,72,HR,22,18,1.108924,RISK_DASHBOARD,2023-06-30
3215,72,HR,23,18,1.079916,RISK_DASHBOARD,2023-09-30
3216,72,HR,24,18,1.079946,RISK_DASHBOARD,2023-12-31
3217,72,HR,25,18,0.96869,RISK_DASHBOARD,2024-03-31
3218,72,HR,26,18,0.978932,RISK_DASHBOARD,2024-06-30
3219,72,HR,27,18,1.015974,RISK_DASHBOARD,2024-09-30
3220,72,HR,28,18,0.977825,RISK_DASHBOARD,2024-12-31
3221,73,HU,1,18,1.030896,RISK_DASHBOARD,2018-03-31
3222,73,HU,2,18,0.98621,RISK_DASHBOARD,2018-06-30
3223,73,HU,3,18,0.96539,RISK_DASHBOARD,2018-09-30
3224,73,HU,4,18,1.097528,RISK_DASHBOARD,2018-12-31
3225,73,HU,5,18,0.983314,RISK_DASHBOARD,2019-03-31
3226,73,HU,6,18,1.054541,RISK_DASHBOARD,2019-06-30
3227,73,HU,7,18,1.049848,RISK_DASHBOARD,2019-09-30
3228,73,HU,8,18,1.002332,RISK_DASHBOARD,2019-12-31
3229,73,HU,9,18,1.034302,RISK_DASHBOARD,2020-03-31
3230,73,HU,10,18,1.047181,RISK_DASHBOARD,2020-06-30
3231,73,HU,11,18,1.04619,RISK_DASHBOARD,2020-09-30
3232,73,HU,12,18,1.116611,RISK_DASHBOARD,2020-12-31
3233,73,HU,13,18,1.115967,RISK_DASHBOARD,2021-03-31
3234,73,HU,14,18,1.001256,RISK_DASHBOARD,2021-06-30
3235,73,HU,15,18,1.127084,RISK_DASHBOARD,2021-09-30
3236,73,HU,16,18,1.030966,RISK_DASHBOARD,2021-12-31
3237,73,HU,17,18,0.993614,RISK_DASHBOARD,2022-03-31
3238,73,HU,18,18,1.143999,RISK_DASHBOARD,2022-06-30
3239,73,HU,19,18,0.998885,RISK_DASHBOARD,2022-09-30
3240,73,HU,20,18,1.038704,RISK_DASHBOARD,2022-12-31
3241,73,HU,21,18,1.062168,RISK_DASHBOARD,2023-03-31
3242,73,HU,22,18,1.154744,RISK_DASHBOARD,2023-06-30
3243,73,HU,23,18,1.145907,RISK_DASHBOARD,2023-09-30
3244,73,HU,24,18,1.150854,RISK_DASHBOARD,2023-12-31
3245,73,HU,25,18,1.145484,RISK_DASHBOARD,2024-03-31
3246,73,HU,26,18,1.063088,RISK_DASHBOARD,2024-06-30
3247,73,HU,27,18,1.052365,RISK_DASHBOARD,2024-09-30
3248,73,HU,28,18,1.064927,RISK_DASHBOARD,2024-12-31
3249,74,IE,1,18,1.034036,RISK_DASHBOARD,2018-03-31
3250,74,IE,2,18,1.084621,RISK_DASHBOARD,2018-06-30
3251,74,IE,3,18,1.126539,RISK_DASHBOARD,2018-09-30
3252,74,IE,4,18,0.977219,RISK_DASHBOARD,2018-12-31
3253,74,IE,5,18,1.124165,RISK_DASHBOARD,2019-03-31
3254,74,IE,6,18,1.048055,RISK_DASHBOARD,2019-06-30
3255,74,IE,7,18,1.032463,RISK_DASHBOARD,2019-09-30
3256,74,IE,8,18,1.061736,RISK_DASHBOARD,2019-12-31
3257,74,IE,9,18,1.025975,RISK_DASHBOARD,2020-03-31
3258,74,IE,10,18,1.015711,RISK_DASHBOARD,2020-06-30
3259,74,IE,11,18,1.117774,RISK_DASHBOARD,2020-09-30
3260,74,IE,12,18,1.107507,RISK_DASHBOARD,2020-12-31
3261,74,IE,13,18,1.161736,RISK_DASHBOARD,2021-03-31
3262,74,IE,14,18,1.163453,RISK_DASHBOARD,2021-06-30
3263,74,IE,15,18,1.148501,RISK_DASHBOARD,2021-09-30
3264,74,IE,16,18,0.993118,RISK_DASHBOARD,2021-12-31
3265,74,IE,17,18,1.075258,RISK_DASHBOARD,2022-03-31
3266,74,IE,18,18,1.008508,RISK_DASHBOARD,2022-06-30
3267,74,IE,19,18,1.050153,RISK_DASHBOARD,2022-09-30
3268,74,IE,20,18,1.019387,RISK_DASHBOARD,2022-12-31
3269,74,IE,21,18,0.99944,RISK_DASHBOARD,2023-03-31
3270,74,IE,22,18,1.131452,RISK_DASHBOARD,2023-06-30
3271,74,IE,23,18,1.072881,RISK_DASHBOARD,2023-09-30
3272,74,IE,24,18,1.045051,RISK_DASHBOARD,2023-12-31
3273,74,IE,25,18,1.069914,RISK_DASHBOARD,2024-03-31
3274,74,IE,26,18,0.99602,RISK_DASHBOARD,2024-06-30
3275,74,IE,27,18,1.124344,RISK_DASHBOARD,2024-09-30
3276,74,IE,28,18,1.026068,RISK_DASHBOARD,2024-12-31
3277,75,IT,1,18,0.992442,RISK_DASHBOARD,2018-03-31
3278,75,IT,2,18,1.148015,RISK_DASHBOARD,2018-06-30
3279,75,IT,3,18,0.981329,RISK_DASHBOARD,2018-09-30
3280,75,IT,4,18,1.004462,RISK_DASHBOARD,2018-12-31
3281,75,IT,5,18,1.071308,RISK_DASHBOARD,2019-03-31
3282,75,IT,6,18,1.046677,RISK_DASHBOARD,2019-06-30
3283,75,IT,7,18,1.075661,RISK_DASHBOARD,2019-09-30
3284,75,IT,8,18,1.006723,RISK_DASHBOARD,2019-12-31
3285,75,IT,9,18,1.100642,RISK_DASHBOARD,2020-03-31
3286,75,IT,10,18,1.036711,RISK_DASHBOARD,2020-06-30
3287,75,IT,11,18,1.100676,RISK_DASHBOARD,2020-09-30
3288,75,IT,12,18,1.131177,RISK_DASHBOARD,2020-12-31
3289,75,IT,13,18,1.142704,RISK_DASHBOARD,2021-03-31
3290,75,IT,14,18,1.040184,RISK_DASHBOARD,2021-06-30
3291,75,IT,15,18,0.986698,RISK_DASHBOARD,2021-09-30
3292,75,IT,16,18,0.966499,RISK_DASHBOARD,2021-12-31
3293,75,IT,17,18,1.057676,RISK_DASHBOARD,2022-03-31
3294,75,IT,18,18,0.969068,RISK_DASHBOARD,2022-06-30
3295,75,IT,19,18,1.112744,RISK_DASHBOARD,2022-09-30
3296,75,IT,20,18,1.157661,RISK_DASHBOARD,2022-12-31
3297,75,IT,21,18,1.095786,RISK_DASHBOARD,2023-03-31
3298,75,IT,22,18,1.133223,RISK_DASHBOARD,2023-06-30
3299,75,IT,23,18,0.982142,RISK_DASHBOARD,2023-09-30
3300,75,IT,24,18,0.968728,RISK_DASHBOARD,2023-12-31
3301,75,IT,25,18,1.034137,RISK_DASHBOARD,2024-03-31
3302,75,IT,26,18,1.043966,RISK_DASHBOARD,2024-06-30
3303,75,IT,27,18,1.048404,RISK_DASHBOARD,2024-09-30
3304,75,IT,28,18,1.125858,RISK_DASHBOARD,2024-12-31
3305,76,LT,1,18,1.075856,RISK_DASHBOARD,2018-03-31
3306,76,LT,2,18,0.97491,RISK_DASHBOARD,2018-06-30
3307,76,LT,3,18,1.100414,RISK_DASHBOARD,2018-09-30
3308,76,LT,4,18,1.133916,RISK_DASHBOARD,2018-12-31
3309,76,LT,5,18,0.993938,RISK_DASHBOARD,2019-03-31
3310,76,LT,6,18,1.065129,RISK_DASHBOARD,2019-06-30
3311,76,LT,7,18,1.036561,RISK_DASHBOARD,2019-09-30
3312,76,LT,8,18,0.986471,RISK_DASHBOARD,2019-12-31
3313,76,LT,9,18,0.967211,RISK_DASHBOARD,2020-03-31
3314,76,LT,10,18,0.965424,RISK_DASHBOARD,2020-06-30
3315,76,LT,11,18,1.155246,RISK_DASHBOARD,2020-09-30
3316,76,LT,12,18,1.073988,RISK_DASHBOARD,2020-12-31
3317,76,LT,13,18,1.019386,RISK_DASHBOARD,2021-03-31
3318,76,LT,14,18,0.980632,RISK_DASHBOARD,2021-06-30
3319,76,LT,15,18,1.14584,RISK_DASHBOARD,2021-09-30
3320,76,LT,16,18,1.153657,RISK_DASHBOARD,2021-12-31
3321,76,LT,17,18,1.049425,RISK_DASHBOARD,2022-03-31
3322,76,LT,18,18,1.024771,RISK_DASHBOARD,2022-06-30
3323,76,LT,19,18,1.087536,RISK_DASHBOARD,2022-09-30
3324,76,LT,20,18,1.14703,RISK_DASHBOARD,2022-12-31
3325,76,LT,21,18,0.985456,RISK_DASHBOARD,2023-03-31
3326,76,LT,22,18,0.971932,RISK_DASHBOARD,2023-06-30
3327,76,LT,23,18,0.977885,RISK_DASHBOARD,2023-09-30
3328,76,LT,24,18,1.003593,RISK_DASHBOARD,2023-12-31
3329,76,LT,25,18,1.082805,RISK_DASHBOARD,2024-03-31
3330,76,LT,26,18,1.083477,RISK_DASHBOARD,2024-06-30
3331,76,LT,27,18,0.984312,RISK_DASHBOARD,2024-09-30
3332,76,LT,28,18,1.146635,RISK_DASHBOARD,2024-12-31
3333,77,LU,1,18,0.9648,RISK_DASHBOARD,2018-03-31
3334,77,LU,2,18,0.964164,RISK_DASHBOARD,2018-06-30
3335,77,LU,3,18,1.077395,RISK_DASHBOARD,2018-09-30
3336,77,LU,4,18,1.001234,RISK_DASHBOARD,2018-12-31
3337,77,LU,5,18,1.104855,RISK_DASHBOARD,2019-03-31
3338,77,LU,6,18,0.994644,RISK_DASHBOARD,2019-06-30
3339,77,LU,7,18,0.962089,RISK_DASHBOARD,2019-09-30
3340,77,LU,8,18,1.102861,RISK_DASHBOARD,2019-12-31
3341,77,LU,9,18,1.003942,RISK_DASHBOARD,2020-03-31
3342,77,LU,10,18,1.005699,RISK_DASHBOARD,2020-06-30
3343,77,LU,11,18,1.07851,RISK_DASHBOARD,2020-09-30
3344,77,LU,12,18,1.040359,RISK_DASHBOARD,2020-12-31
3345,77,LU,13,18,1.098496,RISK_DASHBOARD,2021-03-31
3346,77,LU,14,18,0.980597,RISK_DASHBOARD,2021-06-30
3347,77,LU,15,18,1.033478,RISK_DASHBOARD,2021-09-30
3348,77,LU,16,18,1.086642,RISK_DASHBOARD,2021-12-31
3349,77,LU,17,18,1.040042,RISK_DASHBOARD,2022-03-31
3350,77,LU,18,18,1.110254,RISK_DASHBOARD,2022-06-30
3351,77,LU,19,18,0.942528,RISK_DASHBOARD,2022-09-30
3352,77,LU,20,18,1.101691,RISK_DASHBOARD,2022-12-31
3353,77,LU,21,18,1.130685,RISK_DASHBOARD,2023-03-31
3354,77,LU,22,18,1.098956,RISK_DASHBOARD,2023-06-30
3355,77,LU,23,18,1.078155,RISK_DASHBOARD,2023-09-30
3356,77,LU,24,18,1.022496,RISK_DASHBOARD,2023-12-31
3357,77,LU,25,18,0.984214,RISK_DASHBOARD,2024-03-31
3358,77,LU,26,18,1.090617,RISK_DASHBOARD,2024-06-30
3359,77,LU,27,18,1.014937,RISK_DASHBOARD,2024-09-30
3360,77,LU,28,18,0.964156,RISK_DASHBOARD,2024-12-31
3361,78,LV,1,18,1.03624,RISK_DASHBOARD,2018-03-31
3362,78,LV,2,18,1.014252,RISK_DASHBOARD,2018-06-30
3363,78,LV,3,18,0.994385,RISK_DASHBOARD,2018-09-30
3364,78,LV,4,18,1.096358,RISK_DASHBOARD,2018-12-31
3365,78,LV,5,18,1.014913,RISK_DASHBOARD,2019-03-31
3366,78,LV,6,18,1.149006,RISK_DASHBOARD,2019-06-30
3367,78,LV,7,18,1.056193,RISK_DASHBOARD,2019-09-30
3368,78,LV,8,18,0.977479,RISK_DASHBOARD,2019-12-31
3369,78,LV,9,18,0.976803,RISK_DASHBOARD,2020-03-31
3370,78,LV,10,18,1.109686,RISK_DASHBOARD,2020-06-30
3371,78,LV,11,18,1.130502,RISK_DASHBOARD,2020-09-30
3372,78,LV,12,18,1.148696,RISK_DASHBOARD,2020-12-31
3373,78,LV,13,18,1.149873,RISK_DASHBOARD,2021-03-31
3374,78,LV,14,18,0.957861,RISK_DASHBOARD,2021-06-30
3375,78,LV,15,18,1.144536,RISK_DASHBOARD,2021-09-30
3376,78,LV,16,18,1.001707,RISK_DASHBOARD,2021-12-31
3377,78,LV,17,18,1.057155,RISK_DASHBOARD,2022-03-31
3378,78,LV,18,18,1.123373,RISK_DASHBOARD,2022-06-30
3379,78,LV,19,18,1.136958,RISK_DASHBOARD,2022-09-30
3380,78,LV,20,18,0.971135,RISK_DASHBOARD,2022-12-31
3381,78,LV,21,18,1.002157,RISK_DASHBOARD,2023-03-31
3382,78,LV,22,18,1.025733,RISK_DASHBOARD,2023-06-30
3383,78,LV,23,18,0.977446,RISK_DASHBOARD,2023-09-30
3384,78,LV,24,18,1.019248,RISK_DASHBOARD,2023-12-31
3385,78,LV,25,18,1.07986,RISK_DASHBOARD,2024-03-31
3386,78,LV,26,18,1.079886,RISK_DASHBOARD,2024-06-30
3387,78,LV,27,18,1.061555,RISK_DASHBOARD,2024-09-30
3388,78,LV,28,18,1.035228,RISK_DASHBOARD,2024-12-31
3389,79,MT,1,18,0.996677,RISK_DASHBOARD,2018-03-31
3390,79,MT,2,18,1.124244,RISK_DASHBOARD,2018-06-30
3391,79,MT,3,18,0.981281,RISK_DASHBOARD,2018-09-30
3392,79,MT,4,18,1.05542,RISK_DASHBOARD,2018-12-31
3393,79,MT,5,18,1.060484,RISK_DASHBOARD,2019-03-31
3394,79,MT,6,18,0.976366,RISK_DASHBOARD,2019-06-30
3395,79,MT,7,18,1.098782,RISK_DASHBOARD,2019-09-30
3396,79,MT,8,18,0.967253,RISK_DASHBOARD,2019-12-31
3397,79,MT,9,18,1.024359,RISK_DASHBOARD,2020-03-31
3398,79,MT,10,18,0.983038,RISK_DASHBOARD,2020-06-30
3399,79,MT,11,18,1.045249,RISK_DASHBOARD,2020-09-30
3400,79,MT,12,18,1.145687,RISK_DASHBOARD,2020-12-31
3401,79,MT,13,18,1.020888,RISK_DASHBOARD,2021-03-31
3402,79,MT,14,18,1.052993,RISK_DASHBOARD,2021-06-30
3403,79,MT,15,18,1.061412,RISK_DASHBOARD,2021-09-30
3404,79,MT,16,18,1.121682,RISK_DASHBOARD,2021-12-31
3405,79,MT,17,18,1.047618,RISK_DASHBOARD,2022-03-31
3406,79,MT,18,18,1.082983,RISK_DASHBOARD,2022-06-30
3407,79,MT,19,18,1.096012,RISK_DASHBOARD,2022-09-30
3408,79,MT,20,18,0.998611,RISK_DASHBOARD,2022-12-31
3409,79,MT,21,18,0.994105,RISK_DASHBOARD,2023-03-31
3410,79,MT,22,18,0.971925,RISK_DASHBOARD,2023-06-30
3411,79,MT,23,18,1.021357,RISK_DASHBOARD,2023-09-30
3412,79,MT,24,18,1.064116,RISK_DASHBOARD,2023-12-31
3413,79,MT,25,18,1.122453,RISK_DASHBOARD,2024-03-31
3414,79,MT,26,18,1.063388,RISK_DASHBOARD,2024-06-30
3415,79,MT,27,18,0.960529,RISK_DASHBOARD,2024-09-30
3416,79,MT,28,18,1.048342,RISK_DASHBOARD,2024-12-31
3417,80,NL,1,18,1.102714,RISK_DASHBOARD,2018-03-31
3418,80,NL,2,18,1.067521,RISK_DASHBOARD,2018-06-30
3419,80,NL,3,18,1.046731,RISK_DASHBOARD,2018-09-30
3420,80,NL,4,18,1.117641,RISK_DASHBOARD,2018-12-31
3421,80,NL,5,18,0.999375,RISK_DASHBOARD,2019-03-31
3422,80,NL,6,18,1.155666,RISK_DASHBOARD,2019-06-30
3423,80,NL,7,18,0.987784,RISK_DASHBOARD,2019-09-30
3424,80,NL,8,18,1.151751,RISK_DASHBOARD,2019-12-31
3425,80,NL,9,18,1.007765,RISK_DASHBOARD,2020-03-31
3426,80,NL,10,18,0.999116,RISK_DASHBOARD,2020-06-30
3427,80,NL,11,18,1.11532,RISK_DASHBOARD,2020-09-30
3428,80,NL,12,18,1.144468,RISK_DASHBOARD,2020-12-31
3429,80,NL,13,18,1.125193,RISK_DASHBOARD,2021-03-31
3430,80,NL,14,18,1.034716,RISK_DASHBOARD,2021-06-30
3431,80,NL,15,18,0.9912,RISK_DASHBOARD,2021-09-30
3432,80,NL,16,18,0.97807,RISK_DASHBOARD,2021-12-31
3433,80,NL,17,18,1.046143,RISK_DASHBOARD,2022-03-31
3434,80,NL,18,18,1.062397,RISK_DASHBOARD,2022-06-30
3435,80,NL,19,18,1.032341,RISK_DASHBOARD,2022-09-30
3436,80,NL,20,18,1.079187,RISK_DASHBOARD,2022-12-31
3437,80,NL,21,18,0.972775,RISK_DASHBOARD,2023-03-31
3438,80,NL,22,18,1.023698,RISK_DASHBOARD,2023-06-30
3439,80,NL,23,18,1.081388,RISK_DASHBOARD,2023-09-30
3440,80,NL,24,18,0.991756,RISK_DASHBOARD,2023-12-31
3441,80,NL,25,18,0.993604,RISK_DASHBOARD,2024-03-31
3442,80,NL,26,18,1.075013,RISK_DASHBOARD,2024-06-30
3443,80,NL,27,18,1.159256,RISK_DASHBOARD,2024-09-30
3444,80,NL,28,18,1.127881,RISK_DASHBOARD,2024-12-31
3445,81,NO,1,18,1.114205,RISK_DASHBOARD,2018-03-31
3446,81,NO,2,18,1.11875,RISK_DASHBOARD,2018-06-30
3447,81,NO,3,18,1.06322,RISK_DASHBOARD,2018-09-30
3448,81,NO,4,18,1.093015,RISK_DASHBOARD,2018-12-31
3449,81,NO,5,18,1.132432,RISK_DASHBOARD,2019-03-31
3450,81,NO,6,18,1.041753,RISK_DASHBOARD,2019-06-30
3451,81,NO,7,18,0.957593,RISK_DASHBOARD,2019-09-30
3452,81,NO,8,18,1.108798,RISK_DASHBOARD,2019-12-31
3453,81,NO,9,18,1.066911,RISK_DASHBOARD,2020-03-31
3454,81,NO,10,18,0.95405,RISK_DASHBOARD,2020-06-30
3455,81,NO,11,18,1.136768,RISK_DASHBOARD,2020-09-30
3456,81,NO,12,18,1.020384,RISK_DASHBOARD,2020-12-31
3457,81,NO,13,18,1.065905,RISK_DASHBOARD,2021-03-31
3458,81,NO,14,18,1.133108,RISK_DASHBOARD,2021-06-30
3459,81,NO,15,18,1.06585,RISK_DASHBOARD,2021-09-30
3460,81,NO,16,18,0.951464,RISK_DASHBOARD,2021-12-31
3461,81,NO,17,18,1.071213,RISK_DASHBOARD,2022-03-31
3462,81,NO,18,18,0.991202,RISK_DASHBOARD,2022-06-30
3463,81,NO,19,18,0.965113,RISK_DASHBOARD,2022-09-30
3464,81,NO,20,18,1.09173,RISK_DASHBOARD,2022-12-31
3465,81,NO,21,18,0.962823,RISK_DASHBOARD,2023-03-31
3466,81,NO,22,18,1.119186,RISK_DASHBOARD,2023-06-30
3467,81,NO,23,18,1.049517,RISK_DASHBOARD,2023-09-30
3468,81,NO,24,18,1.082455,RISK_DASHBOARD,2023-12-31
3469,81,NO,25,18,1.014934,RISK_DASHBOARD,2024-03-31
3470,81,NO,26,18,1.110701,RISK_DASHBOARD,2024-06-30
3471,81,NO,27,18,0.948753,RISK_DASHBOARD,2024-09-30
3472,81,NO,28,18,0.981731,RISK_DASHBOARD,2024-12-31
3473,82,PL,1,18,1.004731,RISK_DASHBOARD,2018-03-31
3474,82,PL,2,18,1.083783,RISK_DASHBOARD,2018-06-30
3475,82,PL,3,18,1.013816,RISK_DASHBOARD,2018-09-30
3476,82,PL,4,18,1.099357,RISK_DASHBOARD,2018-12-31
3477,82,PL,5,18,1.084597,RISK_DASHBOARD,2019-03-31
3478,82,PL,6,18,0.948758,RISK_DASHBOARD,2019-06-30
3479,82,PL,7,18,1.053379,RISK_DASHBOARD,2019-09-30
3480,82,PL,8,18,1.059341,RISK_DASHBOARD,2019-12-31
3481,82,PL,9,18,1.037844,RISK_DASHBOARD,2020-03-31
3482,82,PL,10,18,1.104284,RISK_DASHBOARD,2020-06-30
3483,82,PL,11,18,0.973695,RISK_DASHBOARD,2020-09-30
3484,82,PL,12,18,1.049142,RISK_DASHBOARD,2020-12-31
3485,82,PL,13,18,1.060388,RISK_DASHBOARD,2021-03-31
3486,82,PL,14,18,1.09553,RISK_DASHBOARD,2021-06-30
3487,82,PL,15,18,1.112854,RISK_DASHBOARD,2021-09-30
3488,82,PL,16,18,1.018457,RISK_DASHBOARD,2021-12-31
3489,82,PL,17,18,0.987566,RISK_DASHBOARD,2022-03-31
3490,82,PL,18,18,1.007988,RISK_DASHBOARD,2022-06-30
3491,82,PL,19,18,1.009069,RISK_DASHBOARD,2022-09-30
3492,82,PL,20,18,1.106164,RISK_DASHBOARD,2022-12-31
3493,82,PL,21,18,1.032414,RISK_DASHBOARD,2023-03-31
3494,82,PL,22,18,1.022737,RISK_DASHBOARD,2023-06-30
3495,82,PL,23,18,1.105125,RISK_DASHBOARD,2023-09-30
3496,82,PL,24,18,1.062003,RISK_DASHBOARD,2023-12-31
3497,82,PL,25,18,1.073233,RISK_DASHBOARD,2024-03-31
3498,82,PL,26,18,1.064475,RISK_DASHBOARD,2024-06-30
3499,82,PL,27,18,1.139496,RISK_DASHBOARD,2024-09-30
3500,82,PL,28,18,1.036065,RISK_DASHBOARD,2024-12-31
3501,83,PT,1,18,1.026223,RISK_DASHBOARD,2018-03-31
3502,83,PT,2,18,1.138458,RISK_DASHBOARD,2018-06-30
3503,83,PT,3,18,0.97589,RISK_DASHBOARD,2018-09-30
3504,83,PT,4,18,0.964955,RISK_DASHBOARD,2018-12-31
3505,83,PT,5,18,1.102309,RISK_DASHBOARD,2019-03-31
3506,83,PT,6,18,1.013296,RISK_DASHBOARD,2019-06-30
3507,83,PT,7,18,1.086224,RISK_DASHBOARD,2019-09-30
3508,83,PT,8,18,0.999251,RISK_DASHBOARD,2019-12-31
3509,83,PT,9,18,1.155772,RISK_DASHBOARD,2020-03-31
3510,83,PT,10,18,0.966206,RISK_DASHBOARD,2020-06-30
3511,83,PT,11,18,1.12202,RISK_DASHBOARD,2020-09-30
3512,83,PT,12,18,1.098655,RISK_DASHBOARD,2020-12-31
3513,83,PT,13,18,1.137318,RISK_DASHBOARD,2021-03-31
3514,83,PT,14,18,1.144787,RISK_DASHBOARD,2021-06-30
3515,83,PT,15,18,1.162419,RISK_DASHBOARD,2021-09-30
3516,83,PT,16,18,0.972873,RISK_DASHBOARD,2021-12-31
3517,83,PT,17,18,0.986007,RISK_DASHBOARD,2022-03-31
3518,83,PT,18,18,0.964964,RISK_DASHBOARD,2022-06-30
3519,83,PT,19,18,0.995807,RISK_DASHBOARD,2022-09-30
3520,83,PT,20,18,1.096708,RISK_DASHBOARD,2022-12-31
3521,83,PT,21,18,1.070309,RISK_DASHBOARD,2023-03-31
3522,83,PT,22,18,0.989692,RISK_DASHBOARD,2023-06-30
3523,83,PT,23,18,1.111496,RISK_DASHBOARD,2023-09-30
3524,83,PT,24,18,1.087352,RISK_DASHBOARD,2023-12-31
3525,83,PT,25,18,0.997421,RISK_DASHBOARD,2024-03-31
3526,83,PT,26,18,1.067671,RISK_DASHBOARD,2024-06-30
3527,83,PT,27,18,1.061151,RISK_DASHBOARD,2024-09-30
3528,83,PT,28,18,1.012611,RISK_DASHBOARD,2024-12-31
3529,84,RO,1,18,1.078789,RISK_DASHBOARD,2018-03-31
3530,84,RO,2,18,1.013274,RISK_DASHBOARD,2018-06-30
3531,84,RO,3,18,1.161945,RISK_DASHBOARD,2018-09-30
3532,84,RO,4,18,1.076903,RISK_DASHBOARD,2018-12-31
3533,84,RO,5,18,1.109478,RISK_DASHBOARD,2019-03-31
3534,84,RO,6,18,0.99383,RISK_DASHBOARD,2019-06-30
3535,84,RO,7,18,1.164035,RISK_DASHBOARD,2019-09-30
3536,84,RO,8,18,1.035231,RISK_DASHBOARD,2019-12-31
3537,84,RO,9,18,1.148971,RISK_DASHBOARD,2020-03-31
3538,84,RO,10,18,1.02091,RISK_DASHBOARD,2020-06-30
3539,84,RO,11,18,1.025662,RISK_DASHBOARD,2020-09-30
3540,84,RO,12,18,0.973532,RISK_DASHBOARD,2020-12-31
3541,84,RO,13,18,1.004029,RISK_DASHBOARD,2021-03-31
3542,84,RO,14,18,1.121796,RISK_DASHBOARD,2021-06-30
3543,84,RO,15,18,1.064055,RISK_DASHBOARD,2021-09-30
3544,84,RO,16,18,1.032791,RISK_DASHBOARD,2021-12-31
3545,84,RO,17,18,1.023186,RISK_DASHBOARD,2022-03-31
3546,84,RO,18,18,1.16296,RISK_DASHBOARD,2022-06-30
3547,84,RO,19,18,1.114452,RISK_DASHBOARD,2022-09-30
3548,84,RO,20,18,1.024357,RISK_DASHBOARD,2022-12-31
3549,84,RO,21,18,1.141896,RISK_DASHBOARD,2023-03-31
3550,84,RO,22,18,1.104403,RISK_DASHBOARD,2023-06-30
3551,84,RO,23,18,1.082121,RISK_DASHBOARD,2023-09-30
3552,84,RO,24,18,1.15139,RISK_DASHBOARD,2023-12-31
3553,84,RO,25,18,1.136876,RISK_DASHBOARD,2024-03-31
3554,84,RO,26,18,1.132816,RISK_DASHBOARD,2024-06-30
3555,84,RO,27,18,1.144398,RISK_DASHBOARD,2024-09-30
3556,84,RO,28,18,1.076802,RISK_DASHBOARD,2024-12-31
3557,85,SE,1,18,0.98237,RISK_DASHBOARD,2018-03-31
3558,85,SE,2,18,0.947123,RISK_DASHBOARD,2018-06-30
3559,85,SE,3,18,1.037436,RISK_DASHBOARD,2018-09-30
3560,85,SE,4,18,0.950113,RISK_DASHBOARD,2018-12-31
3561,85,SE,5,18,1.033398,RISK_DASHBOARD,2019-03-31
3562,85,SE,6,18,1.0029,RISK_DASHBOARD,2019-06-30
3563,85,SE,7,18,1.097614,RISK_DASHBOARD,2019-09-30
3564,85,SE,8,18,1.053075,RISK_DASHBOARD,2019-12-31
3565,85,SE,9,18,0.945518,RISK_DASHBOARD,2020-03-31
3566,85,SE,10,18,0.961949,RISK_DASHBOARD,2020-06-30
3567,85,SE,11,18,1.053712,RISK_DASHBOARD,2020-09-30
3568,85,SE,12,18,0.998056,RISK_DASHBOARD,2020-12-31
3569,85,SE,13,18,0.99368,RISK_DASHBOARD,2021-03-31
3570,85,SE,14,18,1.072976,RISK_DASHBOARD,2021-06-30
3571,85,SE,15,18,1.066449,RISK_DASHBOARD,2021-09-30
3572,85,SE,16,18,0.963908,RISK_DASHBOARD,2021-12-31
3573,85,SE,17,18,1.002245,RISK_DASHBOARD,2022-03-31
3574,85,SE,18,18,0.955057,RISK_DASHBOARD,2022-06-30
3575,85,SE,19,18,1.093353,RISK_DASHBOARD,2022-09-30
3576,85,SE,20,18,0.947058,RISK_DASHBOARD,2022-12-31
3577,85,SE,21,18,1.059286,RISK_DASHBOARD,2023-03-31
3578,85,SE,22,18,1.054804,RISK_DASHBOARD,2023-06-30
3579,85,SE,23,18,1.0169,RISK_DASHBOARD,2023-09-30
3580,85,SE,24,18,0.955603,RISK_DASHBOARD,2023-12-31
3581,85,SE,25,18,0.962057,RISK_DASHBOARD,2024-03-31
3582,85,SE,26,18,1.079697,RISK_DASHBOARD,2024-06-30
3583,85,SE,27,18,0.986792,RISK_DASHBOARD,2024-09-30
3584,85,SE,28,18,0.985248,RISK_DASHBOARD,2024-12-31
3585,86,SI,1,18,1.091515,RISK_DASHBOARD,2018-03-31
3586,86,SI,2,18,0.996867,RISK_DASHBOARD,2018-06-30
3587,86,SI,3,18,1.131113,RISK_DASHBOARD,2018-09-30
3588,86,SI,4,18,1.079625,RISK_DASHBOARD,2018-12-31
3589,86,SI,5,18,1.002118,RISK_DASHBOARD,2019-03-31
3590,86,SI,6,18,0.994249,RISK_DASHBOARD,2019-06-30
3591,86,SI,7,18,1.115439,RISK_DASHBOARD,2019-09-30
3592,86,SI,8,18,1.100284,RISK_DASHBOARD,2019-12-31
3593,86,SI,9,18,1.006223,RISK_DASHBOARD,2020-03-31
3594,86,SI,10,18,1.082227,RISK_DASHBOARD,2020-06-30
3595,86,SI,11,18,0.997346,RISK_DASHBOARD,2020-09-30
3596,86,SI,12,18,1.133799,RISK_DASHBOARD,2020-12-31
3597,86,SI,13,18,1.050811,RISK_DASHBOARD,2021-03-31
3598,86,SI,14,18,0.991846,RISK_DASHBOARD,2021-06-30
3599,86,SI,15,18,0.952343,RISK_DASHBOARD,2021-09-30
3600,86,SI,16,18,1.100317,RISK_DASHBOARD,2021-12-31
3601,86,SI,17,18,1.058972,RISK_DASHBOARD,2022-03-31
3602,86,SI,18,18,0.970907,RISK_DASHBOARD,2022-06-30
3603,86,SI,19,18,1.141951,RISK_DASHBOARD,2022-09-30
3604,86,SI,20,18,1.045783,RISK_DASHBOARD,2022-12-31
3605,86,SI,21,18,1.019442,RISK_DASHBOARD,2023-03-31
3606,86,SI,22,18,0.993758,RISK_DASHBOARD,2023-06-30
3607,86,SI,23,18,1.107014,RISK_DASHBOARD,2023-09-30
3608,86,SI,24,18,1.101102,RISK_DASHBOARD,2023-12-31
3609,86,SI,25,18,1.128331,RISK_DASHBOARD,2024-03-31
3610,86,SI,26,18,0.982872,RISK_DASHBOARD,2024-06-30
3611,86,SI,27,18,1.071212,RISK_DASHBOARD,2024-09-30
3612,86,SI,28,18,1.077381,RISK_DASHBOARD,2024-12-31
3613,87,SK,1,18,1.103746,RISK_DASHBOARD,2018-03-31
3614,87,SK,2,18,1.055996,RISK_DASHBOARD,2018-06-30
3615,87,SK,3,18,1.038906,RISK_DASHBOARD,2018-09-30
3616,87,SK,4,18,1.113644,RISK_DASHBOARD,2018-12-31
3617,87,SK,5,18,1.106484,RISK_DASHBOARD,2019-03-31
3618,87,SK,6,18,1.1272,RISK_DASHBOARD,2019-06-30
3619,87,SK,7,18,1.12539,RISK_DASHBOARD,2019-09-30
3620,87,SK,8,18,1.019218,RISK_DASHBOARD,2019-12-31
3621,87,SK,9,18,1.133358,RISK_DASHBOARD,2020-03-31
3622,87,SK,10,18,1.042443,RISK_DASHBOARD,2020-06-30
3623,87,SK,11,18,1.080108,RISK_DASHBOARD,2020-09-30
3624,87,SK,12,18,1.032949,RISK_DASHBOARD,2020-12-31
3625,87,SK,13,18,1.012569,RISK_DASHBOARD,2021-03-31
3626,87,SK,14,18,1.101721,RISK_DASHBOARD,2021-06-30
3627,87,SK,15,18,0.972757,RISK_DASHBOARD,2021-09-30
3628,87,SK,16,18,1.069559,RISK_DASHBOARD,2021-12-31
3629,87,SK,17,18,0.952924,RISK_DASHBOARD,2022-03-31
3630,87,SK,18,18,1.142556,RISK_DASHBOARD,2022-06-30
3631,87,SK,19,18,1.030735,RISK_DASHBOARD,2022-09-30
3632,87,SK,20,18,0.968637,RISK_DASHBOARD,2022-12-31
3633,87,SK,21,18,0.94437,RISK_DASHBOARD,2023-03-31
3634,87,SK,22,18,1.045765,RISK_DASHBOARD,2023-06-30
3635,87,SK,23,18,1.129133,RISK_DASHBOARD,2023-09-30
3636,87,SK,24,18,1.097085,RISK_DASHBOARD,2023-12-31
3637,87,SK,25,18,0.950787,RISK_DASHBOARD,2024-03-31
3638,87,SK,26,18,0.951072,RISK_DASHBOARD,2024-06-30
3639,87,SK,27,18,1.009571,RISK_DASHBOARD,2024-09-30
3640,87,SK,28,18,1.116095,RISK_DASHBOARD,2024-12-31
3641,62,AT,1,11,0.459815,RISK_DASHBOARD,2018-03-31
3642,62,AT,2,11,0.431232,RISK_DASHBOARD,2018-06-30
3643,62,AT,3,11,0.410775,RISK_DASHBOARD,2018-09-30
3644,62,AT,4,11,0.401846,RISK_DASHBOARD,2018-12-31
3645,62,AT,5,11,0.427712,RISK_DASHBOARD,2019-03-31
3646,62,AT,6,11,0.455974,RISK_DASHBOARD,2019-06-30
3647,62,AT,7,11,0.418395,RISK_DASHBOARD,2019-09-30
3648,62,AT,8,11,0.429602,RISK_DASHBOARD,2019-12-31
3649,62,AT,9,11,0.411682,RISK_DASHBOARD,2020-03-31
3650,62,AT,10,11,0.399684,RISK_DASHBOARD,2020-06-30
3651,62,AT,11,11,0.433037,RISK_DASHBOARD,2020-09-30
3652,62,AT,12,11,0.468765,RISK_DASHBOARD,2020-12-31
3653,62,AT,13,11,0.443168,RISK_DASHBOARD,2021-03-31
3654,62,AT,14,11,0.459147,RISK_DASHBOARD,2021-06-30
3655,62,AT,15,11,0.403065,RISK_DASHBOARD,2021-09-30
3656,62,AT,16,11,0.471583,RISK_DASHBOARD,2021-12-31
3657,62,AT,17,11,0.434025,RISK_DASHBOARD,2022-03-31
3658,62,AT,18,11,0.45433,RISK_DASHBOARD,2022-06-30
3659,62,AT,19,11,0.475322,RISK_DASHBOARD,2022-09-30
3660,62,AT,20,11,0.458347,RISK_DASHBOARD,2022-12-31
3661,62,AT,21,11,0.418473,RISK_DASHBOARD,2023-03-31
3662,62,AT,22,11,0.451054,RISK_DASHBOARD,2023-06-30
3663,62,AT,23,11,0.457731,RISK_DASHBOARD,2023-09-30
3664,62,AT,24,11,0.42754,RISK_DASHBOARD,2023-12-31
3665,62,AT,25,11,0.44174,RISK_DASHBOARD,2024-03-31
3666,62,AT,26,11,0.467005,RISK_DASHBOARD,2024-06-30
3667,62,AT,27,11,0.437687,RISK_DASHBOARD,2024-09-30
3668,62,AT,28,11,0.442292,RISK_DASHBOARD,2024-12-31
3669,63,BE,1,11,0.445561,RISK_DASHBOARD,2018-03-31
3670,63,BE,2,11,0.432428,RISK_DASHBOARD,2018-06-30
3671,63,BE,3,11,0.422288,RISK_DASHBOARD,2018-09-30
3672,63,BE,4,11,0.442975,RISK_DASHBOARD,2018-12-31
3673,63,BE,5,11,0.384219,RISK_DASHBOARD,2019-03-31
3674,63,BE,6,11,0.435326,RISK_DASHBOARD,2019-06-30
3675,63,BE,7,11,0.433204,RISK_DASHBOARD,2019-09-30
3676,63,BE,8,11,0.393974,RISK_DASHBOARD,2019-12-31
3677,63,BE,9,11,0.403993,RISK_DASHBOARD,2020-03-31
3678,63,BE,10,11,0.407872,RISK_DASHBOARD,2020-06-30
3679,63,BE,11,11,0.439914,RISK_DASHBOARD,2020-09-30
3680,63,BE,12,11,0.45386,RISK_DASHBOARD,2020-12-31
3681,63,BE,13,11,0.442825,RISK_DASHBOARD,2021-03-31
3682,63,BE,14,11,0.420973,RISK_DASHBOARD,2021-06-30
3683,63,BE,15,11,0.386497,RISK_DASHBOARD,2021-09-30
3684,63,BE,16,11,0.458888,RISK_DASHBOARD,2021-12-31
3685,63,BE,17,11,0.422631,RISK_DASHBOARD,2022-03-31
3686,63,BE,18,11,0.44567,RISK_DASHBOARD,2022-06-30
3687,63,BE,19,11,0.430209,RISK_DASHBOARD,2022-09-30
3688,63,BE,20,11,0.423896,RISK_DASHBOARD,2022-12-31
3689,63,BE,21,11,0.404509,RISK_DASHBOARD,2023-03-31
3690,63,BE,22,11,0.425345,RISK_DASHBOARD,2023-06-30
3691,63,BE,23,11,0.392867,RISK_DASHBOARD,2023-09-30
3692,63,BE,24,11,0.390521,RISK_DASHBOARD,2023-12-31
3693,63,BE,25,11,0.44268,RISK_DASHBOARD,2024-03-31
3694,63,BE,26,11,0.450779,RISK_DASHBOARD,2024-06-30
3695,63,BE,27,11,0.43634,RISK_DASHBOARD,2024-09-30
3696,63,BE,28,11,0.418418,RISK_DASHBOARD,2024-12-31
3697,64,CY,1,11,0.449382,RISK_DASHBOARD,2018-03-31
3698,64,CY,2,11,0.420856,RISK_DASHBOARD,2018-06-30
3699,64,CY,3,11,0.445807,RISK_DASHBOARD,2018-09-30
3700,64,CY,4,11,0.423405,RISK_DASHBOARD,2018-12-31
3701,64,CY,5,11,0.425116,RISK_DASHBOARD,2019-03-31
3702,64,CY,6,11,0.393888,RISK_DASHBOARD,2019-06-30
3703,64,CY,7,11,0.396654,RISK_DASHBOARD,2019-09-30
3704,64,CY,8,11,0.421232,RISK_DASHBOARD,2019-12-31
3705,64,CY,9,11,0.447865,RISK_DASHBOARD,2020-03-31
3706,64,CY,10,11,0.38473,RISK_DASHBOARD,2020-06-30
3707,64,CY,11,11,0.440276,RISK_DASHBOARD,2020-09-30
3708,64,CY,12,11,0.446588,RISK_DASHBOARD,2020-12-31
3709,64,CY,13,11,0.440197,RISK_DASHBOARD,2021-03-31
3710,64,CY,14,11,0.381875,RISK_DASHBOARD,2021-06-30
3711,64,CY,15,11,0.402374,RISK_DASHBOARD,2021-09-30
3712,64,CY,16,11,0.396748,RISK_DASHBOARD,2021-12-31
3713,64,CY,17,11,0.456631,RISK_DASHBOARD,2022-03-31
3714,64,CY,18,11,0.435643,RISK_DASHBOARD,2022-06-30
3715,64,CY,19,11,0.391424,RISK_DASHBOARD,2022-09-30
3716,64,CY,20,11,0.392899,RISK_DASHBOARD,2022-12-31
3717,64,CY,21,11,0.427199,RISK_DASHBOARD,2023-03-31
3718,64,CY,22,11,0.417888,RISK_DASHBOARD,2023-06-30
3719,64,CY,23,11,0.434727,RISK_DASHBOARD,2023-09-30
3720,64,CY,24,11,0.399708,RISK_DASHBOARD,2023-12-31
3721,64,CY,25,11,0.438894,RISK_DASHBOARD,2024-03-31
3722,64,CY,26,11,0.443504,RISK_DASHBOARD,2024-06-30
3723,64,CY,27,11,0.422786,RISK_DASHBOARD,2024-09-30
3724,64,CY,28,11,0.384188,RISK_DASHBOARD,2024-12-31
3725,65,DE,1,11,0.416798,RISK_DASHBOARD,2018-03-31
3726,65,DE,2,11,0.437245,RISK_DASHBOARD,2018-06-30
3727,65,DE,3,11,0.418076,RISK_DASHBOARD,2018-09-30
3728,65,DE,4,11,0.436649,RISK_DASHBOARD,2018-12-31
3729,65,DE,5,11,0.429451,RISK_DASHBOARD,2019-03-31
3730,65,DE,6,11,0.420817,RISK_DASHBOARD,2019-06-30
3731,65,DE,7,11,0.432233,RISK_DASHBOARD,2019-09-30
3732,65,DE,8,11,0.450838,RISK_DASHBOARD,2019-12-31
3733,65,DE,9,11,0.45684,RISK_DASHBOARD,2020-03-31
3734,65,DE,10,11,0.454769,RISK_DASHBOARD,2020-06-30
3735,65,DE,11,11,0.401765,RISK_DASHBOARD,2020-09-30
3736,65,DE,12,11,0.440025,RISK_DASHBOARD,2020-12-31
3737,65,DE,13,11,0.451736,RISK_DASHBOARD,2021-03-31
3738,65,DE,14,11,0.425717,RISK_DASHBOARD,2021-06-30
3739,65,DE,15,11,0.4559,RISK_DASHBOARD,2021-09-30
3740,65,DE,16,11,0.426412,RISK_DASHBOARD,2021-12-31
3741,65,DE,17,11,0.423808,RISK_DASHBOARD,2022-03-31
3742,65,DE,18,11,0.416154,RISK_DASHBOARD,2022-06-30
3743,65,DE,19,11,0.47047,RISK_DASHBOARD,2022-09-30
3744,65,DE,20,11,0.437658,RISK_DASHBOARD,2022-12-31
3745,65,DE,21,11,0.450986,RISK_DASHBOARD,2023-03-31
3746,65,DE,22,11,0.420718,RISK_DASHBOARD,2023-06-30
3747,65,DE,23,11,0.449465,RISK_DASHBOARD,2023-09-30
3748,65,DE,24,11,0.432561,RISK_DASHBOARD,2023-12-31
3749,65,DE,25,11,0.431465,RISK_DASHBOARD,2024-03-31
3750,65,DE,26,11,0.43337,RISK_DASHBOARD,2024-06-30
3751,65,DE,27,11,0.47565,RISK_DASHBOARD,2024-09-30
3752,65,DE,28,11,0.419365,RISK_DASHBOARD,2024-12-31
3753,66,DK,1,11,0.477133,RISK_DASHBOARD,2018-03-31
3754,66,DK,2,11,0.433936,RISK_DASHBOARD,2018-06-30
3755,66,DK,3,11,0.485869,RISK_DASHBOARD,2018-09-30
3756,66,DK,4,11,0.462551,RISK_DASHBOARD,2018-12-31
3757,66,DK,5,11,0.449778,RISK_DASHBOARD,2019-03-31
3758,66,DK,6,11,0.447932,RISK_DASHBOARD,2019-06-30
3759,66,DK,7,11,0.476811,RISK_DASHBOARD,2019-09-30
3760,66,DK,8,11,0.411539,RISK_DASHBOARD,2019-12-31
3761,66,DK,9,11,0.41633,RISK_DASHBOARD,2020-03-31
3762,66,DK,10,11,0.44305,RISK_DASHBOARD,2020-06-30
3763,66,DK,11,11,0.465549,RISK_DASHBOARD,2020-09-30
3764,66,DK,12,11,0.487948,RISK_DASHBOARD,2020-12-31
3765,66,DK,13,11,0.411609,RISK_DASHBOARD,2021-03-31
3766,66,DK,14,11,0.468015,RISK_DASHBOARD,2021-06-30
3767,66,DK,15,11,0.440948,RISK_DASHBOARD,2021-09-30
3768,66,DK,16,11,0.422068,RISK_DASHBOARD,2021-12-31
3769,66,DK,17,11,0.420161,RISK_DASHBOARD,2022-03-31
3770,66,DK,18,11,0.438198,RISK_DASHBOARD,2022-06-30
3771,66,DK,19,11,0.434108,RISK_DASHBOARD,2022-09-30
3772,66,DK,20,11,0.425905,RISK_DASHBOARD,2022-12-31
3773,66,DK,21,11,0.455676,RISK_DASHBOARD,2023-03-31
3774,66,DK,22,11,0.457543,RISK_DASHBOARD,2023-06-30
3775,66,DK,23,11,0.476876,RISK_DASHBOARD,2023-09-30
3776,66,DK,24,11,0.481273,RISK_DASHBOARD,2023-12-31
3777,66,DK,25,11,0.470331,RISK_DASHBOARD,2024-03-31
3778,66,DK,26,11,0.439134,RISK_DASHBOARD,2024-06-30
3779,66,DK,27,11,0.488127,RISK_DASHBOARD,2024-09-30
3780,66,DK,28,11,0.442337,RISK_DASHBOARD,2024-12-31
3781,67,ES,1,11,0.442865,RISK_DASHBOARD,2018-03-31
3782,67,ES,2,11,0.436636,RISK_DASHBOARD,2018-06-30
3783,67,ES,3,11,0.480965,RISK_DASHBOARD,2018-09-30
3784,67,ES,4,11,0.447429,RISK_DASHBOARD,2018-12-31
3785,67,ES,5,11,0.456023,RISK_DASHBOARD,2019-03-31
3786,67,ES,6,11,0.425995,RISK_DASHBOARD,2019-06-30
3787,67,ES,7,11,0.436295,RISK_DASHBOARD,2019-09-30
3788,67,ES,8,11,0.476137,RISK_DASHBOARD,2019-12-31
3789,67,ES,9,11,0.43381,RISK_DASHBOARD,2020-03-31
3790,67,ES,10,11,0.449993,RISK_DASHBOARD,2020-06-30
3791,67,ES,11,11,0.462537,RISK_DASHBOARD,2020-09-30
3792,67,ES,12,11,0.475769,RISK_DASHBOARD,2020-12-31
3793,67,ES,13,11,0.414188,RISK_DASHBOARD,2021-03-31
3794,67,ES,14,11,0.480396,RISK_DASHBOARD,2021-06-30
3795,67,ES,15,11,0.403179,RISK_DASHBOARD,2021-09-30
3796,67,ES,16,11,0.425321,RISK_DASHBOARD,2021-12-31
3797,67,ES,17,11,0.478667,RISK_DASHBOARD,2022-03-31
3798,67,ES,18,11,0.468197,RISK_DASHBOARD,2022-06-30
3799,67,ES,19,11,0.430042,RISK_DASHBOARD,2022-09-30
3800,67,ES,20,11,0.443172,RISK_DASHBOARD,2022-12-31
3801,67,ES,21,11,0.44765,RISK_DASHBOARD,2023-03-31
3802,67,ES,22,11,0.447609,RISK_DASHBOARD,2023-06-30
3803,67,ES,23,11,0.452221,RISK_DASHBOARD,2023-09-30
3804,67,ES,24,11,0.480477,RISK_DASHBOARD,2023-12-31
3805,67,ES,25,11,0.472808,RISK_DASHBOARD,2024-03-31
3806,67,ES,26,11,0.45217,RISK_DASHBOARD,2024-06-30
3807,67,ES,27,11,0.409748,RISK_DASHBOARD,2024-09-30
3808,67,ES,28,11,0.437601,RISK_DASHBOARD,2024-12-31
3809,68,EU,1,11,0.462778,RISK_DASHBOARD,2018-03-31
3810,68,EU,2,11,0.438198,RISK_DASHBOARD,2018-06-30
3811,68,EU,3,11,0.44551,RISK_DASHBOARD,2018-09-30
3812,68,EU,4,11,0.460889,RISK_DASHBOARD,2018-12-31
3813,68,EU,5,11,0.462486,RISK_DASHBOARD,2019-03-31
3814,68,EU,6,11,0.419568,RISK_DASHBOARD,2019-06-30
3815,68,EU,7,11,0.463855,RISK_DASHBOARD,2019-09-30
3816,68,EU,8,11,0.468987,RISK_DASHBOARD,2019-12-31
3817,68,EU,9,11,0.468258,RISK_DASHBOARD,2020-03-31
3818,68,EU,10,11,0.466137,RISK_DASHBOARD,2020-06-30
3819,68,EU,11,11,0.412821,RISK_DASHBOARD,2020-09-30
3820,68,EU,12,11,0.459702,RISK_DASHBOARD,2020-12-31
3821,68,EU,13,11,0.414954,RISK_DASHBOARD,2021-03-31
3822,68,EU,14,11,0.405532,RISK_DASHBOARD,2021-06-30
3823,68,EU,15,11,0.427237,RISK_DASHBOARD,2021-09-30
3824,68,EU,16,11,0.430287,RISK_DASHBOARD,2021-12-31
3825,68,EU,17,11,0.399227,RISK_DASHBOARD,2022-03-31
3826,68,EU,18,11,0.470721,RISK_DASHBOARD,2022-06-30
3827,68,EU,19,11,0.403942,RISK_DASHBOARD,2022-09-30
3828,68,EU,20,11,0.468613,RISK_DASHBOARD,2022-12-31
3829,68,EU,21,11,0.462928,RISK_DASHBOARD,2023-03-31
3830,68,EU,22,11,0.403683,RISK_DASHBOARD,2023-06-30
3831,68,EU,23,11,0.469171,RISK_DASHBOARD,2023-09-30
3832,68,EU,24,11,0.471537,RISK_DASHBOARD,2023-12-31
3833,68,EU,25,11,0.4216,RISK_DASHBOARD,2024-03-31
3834,68,EU,26,11,0.440325,RISK_DASHBOARD,2024-06-30
3835,68,EU,27,11,0.404546,RISK_DASHBOARD,2024-09-30
3836,68,EU,28,11,0.407267,RISK_DASHBOARD,2024-12-31
3837,69,FI,1,11,0.455087,RISK_DASHBOARD,2018-03-31
3838,69,FI,2,11,0.418979,RISK_DASHBOARD,2018-06-30
3839,69,FI,3,11,0.407679,RISK_DASHBOARD,2018-09-30
3840,69,FI,4,11,0.442567,RISK_DASHBOARD,2018-12-31
3841,69,FI,5,11,0.469392,RISK_DASHBOARD,2019-03-31
3842,69,FI,6,11,0.472145,RISK_DASHBOARD,2019-06-30
3843,69,FI,7,11,0.475705,RISK_DASHBOARD,2019-09-30
3844,69,FI,8,11,0.437437,RISK_DASHBOARD,2019-12-31
3845,69,FI,9,11,0.435172,RISK_DASHBOARD,2020-03-31
3846,69,FI,10,11,0.432262,RISK_DASHBOARD,2020-06-30
3847,69,FI,11,11,0.407161,RISK_DASHBOARD,2020-09-30
3848,69,FI,12,11,0.427647,RISK_DASHBOARD,2020-12-31
3849,69,FI,13,11,0.41457,RISK_DASHBOARD,2021-03-31
3850,69,FI,14,11,0.421995,RISK_DASHBOARD,2021-06-30
3851,69,FI,15,11,0.437462,RISK_DASHBOARD,2021-09-30
3852,69,FI,16,11,0.444226,RISK_DASHBOARD,2021-12-31
3853,69,FI,17,11,0.433696,RISK_DASHBOARD,2022-03-31
3854,69,FI,18,11,0.451831,RISK_DASHBOARD,2022-06-30
3855,69,FI,19,11,0.418902,RISK_DASHBOARD,2022-09-30
3856,69,FI,20,11,0.467279,RISK_DASHBOARD,2022-12-31
3857,69,FI,21,11,0.463361,RISK_DASHBOARD,2023-03-31
3858,69,FI,22,11,0.451352,RISK_DASHBOARD,2023-06-30
3859,69,FI,23,11,0.460983,RISK_DASHBOARD,2023-09-30
3860,69,FI,24,11,0.476625,RISK_DASHBOARD,2023-12-31
3861,69,FI,25,11,0.443141,RISK_DASHBOARD,2024-03-31
3862,69,FI,26,11,0.466043,RISK_DASHBOARD,2024-06-30
3863,69,FI,27,11,0.411444,RISK_DASHBOARD,2024-09-30
3864,69,FI,28,11,0.414658,RISK_DASHBOARD,2024-12-31
3865,70,FR,1,11,0.430033,RISK_DASHBOARD,2018-03-31
3866,70,FR,2,11,0.412538,RISK_DASHBOARD,2018-06-30
3867,70,FR,3,11,0.406285,RISK_DASHBOARD,2018-09-30
3868,70,FR,4,11,0.432616,RISK_DASHBOARD,2018-12-31
3869,70,FR,5,11,0.417116,RISK_DASHBOARD,2019-03-31
3870,70,FR,6,11,0.398077,RISK_DASHBOARD,2019-06-30
3871,70,FR,7,11,0.412377,RISK_DASHBOARD,2019-09-30
3872,70,FR,8,11,0.43057,RISK_DASHBOARD,2019-12-31
3873,70,FR,9,11,0.406258,RISK_DASHBOARD,2020-03-31
3874,70,FR,10,11,0.434935,RISK_DASHBOARD,2020-06-30
3875,70,FR,11,11,0.40829,RISK_DASHBOARD,2020-09-30
3876,70,FR,12,11,0.385607,RISK_DASHBOARD,2020-12-31
3877,70,FR,13,11,0.407477,RISK_DASHBOARD,2021-03-31
3878,70,FR,14,11,0.393069,RISK_DASHBOARD,2021-06-30
3879,70,FR,15,11,0.44749,RISK_DASHBOARD,2021-09-30
3880,70,FR,16,11,0.384556,RISK_DASHBOARD,2021-12-31
3881,70,FR,17,11,0.431898,RISK_DASHBOARD,2022-03-31
3882,70,FR,18,11,0.386243,RISK_DASHBOARD,2022-06-30
3883,70,FR,19,11,0.397652,RISK_DASHBOARD,2022-09-30
3884,70,FR,20,11,0.392517,RISK_DASHBOARD,2022-12-31
3885,70,FR,21,11,0.402956,RISK_DASHBOARD,2023-03-31
3886,70,FR,22,11,0.378838,RISK_DASHBOARD,2023-06-30
3887,70,FR,23,11,0.400421,RISK_DASHBOARD,2023-09-30
3888,70,FR,24,11,0.396516,RISK_DASHBOARD,2023-12-31
3889,70,FR,25,11,0.397145,RISK_DASHBOARD,2024-03-31
3890,70,FR,26,11,0.440482,RISK_DASHBOARD,2024-06-30
3891,70,FR,27,11,0.405741,RISK_DASHBOARD,2024-09-30
3892,70,FR,28,11,0.399291,RISK_DASHBOARD,2024-12-31
3893,71,GR,1,11,0.481977,RISK_DASHBOARD,2018-03-31
3894,71,GR,2,11,0.42371,RISK_DASHBOARD,2018-06-30
3895,71,GR,3,11,0.48678,RISK_DASHBOARD,2018-09-30
3896,71,GR,4,11,0.439513,RISK_DASHBOARD,2018-12-31
3897,71,GR,5,11,0.462562,RISK_DASHBOARD,2019-03-31
3898,71,GR,6,11,0.476661,RISK_DASHBOARD,2019-06-30
3899,71,GR,7,11,0.48299,RISK_DASHBOARD,2019-09-30
3900,71,GR,8,11,0.480133,RISK_DASHBOARD,2019-12-31
3901,71,GR,9,11,0.469282,RISK_DASHBOARD,2020-03-31
3902,71,GR,10,11,0.463201,RISK_DASHBOARD,2020-06-30
3903,71,GR,11,11,0.429014,RISK_DASHBOARD,2020-09-30
3904,71,GR,12,11,0.432454,RISK_DASHBOARD,2020-12-31
3905,71,GR,13,11,0.429816,RISK_DASHBOARD,2021-03-31
3906,71,GR,14,11,0.410012,RISK_DASHBOARD,2021-06-30
3907,71,GR,15,11,0.483337,RISK_DASHBOARD,2021-09-30
3908,71,GR,16,11,0.460869,RISK_DASHBOARD,2021-12-31
3909,71,GR,17,11,0.485436,RISK_DASHBOARD,2022-03-31
3910,71,GR,18,11,0.468417,RISK_DASHBOARD,2022-06-30
3911,71,GR,19,11,0.464064,RISK_DASHBOARD,2022-09-30
3912,71,GR,20,11,0.469136,RISK_DASHBOARD,2022-12-31
3913,71,GR,21,11,0.483423,RISK_DASHBOARD,2023-03-31
3914,71,GR,22,11,0.463937,RISK_DASHBOARD,2023-06-30
3915,71,GR,23,11,0.429745,RISK_DASHBOARD,2023-09-30
3916,71,GR,24,11,0.417674,RISK_DASHBOARD,2023-12-31
3917,71,GR,25,11,0.461424,RISK_DASHBOARD,2024-03-31
3918,71,GR,26,11,0.464796,RISK_DASHBOARD,2024-06-30
3919,71,GR,27,11,0.479643,RISK_DASHBOARD,2024-09-30
3920,71,GR,28,11,0.444504,RISK_DASHBOARD,2024-12-31
3921,72,HR,1,11,0.407107,RISK_DASHBOARD,2018-03-31
3922,72,HR,2,11,0.422501,RISK_DASHBOARD,2018-06-30
3923,72,HR,3,11,0.376508,RISK_DASHBOARD,2018-09-30
3924,72,HR,4,11,0.422396,RISK_DASHBOARD,2018-12-31
3925,72,HR,5,11,0.405673,RISK_DASHBOARD,2019-03-31
3926,72,HR,6,11,0.407771,RISK_DASHBOARD,2019-06-30
3927,72,HR,7,11,0.389475,RISK_DASHBOARD,2019-09-30
3928,72,HR,8,11,0.445081,RISK_DASHBOARD,2019-12-31
3929,72,HR,9,11,0.451209,RISK_DASHBOARD,2020-03-31
3930,72,HR,10,11,0.390982,RISK_DASHBOARD,2020-06-30
3931,72,HR,11,11,0.449651,RISK_DASHBOARD,2020-09-30
3932,72,HR,12,11,0.39678,RISK_DASHBOARD,2020-12-31
3933,72,HR,13,11,0.432853,RISK_DASHBOARD,2021-03-31
3934,72,HR,14,11,0.416361,RISK_DASHBOARD,2021-06-30
3935,72,HR,15,11,0.452127,RISK_DASHBOARD,2021-09-30
3936,72,HR,16,11,0.418369,RISK_DASHBOARD,2021-12-31
3937,72,HR,17,11,0.392826,RISK_DASHBOARD,2022-03-31
3938,72,HR,18,11,0.416248,RISK_DASHBOARD,2022-06-30
3939,72,HR,19,11,0.42498,RISK_DASHBOARD,2022-09-30
3940,72,HR,20,11,0.396428,RISK_DASHBOARD,2022-12-31
3941,72,HR,21,11,0.420904,RISK_DASHBOARD,2023-03-31
3942,72,HR,22,11,0.452703,RISK_DASHBOARD,2023-06-30
3943,72,HR,23,11,0.409202,RISK_DASHBOARD,2023-09-30
3944,72,HR,24,11,0.422099,RISK_DASHBOARD,2023-12-31
3945,72,HR,25,11,0.406672,RISK_DASHBOARD,2024-03-31
3946,72,HR,26,11,0.428587,RISK_DASHBOARD,2024-06-30
3947,72,HR,27,11,0.405064,RISK_DASHBOARD,2024-09-30
3948,72,HR,28,11,0.437725,RISK_DASHBOARD,2024-12-31
3949,73,HU,1,11,0.417315,RISK_DASHBOARD,2018-03-31
3950,73,HU,2,11,0.431349,RISK_DASHBOARD,2018-06-30
3951,73,HU,3,11,0.426653,RISK_DASHBOARD,2018-09-30
3952,73,HU,4,11,0.478752,RISK_DASHBOARD,2018-12-31
3953,73,HU,5,11,0.404691,RISK_DASHBOARD,2019-03-31
3954,73,HU,6,11,0.4589,RISK_DASHBOARD,2019-06-30
3955,73,HU,7,11,0.419812,RISK_DASHBOARD,2019-09-30
3956,73,HU,8,11,0.447395,RISK_DASHBOARD,2019-12-31
3957,73,HU,9,11,0.468859,RISK_DASHBOARD,2020-03-31
3958,73,HU,10,11,0.458327,RISK_DASHBOARD,2020-06-30
3959,73,HU,11,11,0.451824,RISK_DASHBOARD,2020-09-30
3960,73,HU,12,11,0.46123,RISK_DASHBOARD,2020-12-31
3961,73,HU,13,11,0.411573,RISK_DASHBOARD,2021-03-31
3962,73,HU,14,11,0.432312,RISK_DASHBOARD,2021-06-30
3963,73,HU,15,11,0.452857,RISK_DASHBOARD,2021-09-30
3964,73,HU,16,11,0.470888,RISK_DASHBOARD,2021-12-31
3965,73,HU,17,11,0.473302,RISK_DASHBOARD,2022-03-31
3966,73,HU,18,11,0.421337,RISK_DASHBOARD,2022-06-30
3967,73,HU,19,11,0.454221,RISK_DASHBOARD,2022-09-30
3968,73,HU,20,11,0.405735,RISK_DASHBOARD,2022-12-31
3969,73,HU,21,11,0.460103,RISK_DASHBOARD,2023-03-31
3970,73,HU,22,11,0.433443,RISK_DASHBOARD,2023-06-30
3971,73,HU,23,11,0.459149,RISK_DASHBOARD,2023-09-30
3972,73,HU,24,11,0.411438,RISK_DASHBOARD,2023-12-31
3973,73,HU,25,11,0.465711,RISK_DASHBOARD,2024-03-31
3974,73,HU,26,11,0.472129,RISK_DASHBOARD,2024-06-30
3975,73,HU,27,11,0.412266,RISK_DASHBOARD,2024-09-30
3976,73,HU,28,11,0.476124,RISK_DASHBOARD,2024-12-31
3977,74,IE,1,11,0.476391,RISK_DASHBOARD,2018-03-31
3978,74,IE,2,11,0.448463,RISK_DASHBOARD,2018-06-30
3979,74,IE,3,11,0.429542,RISK_DASHBOARD,2018-09-30
3980,74,IE,4,11,0.442098,RISK_DASHBOARD,2018-12-31
3981,74,IE,5,11,0.455149,RISK_DASHBOARD,2019-03-31
3982,74,IE,6,11,0.450153,RISK_DASHBOARD,2019-06-30
3983,74,IE,7,11,0.433134,RISK_DASHBOARD,2019-09-30
3984,74,IE,8,11,0.433915,RISK_DASHBOARD,2019-12-31
3985,74,IE,9,11,0.44191,RISK_DASHBOARD,2020-03-31
3986,74,IE,10,11,0.438633,RISK_DASHBOARD,2020-06-30
3987,74,IE,11,11,0.443511,RISK_DASHBOARD,2020-09-30
3988,74,IE,12,11,0.47185,RISK_DASHBOARD,2020-12-31
3989,74,IE,13,11,0.485184,RISK_DASHBOARD,2021-03-31
3990,74,IE,14,11,0.413455,RISK_DASHBOARD,2021-06-30
3991,74,IE,15,11,0.462882,RISK_DASHBOARD,2021-09-30
3992,74,IE,16,11,0.464845,RISK_DASHBOARD,2021-12-31
3993,74,IE,17,11,0.447794,RISK_DASHBOARD,2022-03-31
3994,74,IE,18,11,0.465791,RISK_DASHBOARD,2022-06-30
3995,74,IE,19,11,0.48375,RISK_DASHBOARD,2022-09-30
3996,74,IE,20,11,0.424716,RISK_DASHBOARD,2022-12-31
3997,74,IE,21,11,0.459967,RISK_DASHBOARD,2023-03-31
3998,74,IE,22,11,0.487454,RISK_DASHBOARD,2023-06-30
3999,74,IE,23,11,0.427508,RISK_DASHBOARD,2023-09-30
4000,74,IE,24,11,0.458854,RISK_DASHBOARD,2023-12-31
4001,74,IE,25,11,0.427861,RISK_DASHBOARD,2024-03-31
4002,74,IE,26,11,0.453214,RISK_DASHBOARD,2024-06-30
4003,74,IE,27,11,0.431755,RISK_DASHBOARD,2024-09-30
4004,74,IE,28,11,0.414627,RISK_DASHBOARD,2024-12-31
4005,75,IT,1,11,0.489471,RISK_DASHBOARD,2018-03-31
4006,75,IT,2,11,0.41389,RISK_DASHBOARD,2018-06-30
4007,75,IT,3,11,0.44001,RISK_DASHBOARD,2018-09-30
4008,75,IT,4,11,0.41549,RISK_DASHBOARD,2018-12-31
4009,75,IT,5,11,0.443053,RISK_DASHBOARD,2019-03-31
4010,75,IT,6,11,0.411769,RISK_DASHBOARD,2019-06-30
4011,75,IT,7,11,0.445591,RISK_DASHBOARD,2019-09-30
4012,75,IT,8,11,0.47828,RISK_DASHBOARD,2019-12-31
4013,75,IT,9,11,0.414395,RISK_DASHBOARD,2020-03-31
4014,75,IT,10,11,0.421466,RISK_DASHBOARD,2020-06-30
4015,75,IT,11,11,0.463129,RISK_DASHBOARD,2020-09-30
4016,75,IT,12,11,0.435094,RISK_DASHBOARD,2020-12-31
4017,75,IT,13,11,0.454113,RISK_DASHBOARD,2021-03-31
4018,75,IT,14,11,0.464439,RISK_DASHBOARD,2021-06-30
4019,75,IT,15,11,0.441916,RISK_DASHBOARD,2021-09-30
4020,75,IT,16,11,0.447749,RISK_DASHBOARD,2021-12-31
4021,75,IT,17,11,0.448776,RISK_DASHBOARD,2022-03-31
4022,75,IT,18,11,0.416084,RISK_DASHBOARD,2022-06-30
4023,75,IT,19,11,0.416345,RISK_DASHBOARD,2022-09-30
4024,75,IT,20,11,0.43143,RISK_DASHBOARD,2022-12-31
4025,75,IT,21,11,0.464884,RISK_DASHBOARD,2023-03-31
4026,75,IT,22,11,0.439678,RISK_DASHBOARD,2023-06-30
4027,75,IT,23,11,0.474731,RISK_DASHBOARD,2023-09-30
4028,75,IT,24,11,0.476011,RISK_DASHBOARD,2023-12-31
4029,75,IT,25,11,0.464163,RISK_DASHBOARD,2024-03-31
4030,75,IT,26,11,0.430105,RISK_DASHBOARD,2024-06-30
4031,75,IT,27,11,0.447367,RISK_DASHBOARD,2024-09-30
4032,75,IT,28,11,0.457632,RISK_DASHBOARD,2024-12-31
4033,76,LT,1,11,0.412471,RISK_DASHBOARD,2018-03-31
4034,76,LT,2,11,0.410313,RISK_DASHBOARD,2018-06-30
4035,76,LT,3,11,0.427812,RISK_DASHBOARD,2018-09-30
4036,76,LT,4,11,0.456152,RISK_DASHBOARD,2018-12-31
4037,76,LT,5,11,0.421486,RISK_DASHBOARD,2019-03-31
4038,76,LT,6,11,0.432997,RISK_DASHBOARD,2019-06-30
4039,76,LT,7,11,0.482731,RISK_DASHBOARD,2019-09-30
4040,76,LT,8,11,0.484028,RISK_DASHBOARD,2019-12-31
4041,76,LT,9,11,0.409519,RISK_DASHBOARD,2020-03-31
4042,76,LT,10,11,0.454707,RISK_DASHBOARD,2020-06-30
4043,76,LT,11,11,0.486822,RISK_DASHBOARD,2020-09-30
4044,76,LT,12,11,0.484172,RISK_DASHBOARD,2020-12-31
4045,76,LT,13,11,0.444746,RISK_DASHBOARD,2021-03-31
4046,76,LT,14,11,0.453175,RISK_DASHBOARD,2021-06-30
4047,76,LT,15,11,0.439879,RISK_DASHBOARD,2021-09-30
4048,76,LT,16,11,0.485258,RISK_DASHBOARD,2021-12-31
4049,76,LT,17,11,0.416295,RISK_DASHBOARD,2022-03-31
4050,76,LT,18,11,0.414364,RISK_DASHBOARD,2022-06-30
4051,76,LT,19,11,0.48146,RISK_DASHBOARD,2022-09-30
4052,76,LT,20,11,0.427141,RISK_DASHBOARD,2022-12-31
4053,76,LT,21,11,0.440685,RISK_DASHBOARD,2023-03-31
4054,76,LT,22,11,0.463137,RISK_DASHBOARD,2023-06-30
4055,76,LT,23,11,0.408248,RISK_DASHBOARD,2023-09-30
4056,76,LT,24,11,0.407643,RISK_DASHBOARD,2023-12-31
4057,76,LT,25,11,0.47498,RISK_DASHBOARD,2024-03-31
4058,76,LT,26,11,0.472772,RISK_DASHBOARD,2024-06-30
4059,76,LT,27,11,0.441962,RISK_DASHBOARD,2024-09-30
4060,76,LT,28,11,0.446275,RISK_DASHBOARD,2024-12-31
4061,77,LU,1,11,0.448603,RISK_DASHBOARD,2018-03-31
4062,77,LU,2,11,0.394487,RISK_DASHBOARD,2018-06-30
4063,77,LU,3,11,0.452636,RISK_DASHBOARD,2018-09-30
4064,77,LU,4,11,0.426597,RISK_DASHBOARD,2018-12-31
4065,77,LU,5,11,0.449783,RISK_DASHBOARD,2019-03-31
4066,77,LU,6,11,0.391545,RISK_DASHBOARD,2019-06-30
4067,77,LU,7,11,0.38687,RISK_DASHBOARD,2019-09-30
4068,77,LU,8,11,0.411565,RISK_DASHBOARD,2019-12-31
4069,77,LU,9,11,0.424562,RISK_DASHBOARD,2020-03-31
4070,77,LU,10,11,0.410986,RISK_DASHBOARD,2020-06-30
4071,77,LU,11,11,0.383543,RISK_DASHBOARD,2020-09-30
4072,77,LU,12,11,0.381904,RISK_DASHBOARD,2020-12-31
4073,77,LU,13,11,0.397782,RISK_DASHBOARD,2021-03-31
4074,77,LU,14,11,0.404676,RISK_DASHBOARD,2021-06-30
4075,77,LU,15,11,0.415824,RISK_DASHBOARD,2021-09-30
4076,77,LU,16,11,0.413481,RISK_DASHBOARD,2021-12-31
4077,77,LU,17,11,0.393063,RISK_DASHBOARD,2022-03-31
4078,77,LU,18,11,0.43851,RISK_DASHBOARD,2022-06-30
4079,77,LU,19,11,0.447758,RISK_DASHBOARD,2022-09-30
4080,77,LU,20,11,0.435304,RISK_DASHBOARD,2022-12-31
4081,77,LU,21,11,0.411375,RISK_DASHBOARD,2023-03-31
4082,77,LU,22,11,0.391181,RISK_DASHBOARD,2023-06-30
4083,77,LU,23,11,0.389423,RISK_DASHBOARD,2023-09-30
4084,77,LU,24,11,0.44731,RISK_DASHBOARD,2023-12-31
4085,77,LU,25,11,0.422098,RISK_DASHBOARD,2024-03-31
4086,77,LU,26,11,0.455368,RISK_DASHBOARD,2024-06-30
4087,77,LU,27,11,0.410446,RISK_DASHBOARD,2024-09-30
4088,77,LU,28,11,0.387108,RISK_DASHBOARD,2024-12-31
4089,78,LV,1,11,0.452962,RISK_DASHBOARD,2018-03-31
4090,78,LV,2,11,0.436164,RISK_DASHBOARD,2018-06-30
4091,78,LV,3,11,0.437921,RISK_DASHBOARD,2018-09-30
4092,78,LV,4,11,0.456751,RISK_DASHBOARD,2018-12-31
4093,78,LV,5,11,0.440474,RISK_DASHBOARD,2019-03-31
4094,78,LV,6,11,0.468108,RISK_DASHBOARD,2019-06-30
4095,78,LV,7,11,0.433658,RISK_DASHBOARD,2019-09-30
4096,78,LV,8,11,0.44356,RISK_DASHBOARD,2019-12-31
4097,78,LV,9,11,0.453035,RISK_DASHBOARD,2020-03-31
4098,78,LV,10,11,0.405247,RISK_DASHBOARD,2020-06-30
4099,78,LV,11,11,0.442608,RISK_DASHBOARD,2020-09-30
4100,78,LV,12,11,0.451029,RISK_DASHBOARD,2020-12-31
4101,78,LV,13,11,0.435124,RISK_DASHBOARD,2021-03-31
4102,78,LV,14,11,0.420629,RISK_DASHBOARD,2021-06-30
4103,78,LV,15,11,0.428881,RISK_DASHBOARD,2021-09-30
4104,78,LV,16,11,0.405848,RISK_DASHBOARD,2021-12-31
4105,78,LV,17,11,0.449282,RISK_DASHBOARD,2022-03-31
4106,78,LV,18,11,0.403376,RISK_DASHBOARD,2022-06-30
4107,78,LV,19,11,0.431143,RISK_DASHBOARD,2022-09-30
4108,78,LV,20,11,0.468584,RISK_DASHBOARD,2022-12-31
4109,78,LV,21,11,0.403317,RISK_DASHBOARD,2023-03-31
4110,78,LV,22,11,0.413025,RISK_DASHBOARD,2023-06-30
4111,78,LV,23,11,0.4254,RISK_DASHBOARD,2023-09-30
4112,78,LV,24,11,0.47985,RISK_DASHBOARD,2023-12-31
4113,78,LV,25,11,0.416661,RISK_DASHBOARD,2024-03-31
4114,78,LV,26,11,0.429604,RISK_DASHBOARD,2024-06-30
4115,78,LV,27,11,0.461547,RISK_DASHBOARD,2024-09-30
4116,78,LV,28,11,0.448766,RISK_DASHBOARD,2024-12-31
4117,79,MT,1,11,0.40888,RISK_DASHBOARD,2018-03-31
4118,79,MT,2,11,0.454415,RISK_DASHBOARD,2018-06-30
4119,79,MT,3,11,0.428963,RISK_DASHBOARD,2018-09-30
4120,79,MT,4,11,0.475223,RISK_DASHBOARD,2018-12-31
4121,79,MT,5,11,0.416662,RISK_DASHBOARD,2019-03-31
4122,79,MT,6,11,0.451841,RISK_DASHBOARD,2019-06-30
4123,79,MT,7,11,0.442646,RISK_DASHBOARD,2019-09-30
4124,79,MT,8,11,0.468906,RISK_DASHBOARD,2019-12-31
4125,79,MT,9,11,0.41723,RISK_DASHBOARD,2020-03-31
4126,79,MT,10,11,0.454884,RISK_DASHBOARD,2020-06-30
4127,79,MT,11,11,0.402413,RISK_DASHBOARD,2020-09-30
4128,79,MT,12,11,0.454339,RISK_DASHBOARD,2020-12-31
4129,79,MT,13,11,0.458518,RISK_DASHBOARD,2021-03-31
4130,79,MT,14,11,0.432099,RISK_DASHBOARD,2021-06-30
4131,79,MT,15,11,0.448539,RISK_DASHBOARD,2021-09-30
4132,79,MT,16,11,0.442371,RISK_DASHBOARD,2021-12-31
4133,79,MT,17,11,0.453298,RISK_DASHBOARD,2022-03-31
4134,79,MT,18,11,0.471503,RISK_DASHBOARD,2022-06-30
4135,79,MT,19,11,0.426541,RISK_DASHBOARD,2022-09-30
4136,79,MT,20,11,0.403277,RISK_DASHBOARD,2022-12-31
4137,79,MT,21,11,0.428365,RISK_DASHBOARD,2023-03-31
4138,79,MT,22,11,0.427404,RISK_DASHBOARD,2023-06-30
4139,79,MT,23,11,0.401793,RISK_DASHBOARD,2023-09-30
4140,79,MT,24,11,0.474147,RISK_DASHBOARD,2023-12-31
4141,79,MT,25,11,0.444094,RISK_DASHBOARD,2024-03-31
4142,79,MT,26,11,0.406187,RISK_DASHBOARD,2024-06-30
4143,79,MT,27,11,0.408924,RISK_DASHBOARD,2024-09-30
4144,79,MT,28,11,0.456132,RISK_DASHBOARD,2024-12-31
4145,80,NL,1,11,0.462222,RISK_DASHBOARD,2018-03-31
4146,80,NL,2,11,0.427018,RISK_DASHBOARD,2018-06-30
4147,80,NL,3,11,0.46925,RISK_DASHBOARD,2018-09-30
4148,80,NL,4,11,0.447708,RISK_DASHBOARD,2018-12-31
4149,80,NL,5,11,0.415371,RISK_DASHBOARD,2019-03-31
4150,80,NL,6,11,0.423455,RISK_DASHBOARD,2019-06-30
4151,80,NL,7,11,0.491586,RISK_DASHBOARD,2019-09-30
4152,80,NL,8,11,0.412531,RISK_DASHBOARD,2019-12-31
4153,80,NL,9,11,0.44824,RISK_DASHBOARD,2020-03-31
4154,80,NL,10,11,0.488446,RISK_DASHBOARD,2020-06-30
4155,80,NL,11,11,0.436552,RISK_DASHBOARD,2020-09-30
4156,80,NL,12,11,0.428844,RISK_DASHBOARD,2020-12-31
4157,80,NL,13,11,0.456288,RISK_DASHBOARD,2021-03-31
4158,80,NL,14,11,0.443375,RISK_DASHBOARD,2021-06-30
4159,80,NL,15,11,0.435633,RISK_DASHBOARD,2021-09-30
4160,80,NL,16,11,0.415606,RISK_DASHBOARD,2021-12-31
4161,80,NL,17,11,0.48214,RISK_DASHBOARD,2022-03-31
4162,80,NL,18,11,0.473686,RISK_DASHBOARD,2022-06-30
4163,80,NL,19,11,0.420055,RISK_DASHBOARD,2022-09-30
4164,80,NL,20,11,0.491676,RISK_DASHBOARD,2022-12-31
4165,80,NL,21,11,0.446579,RISK_DASHBOARD,2023-03-31
4166,80,NL,22,11,0.490038,RISK_DASHBOARD,2023-06-30
4167,80,NL,23,11,0.489374,RISK_DASHBOARD,2023-09-30
4168,80,NL,24,11,0.447883,RISK_DASHBOARD,2023-12-31
4169,80,NL,25,11,0.43944,RISK_DASHBOARD,2024-03-31
4170,80,NL,26,11,0.455598,RISK_DASHBOARD,2024-06-30
4171,80,NL,27,11,0.465938,RISK_DASHBOARD,2024-09-30
4172,80,NL,28,11,0.4655,RISK_DASHBOARD,2024-12-31
4173,81,NO,1,11,0.451412,RISK_DASHBOARD,2018-03-31
4174,81,NO,2,11,0.409242,RISK_DASHBOARD,2018-06-30
4175,81,NO,3,11,0.410865,RISK_DASHBOARD,2018-09-30
4176,81,NO,4,11,0.453283,RISK_DASHBOARD,2018-12-31
4177,81,NO,5,11,0.45834,RISK_DASHBOARD,2019-03-31
4178,81,NO,6,11,0.441988,RISK_DASHBOARD,2019-06-30
4179,81,NO,7,11,0.432734,RISK_DASHBOARD,2019-09-30
4180,81,NO,8,11,0.413226,RISK_DASHBOARD,2019-12-31
4181,81,NO,9,11,0.388157,RISK_DASHBOARD,2020-03-31
4182,81,NO,10,11,0.462064,RISK_DASHBOARD,2020-06-30
4183,81,NO,11,11,0.418347,RISK_DASHBOARD,2020-09-30
4184,81,NO,12,11,0.453279,RISK_DASHBOARD,2020-12-31
4185,81,NO,13,11,0.412808,RISK_DASHBOARD,2021-03-31
4186,81,NO,14,11,0.399271,RISK_DASHBOARD,2021-06-30
4187,81,NO,15,11,0.397803,RISK_DASHBOARD,2021-09-30
4188,81,NO,16,11,0.436963,RISK_DASHBOARD,2021-12-31
4189,81,NO,17,11,0.452136,RISK_DASHBOARD,2022-03-31
4190,81,NO,18,11,0.399742,RISK_DASHBOARD,2022-06-30
4191,81,NO,19,11,0.406057,RISK_DASHBOARD,2022-09-30
4192,81,NO,20,11,0.410455,RISK_DASHBOARD,2022-12-31
4193,81,NO,21,11,0.41938,RISK_DASHBOARD,2023-03-31
4194,81,NO,22,11,0.405793,RISK_DASHBOARD,2023-06-30
4195,81,NO,23,11,0.446606,RISK_DASHBOARD,2023-09-30
4196,81,NO,24,11,0.42222,RISK_DASHBOARD,2023-12-31
4197,81,NO,25,11,0.385174,RISK_DASHBOARD,2024-03-31
4198,81,NO,26,11,0.435234,RISK_DASHBOARD,2024-06-30
4199,81,NO,27,11,0.409978,RISK_DASHBOARD,2024-09-30
4200,81,NO,28,11,0.431758,RISK_DASHBOARD,2024-12-31
4201,82,PL,1,11,0.464353,RISK_DASHBOARD,2018-03-31
4202,82,PL,2,11,0.419462,RISK_DASHBOARD,2018-06-30
4203,82,PL,3,11,0.443165,RISK_DASHBOARD,2018-09-30
4204,82,PL,4,11,0.435028,RISK_DASHBOARD,2018-12-31
4205,82,PL,5,11,0.430073,RISK_DASHBOARD,2019-03-31
4206,82,PL,6,11,0.452045,RISK_DASHBOARD,2019-06-30
4207,82,PL,7,11,0.459278,RISK_DASHBOARD,2019-09-30
4208,82,PL,8,11,0.457306,RISK_DASHBOARD,2019-12-31
4209,82,PL,9,11,0.464209,RISK_DASHBOARD,2020-03-31
4210,82,PL,10,11,0.449904,RISK_DASHBOARD,2020-06-30
4211,82,PL,11,11,0.44343,RISK_DASHBOARD,2020-09-30
4212,82,PL,12,11,0.431921,RISK_DASHBOARD,2020-12-31
4213,82,PL,13,11,0.458935,RISK_DASHBOARD,2021-03-31
4214,82,PL,14,11,0.390842,RISK_DASHBOARD,2021-06-30
4215,82,PL,15,11,0.417139,RISK_DASHBOARD,2021-09-30
4216,82,PL,16,11,0.416704,RISK_DASHBOARD,2021-12-31
4217,82,PL,17,11,0.41018,RISK_DASHBOARD,2022-03-31
4218,82,PL,18,11,0.453861,RISK_DASHBOARD,2022-06-30
4219,82,PL,19,11,0.395571,RISK_DASHBOARD,2022-09-30
4220,82,PL,20,11,0.405327,RISK_DASHBOARD,2022-12-31
4221,82,PL,21,11,0.438423,RISK_DASHBOARD,2023-03-31
4222,82,PL,22,11,0.444058,RISK_DASHBOARD,2023-06-30
4223,82,PL,23,11,0.416496,RISK_DASHBOARD,2023-09-30
4224,82,PL,24,11,0.440706,RISK_DASHBOARD,2023-12-31
4225,82,PL,25,11,0.43908,RISK_DASHBOARD,2024-03-31
4226,82,PL,26,11,0.465237,RISK_DASHBOARD,2024-06-30
4227,82,PL,27,11,0.448725,RISK_DASHBOARD,2024-09-30
4228,82,PL,28,11,0.430825,RISK_DASHBOARD,2024-12-31
4229,83,PT,1,11,0.466166,RISK_DASHBOARD,2018-03-31
4230,83,PT,2,11,0.442974,RISK_DASHBOARD,2018-06-30
4231,83,PT,3,11,0.481185,RISK_DASHBOARD,2018-09-30
4232,83,PT,4,11,0.45346,RISK_DASHBOARD,2018-12-31
4233,83,PT,5,11,0.416872,RISK_DASHBOARD,2019-03-31
4234,83,PT,6,11,0.479062,RISK_DASHBOARD,2019-06-30
4235,83,PT,7,11,0.475038,RISK_DASHBOARD,2019-09-30
4236,83,PT,8,11,0.412592,RISK_DASHBOARD,2019-12-31
4237,83,PT,9,11,0.423069,RISK_DASHBOARD,2020-03-31
4238,83,PT,10,11,0.466744,RISK_DASHBOARD,2020-06-30
4239,83,PT,11,11,0.468614,RISK_DASHBOARD,2020-09-30
4240,83,PT,12,11,0.458125,RISK_DASHBOARD,2020-12-31
4241,83,PT,13,11,0.424955,RISK_DASHBOARD,2021-03-31
4242,83,PT,14,11,0.456587,RISK_DASHBOARD,2021-06-30
4243,83,PT,15,11,0.425739,RISK_DASHBOARD,2021-09-30
4244,83,PT,16,11,0.421723,RISK_DASHBOARD,2021-12-31
4245,83,PT,17,11,0.475051,RISK_DASHBOARD,2022-03-31
4246,83,PT,18,11,0.445802,RISK_DASHBOARD,2022-06-30
4247,83,PT,19,11,0.416224,RISK_DASHBOARD,2022-09-30
4248,83,PT,20,11,0.481039,RISK_DASHBOARD,2022-12-31
4249,83,PT,21,11,0.42545,RISK_DASHBOARD,2023-03-31
4250,83,PT,22,11,0.483442,RISK_DASHBOARD,2023-06-30
4251,83,PT,23,11,0.484802,RISK_DASHBOARD,2023-09-30
4252,83,PT,24,11,0.479244,RISK_DASHBOARD,2023-12-31
4253,83,PT,25,11,0.429522,RISK_DASHBOARD,2024-03-31
4254,83,PT,26,11,0.467162,RISK_DASHBOARD,2024-06-30
4255,83,PT,27,11,0.45145,RISK_DASHBOARD,2024-09-30
4256,83,PT,28,11,0.469365,RISK_DASHBOARD,2024-12-31
4257,84,RO,1,11,0.423232,RISK_DASHBOARD,2018-03-31
4258,84,RO,2,11,0.441508,RISK_DASHBOARD,2018-06-30
4259,84,RO,3,11,0.454217,RISK_DASHBOARD,2018-09-30
4260,84,RO,4,11,0.454617,RISK_DASHBOARD,2018-12-31
4261,84,RO,5,11,0.448801,RISK_DASHBOARD,2019-03-31
4262,84,RO,6,11,0.486183,RISK_DASHBOARD,2019-06-30
4263,84,RO,7,11,0.464089,RISK_DASHBOARD,2019-09-30
4264,84,RO,8,11,0.487415,RISK_DASHBOARD,2019-12-31
4265,84,RO,9,11,0.444441,RISK_DASHBOARD,2020-03-31
4266,84,RO,10,11,0.419134,RISK_DASHBOARD,2020-06-30
4267,84,RO,11,11,0.452474,RISK_DASHBOARD,2020-09-30
4268,84,RO,12,11,0.420812,RISK_DASHBOARD,2020-12-31
4269,84,RO,13,11,0.459959,RISK_DASHBOARD,2021-03-31
4270,84,RO,14,11,0.474527,RISK_DASHBOARD,2021-06-30
4271,84,RO,15,11,0.474237,RISK_DASHBOARD,2021-09-30
4272,84,RO,16,11,0.454856,RISK_DASHBOARD,2021-12-31
4273,84,RO,17,11,0.420471,RISK_DASHBOARD,2022-03-31
4274,84,RO,18,11,0.485139,RISK_DASHBOARD,2022-06-30
4275,84,RO,19,11,0.49004,RISK_DASHBOARD,2022-09-30
4276,84,RO,20,11,0.438047,RISK_DASHBOARD,2022-12-31
4277,84,RO,21,11,0.410704,RISK_DASHBOARD,2023-03-31
4278,84,RO,22,11,0.446137,RISK_DASHBOARD,2023-06-30
4279,84,RO,23,11,0.442619,RISK_DASHBOARD,2023-09-30
4280,84,RO,24,11,0.479873,RISK_DASHBOARD,2023-12-31
4281,84,RO,25,11,0.419949,RISK_DASHBOARD,2024-03-31
4282,84,RO,26,11,0.415319,RISK_DASHBOARD,2024-06-30
4283,84,RO,27,11,0.441525,RISK_DASHBOARD,2024-09-30
4284,84,RO,28,11,0.414335,RISK_DASHBOARD,2024-12-31
4285,85,SE,1,11,0.441125,RISK_DASHBOARD,2018-03-31
4286,85,SE,2,11,0.408651,RISK_DASHBOARD,2018-06-30
4287,85,SE,3,11,0.417137,RISK_DASHBOARD,2018-09-30
4288,85,SE,4,11,0.441567,RISK_DASHBOARD,2018-12-31
4289,85,SE,5,11,0.441283,RISK_DASHBOARD,2019-03-31
4290,85,SE,6,11,0.416035,RISK_DASHBOARD,2019-06-30
4291,85,SE,7,11,0.454626,RISK_DASHBOARD,2019-09-30
4292,85,SE,8,11,0.417015,RISK_DASHBOARD,2019-12-31
4293,85,SE,9,11,0.417144,RISK_DASHBOARD,2020-03-31
4294,85,SE,10,11,0.430554,RISK_DASHBOARD,2020-06-30
4295,85,SE,11,11,0.387619,RISK_DASHBOARD,2020-09-30
4296,85,SE,12,11,0.401135,RISK_DASHBOARD,2020-12-31
4297,85,SE,13,11,0.447066,RISK_DASHBOARD,2021-03-31
4298,85,SE,14,11,0.388424,RISK_DASHBOARD,2021-06-30
4299,85,SE,15,11,0.398998,RISK_DASHBOARD,2021-09-30
4300,85,SE,16,11,0.445891,RISK_DASHBOARD,2021-12-31
4301,85,SE,17,11,0.447016,RISK_DASHBOARD,2022-03-31
4302,85,SE,18,11,0.423697,RISK_DASHBOARD,2022-06-30
4303,85,SE,19,11,0.458035,RISK_DASHBOARD,2022-09-30
4304,85,SE,20,11,0.395964,RISK_DASHBOARD,2022-12-31
4305,85,SE,21,11,0.397063,RISK_DASHBOARD,2023-03-31
4306,85,SE,22,11,0.414594,RISK_DASHBOARD,2023-06-30
4307,85,SE,23,11,0.466522,RISK_DASHBOARD,2023-09-30
4308,85,SE,24,11,0.457721,RISK_DASHBOARD,2023-12-31
4309,85,SE,25,11,0.460122,RISK_DASHBOARD,2024-03-31
4310,85,SE,26,11,0.444896,RISK_DASHBOARD,2024-06-30
4311,85,SE,27,11,0.422627,RISK_DASHBOARD,2024-09-30
4312,85,SE,28,11,0.43131,RISK_DASHBOARD,2024-12-31
4313,86,SI,1,11,0.41016,RISK_DASHBOARD,2018-03-31
4314,86,SI,2,11,0.47018,RISK_DASHBOARD,2018-06-30
4315,86,SI,3,11,0.449451,RISK_DASHBOARD,2018-09-30
4316,86,SI,4,11,0.428416,RISK_DASHBOARD,2018-12-31
4317,86,SI,5,11,0.420283,RISK_DASHBOARD,2019-03-31
4318,86,SI,6,11,0.461747,RISK_DASHBOARD,2019-06-30
4319,86,SI,7,11,0.455508,RISK_DASHBOARD,2019-09-30
4320,86,SI,8,11,0.469728,RISK_DASHBOARD,2019-12-31
4321,86,SI,9,11,0.468832,RISK_DASHBOARD,2020-03-31
4322,86,SI,10,11,0.440748,RISK_DASHBOARD,2020-06-30
4323,86,SI,11,11,0.393578,RISK_DASHBOARD,2020-09-30
4324,86,SI,12,11,0.422216,RISK_DASHBOARD,2020-12-31
4325,86,SI,13,11,0.443496,RISK_DASHBOARD,2021-03-31
4326,86,SI,14,11,0.436738,RISK_DASHBOARD,2021-06-30
4327,86,SI,15,11,0.470623,RISK_DASHBOARD,2021-09-30
4328,86,SI,16,11,0.436077,RISK_DASHBOARD,2021-12-31
4329,86,SI,17,11,0.411193,RISK_DASHBOARD,2022-03-31
4330,86,SI,18,11,0.443358,RISK_DASHBOARD,2022-06-30
4331,86,SI,19,11,0.45749,RISK_DASHBOARD,2022-09-30
4332,86,SI,20,11,0.418699,RISK_DASHBOARD,2022-12-31
4333,86,SI,21,11,0.418323,RISK_DASHBOARD,2023-03-31
4334,86,SI,22,11,0.464801,RISK_DASHBOARD,2023-06-30
4335,86,SI,23,11,0.468667,RISK_DASHBOARD,2023-09-30
4336,86,SI,24,11,0.394705,RISK_DASHBOARD,2023-12-31
4337,86,SI,25,11,0.46474,RISK_DASHBOARD,2024-03-31
4338,86,SI,26,11,0.451435,RISK_DASHBOARD,2024-06-30
4339,86,SI,27,11,0.457178,RISK_DASHBOARD,2024-09-30
4340,86,SI,28,11,0.450269,RISK_DASHBOARD,2024-12-31
4341,87,SK,1,11,0.449818,RISK_DASHBOARD,2018-03-31
4342,87,SK,2,11,0.443084,RISK_DASHBOARD,2018-06-30
4343,87,SK,3,11,0.434717,RISK_DASHBOARD,2018-09-30
4344,87,SK,4,11,0.460921,RISK_DASHBOARD,2018-12-31
4345,87,SK,5,11,0.418791,RISK_DASHBOARD,2019-03-31
4346,87,SK,6,11,0.432602,RISK_DASHBOARD,2019-06-30
4347,87,SK,7,11,0.467207,RISK_DASHBOARD,2019-09-30
4348,87,SK,8,11,0.441789,RISK_DASHBOARD,2019-12-31
4349,87,SK,9,11,0.468882,RISK_DASHBOARD,2020-03-31
4350,87,SK,10,11,0.406082,RISK_DASHBOARD,2020-06-30
4351,87,SK,11,11,0.407378,RISK_DASHBOARD,2020-09-30
4352,87,SK,12,11,0.401637,RISK_DASHBOARD,2020-12-31
4353,87,SK,13,11,0.437578,RISK_DASHBOARD,2021-03-31
4354,87,SK,14,11,0.393717,RISK_DASHBOARD,2021-06-30
4355,87,SK,15,11,0.395328,RISK_DASHBOARD,2021-09-30
4356,87,SK,16,11,0.404075,RISK_DASHBOARD,2021-12-31
4357,87,SK,17,11,0.453697,RISK_DASHBOARD,2022-03-31
4358,87,SK,18,11,0.438401,RISK_DASHBOARD,2022-06-30
4359,87,SK,19,11,0.390935,RISK_DASHBOARD,2022-09-30
4360,87,SK,20,11,0.409663,RISK_DASHBOARD,2022-12-31
4361,87,SK,21,11,0.399027,RISK_DASHBOARD,2023-03-31
4362,87,SK,22,11,0.460918,RISK_DASHBOARD,2023-06-30
4363,87,SK,23,11,0.447138,RISK_DASHBOARD,2023-09-30
4364,87,SK,24,11,0.407855,RISK_DASHBOARD,2023-12-31
4365,87,SK,25,11,0.403366,RISK_DASHBOARD,2024-03-31
4366,87,SK,26,11,0.462486,RISK_DASHBOARD,2024-06-30
4367,87,SK,27,11,0.467962,RISK_DASHBOARD,2024-09-30
4368,87,SK,28,11,0.429714,RISK_DASHBOARD,2024-12-31
4369,62,AT,1,10,0.040276,RISK_DASHBOARD,2018-03-31
4370,62,AT,2,10,0.040741,RISK_DASHBOARD,2018-06-30
4371,62,AT,3,10,0.025838,RISK_DASHBOARD,2018-09-30
4372,62,AT,4,10,0.017244,RISK_DASHBOARD,2018-12-31
4373,62,AT,5,10,0.03538,RISK_DASHBOARD,2019-03-31
4374,62,AT,6,10,0.03821,RISK_DASHBOARD,2019-06-30
4375,62,AT,7,10,0.026188,RISK_DASHBOARD,2019-09-30
4376,62,AT,8,10,0.012786,RISK_DASHBOARD,2019-12-31
4377,62,AT,9,10,0.009242,RISK_DASHBOARD,2020-03-31
4378,62,AT,10,10,0.024737,RISK_DASHBOARD,2020-06-30
4379,62,AT,11,10,0.028258,RISK_DASHBOARD,2020-09-30
4380,62,AT,12,10,0.027567,RISK_DASHBOARD,2020-12-31
4381,62,AT,13,10,0.039424,RISK_DASHBOARD,2021-03-31
4382,62,AT,14,10,0.023858,RISK_DASHBOARD,2021-06-30
4383,62,AT,15,10,0.011324,RISK_DASHBOARD,2021-09-30
4384,62,AT,16,10,0.012132,RISK_DASHBOARD,2021-12-31
4385,62,AT,17,10,0.020684,RISK_DASHBOARD,2022-03-31
4386,62,AT,18,10,0.028256,RISK_DASHBOARD,2022-06-30
4387,62,AT,19,10,0.019594,RISK_DASHBOARD,2022-09-30
4388,62,AT,20,10,0.024055,RISK_DASHBOARD,2022-12-31
4389,62,AT,21,10,0.018531,RISK_DASHBOARD,2023-03-31
4390,62,AT,22,10,0.043293,RISK_DASHBOARD,2023-06-30
4391,62,AT,23,10,0.01314,RISK_DASHBOARD,2023-09-30
4392,62,AT,24,10,0.017701,RISK_DASHBOARD,2023-12-31
4393,62,AT,25,10,0.048243,RISK_DASHBOARD,2024-03-31
4394,62,AT,26,10,0.03494,RISK_DASHBOARD,2024-06-30
4395,62,AT,27,10,0.039353,RISK_DASHBOARD,2024-09-30
4396,62,AT,28,10,0.047333,RISK_DASHBOARD,2024-12-31
4397,63,BE,1,10,0.013377,RISK_DASHBOARD,2018-03-31
4398,63,BE,2,10,0.006998,RISK_DASHBOARD,2018-06-30
4399,63,BE,3,10,0.0,RISK_DASHBOARD,2018-09-30
4400,63,BE,4,10,0.0,RISK_DASHBOARD,2018-12-31
4401,63,BE,5,10,0.031704,RISK_DASHBOARD,2019-03-31
4402,63,BE,6,10,0.018252,RISK_DASHBOARD,2019-06-30
4403,63,BE,7,10,0.001752,RISK_DASHBOARD,2019-09-30
4404,63,BE,8,10,0.0,RISK_DASHBOARD,2019-12-31
4405,63,BE,9,10,0.009297,RISK_DASHBOARD,2020-03-31
4406,63,BE,10,10,7.6e-05,RISK_DASHBOARD,2020-06-30
4407,63,BE,11,10,0.013175,RISK_DASHBOARD,2020-09-30
4408,63,BE,12,10,0.021842,RISK_DASHBOARD,2020-12-31
4409,63,BE,13,10,0.015661,RISK_DASHBOARD,2021-03-31
4410,63,BE,14,10,0.014654,RISK_DASHBOARD,2021-06-30
4411,63,BE,15,10,0.0,RISK_DASHBOARD,2021-09-30
4412,63,BE,16,10,0.022365,RISK_DASHBOARD,2021-12-31
4413,63,BE,17,10,0.017884,RISK_DASHBOARD,2022-03-31
4414,63,BE,18,10,0.007097,RISK_DASHBOARD,2022-06-30
4415,63,BE,19,10,0.001571,RISK_DASHBOARD,2022-09-30
4416,63,BE,20,10,0.005117,RISK_DASHBOARD,2022-12-31
4417,63,BE,21,10,0.000731,RISK_DASHBOARD,2023-03-31
4418,63,BE,22,10,0.02653,RISK_DASHBOARD,2023-06-30
4419,63,BE,23,10,0.0166,RISK_DASHBOARD,2023-09-30
4420,63,BE,24,10,0.009771,RISK_DASHBOARD,2023-12-31
4421,63,BE,25,10,0.00116,RISK_DASHBOARD,2024-03-31
4422,63,BE,26,10,0.026268,RISK_DASHBOARD,2024-06-30
4423,63,BE,27,10,0.007431,RISK_DASHBOARD,2024-09-30
4424,63,BE,28,10,0.005667,RISK_DASHBOARD,2024-12-31
4425,64,CY,1,10,0.0,RISK_DASHBOARD,2018-03-31
4426,64,CY,2,10,0.021689,RISK_DASHBOARD,2018-06-30
4427,64,CY,3,10,0.023285,RISK_DASHBOARD,2018-09-30
4428,64,CY,4,10,0.0,RISK_DASHBOARD,2018-12-31
4429,64,CY,5,10,0.014135,RISK_DASHBOARD,2019-03-31
4430,64,CY,6,10,0.009525,RISK_DASHBOARD,2019-06-30
4431,64,CY,7,10,0.0,RISK_DASHBOARD,2019-09-30
4432,64,CY,8,10,0.008699,RISK_DASHBOARD,2019-12-31
4433,64,CY,9,10,0.007551,RISK_DASHBOARD,2020-03-31
4434,64,CY,10,10,0.020665,RISK_DASHBOARD,2020-06-30
4435,64,CY,11,10,0.005508,RISK_DASHBOARD,2020-09-30
4436,64,CY,12,10,0.0,RISK_DASHBOARD,2020-12-31
4437,64,CY,13,10,0.0,RISK_DASHBOARD,2021-03-31
4438,64,CY,14,10,0.020131,RISK_DASHBOARD,2021-06-30
4439,64,CY,15,10,0.0,RISK_DASHBOARD,2021-09-30
4440,64,CY,16,10,0.016324,RISK_DASHBOARD,2021-12-31
4441,64,CY,17,10,0.0,RISK_DASHBOARD,2022-03-31
4442,64,CY,18,10,0.026638,RISK_DASHBOARD,2022-06-30
4443,64,CY,19,10,0.008999,RISK_DASHBOARD,2022-09-30
4444,64,CY,20,10,0.007015,RISK_DASHBOARD,2022-12-31
4445,64,CY,21,10,0.0,RISK_DASHBOARD,2023-03-31
4446,64,CY,22,10,0.013152,RISK_DASHBOARD,2023-06-30
4447,64,CY,23,10,0.01295,RISK_DASHBOARD,2023-09-30
4448,64,CY,24,10,0.0,RISK_DASHBOARD,2023-12-31
4449,64,CY,25,10,0.02085,RISK_DASHBOARD,2024-03-31
4450,64,CY,26,10,0.0,RISK_DASHBOARD,2024-06-30
4451,64,CY,27,10,0.0,RISK_DASHBOARD,2024-09-30
4452,64,CY,28,10,0.0128,RISK_DASHBOARD,2024-12-31
4453,65,DE,1,10,0.014553,RISK_DASHBOARD,2018-03-31
4454,65,DE,2,10,0.011996,RISK_DASHBOARD,2018-06-30
4455,65,DE,3,10,0.023326,RISK_DASHBOARD,2018-09-30
4456,65,DE,4,10,0.021683,RISK_DASHBOARD,2018-12-31
4457,65,DE,5,10,0.010731,RISK_DASHBOARD,2019-03-31
4458,65,DE,6,10,0.045433,RISK_DASHBOARD,2019-06-30
4459,65,DE,7,10,0.018273,RISK_DASHBOARD,2019-09-30
4460,65,DE,8,10,0.013013,RISK_DASHBOARD,2019-12-31
4461,65,DE,9,10,0.016977,RISK_DASHBOARD,2020-03-31
4462,65,DE,10,10,0.048035,RISK_DASHBOARD,2020-06-30
4463,65,DE,11,10,0.028911,RISK_DASHBOARD,2020-09-30
4464,65,DE,12,10,0.036208,RISK_DASHBOARD,2020-12-31
4465,65,DE,13,10,0.04713,RISK_DASHBOARD,2021-03-31
4466,65,DE,14,10,0.030532,RISK_DASHBOARD,2021-06-30
4467,65,DE,15,10,0.045948,RISK_DASHBOARD,2021-09-30
4468,65,DE,16,10,0.043707,RISK_DASHBOARD,2021-12-31
4469,65,DE,17,10,0.04356,RISK_DASHBOARD,2022-03-31
4470,65,DE,18,10,0.011546,RISK_DASHBOARD,2022-06-30
4471,65,DE,19,10,0.029012,RISK_DASHBOARD,2022-09-30
4472,65,DE,20,10,0.029774,RISK_DASHBOARD,2022-12-31
4473,65,DE,21,10,0.027315,RISK_DASHBOARD,2023-03-31
4474,65,DE,22,10,0.011254,RISK_DASHBOARD,2023-06-30
4475,65,DE,23,10,0.016324,RISK_DASHBOARD,2023-09-30
4476,65,DE,24,10,0.018981,RISK_DASHBOARD,2023-12-31
4477,65,DE,25,10,0.037185,RISK_DASHBOARD,2024-03-31
4478,65,DE,26,10,0.012173,RISK_DASHBOARD,2024-06-30
4479,65,DE,27,10,0.020346,RISK_DASHBOARD,2024-09-30
4480,65,DE,28,10,0.019345,RISK_DASHBOARD,2024-12-31
4481,66,DK,1,10,0.047805,RISK_DASHBOARD,2018-03-31
4482,66,DK,2,10,0.051799,RISK_DASHBOARD,2018-06-30
4483,66,DK,3,10,0.057511,RISK_DASHBOARD,2018-09-30
4484,66,DK,4,10,0.038412,RISK_DASHBOARD,2018-12-31
4485,66,DK,5,10,0.04215,RISK_DASHBOARD,2019-03-31
4486,66,DK,6,10,0.053777,RISK_DASHBOARD,2019-06-30
4487,66,DK,7,10,0.052476,RISK_DASHBOARD,2019-09-30
4488,66,DK,8,10,0.032362,RISK_DASHBOARD,2019-12-31
4489,66,DK,9,10,0.027147,RISK_DASHBOARD,2020-03-31
4490,66,DK,10,10,0.030566,RISK_DASHBOARD,2020-06-30
4491,66,DK,11,10,0.051004,RISK_DASHBOARD,2020-09-30
4492,66,DK,12,10,0.02199,RISK_DASHBOARD,2020-12-31
4493,66,DK,13,10,0.043561,RISK_DASHBOARD,2021-03-31
4494,66,DK,14,10,0.060571,RISK_DASHBOARD,2021-06-30
4495,66,DK,15,10,0.055507,RISK_DASHBOARD,2021-09-30
4496,66,DK,16,10,0.031817,RISK_DASHBOARD,2021-12-31
4497,66,DK,17,10,0.039708,RISK_DASHBOARD,2022-03-31
4498,66,DK,18,10,0.043417,RISK_DASHBOARD,2022-06-30
4499,66,DK,19,10,0.029214,RISK_DASHBOARD,2022-09-30
4500,66,DK,20,10,0.045592,RISK_DASHBOARD,2022-12-31
4501,66,DK,21,10,0.052814,RISK_DASHBOARD,2023-03-31
4502,66,DK,22,10,0.043401,RISK_DASHBOARD,2023-06-30
4503,66,DK,23,10,0.046722,RISK_DASHBOARD,2023-09-30
4504,66,DK,24,10,0.055072,RISK_DASHBOARD,2023-12-31
4505,66,DK,25,10,0.031948,RISK_DASHBOARD,2024-03-31
4506,66,DK,26,10,0.039954,RISK_DASHBOARD,2024-06-30
4507,66,DK,27,10,0.049707,RISK_DASHBOARD,2024-09-30
4508,66,DK,28,10,0.03064,RISK_DASHBOARD,2024-12-31
4509,67,ES,1,10,0.050148,RISK_DASHBOARD,2018-03-31
4510,67,ES,2,10,0.023308,RISK_DASHBOARD,2018-06-30
4511,67,ES,3,10,0.0338,RISK_DASHBOARD,2018-09-30
4512,67,ES,4,10,0.035438,RISK_DASHBOARD,2018-12-31
4513,67,ES,5,10,0.043434,RISK_DASHBOARD,2019-03-31
4514,67,ES,6,10,0.03415,RISK_DASHBOARD,2019-06-30
4515,67,ES,7,10,0.027548,RISK_DASHBOARD,2019-09-30
4516,67,ES,8,10,0.038448,RISK_DASHBOARD,2019-12-31
4517,67,ES,9,10,0.038995,RISK_DASHBOARD,2020-03-31
4518,67,ES,10,10,0.047076,RISK_DASHBOARD,2020-06-30
4519,67,ES,11,10,0.043633,RISK_DASHBOARD,2020-09-30
4520,67,ES,12,10,0.025197,RISK_DASHBOARD,2020-12-31
4521,67,ES,13,10,0.028492,RISK_DASHBOARD,2021-03-31
4522,67,ES,14,10,0.032192,RISK_DASHBOARD,2021-06-30
4523,67,ES,15,10,0.01381,RISK_DASHBOARD,2021-09-30
4524,67,ES,16,10,0.033445,RISK_DASHBOARD,2021-12-31
4525,67,ES,17,10,0.033521,RISK_DASHBOARD,2022-03-31
4526,67,ES,18,10,0.016641,RISK_DASHBOARD,2022-06-30
4527,67,ES,19,10,0.028699,RISK_DASHBOARD,2022-09-30
4528,67,ES,20,10,0.030826,RISK_DASHBOARD,2022-12-31
4529,67,ES,21,10,0.024729,RISK_DASHBOARD,2023-03-31
4530,67,ES,22,10,0.020051,RISK_DASHBOARD,2023-06-30
4531,67,ES,23,10,0.046181,RISK_DASHBOARD,2023-09-30
4532,67,ES,24,10,0.040023,RISK_DASHBOARD,2023-12-31
4533,67,ES,25,10,0.047954,RISK_DASHBOARD,2024-03-31
4534,67,ES,26,10,0.040221,RISK_DASHBOARD,2024-06-30
4535,67,ES,27,10,0.039174,RISK_DASHBOARD,2024-09-30
4536,67,ES,28,10,0.028044,RISK_DASHBOARD,2024-12-31
4537,68,EU,1,10,0.029523,RISK_DASHBOARD,2018-03-31
4538,68,EU,2,10,0.017247,RISK_DASHBOARD,2018-06-30
4539,68,EU,3,10,0.035558,RISK_DASHBOARD,2018-09-30
4540,68,EU,4,10,0.035568,RISK_DASHBOARD,2018-12-31
4541,68,EU,5,10,0.009281,RISK_DASHBOARD,2019-03-31
4542,68,EU,6,10,0.017892,RISK_DASHBOARD,2019-06-30
4543,68,EU,7,10,0.019928,RISK_DASHBOARD,2019-09-30
4544,68,EU,8,10,0.038245,RISK_DASHBOARD,2019-12-31
4545,68,EU,9,10,0.034598,RISK_DASHBOARD,2020-03-31
4546,68,EU,10,10,0.008498,RISK_DASHBOARD,2020-06-30
4547,68,EU,11,10,0.013299,RISK_DASHBOARD,2020-09-30
4548,68,EU,12,10,0.016179,RISK_DASHBOARD,2020-12-31
4549,68,EU,13,10,0.026929,RISK_DASHBOARD,2021-03-31
4550,68,EU,14,10,0.039103,RISK_DASHBOARD,2021-06-30
4551,68,EU,15,10,0.036777,RISK_DASHBOARD,2021-09-30
4552,68,EU,16,10,0.033904,RISK_DASHBOARD,2021-12-31
4553,68,EU,17,10,0.021387,RISK_DASHBOARD,2022-03-31
4554,68,EU,18,10,0.04161,RISK_DASHBOARD,2022-06-30
4555,68,EU,19,10,0.018099,RISK_DASHBOARD,2022-09-30
4556,68,EU,20,10,0.027136,RISK_DASHBOARD,2022-12-31
4557,68,EU,21,10,0.012881,RISK_DASHBOARD,2023-03-31
4558,68,EU,22,10,0.015734,RISK_DASHBOARD,2023-06-30
4559,68,EU,23,10,0.028227,RISK_DASHBOARD,2023-09-30
4560,68,EU,24,10,0.010489,RISK_DASHBOARD,2023-12-31
4561,68,EU,25,10,0.020291,RISK_DASHBOARD,2024-03-31
4562,68,EU,26,10,0.016747,RISK_DASHBOARD,2024-06-30
4563,68,EU,27,10,0.008991,RISK_DASHBOARD,2024-09-30
4564,68,EU,28,10,0.031772,RISK_DASHBOARD,2024-12-31
4565,69,FI,1,10,0.01938,RISK_DASHBOARD,2018-03-31
4566,69,FI,2,10,0.034729,RISK_DASHBOARD,2018-06-30
4567,69,FI,3,10,0.048001,RISK_DASHBOARD,2018-09-30
4568,69,FI,4,10,0.051048,RISK_DASHBOARD,2018-12-31
4569,69,FI,5,10,0.029994,RISK_DASHBOARD,2019-03-31
4570,69,FI,6,10,0.040346,RISK_DASHBOARD,2019-06-30
4571,69,FI,7,10,0.020094,RISK_DASHBOARD,2019-09-30
4572,69,FI,8,10,0.017673,RISK_DASHBOARD,2019-12-31
4573,69,FI,9,10,0.046396,RISK_DASHBOARD,2020-03-31
4574,69,FI,10,10,0.020884,RISK_DASHBOARD,2020-06-30
4575,69,FI,11,10,0.036674,RISK_DASHBOARD,2020-09-30
4576,69,FI,12,10,0.049203,RISK_DASHBOARD,2020-12-31
4577,69,FI,13,10,0.04426,RISK_DASHBOARD,2021-03-31
4578,69,FI,14,10,0.022575,RISK_DASHBOARD,2021-06-30
4579,69,FI,15,10,0.017867,RISK_DASHBOARD,2021-09-30
4580,69,FI,16,10,0.041916,RISK_DASHBOARD,2021-12-31
4581,69,FI,17,10,0.048107,RISK_DASHBOARD,2022-03-31
4582,69,FI,18,10,0.049634,RISK_DASHBOARD,2022-06-30
4583,69,FI,19,10,0.052266,RISK_DASHBOARD,2022-09-30
4584,69,FI,20,10,0.04341,RISK_DASHBOARD,2022-12-31
4585,69,FI,21,10,0.048966,RISK_DASHBOARD,2023-03-31
4586,69,FI,22,10,0.052457,RISK_DASHBOARD,2023-06-30
4587,69,FI,23,10,0.037232,RISK_DASHBOARD,2023-09-30
4588,69,FI,24,10,0.02197,RISK_DASHBOARD,2023-12-31
4589,69,FI,25,10,0.033871,RISK_DASHBOARD,2024-03-31
4590,69,FI,26,10,0.053855,RISK_DASHBOARD,2024-06-30
4591,69,FI,27,10,0.046744,RISK_DASHBOARD,2024-09-30
4592,69,FI,28,10,0.049626,RISK_DASHBOARD,2024-12-31
4593,70,FR,1,10,0.022272,RISK_DASHBOARD,2018-03-31
4594,70,FR,2,10,0.014232,RISK_DASHBOARD,2018-06-30
4595,70,FR,3,10,0.000469,RISK_DASHBOARD,2018-09-30
4596,70,FR,4,10,0.0,RISK_DASHBOARD,2018-12-31
4597,70,FR,5,10,0.006972,RISK_DASHBOARD,2019-03-31
4598,70,FR,6,10,0.027197,RISK_DASHBOARD,2019-06-30
4599,70,FR,7,10,0.010659,RISK_DASHBOARD,2019-09-30
4600,70,FR,8,10,0.0,RISK_DASHBOARD,2019-12-31
4601,70,FR,9,10,0.0,RISK_DASHBOARD,2020-03-31
4602,70,FR,10,10,0.0,RISK_DASHBOARD,2020-06-30
4603,70,FR,11,10,0.004061,RISK_DASHBOARD,2020-09-30
4604,70,FR,12,10,0.016767,RISK_DASHBOARD,2020-12-31
4605,70,FR,13,10,0.0,RISK_DASHBOARD,2021-03-31
4606,70,FR,14,10,0.0,RISK_DASHBOARD,2021-06-30
4607,70,FR,15,10,0.021063,RISK_DASHBOARD,2021-09-30
4608,70,FR,16,10,0.024506,RISK_DASHBOARD,2021-12-31
4609,70,FR,17,10,0.0,RISK_DASHBOARD,2022-03-31
4610,70,FR,18,10,0.024289,RISK_DASHBOARD,2022-06-30
4611,70,FR,19,10,0.001182,RISK_DASHBOARD,2022-09-30
4612,70,FR,20,10,0.018722,RISK_DASHBOARD,2022-12-31
4613,70,FR,21,10,0.0,RISK_DASHBOARD,2023-03-31
4614,70,FR,22,10,0.00176,RISK_DASHBOARD,2023-06-30
4615,70,FR,23,10,0.017914,RISK_DASHBOARD,2023-09-30
4616,70,FR,24,10,0.015229,RISK_DASHBOARD,2023-12-31
4617,70,FR,25,10,0.015694,RISK_DASHBOARD,2024-03-31
4618,70,FR,26,10,0.0,RISK_DASHBOARD,2024-06-30
4619,70,FR,27,10,0.004607,RISK_DASHBOARD,2024-09-30
4620,70,FR,28,10,0.009089,RISK_DASHBOARD,2024-12-31
4621,71,GR,1,10,0.025339,RISK_DASHBOARD,2018-03-31
4622,71,GR,2,10,0.030148,RISK_DASHBOARD,2018-06-30
4623,71,GR,3,10,0.028249,RISK_DASHBOARD,2018-09-30
4624,71,GR,4,10,0.030468,RISK_DASHBOARD,2018-12-31
4625,71,GR,5,10,0.029927,RISK_DASHBOARD,2019-03-31
4626,71,GR,6,10,0.047146,RISK_DASHBOARD,2019-06-30
4627,71,GR,7,10,0.044072,RISK_DASHBOARD,2019-09-30
4628,71,GR,8,10,0.031376,RISK_DASHBOARD,2019-12-31
4629,71,GR,9,10,0.030067,RISK_DASHBOARD,2020-03-31
4630,71,GR,10,10,0.041539,RISK_DASHBOARD,2020-06-30
4631,71,GR,11,10,0.049241,RISK_DASHBOARD,2020-09-30
4632,71,GR,12,10,0.024746,RISK_DASHBOARD,2020-12-31
4633,71,GR,13,10,0.019972,RISK_DASHBOARD,2021-03-31
4634,71,GR,14,10,0.052522,RISK_DASHBOARD,2021-06-30
4635,71,GR,15,10,0.046218,RISK_DASHBOARD,2021-09-30
4636,71,GR,16,10,0.044383,RISK_DASHBOARD,2021-12-31
4637,71,GR,17,10,0.046476,RISK_DASHBOARD,2022-03-31
4638,71,GR,18,10,0.047836,RISK_DASHBOARD,2022-06-30
4639,71,GR,19,10,0.027867,RISK_DASHBOARD,2022-09-30
4640,71,GR,20,10,0.02745,RISK_DASHBOARD,2022-12-31
4641,71,GR,21,10,0.041717,RISK_DASHBOARD,2023-03-31
4642,71,GR,22,10,0.057242,RISK_DASHBOARD,2023-06-30
4643,71,GR,23,10,0.035966,RISK_DASHBOARD,2023-09-30
4644,71,GR,24,10,0.026424,RISK_DASHBOARD,2023-12-31
4645,71,GR,25,10,0.034231,RISK_DASHBOARD,2024-03-31
4646,71,GR,26,10,0.022311,RISK_DASHBOARD,2024-06-30
4647,71,GR,27,10,0.025111,RISK_DASHBOARD,2024-09-30
4648,71,GR,28,10,0.039699,RISK_DASHBOARD,2024-12-31
4649,72,HR,1,10,0.0,RISK_DASHBOARD,2018-03-31
4650,72,HR,2,10,0.017303,RISK_DASHBOARD,2018-06-30
4651,72,HR,3,10,0.0,RISK_DASHBOARD,2018-09-30
4652,72,HR,4,10,0.0,RISK_DASHBOARD,2018-12-31
4653,72,HR,5,10,0.016661,RISK_DASHBOARD,2019-03-31
4654,72,HR,6,10,0.0,RISK_DASHBOARD,2019-06-30
4655,72,HR,7,10,0.0,RISK_DASHBOARD,2019-09-30
4656,72,HR,8,10,0.01832,RISK_DASHBOARD,2019-12-31
4657,72,HR,9,10,0.0,RISK_DASHBOARD,2020-03-31
4658,72,HR,10,10,0.022549,RISK_DASHBOARD,2020-06-30
4659,72,HR,11,10,0.016624,RISK_DASHBOARD,2020-09-30
4660,72,HR,12,10,0.0,RISK_DASHBOARD,2020-12-31
4661,72,HR,13,10,0.006292,RISK_DASHBOARD,2021-03-31
4662,72,HR,14,10,0.0,RISK_DASHBOARD,2021-06-30
4663,72,HR,15,10,0.0,RISK_DASHBOARD,2021-09-30
4664,72,HR,16,10,0.0,RISK_DASHBOARD,2021-12-31
4665,72,HR,17,10,0.025652,RISK_DASHBOARD,2022-03-31
4666,72,HR,18,10,0.021898,RISK_DASHBOARD,2022-06-30
4667,72,HR,19,10,0.024982,RISK_DASHBOARD,2022-09-30
4668,72,HR,20,10,5.2e-05,RISK_DASHBOARD,2022-12-31
4669,72,HR,21,10,0.0,RISK_DASHBOARD,2023-03-31
4670,72,HR,22,10,0.0,RISK_DASHBOARD,2023-06-30
4671,72,HR,23,10,0.003163,RISK_DASHBOARD,2023-09-30
4672,72,HR,24,10,0.000674,RISK_DASHBOARD,2023-12-31
4673,72,HR,25,10,0.0258,RISK_DASHBOARD,2024-03-31
4674,72,HR,26,10,0.0111,RISK_DASHBOARD,2024-06-30
4675,72,HR,27,10,0.0,RISK_DASHBOARD,2024-09-30
4676,72,HR,28,10,0.0,RISK_DASHBOARD,2024-12-31
4677,73,HU,1,10,0.034459,RISK_DASHBOARD,2018-03-31
4678,73,HU,2,10,0.02577,RISK_DASHBOARD,2018-06-30
4679,73,HU,3,10,0.01625,RISK_DASHBOARD,2018-09-30
4680,73,HU,4,10,0.027654,RISK_DASHBOARD,2018-12-31
4681,73,HU,5,10,0.027257,RISK_DASHBOARD,2019-03-31
4682,73,HU,6,10,0.035324,RISK_DASHBOARD,2019-06-30
4683,73,HU,7,10,0.030373,RISK_DASHBOARD,2019-09-30
4684,73,HU,8,10,0.02937,RISK_DASHBOARD,2019-12-31
4685,73,HU,9,10,0.010683,RISK_DASHBOARD,2020-03-31
4686,73,HU,10,10,0.034774,RISK_DASHBOARD,2020-06-30
4687,73,HU,11,10,0.034681,RISK_DASHBOARD,2020-09-30
4688,73,HU,12,10,0.030053,RISK_DASHBOARD,2020-12-31
4689,73,HU,13,10,0.025202,RISK_DASHBOARD,2021-03-31
4690,73,HU,14,10,0.027331,RISK_DASHBOARD,2021-06-30
4691,73,HU,15,10,0.019181,RISK_DASHBOARD,2021-09-30
4692,73,HU,16,10,0.049814,RISK_DASHBOARD,2021-12-31
4693,73,HU,17,10,0.020202,RISK_DASHBOARD,2022-03-31
4694,73,HU,18,10,0.010226,RISK_DASHBOARD,2022-06-30
4695,73,HU,19,10,0.02834,RISK_DASHBOARD,2022-09-30
4696,73,HU,20,10,0.02383,RISK_DASHBOARD,2022-12-31
4697,73,HU,21,10,0.048844,RISK_DASHBOARD,2023-03-31
4698,73,HU,22,10,0.02963,RISK_DASHBOARD,2023-06-30
4699,73,HU,23,10,0.04351,RISK_DASHBOARD,2023-09-30
4700,73,HU,24,10,0.021359,RISK_DASHBOARD,2023-12-31
4701,73,HU,25,10,0.046234,RISK_DASHBOARD,2024-03-31
4702,73,HU,26,10,0.023978,RISK_DASHBOARD,2024-06-30
4703,73,HU,27,10,0.017398,RISK_DASHBOARD,2024-09-30
4704,73,HU,28,10,0.014812,RISK_DASHBOARD,2024-12-31
4705,74,IE,1,10,0.032427,RISK_DASHBOARD,2018-03-31
4706,74,IE,2,10,0.032578,RISK_DASHBOARD,2018-06-30
4707,74,IE,3,10,0.026282,RISK_DASHBOARD,2018-09-30
4708,74,IE,4,10,0.058948,RISK_DASHBOARD,2018-12-31
4709,74,IE,5,10,0.034911,RISK_DASHBOARD,2019-03-31
4710,74,IE,6,10,0.024676,RISK_DASHBOARD,2019-06-30
4711,74,IE,7,10,0.046429,RISK_DASHBOARD,2019-09-30
4712,74,IE,8,10,0.043819,RISK_DASHBOARD,2019-12-31
4713,74,IE,9,10,0.027597,RISK_DASHBOARD,2020-03-31
4714,74,IE,10,10,0.036883,RISK_DASHBOARD,2020-06-30
4715,74,IE,11,10,0.036502,RISK_DASHBOARD,2020-09-30
4716,74,IE,12,10,0.027662,RISK_DASHBOARD,2020-12-31
4717,74,IE,13,10,0.022838,RISK_DASHBOARD,2021-03-31
4718,74,IE,14,10,0.030004,RISK_DASHBOARD,2021-06-30
4719,74,IE,15,10,0.033225,RISK_DASHBOARD,2021-09-30
4720,74,IE,16,10,0.053428,RISK_DASHBOARD,2021-12-31
4721,74,IE,17,10,0.05144,RISK_DASHBOARD,2022-03-31
4722,74,IE,18,10,0.033669,RISK_DASHBOARD,2022-06-30
4723,74,IE,19,10,0.058097,RISK_DASHBOARD,2022-09-30
4724,74,IE,20,10,0.026774,RISK_DASHBOARD,2022-12-31
4725,74,IE,21,10,0.023864,RISK_DASHBOARD,2023-03-31
4726,74,IE,22,10,0.02725,RISK_DASHBOARD,2023-06-30
4727,74,IE,23,10,0.052892,RISK_DASHBOARD,2023-09-30
4728,74,IE,24,10,0.031843,RISK_DASHBOARD,2023-12-31
4729,74,IE,25,10,0.030861,RISK_DASHBOARD,2024-03-31
4730,74,IE,26,10,0.024596,RISK_DASHBOARD,2024-06-30
4731,74,IE,27,10,0.047555,RISK_DASHBOARD,2024-09-30
4732,74,IE,28,10,0.062084,RISK_DASHBOARD,2024-12-31
4733,75,IT,1,10,0.027067,RISK_DASHBOARD,2018-03-31
4734,75,IT,2,10,0.028632,RISK_DASHBOARD,2018-06-30
4735,75,IT,3,10,0.054496,RISK_DASHBOARD,2018-09-30
4736,75,IT,4,10,0.038482,RISK_DASHBOARD,2018-12-31
4737,75,IT,5,10,0.035124,RISK_DASHBOARD,2019-03-31
4738,75,IT,6,10,0.035249,RISK_DASHBOARD,2019-06-30
4739,75,IT,7,10,0.038317,RISK_DASHBOARD,2019-09-30
4740,75,IT,8,10,0.039817,RISK_DASHBOARD,2019-12-31
4741,75,IT,9,10,0.024928,RISK_DASHBOARD,2020-03-31
4742,75,IT,10,10,0.042759,RISK_DASHBOARD,2020-06-30
4743,75,IT,11,10,0.052191,RISK_DASHBOARD,2020-09-30
4744,75,IT,12,10,0.054453,RISK_DASHBOARD,2020-12-31
4745,75,IT,13,10,0.059595,RISK_DASHBOARD,2021-03-31
4746,75,IT,14,10,0.047849,RISK_DASHBOARD,2021-06-30
4747,75,IT,15,10,0.035378,RISK_DASHBOARD,2021-09-30
4748,75,IT,16,10,0.021904,RISK_DASHBOARD,2021-12-31
4749,75,IT,17,10,0.036101,RISK_DASHBOARD,2022-03-31
4750,75,IT,18,10,0.053695,RISK_DASHBOARD,2022-06-30
4751,75,IT,19,10,0.055133,RISK_DASHBOARD,2022-09-30
4752,75,IT,20,10,0.026825,RISK_DASHBOARD,2022-12-31
4753,75,IT,21,10,0.047431,RISK_DASHBOARD,2023-03-31
4754,75,IT,22,10,0.051569,RISK_DASHBOARD,2023-06-30
4755,75,IT,23,10,0.031141,RISK_DASHBOARD,2023-09-30
4756,75,IT,24,10,0.033482,RISK_DASHBOARD,2023-12-31
4757,75,IT,25,10,0.052516,RISK_DASHBOARD,2024-03-31
4758,75,IT,26,10,0.023723,RISK_DASHBOARD,2024-06-30
4759,75,IT,27,10,0.027325,RISK_DASHBOARD,2024-09-30
4760,75,IT,28,10,0.051531,RISK_DASHBOARD,2024-12-31
4761,76,LT,1,10,0.044079,RISK_DASHBOARD,2018-03-31
4762,76,LT,2,10,0.05231,RISK_DASHBOARD,2018-06-30
4763,76,LT,3,10,0.017627,RISK_DASHBOARD,2018-09-30
4764,76,LT,4,10,0.040732,RISK_DASHBOARD,2018-12-31
4765,76,LT,5,10,0.018799,RISK_DASHBOARD,2019-03-31
4766,76,LT,6,10,0.022289,RISK_DASHBOARD,2019-06-30
4767,76,LT,7,10,0.031922,RISK_DASHBOARD,2019-09-30
4768,76,LT,8,10,0.049819,RISK_DASHBOARD,2019-12-31
4769,76,LT,9,10,0.038421,RISK_DASHBOARD,2020-03-31
4770,76,LT,10,10,0.030269,RISK_DASHBOARD,2020-06-30
4771,76,LT,11,10,0.019354,RISK_DASHBOARD,2020-09-30
4772,76,LT,12,10,0.049999,RISK_DASHBOARD,2020-12-31
4773,76,LT,13,10,0.02906,RISK_DASHBOARD,2021-03-31
4774,76,LT,14,10,0.041617,RISK_DASHBOARD,2021-06-30
4775,76,LT,15,10,0.033365,RISK_DASHBOARD,2021-09-30
4776,76,LT,16,10,0.03812,RISK_DASHBOARD,2021-12-31
4777,76,LT,17,10,0.017994,RISK_DASHBOARD,2022-03-31
4778,76,LT,18,10,0.038649,RISK_DASHBOARD,2022-06-30
4779,76,LT,19,10,0.04371,RISK_DASHBOARD,2022-09-30
4780,76,LT,20,10,0.027623,RISK_DASHBOARD,2022-12-31
4781,76,LT,21,10,0.045525,RISK_DASHBOARD,2023-03-31
4782,76,LT,22,10,0.019577,RISK_DASHBOARD,2023-06-30
4783,76,LT,23,10,0.042142,RISK_DASHBOARD,2023-09-30
4784,76,LT,24,10,0.039509,RISK_DASHBOARD,2023-12-31
4785,76,LT,25,10,0.029451,RISK_DASHBOARD,2024-03-31
4786,76,LT,26,10,0.043167,RISK_DASHBOARD,2024-06-30
4787,76,LT,27,10,0.051275,RISK_DASHBOARD,2024-09-30
4788,76,LT,28,10,0.027373,RISK_DASHBOARD,2024-12-31
4789,77,LU,1,10,0.007317,RISK_DASHBOARD,2018-03-31
4790,77,LU,2,10,0.02127,RISK_DASHBOARD,2018-06-30
4791,77,LU,3,10,0.006439,RISK_DASHBOARD,2018-09-30
4792,77,LU,4,10,0.0,RISK_DASHBOARD,2018-12-31
4793,77,LU,5,10,0.0,RISK_DASHBOARD,2019-03-31
4794,77,LU,6,10,0.016032,RISK_DASHBOARD,2019-06-30
4795,77,LU,7,10,0.0,RISK_DASHBOARD,2019-09-30
4796,77,LU,8,10,0.0,RISK_DASHBOARD,2019-12-31
4797,77,LU,9,10,0.0,RISK_DASHBOARD,2020-03-31
4798,77,LU,10,10,0.026294,RISK_DASHBOARD,2020-06-30
4799,77,LU,11,10,0.019494,RISK_DASHBOARD,2020-09-30
4800,77,LU,12,10,0.008441,RISK_DASHBOARD,2020-12-31
4801,77,LU,13,10,0.013145,RISK_DASHBOARD,2021-03-31
4802,77,LU,14,10,0.011676,RISK_DASHBOARD,2021-06-30
4803,77,LU,15,10,0.023654,RISK_DASHBOARD,2021-09-30
4804,77,LU,16,10,0.023963,RISK_DASHBOARD,2021-12-31
4805,77,LU,17,10,0.007641,RISK_DASHBOARD,2022-03-31
4806,77,LU,18,10,0.0,RISK_DASHBOARD,2022-06-30
4807,77,LU,19,10,0.0,RISK_DASHBOARD,2022-09-30
4808,77,LU,20,10,0.023308,RISK_DASHBOARD,2022-12-31
4809,77,LU,21,10,0.0,RISK_DASHBOARD,2023-03-31
4810,77,LU,22,10,0.018542,RISK_DASHBOARD,2023-06-30
4811,77,LU,23,10,0.003892,RISK_DASHBOARD,2023-09-30
4812,77,LU,24,10,0.022382,RISK_DASHBOARD,2023-12-31
4813,77,LU,25,10,0.0,RISK_DASHBOARD,2024-03-31
4814,77,LU,26,10,0.0,RISK_DASHBOARD,2024-06-30
4815,77,LU,27,10,0.0,RISK_DASHBOARD,2024-09-30
4816,77,LU,28,10,0.0,RISK_DASHBOARD,2024-12-31
4817,78,LV,1,10,0.027579,RISK_DASHBOARD,2018-03-31
4818,78,LV,2,10,0.011185,RISK_DASHBOARD,2018-06-30
4819,78,LV,3,10,0.047868,RISK_DASHBOARD,2018-09-30
4820,78,LV,4,10,0.049387,RISK_DASHBOARD,2018-12-31
4821,78,LV,5,10,0.025057,RISK_DASHBOARD,2019-03-31
4822,78,LV,6,10,0.017072,RISK_DASHBOARD,2019-06-30
4823,78,LV,7,10,0.01958,RISK_DASHBOARD,2019-09-30
4824,78,LV,8,10,0.014328,RISK_DASHBOARD,2019-12-31
4825,78,LV,9,10,0.030969,RISK_DASHBOARD,2020-03-31
4826,78,LV,10,10,0.049361,RISK_DASHBOARD,2020-06-30
4827,78,LV,11,10,0.041057,RISK_DASHBOARD,2020-09-30
4828,78,LV,12,10,0.044107,RISK_DASHBOARD,2020-12-31
4829,78,LV,13,10,0.02498,RISK_DASHBOARD,2021-03-31
4830,78,LV,14,10,0.035086,RISK_DASHBOARD,2021-06-30
4831,78,LV,15,10,0.045444,RISK_DASHBOARD,2021-09-30
4832,78,LV,16,10,0.027327,RISK_DASHBOARD,2021-12-31
4833,78,LV,17,10,0.049633,RISK_DASHBOARD,2022-03-31
4834,78,LV,18,10,0.047992,RISK_DASHBOARD,2022-06-30
4835,78,LV,19,10,0.047476,RISK_DASHBOARD,2022-09-30
4836,78,LV,20,10,0.02411,RISK_DASHBOARD,2022-12-31
4837,78,LV,21,10,0.027888,RISK_DASHBOARD,2023-03-31
4838,78,LV,22,10,0.01314,RISK_DASHBOARD,2023-06-30
4839,78,LV,23,10,0.01828,RISK_DASHBOARD,2023-09-30
4840,78,LV,24,10,0.015761,RISK_DASHBOARD,2023-12-31
4841,78,LV,25,10,0.050185,RISK_DASHBOARD,2024-03-31
4842,78,LV,26,10,0.032931,RISK_DASHBOARD,2024-06-30
4843,78,LV,27,10,0.037854,RISK_DASHBOARD,2024-09-30
4844,78,LV,28,10,0.024181,RISK_DASHBOARD,2024-12-31
4845,79,MT,1,10,0.02053,RISK_DASHBOARD,2018-03-31
4846,79,MT,2,10,0.033695,RISK_DASHBOARD,2018-06-30
4847,79,MT,3,10,0.032222,RISK_DASHBOARD,2018-09-30
4848,79,MT,4,10,0.016148,RISK_DASHBOARD,2018-12-31
4849,79,MT,5,10,0.042582,RISK_DASHBOARD,2019-03-31
4850,79,MT,6,10,0.039977,RISK_DASHBOARD,2019-06-30
4851,79,MT,7,10,0.020585,RISK_DASHBOARD,2019-09-30
4852,79,MT,8,10,0.030837,RISK_DASHBOARD,2019-12-31
4853,79,MT,9,10,0.040587,RISK_DASHBOARD,2020-03-31
4854,79,MT,10,10,0.032641,RISK_DASHBOARD,2020-06-30
4855,79,MT,11,10,0.0139,RISK_DASHBOARD,2020-09-30
4856,79,MT,12,10,0.016738,RISK_DASHBOARD,2020-12-31
4857,79,MT,13,10,0.01571,RISK_DASHBOARD,2021-03-31
4858,79,MT,14,10,0.03173,RISK_DASHBOARD,2021-06-30
4859,79,MT,15,10,0.013064,RISK_DASHBOARD,2021-09-30
4860,79,MT,16,10,0.019047,RISK_DASHBOARD,2021-12-31
4861,79,MT,17,10,0.025132,RISK_DASHBOARD,2022-03-31
4862,79,MT,18,10,0.034322,RISK_DASHBOARD,2022-06-30
4863,79,MT,19,10,0.030678,RISK_DASHBOARD,2022-09-30
4864,79,MT,20,10,0.014449,RISK_DASHBOARD,2022-12-31
4865,79,MT,21,10,0.025938,RISK_DASHBOARD,2023-03-31
4866,79,MT,22,10,0.020373,RISK_DASHBOARD,2023-06-30
4867,79,MT,23,10,0.0133,RISK_DASHBOARD,2023-09-30
4868,79,MT,24,10,0.021069,RISK_DASHBOARD,2023-12-31
4869,79,MT,25,10,0.022904,RISK_DASHBOARD,2024-03-31
4870,79,MT,26,10,0.012091,RISK_DASHBOARD,2024-06-30
4871,79,MT,27,10,0.032721,RISK_DASHBOARD,2024-09-30
4872,79,MT,28,10,0.049136,RISK_DASHBOARD,2024-12-31
4873,80,NL,1,10,0.040446,RISK_DASHBOARD,2018-03-31
4874,80,NL,2,10,0.049214,RISK_DASHBOARD,2018-06-30
4875,80,NL,3,10,0.05137,RISK_DASHBOARD,2018-09-30
4876,80,NL,4,10,0.054359,RISK_DASHBOARD,2018-12-31
4877,80,NL,5,10,0.031233,RISK_DASHBOARD,2019-03-31
4878,80,NL,6,10,0.031112,RISK_DASHBOARD,2019-06-30
4879,80,NL,7,10,0.024032,RISK_DASHBOARD,2019-09-30
4880,80,NL,8,10,0.025915,RISK_DASHBOARD,2019-12-31
4881,80,NL,9,10,0.029647,RISK_DASHBOARD,2020-03-31
4882,80,NL,10,10,0.024828,RISK_DASHBOARD,2020-06-30
4883,80,NL,11,10,0.043707,RISK_DASHBOARD,2020-09-30
4884,80,NL,12,10,0.021913,RISK_DASHBOARD,2020-12-31
4885,80,NL,13,10,0.043829,RISK_DASHBOARD,2021-03-31
4886,80,NL,14,10,0.033283,RISK_DASHBOARD,2021-06-30
4887,80,NL,15,10,0.051772,RISK_DASHBOARD,2021-09-30
4888,80,NL,16,10,0.044611,RISK_DASHBOARD,2021-12-31
4889,80,NL,17,10,0.030019,RISK_DASHBOARD,2022-03-31
4890,80,NL,18,10,0.022916,RISK_DASHBOARD,2022-06-30
4891,80,NL,19,10,0.028363,RISK_DASHBOARD,2022-09-30
4892,80,NL,20,10,0.037683,RISK_DASHBOARD,2022-12-31
4893,80,NL,21,10,0.038224,RISK_DASHBOARD,2023-03-31
4894,80,NL,22,10,0.022796,RISK_DASHBOARD,2023-06-30
4895,80,NL,23,10,0.044651,RISK_DASHBOARD,2023-09-30
4896,80,NL,24,10,0.056385,RISK_DASHBOARD,2023-12-31
4897,80,NL,25,10,0.028136,RISK_DASHBOARD,2024-03-31
4898,80,NL,26,10,0.049434,RISK_DASHBOARD,2024-06-30
4899,80,NL,27,10,0.049646,RISK_DASHBOARD,2024-09-30
4900,80,NL,28,10,0.059499,RISK_DASHBOARD,2024-12-31
4901,81,NO,1,10,0.015301,RISK_DASHBOARD,2018-03-31
4902,81,NO,2,10,0.026679,RISK_DASHBOARD,2018-06-30
4903,81,NO,3,10,0.017775,RISK_DASHBOARD,2018-09-30
4904,81,NO,4,10,0.023082,RISK_DASHBOARD,2018-12-31
4905,81,NO,5,10,0.024696,RISK_DASHBOARD,2019-03-31
4906,81,NO,6,10,0.020209,RISK_DASHBOARD,2019-06-30
4907,81,NO,7,10,0.023512,RISK_DASHBOARD,2019-09-30
4908,81,NO,8,10,0.02194,RISK_DASHBOARD,2019-12-31
4909,81,NO,9,10,0.026204,RISK_DASHBOARD,2020-03-31
4910,81,NO,10,10,0.0,RISK_DASHBOARD,2020-06-30
4911,81,NO,11,10,0.02961,RISK_DASHBOARD,2020-09-30
4912,81,NO,12,10,0.006033,RISK_DASHBOARD,2020-12-31
4913,81,NO,13,10,0.025438,RISK_DASHBOARD,2021-03-31
4914,81,NO,14,10,0.014696,RISK_DASHBOARD,2021-06-30
4915,81,NO,15,10,0.020038,RISK_DASHBOARD,2021-09-30
4916,81,NO,16,10,0.0,RISK_DASHBOARD,2021-12-31
4917,81,NO,17,10,0.012921,RISK_DASHBOARD,2022-03-31
4918,81,NO,18,10,0.024886,RISK_DASHBOARD,2022-06-30
4919,81,NO,19,10,0.006805,RISK_DASHBOARD,2022-09-30
4920,81,NO,20,10,0.029859,RISK_DASHBOARD,2022-12-31
4921,81,NO,21,10,0.013632,RISK_DASHBOARD,2023-03-31
4922,81,NO,22,10,0.001078,RISK_DASHBOARD,2023-06-30
4923,81,NO,23,10,0.02091,RISK_DASHBOARD,2023-09-30
4924,81,NO,24,10,0.031674,RISK_DASHBOARD,2023-12-31
4925,81,NO,25,10,0.030947,RISK_DASHBOARD,2024-03-31
4926,81,NO,26,10,0.020666,RISK_DASHBOARD,2024-06-30
4927,81,NO,27,10,0.008369,RISK_DASHBOARD,2024-09-30
4928,81,NO,28,10,0.004649,RISK_DASHBOARD,2024-12-31
4929,82,PL,1,10,0.016762,RISK_DASHBOARD,2018-03-31
4930,82,PL,2,10,0.002032,RISK_DASHBOARD,2018-06-30
4931,82,PL,3,10,0.013744,RISK_DASHBOARD,2018-09-30
4932,82,PL,4,10,0.011033,RISK_DASHBOARD,2018-12-31
4933,82,PL,5,10,0.008711,RISK_DASHBOARD,2019-03-31
4934,82,PL,6,10,0.013305,RISK_DASHBOARD,2019-06-30
4935,82,PL,7,10,0.036861,RISK_DASHBOARD,2019-09-30
4936,82,PL,8,10,0.034966,RISK_DASHBOARD,2019-12-31
4937,82,PL,9,10,0.039569,RISK_DASHBOARD,2020-03-31
4938,82,PL,10,10,0.014281,RISK_DASHBOARD,2020-06-30
4939,82,PL,11,10,0.001521,RISK_DASHBOARD,2020-09-30
4940,82,PL,12,10,0.036823,RISK_DASHBOARD,2020-12-31
4941,82,PL,13,10,0.032259,RISK_DASHBOARD,2021-03-31
4942,82,PL,14,10,0.000547,RISK_DASHBOARD,2021-06-30
4943,82,PL,15,10,0.02254,RISK_DASHBOARD,2021-09-30
4944,82,PL,16,10,0.001862,RISK_DASHBOARD,2021-12-31
4945,82,PL,17,10,0.030654,RISK_DASHBOARD,2022-03-31
4946,82,PL,18,10,0.020551,RISK_DASHBOARD,2022-06-30
4947,82,PL,19,10,0.028035,RISK_DASHBOARD,2022-09-30
4948,82,PL,20,10,0.017543,RISK_DASHBOARD,2022-12-31
4949,82,PL,21,10,0.018342,RISK_DASHBOARD,2023-03-31
4950,82,PL,22,10,0.033664,RISK_DASHBOARD,2023-06-30
4951,82,PL,23,10,0.000361,RISK_DASHBOARD,2023-09-30
4952,82,PL,24,10,0.017157,RISK_DASHBOARD,2023-12-31
4953,82,PL,25,10,0.015903,RISK_DASHBOARD,2024-03-31
4954,82,PL,26,10,0.019038,RISK_DASHBOARD,2024-06-30
4955,82,PL,27,10,0.025598,RISK_DASHBOARD,2024-09-30
4956,82,PL,28,10,0.032709,RISK_DASHBOARD,2024-12-31
4957,83,PT,1,10,0.028687,RISK_DASHBOARD,2018-03-31
4958,83,PT,2,10,0.049787,RISK_DASHBOARD,2018-06-30
4959,83,PT,3,10,0.025229,RISK_DASHBOARD,2018-09-30
4960,83,PT,4,10,0.041247,RISK_DASHBOARD,2018-12-31
4961,83,PT,5,10,0.020238,RISK_DASHBOARD,2019-03-31
4962,83,PT,6,10,0.047089,RISK_DASHBOARD,2019-06-30
4963,83,PT,7,10,0.055186,RISK_DASHBOARD,2019-09-30
4964,83,PT,8,10,0.023647,RISK_DASHBOARD,2019-12-31
4965,83,PT,9,10,0.026162,RISK_DASHBOARD,2020-03-31
4966,83,PT,10,10,0.043542,RISK_DASHBOARD,2020-06-30
4967,83,PT,11,10,0.022771,RISK_DASHBOARD,2020-09-30
4968,83,PT,12,10,0.04067,RISK_DASHBOARD,2020-12-31
4969,83,PT,13,10,0.033525,RISK_DASHBOARD,2021-03-31
4970,83,PT,14,10,0.032235,RISK_DASHBOARD,2021-06-30
4971,83,PT,15,10,0.032827,RISK_DASHBOARD,2021-09-30
4972,83,PT,16,10,0.04258,RISK_DASHBOARD,2021-12-31
4973,83,PT,17,10,0.022166,RISK_DASHBOARD,2022-03-31
4974,83,PT,18,10,0.036198,RISK_DASHBOARD,2022-06-30
4975,83,PT,19,10,0.034043,RISK_DASHBOARD,2022-09-30
4976,83,PT,20,10,0.031455,RISK_DASHBOARD,2022-12-31
4977,83,PT,21,10,0.054613,RISK_DASHBOARD,2023-03-31
4978,83,PT,22,10,0.036208,RISK_DASHBOARD,2023-06-30
4979,83,PT,23,10,0.055575,RISK_DASHBOARD,2023-09-30
4980,83,PT,24,10,0.043535,RISK_DASHBOARD,2023-12-31
4981,83,PT,25,10,0.029857,RISK_DASHBOARD,2024-03-31
4982,83,PT,26,10,0.046361,RISK_DASHBOARD,2024-06-30
4983,83,PT,27,10,0.033357,RISK_DASHBOARD,2024-09-30
4984,83,PT,28,10,0.040275,RISK_DASHBOARD,2024-12-31
4985,84,RO,1,10,0.034292,RISK_DASHBOARD,2018-03-31
4986,84,RO,2,10,0.050938,RISK_DASHBOARD,2018-06-30
4987,84,RO,3,10,0.025154,RISK_DASHBOARD,2018-09-30
4988,84,RO,4,10,0.022252,RISK_DASHBOARD,2018-12-31
4989,84,RO,5,10,0.02472,RISK_DASHBOARD,2019-03-31
4990,84,RO,6,10,0.054299,RISK_DASHBOARD,2019-06-30
4991,84,RO,7,10,0.052517,RISK_DASHBOARD,2019-09-30
4992,84,RO,8,10,0.040552,RISK_DASHBOARD,2019-12-31
4993,84,RO,9,10,0.033845,RISK_DASHBOARD,2020-03-31
4994,84,RO,10,10,0.044798,RISK_DASHBOARD,2020-06-30
4995,84,RO,11,10,0.049935,RISK_DASHBOARD,2020-09-30
4996,84,RO,12,10,0.030236,RISK_DASHBOARD,2020-12-31
4997,84,RO,13,10,0.025729,RISK_DASHBOARD,2021-03-31
4998,84,RO,14,10,0.038277,RISK_DASHBOARD,2021-06-30
4999,84,RO,15,10,0.034514,RISK_DASHBOARD,2021-09-30
5000,84,RO,16,10,0.030879,RISK_DASHBOARD,2021-12-31
5001,84,RO,17,10,0.035073,RISK_DASHBOARD,2022-03-31
5002,84,RO,18,10,0.026935,RISK_DASHBOARD,2022-06-30
5003,84,RO,19,10,0.051923,RISK_DASHBOARD,2022-09-30
5004,84,RO,20,10,0.043757,RISK_DASHBOARD,2022-12-31
5005,84,RO,21,10,0.055245,RISK_DASHBOARD,2023-03-31
5006,84,RO,22,10,0.040227,RISK_DASHBOARD,2023-06-30
5007,84,RO,23,10,0.04089,RISK_DASHBOARD,2023-09-30
5008,84,RO,24,10,0.055035,RISK_DASHBOARD,2023-12-31
5009,84,RO,25,10,0.053488,RISK_DASHBOARD,2024-03-31
5010,84,RO,26,10,0.051451,RISK_DASHBOARD,2024-06-30
5011,84,RO,27,10,0.025446,RISK_DASHBOARD,2024-09-30
5012,84,RO,28,10,0.025723,RISK_DASHBOARD,2024-12-31
5013,85,SE,1,10,0.020996,RISK_DASHBOARD,2018-03-31
5014,85,SE,2,10,0.02709,RISK_DASHBOARD,2018-06-30
5015,85,SE,3,10,0.032103,RISK_DASHBOARD,2018-09-30
5016,85,SE,4,10,0.00071,RISK_DASHBOARD,2018-12-31
5017,85,SE,5,10,0.034066,RISK_DASHBOARD,2019-03-31
5018,85,SE,6,10,0.022609,RISK_DASHBOARD,2019-06-30
5019,85,SE,7,10,0.003455,RISK_DASHBOARD,2019-09-30
5020,85,SE,8,10,0.030459,RISK_DASHBOARD,2019-12-31
5021,85,SE,9,10,0.017157,RISK_DASHBOARD,2020-03-31
5022,85,SE,10,10,0.03677,RISK_DASHBOARD,2020-06-30
5023,85,SE,11,10,0.0,RISK_DASHBOARD,2020-09-30
5024,85,SE,12,10,0.010408,RISK_DASHBOARD,2020-12-31
5025,85,SE,13,10,0.03321,RISK_DASHBOARD,2021-03-31
5026,85,SE,14,10,0.0,RISK_DASHBOARD,2021-06-30
5027,85,SE,15,10,0.033957,RISK_DASHBOARD,2021-09-30
5028,85,SE,16,10,0.032882,RISK_DASHBOARD,2021-12-31
5029,85,SE,17,10,0.030887,RISK_DASHBOARD,2022-03-31
5030,85,SE,18,10,0.023744,RISK_DASHBOARD,2022-06-30
5031,85,SE,19,10,0.009423,RISK_DASHBOARD,2022-09-30
5032,85,SE,20,10,0.011291,RISK_DASHBOARD,2022-12-31
5033,85,SE,21,10,0.026145,RISK_DASHBOARD,2023-03-31
5034,85,SE,22,10,0.009942,RISK_DASHBOARD,2023-06-30
5035,85,SE,23,10,0.030617,RISK_DASHBOARD,2023-09-30
5036,85,SE,24,10,0.004871,RISK_DASHBOARD,2023-12-31
5037,85,SE,25,10,0.024093,RISK_DASHBOARD,2024-03-31
5038,85,SE,26,10,0.023398,RISK_DASHBOARD,2024-06-30
5039,85,SE,27,10,0.032233,RISK_DASHBOARD,2024-09-30
5040,85,SE,28,10,0.009299,RISK_DASHBOARD,2024-12-31
5041,86,SI,1,10,0.033591,RISK_DASHBOARD,2018-03-31
5042,86,SI,2,10,0.011559,RISK_DASHBOARD,2018-06-30
5043,86,SI,3,10,0.011962,RISK_DASHBOARD,2018-09-30
5044,86,SI,4,10,0.029415,RISK_DASHBOARD,2018-12-31
5045,86,SI,5,10,0.0284,RISK_DASHBOARD,2019-03-31
5046,86,SI,6,10,0.042008,RISK_DASHBOARD,2019-06-30
5047,86,SI,7,10,0.018436,RISK_DASHBOARD,2019-09-30
5048,86,SI,8,10,0.026548,RISK_DASHBOARD,2019-12-31
5049,86,SI,9,10,0.023568,RISK_DASHBOARD,2020-03-31
5050,86,SI,10,10,0.035347,RISK_DASHBOARD,2020-06-30
5051,86,SI,11,10,0.011187,RISK_DASHBOARD,2020-09-30
5052,86,SI,12,10,0.005511,RISK_DASHBOARD,2020-12-31
5053,86,SI,13,10,0.015128,RISK_DASHBOARD,2021-03-31
5054,86,SI,14,10,0.025318,RISK_DASHBOARD,2021-06-30
5055,86,SI,15,10,0.033488,RISK_DASHBOARD,2021-09-30
5056,86,SI,16,10,0.037649,RISK_DASHBOARD,2021-12-31
5057,86,SI,17,10,0.018604,RISK_DASHBOARD,2022-03-31
5058,86,SI,18,10,0.026151,RISK_DASHBOARD,2022-06-30
5059,86,SI,19,10,0.003998,RISK_DASHBOARD,2022-09-30
5060,86,SI,20,10,0.035282,RISK_DASHBOARD,2022-12-31
5061,86,SI,21,10,0.006247,RISK_DASHBOARD,2023-03-31
5062,86,SI,22,10,0.022043,RISK_DASHBOARD,2023-06-30
5063,86,SI,23,10,0.040098,RISK_DASHBOARD,2023-09-30
5064,86,SI,24,10,0.019292,RISK_DASHBOARD,2023-12-31
5065,86,SI,25,10,0.042374,RISK_DASHBOARD,2024-03-31
5066,86,SI,26,10,0.042844,RISK_DASHBOARD,2024-06-30
5067,86,SI,27,10,0.02423,RISK_DASHBOARD,2024-09-30
5068,86,SI,28,10,0.025435,RISK_DASHBOARD,2024-12-31
5069,87,SK,1,10,0.032101,RISK_DASHBOARD,2018-03-31
5070,87,SK,2,10,0.014779,RISK_DASHBOARD,2018-06-30
5071,87,SK,3,10,0.016528,RISK_DASHBOARD,2018-09-30
5072,87,SK,4,10,0.005534,RISK_DASHBOARD,2018-12-31
5073,87,SK,5,10,0.033929,RISK_DASHBOARD,2019-03-31
5074,87,SK,6,10,0.010493,RISK_DASHBOARD,2019-06-30
5075,87,SK,7,10,0.001745,RISK_DASHBOARD,2019-09-30
5076,87,SK,8,10,0.009915,RISK_DASHBOARD,2019-12-31
5077,87,SK,9,10,0.037585,RISK_DASHBOARD,2020-03-31
5078,87,SK,10,10,0.011679,RISK_DASHBOARD,2020-06-30
5079,87,SK,11,10,0.025971,RISK_DASHBOARD,2020-09-30
5080,87,SK,12,10,0.027264,RISK_DASHBOARD,2020-12-31
5081,87,SK,13,10,0.028195,RISK_DASHBOARD,2021-03-31
5082,87,SK,14,10,0.001909,RISK_DASHBOARD,2021-06-30
5083,87,SK,15,10,0.0,RISK_DASHBOARD,2021-09-30
5084,87,SK,16,10,0.015885,RISK_DASHBOARD,2021-12-31
5085,87,SK,17,10,0.037261,RISK_DASHBOARD,2022-03-31
5086,87,SK,18,10,0.003235,RISK_DASHBOARD,2022-06-30
5087,87,SK,19,10,0.008389,RISK_DASHBOARD,2022-09-30
5088,87,SK,20,10,0.016584,RISK_DASHBOARD,2022-12-31
5089,87,SK,21,10,0.010916,RISK_DASHBOARD,2023-03-31
5090,87,SK,22,10,0.0,RISK_DASHBOARD,2023-06-30
5091,87,SK,23,10,0.020384,RISK_DASHBOARD,2023-09-30
5092,87,SK,24,10,0.008842,RISK_DASHBOARD,2023-12-31
5093,87,SK,25,10,0.004955,RISK_DASHBOARD,2024-03-31
5094,87,SK,26,10,0.018684,RISK_DASHBOARD,2024-06-30
5095,87,SK,27,10,0.025327,RISK_DASHBOARD,2024-09-30
5096,87,SK,28,10,0.004793,RISK_DASHBOARD,2024-12-31
5097,62,AT,1,9,1.338814,RISK_DASHBOARD,2018-03-31
5098,62,AT,2,9,1.184028,RISK_DASHBOARD,2018-06-30
5099,62,AT,3,9,1.36548,RISK_DASHBOARD,2018-09-30
5100,62,AT,4,9,1.330737,RISK_DASHBOARD,2018-12-31
5101,62,AT,5,9,1.232667,RISK_DASHBOARD,2019-03-31
5102,62,AT,6,9,1.265846,RISK_DASHBOARD,2019-06-30
5103,62,AT,7,9,1.233897,RISK_DASHBOARD,2019-09-30
5104,62,AT,8,9,1.262851,RISK_DASHBOARD,2019-12-31
5105,62,AT,9,9,1.328059,RISK_DASHBOARD,2020-03-31
5106,62,AT,10,9,1.255309,RISK_DASHBOARD,2020-06-30
5107,62,AT,11,9,1.245174,RISK_DASHBOARD,2020-09-30
5108,62,AT,12,9,1.182102,RISK_DASHBOARD,2020-12-31
5109,62,AT,13,9,1.22551,RISK_DASHBOARD,2021-03-31
5110,62,AT,14,9,1.200786,RISK_DASHBOARD,2021-06-30
5111,62,AT,15,9,1.175115,RISK_DASHBOARD,2021-09-30
5112,62,AT,16,9,1.336206,RISK_DASHBOARD,2021-12-31
5113,62,AT,17,9,1.176752,RISK_DASHBOARD,2022-03-31
5114,62,AT,18,9,1.187381,RISK_DASHBOARD,2022-06-30
5115,62,AT,19,9,1.199185,RISK_DASHBOARD,2022-09-30
5116,62,AT,20,9,1.206098,RISK_DASHBOARD,2022-12-31
5117,62,AT,21,9,1.319947,RISK_DASHBOARD,2023-03-31
5118,62,AT,22,9,1.373504,RISK_DASHBOARD,2023-06-30
5119,62,AT,23,9,1.372869,RISK_DASHBOARD,2023-09-30
5120,62,AT,24,9,1.343256,RISK_DASHBOARD,2023-12-31
5121,62,AT,25,9,1.275524,RISK_DASHBOARD,2024-03-31
5122,62,AT,26,9,1.286525,RISK_DASHBOARD,2024-06-30
5123,62,AT,27,9,1.371445,RISK_DASHBOARD,2024-09-30
5124,62,AT,28,9,1.196959,RISK_DASHBOARD,2024-12-31
5125,63,BE,1,9,1.164859,RISK_DASHBOARD,2018-03-31
5126,63,BE,2,9,1.178789,RISK_DASHBOARD,2018-06-30
5127,63,BE,3,9,1.341,RISK_DASHBOARD,2018-09-30
5128,63,BE,4,9,1.338828,RISK_DASHBOARD,2018-12-31
5129,63,BE,5,9,1.159783,RISK_DASHBOARD,2019-03-31
5130,63,BE,6,9,1.279738,RISK_DASHBOARD,2019-06-30
5131,63,BE,7,9,1.260295,RISK_DASHBOARD,2019-09-30
5132,63,BE,8,9,1.295485,RISK_DASHBOARD,2019-12-31
5133,63,BE,9,9,1.175919,RISK_DASHBOARD,2020-03-31
5134,63,BE,10,9,1.260919,RISK_DASHBOARD,2020-06-30
5135,63,BE,11,9,1.294595,RISK_DASHBOARD,2020-09-30
5136,63,BE,12,9,1.357625,RISK_DASHBOARD,2020-12-31
5137,63,BE,13,9,1.284923,RISK_DASHBOARD,2021-03-31
5138,63,BE,14,9,1.222055,RISK_DASHBOARD,2021-06-30
5139,63,BE,15,9,1.328187,RISK_DASHBOARD,2021-09-30
5140,63,BE,16,9,1.227217,RISK_DASHBOARD,2021-12-31
5141,63,BE,17,9,1.259074,RISK_DASHBOARD,2022-03-31
5142,63,BE,18,9,1.240735,RISK_DASHBOARD,2022-06-30
5143,63,BE,19,9,1.236118,RISK_DASHBOARD,2022-09-30
5144,63,BE,20,9,1.251284,RISK_DASHBOARD,2022-12-31
5145,63,BE,21,9,1.174699,RISK_DASHBOARD,2023-03-31
5146,63,BE,22,9,1.198442,RISK_DASHBOARD,2023-06-30
5147,63,BE,23,9,1.334533,RISK_DASHBOARD,2023-09-30
5148,63,BE,24,9,1.329185,RISK_DASHBOARD,2023-12-31
5149,63,BE,25,9,1.314221,RISK_DASHBOARD,2024-03-31
5150,63,BE,26,9,1.223741,RISK_DASHBOARD,2024-06-30
5151,63,BE,27,9,1.166615,RISK_DASHBOARD,2024-09-30
5152,63,BE,28,9,1.30645,RISK_DASHBOARD,2024-12-31
5153,64,CY,1,9,1.232903,RISK_DASHBOARD,2018-03-31
5154,64,CY,2,9,1.217068,RISK_DASHBOARD,2018-06-30
5155,64,CY,3,9,1.255155,RISK_DASHBOARD,2018-09-30
5156,64,CY,4,9,1.291509,RISK_DASHBOARD,2018-12-31
5157,64,CY,5,9,1.264496,RISK_DASHBOARD,2019-03-31
5158,64,CY,6,9,1.323173,RISK_DASHBOARD,2019-06-30
5159,64,CY,7,9,1.165153,RISK_DASHBOARD,2019-09-30
5160,64,CY,8,9,1.2974,RISK_DASHBOARD,2019-12-31
5161,64,CY,9,9,1.21967,RISK_DASHBOARD,2020-03-31
5162,64,CY,10,9,1.335566,RISK_DASHBOARD,2020-06-30
5163,64,CY,11,9,1.277421,RISK_DASHBOARD,2020-09-30
5164,64,CY,12,9,1.238534,RISK_DASHBOARD,2020-12-31
5165,64,CY,13,9,1.291014,RISK_DASHBOARD,2021-03-31
5166,64,CY,14,9,1.19825,RISK_DASHBOARD,2021-06-30
5167,64,CY,15,9,1.306607,RISK_DASHBOARD,2021-09-30
5168,64,CY,16,9,1.252906,RISK_DASHBOARD,2021-12-31
5169,64,CY,17,9,1.216652,RISK_DASHBOARD,2022-03-31
5170,64,CY,18,9,1.230621,RISK_DASHBOARD,2022-06-30
5171,64,CY,19,9,1.341723,RISK_DASHBOARD,2022-09-30
5172,64,CY,20,9,1.251046,RISK_DASHBOARD,2022-12-31
5173,64,CY,21,9,1.215684,RISK_DASHBOARD,2023-03-31
5174,64,CY,22,9,1.18788,RISK_DASHBOARD,2023-06-30
5175,64,CY,23,9,1.286357,RISK_DASHBOARD,2023-09-30
5176,64,CY,24,9,1.254699,RISK_DASHBOARD,2023-12-31
5177,64,CY,25,9,1.181777,RISK_DASHBOARD,2024-03-31
5178,64,CY,26,9,1.313753,RISK_DASHBOARD,2024-06-30
5179,64,CY,27,9,1.187942,RISK_DASHBOARD,2024-09-30
5180,64,CY,28,9,1.240921,RISK_DASHBOARD,2024-12-31
5181,65,DE,1,9,1.332478,RISK_DASHBOARD,2018-03-31
5182,65,DE,2,9,1.289257,RISK_DASHBOARD,2018-06-30
5183,65,DE,3,9,1.213136,RISK_DASHBOARD,2018-09-30
5184,65,DE,4,9,1.21701,RISK_DASHBOARD,2018-12-31
5185,65,DE,5,9,1.191793,RISK_DASHBOARD,2019-03-31
5186,65,DE,6,9,1.298597,RISK_DASHBOARD,2019-06-30
5187,65,DE,7,9,1.278572,RISK_DASHBOARD,2019-09-30
5188,65,DE,8,9,1.180155,RISK_DASHBOARD,2019-12-31
5189,65,DE,9,9,1.361724,RISK_DASHBOARD,2020-03-31
5190,65,DE,10,9,1.362866,RISK_DASHBOARD,2020-06-30
5191,65,DE,11,9,1.294606,RISK_DASHBOARD,2020-09-30
5192,65,DE,12,9,1.350527,RISK_DASHBOARD,2020-12-31
5193,65,DE,13,9,1.233579,RISK_DASHBOARD,2021-03-31
5194,65,DE,14,9,1.362549,RISK_DASHBOARD,2021-06-30
5195,65,DE,15,9,1.195489,RISK_DASHBOARD,2021-09-30
5196,65,DE,16,9,1.313752,RISK_DASHBOARD,2021-12-31
5197,65,DE,17,9,1.310303,RISK_DASHBOARD,2022-03-31
5198,65,DE,18,9,1.288267,RISK_DASHBOARD,2022-06-30
5199,65,DE,19,9,1.288477,RISK_DASHBOARD,2022-09-30
5200,65,DE,20,9,1.291134,RISK_DASHBOARD,2022-12-31
5201,65,DE,21,9,1.34559,RISK_DASHBOARD,2023-03-31
5202,65,DE,22,9,1.178181,RISK_DASHBOARD,2023-06-30
5203,65,DE,23,9,1.304926,RISK_DASHBOARD,2023-09-30
5204,65,DE,24,9,1.262134,RISK_DASHBOARD,2023-12-31
5205,65,DE,25,9,1.368541,RISK_DASHBOARD,2024-03-31
5206,65,DE,26,9,1.312414,RISK_DASHBOARD,2024-06-30
5207,65,DE,27,9,1.300472,RISK_DASHBOARD,2024-09-30
5208,65,DE,28,9,1.273951,RISK_DASHBOARD,2024-12-31
5209,66,DK,1,9,1.276261,RISK_DASHBOARD,2018-03-31
5210,66,DK,2,9,1.371627,RISK_DASHBOARD,2018-06-30
5211,66,DK,3,9,1.28363,RISK_DASHBOARD,2018-09-30
5212,66,DK,4,9,1.204783,RISK_DASHBOARD,2018-12-31
5213,66,DK,5,9,1.273035,RISK_DASHBOARD,2019-03-31
5214,66,DK,6,9,1.34383,RISK_DASHBOARD,2019-06-30
5215,66,DK,7,9,1.194879,RISK_DASHBOARD,2019-09-30
5216,66,DK,8,9,1.332209,RISK_DASHBOARD,2019-12-31
5217,66,DK,9,9,1.321572,RISK_DASHBOARD,2020-03-31
5218,66,DK,10,9,1.198118,RISK_DASHBOARD,2020-06-30
5219,66,DK,11,9,1.231266,RISK_DASHBOARD,2020-09-30
5220,66,DK,12,9,1.360853,RISK_DASHBOARD,2020-12-31
5221,66,DK,13,9,1.267563,RISK_DASHBOARD,2021-03-31
5222,66,DK,14,9,1.344713,RISK_DASHBOARD,2021-06-30
5223,66,DK,15,9,1.321152,RISK_DASHBOARD,2021-09-30
5224,66,DK,16,9,1.271689,RISK_DASHBOARD,2021-12-31
5225,66,DK,17,9,1.22786,RISK_DASHBOARD,2022-03-31
5226,66,DK,18,9,1.2446,RISK_DASHBOARD,2022-06-30
5227,66,DK,19,9,1.381122,RISK_DASHBOARD,2022-09-30
5228,66,DK,20,9,1.258124,RISK_DASHBOARD,2022-12-31
5229,66,DK,21,9,1.309424,RISK_DASHBOARD,2023-03-31
5230,66,DK,22,9,1.260491,RISK_DASHBOARD,2023-06-30
5231,66,DK,23,9,1.243188,RISK_DASHBOARD,2023-09-30
5232,66,DK,24,9,1.318553,RISK_DASHBOARD,2023-12-31
5233,66,DK,25,9,1.19617,RISK_DASHBOARD,2024-03-31
5234,66,DK,26,9,1.325717,RISK_DASHBOARD,2024-06-30
5235,66,DK,27,9,1.286093,RISK_DASHBOARD,2024-09-30
5236,66,DK,28,9,1.256718,RISK_DASHBOARD,2024-12-31
5237,67,ES,1,9,1.263662,RISK_DASHBOARD,2018-03-31
5238,67,ES,2,9,1.278142,RISK_DASHBOARD,2018-06-30
5239,67,ES,3,9,1.29473,RISK_DASHBOARD,2018-09-30
5240,67,ES,4,9,1.271466,RISK_DASHBOARD,2018-12-31
5241,67,ES,5,9,1.266276,RISK_DASHBOARD,2019-03-31
5242,67,ES,6,9,1.269822,RISK_DASHBOARD,2019-06-30
5243,67,ES,7,9,1.317601,RISK_DASHBOARD,2019-09-30
5244,67,ES,8,9,1.324338,RISK_DASHBOARD,2019-12-31
5245,67,ES,9,9,1.344378,RISK_DASHBOARD,2020-03-31
5246,67,ES,10,9,1.366825,RISK_DASHBOARD,2020-06-30
5247,67,ES,11,9,1.252412,RISK_DASHBOARD,2020-09-30
5248,67,ES,12,9,1.182296,RISK_DASHBOARD,2020-12-31
5249,67,ES,13,9,1.287764,RISK_DASHBOARD,2021-03-31
5250,67,ES,14,9,1.206568,RISK_DASHBOARD,2021-06-30
5251,67,ES,15,9,1.204256,RISK_DASHBOARD,2021-09-30
5252,67,ES,16,9,1.30423,RISK_DASHBOARD,2021-12-31
5253,67,ES,17,9,1.313943,RISK_DASHBOARD,2022-03-31
5254,67,ES,18,9,1.28931,RISK_DASHBOARD,2022-06-30
5255,67,ES,19,9,1.357402,RISK_DASHBOARD,2022-09-30
5256,67,ES,20,9,1.301344,RISK_DASHBOARD,2022-12-31
5257,67,ES,21,9,1.294193,RISK_DASHBOARD,2023-03-31
5258,67,ES,22,9,1.344624,RISK_DASHBOARD,2023-06-30
5259,67,ES,23,9,1.281504,RISK_DASHBOARD,2023-09-30
5260,67,ES,24,9,1.353773,RISK_DASHBOARD,2023-12-31
5261,67,ES,25,9,1.180305,RISK_DASHBOARD,2024-03-31
5262,67,ES,26,9,1.288261,RISK_DASHBOARD,2024-06-30
5263,67,ES,27,9,1.187414,RISK_DASHBOARD,2024-09-30
5264,67,ES,28,9,1.232701,RISK_DASHBOARD,2024-12-31
5265,68,EU,1,9,1.299817,RISK_DASHBOARD,2018-03-31
5266,68,EU,2,9,1.267591,RISK_DASHBOARD,2018-06-30
5267,68,EU,3,9,1.285839,RISK_DASHBOARD,2018-09-30
5268,68,EU,4,9,1.349676,RISK_DASHBOARD,2018-12-31
5269,68,EU,5,9,1.364281,RISK_DASHBOARD,2019-03-31
5270,68,EU,6,9,1.292242,RISK_DASHBOARD,2019-06-30
5271,68,EU,7,9,1.254844,RISK_DASHBOARD,2019-09-30
5272,68,EU,8,9,1.351709,RISK_DASHBOARD,2019-12-31
5273,68,EU,9,9,1.225602,RISK_DASHBOARD,2020-03-31
5274,68,EU,10,9,1.183838,RISK_DASHBOARD,2020-06-30
5275,68,EU,11,9,1.35053,RISK_DASHBOARD,2020-09-30
5276,68,EU,12,9,1.305141,RISK_DASHBOARD,2020-12-31
5277,68,EU,13,9,1.273598,RISK_DASHBOARD,2021-03-31
5278,68,EU,14,9,1.221139,RISK_DASHBOARD,2021-06-30
5279,68,EU,15,9,1.352042,RISK_DASHBOARD,2021-09-30
5280,68,EU,16,9,1.272854,RISK_DASHBOARD,2021-12-31
5281,68,EU,17,9,1.286633,RISK_DASHBOARD,2022-03-31
5282,68,EU,18,9,1.215326,RISK_DASHBOARD,2022-06-30
5283,68,EU,19,9,1.218391,RISK_DASHBOARD,2022-09-30
5284,68,EU,20,9,1.275576,RISK_DASHBOARD,2022-12-31
5285,68,EU,21,9,1.30965,RISK_DASHBOARD,2023-03-31
5286,68,EU,22,9,1.342439,RISK_DASHBOARD,2023-06-30
5287,68,EU,23,9,1.257437,RISK_DASHBOARD,2023-09-30
5288,68,EU,24,9,1.181701,RISK_DASHBOARD,2023-12-31
5289,68,EU,25,9,1.348611,RISK_DASHBOARD,2024-03-31
5290,68,EU,26,9,1.20443,RISK_DASHBOARD,2024-06-30
5291,68,EU,27,9,1.35645,RISK_DASHBOARD,2024-09-30
5292,68,EU,28,9,1.350522,RISK_DASHBOARD,2024-12-31
5293,69,FI,1,9,1.246809,RISK_DASHBOARD,2018-03-31
5294,69,FI,2,9,1.34244,RISK_DASHBOARD,2018-06-30
5295,69,FI,3,9,1.189064,RISK_DASHBOARD,2018-09-30
5296,69,FI,4,9,1.346697,RISK_DASHBOARD,2018-12-31
5297,69,FI,5,9,1.256657,RISK_DASHBOARD,2019-03-31
5298,69,FI,6,9,1.242288,RISK_DASHBOARD,2019-06-30
5299,69,FI,7,9,1.279487,RISK_DASHBOARD,2019-09-30
5300,69,FI,8,9,1.219203,RISK_DASHBOARD,2019-12-31
5301,69,FI,9,9,1.274834,RISK_DASHBOARD,2020-03-31
5302,69,FI,10,9,1.300902,RISK_DASHBOARD,2020-06-30
5303,69,FI,11,9,1.375084,RISK_DASHBOARD,2020-09-30
5304,69,FI,12,9,1.256623,RISK_DASHBOARD,2020-12-31
5305,69,FI,13,9,1.209718,RISK_DASHBOARD,2021-03-31
5306,69,FI,14,9,1.234604,RISK_DASHBOARD,2021-06-30
5307,69,FI,15,9,1.324009,RISK_DASHBOARD,2021-09-30
5308,69,FI,16,9,1.21079,RISK_DASHBOARD,2021-12-31
5309,69,FI,17,9,1.225474,RISK_DASHBOARD,2022-03-31
5310,69,FI,18,9,1.265617,RISK_DASHBOARD,2022-06-30
5311,69,FI,19,9,1.344574,RISK_DASHBOARD,2022-09-30
5312,69,FI,20,9,1.284199,RISK_DASHBOARD,2022-12-31
5313,69,FI,21,9,1.202927,RISK_DASHBOARD,2023-03-31
5314,69,FI,22,9,1.296799,RISK_DASHBOARD,2023-06-30
5315,69,FI,23,9,1.375898,RISK_DASHBOARD,2023-09-30
5316,69,FI,24,9,1.304134,RISK_DASHBOARD,2023-12-31
5317,69,FI,25,9,1.365057,RISK_DASHBOARD,2024-03-31
5318,69,FI,26,9,1.361462,RISK_DASHBOARD,2024-06-30
5319,69,FI,27,9,1.236526,RISK_DASHBOARD,2024-09-30
5320,69,FI,28,9,1.254865,RISK_DASHBOARD,2024-12-31
5321,70,FR,1,9,1.284416,RISK_DASHBOARD,2018-03-31
5322,70,FR,2,9,1.166854,RISK_DASHBOARD,2018-06-30
5323,70,FR,3,9,1.347503,RISK_DASHBOARD,2018-09-30
5324,70,FR,4,9,1.350675,RISK_DASHBOARD,2018-12-31
5325,70,FR,5,9,1.19418,RISK_DASHBOARD,2019-03-31
5326,70,FR,6,9,1.177386,RISK_DASHBOARD,2019-06-30
5327,70,FR,7,9,1.313407,RISK_DASHBOARD,2019-09-30
5328,70,FR,8,9,1.313247,RISK_DASHBOARD,2019-12-31
5329,70,FR,9,9,1.156462,RISK_DASHBOARD,2020-03-31
5330,70,FR,10,9,1.19869,RISK_DASHBOARD,2020-06-30
5331,70,FR,11,9,1.167604,RISK_DASHBOARD,2020-09-30
5332,70,FR,12,9,1.285752,RISK_DASHBOARD,2020-12-31
5333,70,FR,13,9,1.226264,RISK_DASHBOARD,2021-03-31
5334,70,FR,14,9,1.177275,RISK_DASHBOARD,2021-06-30
5335,70,FR,15,9,1.333949,RISK_DASHBOARD,2021-09-30
5336,70,FR,16,9,1.334644,RISK_DASHBOARD,2021-12-31
5337,70,FR,17,9,1.337946,RISK_DASHBOARD,2022-03-31
5338,70,FR,18,9,1.271792,RISK_DASHBOARD,2022-06-30
5339,70,FR,19,9,1.18406,RISK_DASHBOARD,2022-09-30
5340,70,FR,20,9,1.226402,RISK_DASHBOARD,2022-12-31
5341,70,FR,21,9,1.26489,RISK_DASHBOARD,2023-03-31
5342,70,FR,22,9,1.284332,RISK_DASHBOARD,2023-06-30
5343,70,FR,23,9,1.223039,RISK_DASHBOARD,2023-09-30
5344,70,FR,24,9,1.268678,RISK_DASHBOARD,2023-12-31
5345,70,FR,25,9,1.312724,RISK_DASHBOARD,2024-03-31
5346,70,FR,26,9,1.179244,RISK_DASHBOARD,2024-06-30
5347,70,FR,27,9,1.327273,RISK_DASHBOARD,2024-09-30
5348,70,FR,28,9,1.322751,RISK_DASHBOARD,2024-12-31
5349,71,GR,1,9,1.348157,RISK_DASHBOARD,2018-03-31
5350,71,GR,2,9,1.280799,RISK_DASHBOARD,2018-06-30
5351,71,GR,3,9,1.227673,RISK_DASHBOARD,2018-09-30
5352,71,GR,4,9,1.277644,RISK_DASHBOARD,2018-12-31
5353,71,GR,5,9,1.353659,RISK_DASHBOARD,2019-03-31
5354,71,GR,6,9,1.205841,RISK_DASHBOARD,2019-06-30
5355,71,GR,7,9,1.380643,RISK_DASHBOARD,2019-09-30
5356,71,GR,8,9,1.208251,RISK_DASHBOARD,2019-12-31
5357,71,GR,9,9,1.290722,RISK_DASHBOARD,2020-03-31
5358,71,GR,10,9,1.284948,RISK_DASHBOARD,2020-06-30
5359,71,GR,11,9,1.358141,RISK_DASHBOARD,2020-09-30
5360,71,GR,12,9,1.258566,RISK_DASHBOARD,2020-12-31
5361,71,GR,13,9,1.361931,RISK_DASHBOARD,2021-03-31
5362,71,GR,14,9,1.223492,RISK_DASHBOARD,2021-06-30
5363,71,GR,15,9,1.263093,RISK_DASHBOARD,2021-09-30
5364,71,GR,16,9,1.337047,RISK_DASHBOARD,2021-12-31
5365,71,GR,17,9,1.24319,RISK_DASHBOARD,2022-03-31
5366,71,GR,18,9,1.193196,RISK_DASHBOARD,2022-06-30
5367,71,GR,19,9,1.322515,RISK_DASHBOARD,2022-09-30
5368,71,GR,20,9,1.265472,RISK_DASHBOARD,2022-12-31
5369,71,GR,21,9,1.195556,RISK_DASHBOARD,2023-03-31
5370,71,GR,22,9,1.314971,RISK_DASHBOARD,2023-06-30
5371,71,GR,23,9,1.214863,RISK_DASHBOARD,2023-09-30
5372,71,GR,24,9,1.324468,RISK_DASHBOARD,2023-12-31
5373,71,GR,25,9,1.332211,RISK_DASHBOARD,2024-03-31
5374,71,GR,26,9,1.298495,RISK_DASHBOARD,2024-06-30
5375,71,GR,27,9,1.216448,RISK_DASHBOARD,2024-09-30
5376,71,GR,28,9,1.336237,RISK_DASHBOARD,2024-12-31
5377,72,HR,1,9,1.194501,RISK_DASHBOARD,2018-03-31
5378,72,HR,2,9,1.344713,RISK_DASHBOARD,2018-06-30
5379,72,HR,3,9,1.258496,RISK_DASHBOARD,2018-09-30
5380,72,HR,4,9,1.281774,RISK_DASHBOARD,2018-12-31
5381,72,HR,5,9,1.263635,RISK_DASHBOARD,2019-03-31
5382,72,HR,6,9,1.295353,RISK_DASHBOARD,2019-06-30
5383,72,HR,7,9,1.218675,RISK_DASHBOARD,2019-09-30
5384,72,HR,8,9,1.200648,RISK_DASHBOARD,2019-12-31
5385,72,HR,9,9,1.176136,RISK_DASHBOARD,2020-03-31
5386,72,HR,10,9,1.335164,RISK_DASHBOARD,2020-06-30
5387,72,HR,11,9,1.22814,RISK_DASHBOARD,2020-09-30
5388,72,HR,12,9,1.252369,RISK_DASHBOARD,2020-12-31
5389,72,HR,13,9,1.190272,RISK_DASHBOARD,2021-03-31
5390,72,HR,14,9,1.27205,RISK_DASHBOARD,2021-06-30
5391,72,HR,15,9,1.210335,RISK_DASHBOARD,2021-09-30
5392,72,HR,16,9,1.241895,RISK_DASHBOARD,2021-12-31
5393,72,HR,17,9,1.198088,RISK_DASHBOARD,2022-03-31
5394,72,HR,18,9,1.268059,RISK_DASHBOARD,2022-06-30
5395,72,HR,19,9,1.25582,RISK_DASHBOARD,2022-09-30
5396,72,HR,20,9,1.162848,RISK_DASHBOARD,2022-12-31
5397,72,HR,21,9,1.240109,RISK_DASHBOARD,2023-03-31
5398,72,HR,22,9,1.333937,RISK_DASHBOARD,2023-06-30
5399,72,HR,23,9,1.344932,RISK_DASHBOARD,2023-09-30
5400,72,HR,24,9,1.312925,RISK_DASHBOARD,2023-12-31
5401,72,HR,25,9,1.265182,RISK_DASHBOARD,2024-03-31
5402,72,HR,26,9,1.247594,RISK_DASHBOARD,2024-06-30
5403,72,HR,27,9,1.295635,RISK_DASHBOARD,2024-09-30
5404,72,HR,28,9,1.184658,RISK_DASHBOARD,2024-12-31
5405,73,HU,1,9,1.344531,RISK_DASHBOARD,2018-03-31
5406,73,HU,2,9,1.256431,RISK_DASHBOARD,2018-06-30
5407,73,HU,3,9,1.273618,RISK_DASHBOARD,2018-09-30
5408,73,HU,4,9,1.232494,RISK_DASHBOARD,2018-12-31
5409,73,HU,5,9,1.258799,RISK_DASHBOARD,2019-03-31
5410,73,HU,6,9,1.228645,RISK_DASHBOARD,2019-06-30
5411,73,HU,7,9,1.340571,RISK_DASHBOARD,2019-09-30
5412,73,HU,8,9,1.202125,RISK_DASHBOARD,2019-12-31
5413,73,HU,9,9,1.231094,RISK_DASHBOARD,2020-03-31
5414,73,HU,10,9,1.212409,RISK_DASHBOARD,2020-06-30
5415,73,HU,11,9,1.194932,RISK_DASHBOARD,2020-09-30
5416,73,HU,12,9,1.3416,RISK_DASHBOARD,2020-12-31
5417,73,HU,13,9,1.359683,RISK_DASHBOARD,2021-03-31
5418,73,HU,14,9,1.303955,RISK_DASHBOARD,2021-06-30
5419,73,HU,15,9,1.280522,RISK_DASHBOARD,2021-09-30
5420,73,HU,16,9,1.339585,RISK_DASHBOARD,2021-12-31
5421,73,HU,17,9,1.233101,RISK_DASHBOARD,2022-03-31
5422,73,HU,18,9,1.262313,RISK_DASHBOARD,2022-06-30
5423,73,HU,19,9,1.265476,RISK_DASHBOARD,2022-09-30
5424,73,HU,20,9,1.331742,RISK_DASHBOARD,2022-12-31
5425,73,HU,21,9,1.223237,RISK_DASHBOARD,2023-03-31
5426,73,HU,22,9,1.201532,RISK_DASHBOARD,2023-06-30
5427,73,HU,23,9,1.28858,RISK_DASHBOARD,2023-09-30
5428,73,HU,24,9,1.266364,RISK_DASHBOARD,2023-12-31
5429,73,HU,25,9,1.227248,RISK_DASHBOARD,2024-03-31
5430,73,HU,26,9,1.239106,RISK_DASHBOARD,2024-06-30
5431,73,HU,27,9,1.19699,RISK_DASHBOARD,2024-09-30
5432,73,HU,28,9,1.302035,RISK_DASHBOARD,2024-12-31
5433,74,IE,1,9,1.278797,RISK_DASHBOARD,2018-03-31
5434,74,IE,2,9,1.201751,RISK_DASHBOARD,2018-06-30
5435,74,IE,3,9,1.216005,RISK_DASHBOARD,2018-09-30
5436,74,IE,4,9,1.342132,RISK_DASHBOARD,2018-12-31
5437,74,IE,5,9,1.192298,RISK_DASHBOARD,2019-03-31
5438,74,IE,6,9,1.188604,RISK_DASHBOARD,2019-06-30
5439,74,IE,7,9,1.372219,RISK_DASHBOARD,2019-09-30
5440,74,IE,8,9,1.252288,RISK_DASHBOARD,2019-12-31
5441,74,IE,9,9,1.285945,RISK_DASHBOARD,2020-03-31
5442,74,IE,10,9,1.31763,RISK_DASHBOARD,2020-06-30
5443,74,IE,11,9,1.26352,RISK_DASHBOARD,2020-09-30
5444,74,IE,12,9,1.29453,RISK_DASHBOARD,2020-12-31
5445,74,IE,13,9,1.254835,RISK_DASHBOARD,2021-03-31
5446,74,IE,14,9,1.343375,RISK_DASHBOARD,2021-06-30
5447,74,IE,15,9,1.352352,RISK_DASHBOARD,2021-09-30
5448,74,IE,16,9,1.236401,RISK_DASHBOARD,2021-12-31
5449,74,IE,17,9,1.358974,RISK_DASHBOARD,2022-03-31
5450,74,IE,18,9,1.236612,RISK_DASHBOARD,2022-06-30
5451,74,IE,19,9,1.293193,RISK_DASHBOARD,2022-09-30
5452,74,IE,20,9,1.218127,RISK_DASHBOARD,2022-12-31
5453,74,IE,21,9,1.204985,RISK_DASHBOARD,2023-03-31
5454,74,IE,22,9,1.31902,RISK_DASHBOARD,2023-06-30
5455,74,IE,23,9,1.346572,RISK_DASHBOARD,2023-09-30
5456,74,IE,24,9,1.238208,RISK_DASHBOARD,2023-12-31
5457,74,IE,25,9,1.341733,RISK_DASHBOARD,2024-03-31
5458,74,IE,26,9,1.343219,RISK_DASHBOARD,2024-06-30
5459,74,IE,27,9,1.271284,RISK_DASHBOARD,2024-09-30
5460,74,IE,28,9,1.190162,RISK_DASHBOARD,2024-12-31
5461,75,IT,1,9,1.202536,RISK_DASHBOARD,2018-03-31
5462,75,IT,2,9,1.36791,RISK_DASHBOARD,2018-06-30
5463,75,IT,3,9,1.207651,RISK_DASHBOARD,2018-09-30
5464,75,IT,4,9,1.260703,RISK_DASHBOARD,2018-12-31
5465,75,IT,5,9,1.236567,RISK_DASHBOARD,2019-03-31
5466,75,IT,6,9,1.241574,RISK_DASHBOARD,2019-06-30
5467,75,IT,7,9,1.334447,RISK_DASHBOARD,2019-09-30
5468,75,IT,8,9,1.38178,RISK_DASHBOARD,2019-12-31
5469,75,IT,9,9,1.367447,RISK_DASHBOARD,2020-03-31
5470,75,IT,10,9,1.318359,RISK_DASHBOARD,2020-06-30
5471,75,IT,11,9,1.33472,RISK_DASHBOARD,2020-09-30
5472,75,IT,12,9,1.279854,RISK_DASHBOARD,2020-12-31
5473,75,IT,13,9,1.33381,RISK_DASHBOARD,2021-03-31
5474,75,IT,14,9,1.262838,RISK_DASHBOARD,2021-06-30
5475,75,IT,15,9,1.323574,RISK_DASHBOARD,2021-09-30
5476,75,IT,16,9,1.189299,RISK_DASHBOARD,2021-12-31
5477,75,IT,17,9,1.314781,RISK_DASHBOARD,2022-03-31
5478,75,IT,18,9,1.316818,RISK_DASHBOARD,2022-06-30
5479,75,IT,19,9,1.339043,RISK_DASHBOARD,2022-09-30
5480,75,IT,20,9,1.331598,RISK_DASHBOARD,2022-12-31
5481,75,IT,21,9,1.197617,RISK_DASHBOARD,2023-03-31
5482,75,IT,22,9,1.341117,RISK_DASHBOARD,2023-06-30
5483,75,IT,23,9,1.384529,RISK_DASHBOARD,2023-09-30
5484,75,IT,24,9,1.303008,RISK_DASHBOARD,2023-12-31
5485,75,IT,25,9,1.320648,RISK_DASHBOARD,2024-03-31
5486,75,IT,26,9,1.227047,RISK_DASHBOARD,2024-06-30
5487,75,IT,27,9,1.265222,RISK_DASHBOARD,2024-09-30
5488,75,IT,28,9,1.256941,RISK_DASHBOARD,2024-12-31
5489,76,LT,1,9,1.276572,RISK_DASHBOARD,2018-03-31
5490,76,LT,2,9,1.214526,RISK_DASHBOARD,2018-06-30
5491,76,LT,3,9,1.255722,RISK_DASHBOARD,2018-09-30
5492,76,LT,4,9,1.201405,RISK_DASHBOARD,2018-12-31
5493,76,LT,5,9,1.215441,RISK_DASHBOARD,2019-03-31
5494,76,LT,6,9,1.36524,RISK_DASHBOARD,2019-06-30
5495,76,LT,7,9,1.251279,RISK_DASHBOARD,2019-09-30
5496,76,LT,8,9,1.378239,RISK_DASHBOARD,2019-12-31
5497,76,LT,9,9,1.314231,RISK_DASHBOARD,2020-03-31
5498,76,LT,10,9,1.276128,RISK_DASHBOARD,2020-06-30
5499,76,LT,11,9,1.338291,RISK_DASHBOARD,2020-09-30
5500,76,LT,12,9,1.288745,RISK_DASHBOARD,2020-12-31
5501,76,LT,13,9,1.336336,RISK_DASHBOARD,2021-03-31
5502,76,LT,14,9,1.260471,RISK_DASHBOARD,2021-06-30
5503,76,LT,15,9,1.20119,RISK_DASHBOARD,2021-09-30
5504,76,LT,16,9,1.329295,RISK_DASHBOARD,2021-12-31
5505,76,LT,17,9,1.22357,RISK_DASHBOARD,2022-03-31
5506,76,LT,18,9,1.366414,RISK_DASHBOARD,2022-06-30
5507,76,LT,19,9,1.3072,RISK_DASHBOARD,2022-09-30
5508,76,LT,20,9,1.212551,RISK_DASHBOARD,2022-12-31
5509,76,LT,21,9,1.277537,RISK_DASHBOARD,2023-03-31
5510,76,LT,22,9,1.362587,RISK_DASHBOARD,2023-06-30
5511,76,LT,23,9,1.27346,RISK_DASHBOARD,2023-09-30
5512,76,LT,24,9,1.375213,RISK_DASHBOARD,2023-12-31
5513,76,LT,25,9,1.376931,RISK_DASHBOARD,2024-03-31
5514,76,LT,26,9,1.206256,RISK_DASHBOARD,2024-06-30
5515,76,LT,27,9,1.216015,RISK_DASHBOARD,2024-09-30
5516,76,LT,28,9,1.373871,RISK_DASHBOARD,2024-12-31
5517,77,LU,1,9,1.29728,RISK_DASHBOARD,2018-03-31
5518,77,LU,2,9,1.267275,RISK_DASHBOARD,2018-06-30
5519,77,LU,3,9,1.245571,RISK_DASHBOARD,2018-09-30
5520,77,LU,4,9,1.283337,RISK_DASHBOARD,2018-12-31
5521,77,LU,5,9,1.16894,RISK_DASHBOARD,2019-03-31
5522,77,LU,6,9,1.155795,RISK_DASHBOARD,2019-06-30
5523,77,LU,7,9,1.1838,RISK_DASHBOARD,2019-09-30
5524,77,LU,8,9,1.271415,RISK_DASHBOARD,2019-12-31
5525,77,LU,9,9,1.27469,RISK_DASHBOARD,2020-03-31
5526,77,LU,10,9,1.156643,RISK_DASHBOARD,2020-06-30
5527,77,LU,11,9,1.247156,RISK_DASHBOARD,2020-09-30
5528,77,LU,12,9,1.215834,RISK_DASHBOARD,2020-12-31
5529,77,LU,13,9,1.166008,RISK_DASHBOARD,2021-03-31
5530,77,LU,14,9,1.305881,RISK_DASHBOARD,2021-06-30
5531,77,LU,15,9,1.299333,RISK_DASHBOARD,2021-09-30
5532,77,LU,16,9,1.257862,RISK_DASHBOARD,2021-12-31
5533,77,LU,17,9,1.311952,RISK_DASHBOARD,2022-03-31
5534,77,LU,18,9,1.265557,RISK_DASHBOARD,2022-06-30
5535,77,LU,19,9,1.312356,RISK_DASHBOARD,2022-09-30
5536,77,LU,20,9,1.242059,RISK_DASHBOARD,2022-12-31
5537,77,LU,21,9,1.322896,RISK_DASHBOARD,2023-03-31
5538,77,LU,22,9,1.219771,RISK_DASHBOARD,2023-06-30
5539,77,LU,23,9,1.243688,RISK_DASHBOARD,2023-09-30
5540,77,LU,24,9,1.189416,RISK_DASHBOARD,2023-12-31
5541,77,LU,25,9,1.278619,RISK_DASHBOARD,2024-03-31
5542,77,LU,26,9,1.159292,RISK_DASHBOARD,2024-06-30
5543,77,LU,27,9,1.2417,RISK_DASHBOARD,2024-09-30
5544,77,LU,28,9,1.247867,RISK_DASHBOARD,2024-12-31
5545,78,LV,1,9,1.281239,RISK_DASHBOARD,2018-03-31
5546,78,LV,2,9,1.209734,RISK_DASHBOARD,2018-06-30
5547,78,LV,3,9,1.361115,RISK_DASHBOARD,2018-09-30
5548,78,LV,4,9,1.321799,RISK_DASHBOARD,2018-12-31
5549,78,LV,5,9,1.215746,RISK_DASHBOARD,2019-03-31
5550,78,LV,6,9,1.290805,RISK_DASHBOARD,2019-06-30
5551,78,LV,7,9,1.331804,RISK_DASHBOARD,2019-09-30
5552,78,LV,8,9,1.262256,RISK_DASHBOARD,2019-12-31
5553,78,LV,9,9,1.255697,RISK_DASHBOARD,2020-03-31
5554,78,LV,10,9,1.293243,RISK_DASHBOARD,2020-06-30
5555,78,LV,11,9,1.267909,RISK_DASHBOARD,2020-09-30
5556,78,LV,12,9,1.361051,RISK_DASHBOARD,2020-12-31
5557,78,LV,13,9,1.331203,RISK_DASHBOARD,2021-03-31
5558,78,LV,14,9,1.246819,RISK_DASHBOARD,2021-06-30
5559,78,LV,15,9,1.29008,RISK_DASHBOARD,2021-09-30
5560,78,LV,16,9,1.191057,RISK_DASHBOARD,2021-12-31
5561,78,LV,17,9,1.332174,RISK_DASHBOARD,2022-03-31
5562,78,LV,18,9,1.30511,RISK_DASHBOARD,2022-06-30
5563,78,LV,19,9,1.243795,RISK_DASHBOARD,2022-09-30
5564,78,LV,20,9,1.23714,RISK_DASHBOARD,2022-12-31
5565,78,LV,21,9,1.337819,RISK_DASHBOARD,2023-03-31
5566,78,LV,22,9,1.192016,RISK_DASHBOARD,2023-06-30
5567,78,LV,23,9,1.247211,RISK_DASHBOARD,2023-09-30
5568,78,LV,24,9,1.214891,RISK_DASHBOARD,2023-12-31
5569,78,LV,25,9,1.251838,RISK_DASHBOARD,2024-03-31
5570,78,LV,26,9,1.29207,RISK_DASHBOARD,2024-06-30
5571,78,LV,27,9,1.267597,RISK_DASHBOARD,2024-09-30
5572,78,LV,28,9,1.369162,RISK_DASHBOARD,2024-12-31
5573,79,MT,1,9,1.232163,RISK_DASHBOARD,2018-03-31
5574,79,MT,2,9,1.224917,RISK_DASHBOARD,2018-06-30
5575,79,MT,3,9,1.273657,RISK_DASHBOARD,2018-09-30
5576,79,MT,4,9,1.194535,RISK_DASHBOARD,2018-12-31
5577,79,MT,5,9,1.367038,RISK_DASHBOARD,2019-03-31
5578,79,MT,6,9,1.248051,RISK_DASHBOARD,2019-06-30
5579,79,MT,7,9,1.245642,RISK_DASHBOARD,2019-09-30
5580,79,MT,8,9,1.34522,RISK_DASHBOARD,2019-12-31
5581,79,MT,9,9,1.306759,RISK_DASHBOARD,2020-03-31
5582,79,MT,10,9,1.252931,RISK_DASHBOARD,2020-06-30
5583,79,MT,11,9,1.259645,RISK_DASHBOARD,2020-09-30
5584,79,MT,12,9,1.317895,RISK_DASHBOARD,2020-12-31
5585,79,MT,13,9,1.35667,RISK_DASHBOARD,2021-03-31
5586,79,MT,14,9,1.266791,RISK_DASHBOARD,2021-06-30
5587,79,MT,15,9,1.33262,RISK_DASHBOARD,2021-09-30
5588,79,MT,16,9,1.212124,RISK_DASHBOARD,2021-12-31
5589,79,MT,17,9,1.326489,RISK_DASHBOARD,2022-03-31
5590,79,MT,18,9,1.25656,RISK_DASHBOARD,2022-06-30
5591,79,MT,19,9,1.248011,RISK_DASHBOARD,2022-09-30
5592,79,MT,20,9,1.332739,RISK_DASHBOARD,2022-12-31
5593,79,MT,21,9,1.267576,RISK_DASHBOARD,2023-03-31
5594,79,MT,22,9,1.278033,RISK_DASHBOARD,2023-06-30
5595,79,MT,23,9,1.220709,RISK_DASHBOARD,2023-09-30
5596,79,MT,24,9,1.210215,RISK_DASHBOARD,2023-12-31
5597,79,MT,25,9,1.188135,RISK_DASHBOARD,2024-03-31
5598,79,MT,26,9,1.180677,RISK_DASHBOARD,2024-06-30
5599,79,MT,27,9,1.335961,RISK_DASHBOARD,2024-09-30
5600,79,MT,28,9,1.301483,RISK_DASHBOARD,2024-12-31
5601,80,NL,1,9,1.290219,RISK_DASHBOARD,2018-03-31
5602,80,NL,2,9,1.383102,RISK_DASHBOARD,2018-06-30
5603,80,NL,3,9,1.278734,RISK_DASHBOARD,2018-09-30
5604,80,NL,4,9,1.281832,RISK_DASHBOARD,2018-12-31
5605,80,NL,5,9,1.334862,RISK_DASHBOARD,2019-03-31
5606,80,NL,6,9,1.334231,RISK_DASHBOARD,2019-06-30
5607,80,NL,7,9,1.232522,RISK_DASHBOARD,2019-09-30
5608,80,NL,8,9,1.209768,RISK_DASHBOARD,2019-12-31
5609,80,NL,9,9,1.34834,RISK_DASHBOARD,2020-03-31
5610,80,NL,10,9,1.294412,RISK_DASHBOARD,2020-06-30
5611,80,NL,11,9,1.301025,RISK_DASHBOARD,2020-09-30
5612,80,NL,12,9,1.239254,RISK_DASHBOARD,2020-12-31
5613,80,NL,13,9,1.305128,RISK_DASHBOARD,2021-03-31
5614,80,NL,14,9,1.348967,RISK_DASHBOARD,2021-06-30
5615,80,NL,15,9,1.238954,RISK_DASHBOARD,2021-09-30
5616,80,NL,16,9,1.331993,RISK_DASHBOARD,2021-12-31
5617,80,NL,17,9,1.198841,RISK_DASHBOARD,2022-03-31
5618,80,NL,18,9,1.305433,RISK_DASHBOARD,2022-06-30
5619,80,NL,19,9,1.331569,RISK_DASHBOARD,2022-09-30
5620,80,NL,20,9,1.343115,RISK_DASHBOARD,2022-12-31
5621,80,NL,21,9,1.303693,RISK_DASHBOARD,2023-03-31
5622,80,NL,22,9,1.377443,RISK_DASHBOARD,2023-06-30
5623,80,NL,23,9,1.244265,RISK_DASHBOARD,2023-09-30
5624,80,NL,24,9,1.192434,RISK_DASHBOARD,2023-12-31
5625,80,NL,25,9,1.319333,RISK_DASHBOARD,2024-03-31
5626,80,NL,26,9,1.366212,RISK_DASHBOARD,2024-06-30
5627,80,NL,27,9,1.318172,RISK_DASHBOARD,2024-09-30
5628,80,NL,28,9,1.299419,RISK_DASHBOARD,2024-12-31
5629,81,NO,1,9,1.295759,RISK_DASHBOARD,2018-03-31
5630,81,NO,2,9,1.297092,RISK_DASHBOARD,2018-06-30
5631,81,NO,3,9,1.312831,RISK_DASHBOARD,2018-09-30
5632,81,NO,4,9,1.33375,RISK_DASHBOARD,2018-12-31
5633,81,NO,5,9,1.279259,RISK_DASHBOARD,2019-03-31
5634,81,NO,6,9,1.323723,RISK_DASHBOARD,2019-06-30
5635,81,NO,7,9,1.252512,RISK_DASHBOARD,2019-09-30
5636,81,NO,8,9,1.261086,RISK_DASHBOARD,2019-12-31
5637,81,NO,9,9,1.191573,RISK_DASHBOARD,2020-03-31
5638,81,NO,10,9,1.304744,RISK_DASHBOARD,2020-06-30
5639,81,NO,11,9,1.265185,RISK_DASHBOARD,2020-09-30
5640,81,NO,12,9,1.177439,RISK_DASHBOARD,2020-12-31
5641,81,NO,13,9,1.241571,RISK_DASHBOARD,2021-03-31
5642,81,NO,14,9,1.263981,RISK_DASHBOARD,2021-06-30
5643,81,NO,15,9,1.317195,RISK_DASHBOARD,2021-09-30
5644,81,NO,16,9,1.264361,RISK_DASHBOARD,2021-12-31
5645,81,NO,17,9,1.337268,RISK_DASHBOARD,2022-03-31
5646,81,NO,18,9,1.334256,RISK_DASHBOARD,2022-06-30
5647,81,NO,19,9,1.284688,RISK_DASHBOARD,2022-09-30
5648,81,NO,20,9,1.316053,RISK_DASHBOARD,2022-12-31
5649,81,NO,21,9,1.172147,RISK_DASHBOARD,2023-03-31
5650,81,NO,22,9,1.277315,RISK_DASHBOARD,2023-06-30
5651,81,NO,23,9,1.281375,RISK_DASHBOARD,2023-09-30
5652,81,NO,24,9,1.303054,RISK_DASHBOARD,2023-12-31
5653,81,NO,25,9,1.26253,RISK_DASHBOARD,2024-03-31
5654,81,NO,26,9,1.316172,RISK_DASHBOARD,2024-06-30
5655,81,NO,27,9,1.309097,RISK_DASHBOARD,2024-09-30
5656,81,NO,28,9,1.275824,RISK_DASHBOARD,2024-12-31
5657,82,PL,1,9,1.306099,RISK_DASHBOARD,2018-03-31
5658,82,PL,2,9,1.360911,RISK_DASHBOARD,2018-06-30
5659,82,PL,3,9,1.228816,RISK_DASHBOARD,2018-09-30
5660,82,PL,4,9,1.265808,RISK_DASHBOARD,2018-12-31
5661,82,PL,5,9,1.232783,RISK_DASHBOARD,2019-03-31
5662,82,PL,6,9,1.176491,RISK_DASHBOARD,2019-06-30
5663,82,PL,7,9,1.321609,RISK_DASHBOARD,2019-09-30
5664,82,PL,8,9,1.224927,RISK_DASHBOARD,2019-12-31
5665,82,PL,9,9,1.266151,RISK_DASHBOARD,2020-03-31
5666,82,PL,10,9,1.261672,RISK_DASHBOARD,2020-06-30
5667,82,PL,11,9,1.336273,RISK_DASHBOARD,2020-09-30
5668,82,PL,12,9,1.219685,RISK_DASHBOARD,2020-12-31
5669,82,PL,13,9,1.2257,RISK_DASHBOARD,2021-03-31
5670,82,PL,14,9,1.224983,RISK_DASHBOARD,2021-06-30
5671,82,PL,15,9,1.193965,RISK_DASHBOARD,2021-09-30
5672,82,PL,16,9,1.262001,RISK_DASHBOARD,2021-12-31
5673,82,PL,17,9,1.344454,RISK_DASHBOARD,2022-03-31
5674,82,PL,18,9,1.169907,RISK_DASHBOARD,2022-06-30
5675,82,PL,19,9,1.177517,RISK_DASHBOARD,2022-09-30
5676,82,PL,20,9,1.168916,RISK_DASHBOARD,2022-12-31
5677,82,PL,21,9,1.329107,RISK_DASHBOARD,2023-03-31
5678,82,PL,22,9,1.221835,RISK_DASHBOARD,2023-06-30
5679,82,PL,23,9,1.230888,RISK_DASHBOARD,2023-09-30
5680,82,PL,24,9,1.36351,RISK_DASHBOARD,2023-12-31
5681,82,PL,25,9,1.273053,RISK_DASHBOARD,2024-03-31
5682,82,PL,26,9,1.305849,RISK_DASHBOARD,2024-06-30
5683,82,PL,27,9,1.322427,RISK_DASHBOARD,2024-09-30
5684,82,PL,28,9,1.192605,RISK_DASHBOARD,2024-12-31
5685,83,PT,1,9,1.215795,RISK_DASHBOARD,2018-03-31
5686,83,PT,2,9,1.370639,RISK_DASHBOARD,2018-06-30
5687,83,PT,3,9,1.288595,RISK_DASHBOARD,2018-09-30
5688,83,PT,4,9,1.369113,RISK_DASHBOARD,2018-12-31
5689,83,PT,5,9,1.29756,RISK_DASHBOARD,2019-03-31
5690,83,PT,6,9,1.365816,RISK_DASHBOARD,2019-06-30
5691,83,PT,7,9,1.34664,RISK_DASHBOARD,2019-09-30
5692,83,PT,8,9,1.21997,RISK_DASHBOARD,2019-12-31
5693,83,PT,9,9,1.22341,RISK_DASHBOARD,2020-03-31
5694,83,PT,10,9,1.23551,RISK_DASHBOARD,2020-06-30
5695,83,PT,11,9,1.192523,RISK_DASHBOARD,2020-09-30
5696,83,PT,12,9,1.188031,RISK_DASHBOARD,2020-12-31
5697,83,PT,13,9,1.19669,RISK_DASHBOARD,2021-03-31
5698,83,PT,14,9,1.240369,RISK_DASHBOARD,2021-06-30
5699,83,PT,15,9,1.18361,RISK_DASHBOARD,2021-09-30
5700,83,PT,16,9,1.281507,RISK_DASHBOARD,2021-12-31
5701,83,PT,17,9,1.330736,RISK_DASHBOARD,2022-03-31
5702,83,PT,18,9,1.356322,RISK_DASHBOARD,2022-06-30
5703,83,PT,19,9,1.32693,RISK_DASHBOARD,2022-09-30
5704,83,PT,20,9,1.346002,RISK_DASHBOARD,2022-12-31
5705,83,PT,21,9,1.193289,RISK_DASHBOARD,2023-03-31
5706,83,PT,22,9,1.328846,RISK_DASHBOARD,2023-06-30
5707,83,PT,23,9,1.274435,RISK_DASHBOARD,2023-09-30
5708,83,PT,24,9,1.270051,RISK_DASHBOARD,2023-12-31
5709,83,PT,25,9,1.214857,RISK_DASHBOARD,2024-03-31
5710,83,PT,26,9,1.297639,RISK_DASHBOARD,2024-06-30
5711,83,PT,27,9,1.232587,RISK_DASHBOARD,2024-09-30
5712,83,PT,28,9,1.333057,RISK_DASHBOARD,2024-12-31
5713,84,RO,1,9,1.385129,RISK_DASHBOARD,2018-03-31
5714,84,RO,2,9,1.226038,RISK_DASHBOARD,2018-06-30
5715,84,RO,3,9,1.329859,RISK_DASHBOARD,2018-09-30
5716,84,RO,4,9,1.196982,RISK_DASHBOARD,2018-12-31
5717,84,RO,5,9,1.341899,RISK_DASHBOARD,2019-03-31
5718,84,RO,6,9,1.284356,RISK_DASHBOARD,2019-06-30
5719,84,RO,7,9,1.263226,RISK_DASHBOARD,2019-09-30
5720,84,RO,8,9,1.313072,RISK_DASHBOARD,2019-12-31
5721,84,RO,9,9,1.254566,RISK_DASHBOARD,2020-03-31
5722,84,RO,10,9,1.379095,RISK_DASHBOARD,2020-06-30
5723,84,RO,11,9,1.244783,RISK_DASHBOARD,2020-09-30
5724,84,RO,12,9,1.334424,RISK_DASHBOARD,2020-12-31
5725,84,RO,13,9,1.236584,RISK_DASHBOARD,2021-03-31
5726,84,RO,14,9,1.347021,RISK_DASHBOARD,2021-06-30
5727,84,RO,15,9,1.24482,RISK_DASHBOARD,2021-09-30
5728,84,RO,16,9,1.334617,RISK_DASHBOARD,2021-12-31
5729,84,RO,17,9,1.365619,RISK_DASHBOARD,2022-03-31
5730,84,RO,18,9,1.188495,RISK_DASHBOARD,2022-06-30
5731,84,RO,19,9,1.334398,RISK_DASHBOARD,2022-09-30
5732,84,RO,20,9,1.249184,RISK_DASHBOARD,2022-12-31
5733,84,RO,21,9,1.370116,RISK_DASHBOARD,2023-03-31
5734,84,RO,22,9,1.383262,RISK_DASHBOARD,2023-06-30
5735,84,RO,23,9,1.2917,RISK_DASHBOARD,2023-09-30
5736,84,RO,24,9,1.222515,RISK_DASHBOARD,2023-12-31
5737,84,RO,25,9,1.290075,RISK_DASHBOARD,2024-03-31
5738,84,RO,26,9,1.282943,RISK_DASHBOARD,2024-06-30
5739,84,RO,27,9,1.197287,RISK_DASHBOARD,2024-09-30
5740,84,RO,28,9,1.343077,RISK_DASHBOARD,2024-12-31
5741,85,SE,1,9,1.344406,RISK_DASHBOARD,2018-03-31
5742,85,SE,2,9,1.358288,RISK_DASHBOARD,2018-06-30
5743,85,SE,3,9,1.180624,RISK_DASHBOARD,2018-09-30
5744,85,SE,4,9,1.204787,RISK_DASHBOARD,2018-12-31
5745,85,SE,5,9,1.259929,RISK_DASHBOARD,2019-03-31
5746,85,SE,6,9,1.2446,RISK_DASHBOARD,2019-06-30
5747,85,SE,7,9,1.358631,RISK_DASHBOARD,2019-09-30
5748,85,SE,8,9,1.27522,RISK_DASHBOARD,2019-12-31
5749,85,SE,9,9,1.162083,RISK_DASHBOARD,2020-03-31
5750,85,SE,10,9,1.284396,RISK_DASHBOARD,2020-06-30
5751,85,SE,11,9,1.324576,RISK_DASHBOARD,2020-09-30
5752,85,SE,12,9,1.346313,RISK_DASHBOARD,2020-12-31
5753,85,SE,13,9,1.252869,RISK_DASHBOARD,2021-03-31
5754,85,SE,14,9,1.346936,RISK_DASHBOARD,2021-06-30
5755,85,SE,15,9,1.27939,RISK_DASHBOARD,2021-09-30
5756,85,SE,16,9,1.281564,RISK_DASHBOARD,2021-12-31
5757,85,SE,17,9,1.174627,RISK_DASHBOARD,2022-03-31
5758,85,SE,18,9,1.222741,RISK_DASHBOARD,2022-06-30
5759,85,SE,19,9,1.292933,RISK_DASHBOARD,2022-09-30
5760,85,SE,20,9,1.255797,RISK_DASHBOARD,2022-12-31
5761,85,SE,21,9,1.322282,RISK_DASHBOARD,2023-03-31
5762,85,SE,22,9,1.238269,RISK_DASHBOARD,2023-06-30
5763,85,SE,23,9,1.291636,RISK_DASHBOARD,2023-09-30
5764,85,SE,24,9,1.254161,RISK_DASHBOARD,2023-12-31
5765,85,SE,25,9,1.308533,RISK_DASHBOARD,2024-03-31
5766,85,SE,26,9,1.218047,RISK_DASHBOARD,2024-06-30
5767,85,SE,27,9,1.330078,RISK_DASHBOARD,2024-09-30
5768,85,SE,28,9,1.245641,RISK_DASHBOARD,2024-12-31
5769,86,SI,1,9,1.244692,RISK_DASHBOARD,2018-03-31
5770,86,SI,2,9,1.201534,RISK_DASHBOARD,2018-06-30
5771,86,SI,3,9,1.235129,RISK_DASHBOARD,2018-09-30
5772,86,SI,4,9,1.192399,RISK_DASHBOARD,2018-12-31
5773,86,SI,5,9,1.211226,RISK_DASHBOARD,2019-03-31
5774,86,SI,6,9,1.226422,RISK_DASHBOARD,2019-06-30
5775,86,SI,7,9,1.19479,RISK_DASHBOARD,2019-09-30
5776,86,SI,8,9,1.233059,RISK_DASHBOARD,2019-12-31
5777,86,SI,9,9,1.19183,RISK_DASHBOARD,2020-03-31
5778,86,SI,10,9,1.18401,RISK_DASHBOARD,2020-06-30
5779,86,SI,11,9,1.186984,RISK_DASHBOARD,2020-09-30
5780,86,SI,12,9,1.234723,RISK_DASHBOARD,2020-12-31
5781,86,SI,13,9,1.210161,RISK_DASHBOARD,2021-03-31
5782,86,SI,14,9,1.214886,RISK_DASHBOARD,2021-06-30
5783,86,SI,15,9,1.247842,RISK_DASHBOARD,2021-09-30
5784,86,SI,16,9,1.272261,RISK_DASHBOARD,2021-12-31
5785,86,SI,17,9,1.299677,RISK_DASHBOARD,2022-03-31
5786,86,SI,18,9,1.247271,RISK_DASHBOARD,2022-06-30
5787,86,SI,19,9,1.213338,RISK_DASHBOARD,2022-09-30
5788,86,SI,20,9,1.188626,RISK_DASHBOARD,2022-12-31
5789,86,SI,21,9,1.217717,RISK_DASHBOARD,2023-03-31
5790,86,SI,22,9,1.269525,RISK_DASHBOARD,2023-06-30
5791,86,SI,23,9,1.30829,RISK_DASHBOARD,2023-09-30
5792,86,SI,24,9,1.339016,RISK_DASHBOARD,2023-12-31
5793,86,SI,25,9,1.252168,RISK_DASHBOARD,2024-03-31
5794,86,SI,26,9,1.352398,RISK_DASHBOARD,2024-06-30
5795,86,SI,27,9,1.207197,RISK_DASHBOARD,2024-09-30
5796,86,SI,28,9,1.204941,RISK_DASHBOARD,2024-12-31
5797,87,SK,1,9,1.198909,RISK_DASHBOARD,2018-03-31
5798,87,SK,2,9,1.233504,RISK_DASHBOARD,2018-06-30
5799,87,SK,3,9,1.182796,RISK_DASHBOARD,2018-09-30
5800,87,SK,4,9,1.261069,RISK_DASHBOARD,2018-12-31
5801,87,SK,5,9,1.360155,RISK_DASHBOARD,2019-03-31
5802,87,SK,6,9,1.207358,RISK_DASHBOARD,2019-06-30
5803,87,SK,7,9,1.31175,RISK_DASHBOARD,2019-09-30
5804,87,SK,8,9,1.266243,RISK_DASHBOARD,2019-12-31
5805,87,SK,9,9,1.219268,RISK_DASHBOARD,2020-03-31
5806,87,SK,10,9,1.350116,RISK_DASHBOARD,2020-06-30
5807,87,SK,11,9,1.183019,RISK_DASHBOARD,2020-09-30
5808,87,SK,12,9,1.347183,RISK_DASHBOARD,2020-12-31
5809,87,SK,13,9,1.306505,RISK_DASHBOARD,2021-03-31
5810,87,SK,14,9,1.248206,RISK_DASHBOARD,2021-06-30
5811,87,SK,15,9,1.219076,RISK_DASHBOARD,2021-09-30
5812,87,SK,16,9,1.344911,RISK_DASHBOARD,2021-12-31
5813,87,SK,17,9,1.175756,RISK_DASHBOARD,2022-03-31
5814,87,SK,18,9,1.197446,RISK_DASHBOARD,2022-06-30
5815,87,SK,19,9,1.196687,RISK_DASHBOARD,2022-09-30
5816,87,SK,20,9,1.345438,RISK_DASHBOARD,2022-12-31
5817,87,SK,21,9,1.31888,RISK_DASHBOARD,2023-03-31
5818,87,SK,22,9,1.333877,RISK_DASHBOARD,2023-06-30
5819,87,SK,23,9,1.246783,RISK_DASHBOARD,2023-09-30
5820,87,SK,24,9,1.315379,RISK_DASHBOARD,2023-12-31
5821,87,SK,25,9,1.266418,RISK_DASHBOARD,2024-03-31
5822,87,SK,26,9,1.214193,RISK_DASHBOARD,2024-06-30
5823,87,SK,27,9,1.260027,RISK_DASHBOARD,2024-09-30
5824,87,SK,28,9,1.245913,RISK_DASHBOARD,2024-12-31
5825,62,AT,1,13,0.085057,RISK_DASHBOARD,2018-03-31
5826,62,AT,2,13,0.105762,RISK_DASHBOARD,2018-06-30
5827,62,AT,3,13,0.094795,RISK_DASHBOARD,2018-09-30
5828,62,AT,4,13,0.11585,RISK_DASHBOARD,2018-12-31
5829,62,AT,5,13,0.088598,RISK_DASHBOARD,2019-03-31
5830,62,AT,6,13,0.114501,RISK_DASHBOARD,2019-06-30
5831,62,AT,7,13,0.064746,RISK_DASHBOARD,2019-09-30
5832,62,AT,8,13,0.099429,RISK_DASHBOARD,2019-12-31
5833,62,AT,9,13,0.06375,RISK_DASHBOARD,2020-03-31
5834,62,AT,10,13,0.059311,RISK_DASHBOARD,2020-06-30
5835,62,AT,11,13,0.076414,RISK_DASHBOARD,2020-09-30
5836,62,AT,12,13,0.07429,RISK_DASHBOARD,2020-12-31
5837,62,AT,13,13,0.115168,RISK_DASHBOARD,2021-03-31
5838,62,AT,14,13,0.113087,RISK_DASHBOARD,2021-06-30
5839,62,AT,15,13,0.067286,RISK_DASHBOARD,2021-09-30
5840,62,AT,16,13,0.067431,RISK_DASHBOARD,2021-12-31
5841,62,AT,17,13,0.062141,RISK_DASHBOARD,2022-03-31
5842,62,AT,18,13,0.094451,RISK_DASHBOARD,2022-06-30
5843,62,AT,19,13,0.093042,RISK_DASHBOARD,2022-09-30
5844,62,AT,20,13,0.077392,RISK_DASHBOARD,2022-12-31
5845,62,AT,21,13,0.093499,RISK_DASHBOARD,2023-03-31
5846,62,AT,22,13,0.066761,RISK_DASHBOARD,2023-06-30
5847,62,AT,23,13,0.08586,RISK_DASHBOARD,2023-09-30
5848,62,AT,24,13,0.094778,RISK_DASHBOARD,2023-12-31
5849,62,AT,25,13,0.091785,RISK_DASHBOARD,2024-03-31
5850,62,AT,26,13,0.059608,RISK_DASHBOARD,2024-06-30
5851,62,AT,27,13,0.089923,RISK_DASHBOARD,2024-09-30
5852,62,AT,28,13,0.112682,RISK_DASHBOARD,2024-12-31
5853,63,BE,1,13,0.087443,RISK_DASHBOARD,2018-03-31
5854,63,BE,2,13,0.09145,RISK_DASHBOARD,2018-06-30
5855,63,BE,3,13,0.099529,RISK_DASHBOARD,2018-09-30
5856,63,BE,4,13,0.101187,RISK_DASHBOARD,2018-12-31
5857,63,BE,5,13,0.059131,RISK_DASHBOARD,2019-03-31
5858,63,BE,6,13,0.055722,RISK_DASHBOARD,2019-06-30
5859,63,BE,7,13,0.090792,RISK_DASHBOARD,2019-09-30
5860,63,BE,8,13,0.057007,RISK_DASHBOARD,2019-12-31
5861,63,BE,9,13,0.045775,RISK_DASHBOARD,2020-03-31
5862,63,BE,10,13,0.080055,RISK_DASHBOARD,2020-06-30
5863,63,BE,11,13,0.087265,RISK_DASHBOARD,2020-09-30
5864,63,BE,12,13,0.083787,RISK_DASHBOARD,2020-12-31
5865,63,BE,13,13,0.080704,RISK_DASHBOARD,2021-03-31
5866,63,BE,14,13,0.085857,RISK_DASHBOARD,2021-06-30
5867,63,BE,15,13,0.065309,RISK_DASHBOARD,2021-09-30
5868,63,BE,16,13,0.064922,RISK_DASHBOARD,2021-12-31
5869,63,BE,17,13,0.102847,RISK_DASHBOARD,2022-03-31
5870,63,BE,18,13,0.070109,RISK_DASHBOARD,2022-06-30
5871,63,BE,19,13,0.0699,RISK_DASHBOARD,2022-09-30
5872,63,BE,20,13,0.049215,RISK_DASHBOARD,2022-12-31
5873,63,BE,21,13,0.055458,RISK_DASHBOARD,2023-03-31
5874,63,BE,22,13,0.097721,RISK_DASHBOARD,2023-06-30
5875,63,BE,23,13,0.092541,RISK_DASHBOARD,2023-09-30
5876,63,BE,24,13,0.083886,RISK_DASHBOARD,2023-12-31
5877,63,BE,25,13,0.069203,RISK_DASHBOARD,2024-03-31
5878,63,BE,26,13,0.077493,RISK_DASHBOARD,2024-06-30
5879,63,BE,27,13,0.076968,RISK_DASHBOARD,2024-09-30
5880,63,BE,28,13,0.050296,RISK_DASHBOARD,2024-12-31
5881,64,CY,1,13,0.084357,RISK_DASHBOARD,2018-03-31
5882,64,CY,2,13,0.071168,RISK_DASHBOARD,2018-06-30
5883,64,CY,3,13,0.082955,RISK_DASHBOARD,2018-09-30
5884,64,CY,4,13,0.056465,RISK_DASHBOARD,2018-12-31
5885,64,CY,5,13,0.092383,RISK_DASHBOARD,2019-03-31
5886,64,CY,6,13,0.084292,RISK_DASHBOARD,2019-06-30
5887,64,CY,7,13,0.08018,RISK_DASHBOARD,2019-09-30
5888,64,CY,8,13,0.091307,RISK_DASHBOARD,2019-12-31
5889,64,CY,9,13,0.046964,RISK_DASHBOARD,2020-03-31
5890,64,CY,10,13,0.095026,RISK_DASHBOARD,2020-06-30
5891,64,CY,11,13,0.098491,RISK_DASHBOARD,2020-09-30
5892,64,CY,12,13,0.066958,RISK_DASHBOARD,2020-12-31
5893,64,CY,13,13,0.045137,RISK_DASHBOARD,2021-03-31
5894,64,CY,14,13,0.083625,RISK_DASHBOARD,2021-06-30
5895,64,CY,15,13,0.05845,RISK_DASHBOARD,2021-09-30
5896,64,CY,16,13,0.065003,RISK_DASHBOARD,2021-12-31
5897,64,CY,17,13,0.093549,RISK_DASHBOARD,2022-03-31
5898,64,CY,18,13,0.088798,RISK_DASHBOARD,2022-06-30
5899,64,CY,19,13,0.044144,RISK_DASHBOARD,2022-09-30
5900,64,CY,20,13,0.086488,RISK_DASHBOARD,2022-12-31
5901,64,CY,21,13,0.041013,RISK_DASHBOARD,2023-03-31
5902,64,CY,22,13,0.047762,RISK_DASHBOARD,2023-06-30
5903,64,CY,23,13,0.064946,RISK_DASHBOARD,2023-09-30
5904,64,CY,24,13,0.062195,RISK_DASHBOARD,2023-12-31
5905,64,CY,25,13,0.075922,RISK_DASHBOARD,2024-03-31
5906,64,CY,26,13,0.090657,RISK_DASHBOARD,2024-06-30
5907,64,CY,27,13,0.090468,RISK_DASHBOARD,2024-09-30
5908,64,CY,28,13,0.088938,RISK_DASHBOARD,2024-12-31
5909,65,DE,1,13,0.080244,RISK_DASHBOARD,2018-03-31
5910,65,DE,2,13,0.09976,RISK_DASHBOARD,2018-06-30
5911,65,DE,3,13,0.076968,RISK_DASHBOARD,2018-09-30
5912,65,DE,4,13,0.068181,RISK_DASHBOARD,2018-12-31
5913,65,DE,5,13,0.09542,RISK_DASHBOARD,2019-03-31
5914,65,DE,6,13,0.086553,RISK_DASHBOARD,2019-06-30
5915,65,DE,7,13,0.066083,RISK_DASHBOARD,2019-09-30
5916,65,DE,8,13,0.115187,RISK_DASHBOARD,2019-12-31
5917,65,DE,9,13,0.10265,RISK_DASHBOARD,2020-03-31
5918,65,DE,10,13,0.067519,RISK_DASHBOARD,2020-06-30
5919,65,DE,11,13,0.106092,RISK_DASHBOARD,2020-09-30
5920,65,DE,12,13,0.117691,RISK_DASHBOARD,2020-12-31
5921,65,DE,13,13,0.094196,RISK_DASHBOARD,2021-03-31
5922,65,DE,14,13,0.079312,RISK_DASHBOARD,2021-06-30
5923,65,DE,15,13,0.078338,RISK_DASHBOARD,2021-09-30
5924,65,DE,16,13,0.10228,RISK_DASHBOARD,2021-12-31
5925,65,DE,17,13,0.095783,RISK_DASHBOARD,2022-03-31
5926,65,DE,18,13,0.062122,RISK_DASHBOARD,2022-06-30
5927,65,DE,19,13,0.064265,RISK_DASHBOARD,2022-09-30
5928,65,DE,20,13,0.109626,RISK_DASHBOARD,2022-12-31
5929,65,DE,21,13,0.107522,RISK_DASHBOARD,2023-03-31
5930,65,DE,22,13,0.067391,RISK_DASHBOARD,2023-06-30
5931,65,DE,23,13,0.062655,RISK_DASHBOARD,2023-09-30
5932,65,DE,24,13,0.115051,RISK_DASHBOARD,2023-12-31
5933,65,DE,25,13,0.114967,RISK_DASHBOARD,2024-03-31
5934,65,DE,26,13,0.072638,RISK_DASHBOARD,2024-06-30
5935,65,DE,27,13,0.114374,RISK_DASHBOARD,2024-09-30
5936,65,DE,28,13,0.061881,RISK_DASHBOARD,2024-12-31
5937,66,DK,1,13,0.094509,RISK_DASHBOARD,2018-03-31
5938,66,DK,2,13,0.102972,RISK_DASHBOARD,2018-06-30
5939,66,DK,3,13,0.123733,RISK_DASHBOARD,2018-09-30
5940,66,DK,4,13,0.081551,RISK_DASHBOARD,2018-12-31
5941,66,DK,5,13,0.115352,RISK_DASHBOARD,2019-03-31
5942,66,DK,6,13,0.113354,RISK_DASHBOARD,2019-06-30
5943,66,DK,7,13,0.099567,RISK_DASHBOARD,2019-09-30
5944,66,DK,8,13,0.123889,RISK_DASHBOARD,2019-12-31
5945,66,DK,9,13,0.090034,RISK_DASHBOARD,2020-03-31
5946,66,DK,10,13,0.126468,RISK_DASHBOARD,2020-06-30
5947,66,DK,11,13,0.100204,RISK_DASHBOARD,2020-09-30
5948,66,DK,12,13,0.082012,RISK_DASHBOARD,2020-12-31
5949,66,DK,13,13,0.11584,RISK_DASHBOARD,2021-03-31
5950,66,DK,14,13,0.072035,RISK_DASHBOARD,2021-06-30
5951,66,DK,15,13,0.079902,RISK_DASHBOARD,2021-09-30
5952,66,DK,16,13,0.088203,RISK_DASHBOARD,2021-12-31
5953,66,DK,17,13,0.103603,RISK_DASHBOARD,2022-03-31
5954,66,DK,18,13,0.102877,RISK_DASHBOARD,2022-06-30
5955,66,DK,19,13,0.119792,RISK_DASHBOARD,2022-09-30
5956,66,DK,20,13,0.105629,RISK_DASHBOARD,2022-12-31
5957,66,DK,21,13,0.075457,RISK_DASHBOARD,2023-03-31
5958,66,DK,22,13,0.129487,RISK_DASHBOARD,2023-06-30
5959,66,DK,23,13,0.087548,RISK_DASHBOARD,2023-09-30
5960,66,DK,24,13,0.122533,RISK_DASHBOARD,2023-12-31
5961,66,DK,25,13,0.112896,RISK_DASHBOARD,2024-03-31
5962,66,DK,26,13,0.071516,RISK_DASHBOARD,2024-06-30
5963,66,DK,27,13,0.0726,RISK_DASHBOARD,2024-09-30
5964,66,DK,28,13,0.112708,RISK_DASHBOARD,2024-12-31
5965,67,ES,1,13,0.100691,RISK_DASHBOARD,2018-03-31
5966,67,ES,2,13,0.086322,RISK_DASHBOARD,2018-06-30
5967,67,ES,3,13,0.072499,RISK_DASHBOARD,2018-09-30
5968,67,ES,4,13,0.113965,RISK_DASHBOARD,2018-12-31
5969,67,ES,5,13,0.068534,RISK_DASHBOARD,2019-03-31
5970,67,ES,6,13,0.066625,RISK_DASHBOARD,2019-06-30
5971,67,ES,7,13,0.106816,RISK_DASHBOARD,2019-09-30
5972,67,ES,8,13,0.063217,RISK_DASHBOARD,2019-12-31
5973,67,ES,9,13,0.072841,RISK_DASHBOARD,2020-03-31
5974,67,ES,10,13,0.073944,RISK_DASHBOARD,2020-06-30
5975,67,ES,11,13,0.101109,RISK_DASHBOARD,2020-09-30
5976,67,ES,12,13,0.114983,RISK_DASHBOARD,2020-12-31
5977,67,ES,13,13,0.113789,RISK_DASHBOARD,2021-03-31
5978,67,ES,14,13,0.066029,RISK_DASHBOARD,2021-06-30
5979,67,ES,15,13,0.098782,RISK_DASHBOARD,2021-09-30
5980,67,ES,16,13,0.096814,RISK_DASHBOARD,2021-12-31
5981,67,ES,17,13,0.082443,RISK_DASHBOARD,2022-03-31
5982,67,ES,18,13,0.101171,RISK_DASHBOARD,2022-06-30
5983,67,ES,19,13,0.073906,RISK_DASHBOARD,2022-09-30
5984,67,ES,20,13,0.090893,RISK_DASHBOARD,2022-12-31
5985,67,ES,21,13,0.115046,RISK_DASHBOARD,2023-03-31
5986,67,ES,22,13,0.074672,RISK_DASHBOARD,2023-06-30
5987,67,ES,23,13,0.094405,RISK_DASHBOARD,2023-09-30
5988,67,ES,24,13,0.07066,RISK_DASHBOARD,2023-12-31
5989,67,ES,25,13,0.111438,RISK_DASHBOARD,2024-03-31
5990,67,ES,26,13,0.075878,RISK_DASHBOARD,2024-06-30
5991,67,ES,27,13,0.109639,RISK_DASHBOARD,2024-09-30
5992,67,ES,28,13,0.080693,RISK_DASHBOARD,2024-12-31
5993,68,EU,1,13,0.069351,RISK_DASHBOARD,2018-03-31
5994,68,EU,2,13,0.074993,RISK_DASHBOARD,2018-06-30
5995,68,EU,3,13,0.082175,RISK_DASHBOARD,2018-09-30
5996,68,EU,4,13,0.054089,RISK_DASHBOARD,2018-12-31
5997,68,EU,5,13,0.054376,RISK_DASHBOARD,2019-03-31
5998,68,EU,6,13,0.070983,RISK_DASHBOARD,2019-06-30
5999,68,EU,7,13,0.105462,RISK_DASHBOARD,2019-09-30
6000,68,EU,8,13,0.107494,RISK_DASHBOARD,2019-12-31
6001,68,EU,9,13,0.087662,RISK_DASHBOARD,2020-03-31
6002,68,EU,10,13,0.061506,RISK_DASHBOARD,2020-06-30
6003,68,EU,11,13,0.087223,RISK_DASHBOARD,2020-09-30
6004,68,EU,12,13,0.062352,RISK_DASHBOARD,2020-12-31
6005,68,EU,13,13,0.106882,RISK_DASHBOARD,2021-03-31
6006,68,EU,14,13,0.101256,RISK_DASHBOARD,2021-06-30
6007,68,EU,15,13,0.073564,RISK_DASHBOARD,2021-09-30
6008,68,EU,16,13,0.098452,RISK_DASHBOARD,2021-12-31
6009,68,EU,17,13,0.089664,RISK_DASHBOARD,2022-03-31
6010,68,EU,18,13,0.09015,RISK_DASHBOARD,2022-06-30
6011,68,EU,19,13,0.068527,RISK_DASHBOARD,2022-09-30
6012,68,EU,20,13,0.053537,RISK_DASHBOARD,2022-12-31
6013,68,EU,21,13,0.10529,RISK_DASHBOARD,2023-03-31
6014,68,EU,22,13,0.053344,RISK_DASHBOARD,2023-06-30
6015,68,EU,23,13,0.110277,RISK_DASHBOARD,2023-09-30
6016,68,EU,24,13,0.061635,RISK_DASHBOARD,2023-12-31
6017,68,EU,25,13,0.070856,RISK_DASHBOARD,2024-03-31
6018,68,EU,26,13,0.073344,RISK_DASHBOARD,2024-06-30
6019,68,EU,27,13,0.059702,RISK_DASHBOARD,2024-09-30
6020,68,EU,28,13,0.086501,RISK_DASHBOARD,2024-12-31
6021,69,FI,1,13,0.111598,RISK_DASHBOARD,2018-03-31
6022,69,FI,2,13,0.120369,RISK_DASHBOARD,2018-06-30
6023,69,FI,3,13,0.104197,RISK_DASHBOARD,2018-09-30
6024,69,FI,4,13,0.097771,RISK_DASHBOARD,2018-12-31
6025,69,FI,5,13,0.091084,RISK_DASHBOARD,2019-03-31
6026,69,FI,6,13,0.124475,RISK_DASHBOARD,2019-06-30
6027,69,FI,7,13,0.116977,RISK_DASHBOARD,2019-09-30
6028,69,FI,8,13,0.104468,RISK_DASHBOARD,2019-12-31
6029,69,FI,9,13,0.096615,RISK_DASHBOARD,2020-03-31
6030,69,FI,10,13,0.10742,RISK_DASHBOARD,2020-06-30
6031,69,FI,11,13,0.065961,RISK_DASHBOARD,2020-09-30
6032,69,FI,12,13,0.111315,RISK_DASHBOARD,2020-12-31
6033,69,FI,13,13,0.070309,RISK_DASHBOARD,2021-03-31
6034,69,FI,14,13,0.111025,RISK_DASHBOARD,2021-06-30
6035,69,FI,15,13,0.115269,RISK_DASHBOARD,2021-09-30
6036,69,FI,16,13,0.078024,RISK_DASHBOARD,2021-12-31
6037,69,FI,17,13,0.123102,RISK_DASHBOARD,2022-03-31
6038,69,FI,18,13,0.116517,RISK_DASHBOARD,2022-06-30
6039,69,FI,19,13,0.08988,RISK_DASHBOARD,2022-09-30
6040,69,FI,20,13,0.101068,RISK_DASHBOARD,2022-12-31
6041,69,FI,21,13,0.074826,RISK_DASHBOARD,2023-03-31
6042,69,FI,22,13,0.107861,RISK_DASHBOARD,2023-06-30
6043,69,FI,23,13,0.087866,RISK_DASHBOARD,2023-09-30
6044,69,FI,24,13,0.104331,RISK_DASHBOARD,2023-12-31
6045,69,FI,25,13,0.117162,RISK_DASHBOARD,2024-03-31
6046,69,FI,26,13,0.088983,RISK_DASHBOARD,2024-06-30
6047,69,FI,27,13,0.100194,RISK_DASHBOARD,2024-09-30
6048,69,FI,28,13,0.090985,RISK_DASHBOARD,2024-12-31
6049,70,FR,1,13,0.069616,RISK_DASHBOARD,2018-03-31
6050,70,FR,2,13,0.07974,RISK_DASHBOARD,2018-06-30
6051,70,FR,3,13,0.073107,RISK_DASHBOARD,2018-09-30
6052,70,FR,4,13,0.076749,RISK_DASHBOARD,2018-12-31
6053,70,FR,5,13,0.085281,RISK_DASHBOARD,2019-03-31
6054,70,FR,6,13,0.048461,RISK_DASHBOARD,2019-06-30
6055,70,FR,7,13,0.048949,RISK_DASHBOARD,2019-09-30
6056,70,FR,8,13,0.076069,RISK_DASHBOARD,2019-12-31
6057,70,FR,9,13,0.046145,RISK_DASHBOARD,2020-03-31
6058,70,FR,10,13,0.093392,RISK_DASHBOARD,2020-06-30
6059,70,FR,11,13,0.088249,RISK_DASHBOARD,2020-09-30
6060,70,FR,12,13,0.068033,RISK_DASHBOARD,2020-12-31
6061,70,FR,13,13,0.083119,RISK_DASHBOARD,2021-03-31
6062,70,FR,14,13,0.085948,RISK_DASHBOARD,2021-06-30
6063,70,FR,15,13,0.09391,RISK_DASHBOARD,2021-09-30
6064,70,FR,16,13,0.067923,RISK_DASHBOARD,2021-12-31
6065,70,FR,17,13,0.090029,RISK_DASHBOARD,2022-03-31
6066,70,FR,18,13,0.053724,RISK_DASHBOARD,2022-06-30
6067,70,FR,19,13,0.070839,RISK_DASHBOARD,2022-09-30
6068,70,FR,20,13,0.057124,RISK_DASHBOARD,2022-12-31
6069,70,FR,21,13,0.068234,RISK_DASHBOARD,2023-03-31
6070,70,FR,22,13,0.066541,RISK_DASHBOARD,2023-06-30
6071,70,FR,23,13,0.058244,RISK_DASHBOARD,2023-09-30
6072,70,FR,24,13,0.085262,RISK_DASHBOARD,2023-12-31
6073,70,FR,25,13,0.054609,RISK_DASHBOARD,2024-03-31
6074,70,FR,26,13,0.081167,RISK_DASHBOARD,2024-06-30
6075,70,FR,27,13,0.090914,RISK_DASHBOARD,2024-09-30
6076,70,FR,28,13,0.083617,RISK_DASHBOARD,2024-12-31
6077,71,GR,1,13,0.095926,RISK_DASHBOARD,2018-03-31
6078,71,GR,2,13,0.106678,RISK_DASHBOARD,2018-06-30
6079,71,GR,3,13,0.120624,RISK_DASHBOARD,2018-09-30
6080,71,GR,4,13,0.120537,RISK_DASHBOARD,2018-12-31
6081,71,GR,5,13,0.123934,RISK_DASHBOARD,2019-03-31
6082,71,GR,6,13,0.123053,RISK_DASHBOARD,2019-06-30
6083,71,GR,7,13,0.105091,RISK_DASHBOARD,2019-09-30
6084,71,GR,8,13,0.092599,RISK_DASHBOARD,2019-12-31
6085,71,GR,9,13,0.127618,RISK_DASHBOARD,2020-03-31
6086,71,GR,10,13,0.091059,RISK_DASHBOARD,2020-06-30
6087,71,GR,11,13,0.092041,RISK_DASHBOARD,2020-09-30
6088,71,GR,12,13,0.083986,RISK_DASHBOARD,2020-12-31
6089,71,GR,13,13,0.097086,RISK_DASHBOARD,2021-03-31
6090,71,GR,14,13,0.113811,RISK_DASHBOARD,2021-06-30
6091,71,GR,15,13,0.118877,RISK_DASHBOARD,2021-09-30
6092,71,GR,16,13,0.081385,RISK_DASHBOARD,2021-12-31
6093,71,GR,17,13,0.121164,RISK_DASHBOARD,2022-03-31
6094,71,GR,18,13,0.081802,RISK_DASHBOARD,2022-06-30
6095,71,GR,19,13,0.095911,RISK_DASHBOARD,2022-09-30
6096,71,GR,20,13,0.117448,RISK_DASHBOARD,2022-12-31
6097,71,GR,21,13,0.103983,RISK_DASHBOARD,2023-03-31
6098,71,GR,22,13,0.105969,RISK_DASHBOARD,2023-06-30
6099,71,GR,23,13,0.122632,RISK_DASHBOARD,2023-09-30
6100,71,GR,24,13,0.104464,RISK_DASHBOARD,2023-12-31
6101,71,GR,25,13,0.120392,RISK_DASHBOARD,2024-03-31
6102,71,GR,26,13,0.111373,RISK_DASHBOARD,2024-06-30
6103,71,GR,27,13,0.07533,RISK_DASHBOARD,2024-09-30
6104,71,GR,28,13,0.119061,RISK_DASHBOARD,2024-12-31
6105,72,HR,1,13,0.064221,RISK_DASHBOARD,2018-03-31
6106,72,HR,2,13,0.086676,RISK_DASHBOARD,2018-06-30
6107,72,HR,3,13,0.058205,RISK_DASHBOARD,2018-09-30
6108,72,HR,4,13,0.073972,RISK_DASHBOARD,2018-12-31
6109,72,HR,5,13,0.087812,RISK_DASHBOARD,2019-03-31
6110,72,HR,6,13,0.073688,RISK_DASHBOARD,2019-06-30
6111,72,HR,7,13,0.040179,RISK_DASHBOARD,2019-09-30
6112,72,HR,8,13,0.072152,RISK_DASHBOARD,2019-12-31
6113,72,HR,9,13,0.055882,RISK_DASHBOARD,2020-03-31
6114,72,HR,10,13,0.042378,RISK_DASHBOARD,2020-06-30
6115,72,HR,11,13,0.088788,RISK_DASHBOARD,2020-09-30
6116,72,HR,12,13,0.092761,RISK_DASHBOARD,2020-12-31
6117,72,HR,13,13,0.042998,RISK_DASHBOARD,2021-03-31
6118,72,HR,14,13,0.059153,RISK_DASHBOARD,2021-06-30
6119,72,HR,15,13,0.046898,RISK_DASHBOARD,2021-09-30
6120,72,HR,16,13,0.069052,RISK_DASHBOARD,2021-12-31
6121,72,HR,17,13,0.037602,RISK_DASHBOARD,2022-03-31
6122,72,HR,18,13,0.073372,RISK_DASHBOARD,2022-06-30
6123,72,HR,19,13,0.066952,RISK_DASHBOARD,2022-09-30
6124,72,HR,20,13,0.049455,RISK_DASHBOARD,2022-12-31
6125,72,HR,21,13,0.070335,RISK_DASHBOARD,2023-03-31
6126,72,HR,22,13,0.075585,RISK_DASHBOARD,2023-06-30
6127,72,HR,23,13,0.036689,RISK_DASHBOARD,2023-09-30
6128,72,HR,24,13,0.063722,RISK_DASHBOARD,2023-12-31
6129,72,HR,25,13,0.041849,RISK_DASHBOARD,2024-03-31
6130,72,HR,26,13,0.037094,RISK_DASHBOARD,2024-06-30
6131,72,HR,27,13,0.069665,RISK_DASHBOARD,2024-09-30
6132,72,HR,28,13,0.074388,RISK_DASHBOARD,2024-12-31
6133,73,HU,1,13,0.097473,RISK_DASHBOARD,2018-03-31
6134,73,HU,2,13,0.078507,RISK_DASHBOARD,2018-06-30
6135,73,HU,3,13,0.089061,RISK_DASHBOARD,2018-09-30
6136,73,HU,4,13,0.109957,RISK_DASHBOARD,2018-12-31
6137,73,HU,5,13,0.086626,RISK_DASHBOARD,2019-03-31
6138,73,HU,6,13,0.082338,RISK_DASHBOARD,2019-06-30
6139,73,HU,7,13,0.100693,RISK_DASHBOARD,2019-09-30
6140,73,HU,8,13,0.078346,RISK_DASHBOARD,2019-12-31
6141,73,HU,9,13,0.09269,RISK_DASHBOARD,2020-03-31
6142,73,HU,10,13,0.112955,RISK_DASHBOARD,2020-06-30
6143,73,HU,11,13,0.0871,RISK_DASHBOARD,2020-09-30
6144,73,HU,12,13,0.060315,RISK_DASHBOARD,2020-12-31
6145,73,HU,13,13,0.096216,RISK_DASHBOARD,2021-03-31
6146,73,HU,14,13,0.098766,RISK_DASHBOARD,2021-06-30
6147,73,HU,15,13,0.096954,RISK_DASHBOARD,2021-09-30
6148,73,HU,16,13,0.073403,RISK_DASHBOARD,2021-12-31
6149,73,HU,17,13,0.090755,RISK_DASHBOARD,2022-03-31
6150,73,HU,18,13,0.093826,RISK_DASHBOARD,2022-06-30
6151,73,HU,19,13,0.093077,RISK_DASHBOARD,2022-09-30
6152,73,HU,20,13,0.060032,RISK_DASHBOARD,2022-12-31
6153,73,HU,21,13,0.108177,RISK_DASHBOARD,2023-03-31
6154,73,HU,22,13,0.088865,RISK_DASHBOARD,2023-06-30
6155,73,HU,23,13,0.11721,RISK_DASHBOARD,2023-09-30
6156,73,HU,24,13,0.081,RISK_DASHBOARD,2023-12-31
6157,73,HU,25,13,0.09198,RISK_DASHBOARD,2024-03-31
6158,73,HU,26,13,0.083705,RISK_DASHBOARD,2024-06-30
6159,73,HU,27,13,0.074042,RISK_DASHBOARD,2024-09-30
6160,73,HU,28,13,0.070401,RISK_DASHBOARD,2024-12-31
6161,74,IE,1,13,0.109075,RISK_DASHBOARD,2018-03-31
6162,74,IE,2,13,0.093397,RISK_DASHBOARD,2018-06-30
6163,74,IE,3,13,0.089182,RISK_DASHBOARD,2018-09-30
6164,74,IE,4,13,0.107369,RISK_DASHBOARD,2018-12-31
6165,74,IE,5,13,0.085213,RISK_DASHBOARD,2019-03-31
6166,74,IE,6,13,0.129765,RISK_DASHBOARD,2019-06-30
6167,74,IE,7,13,0.109807,RISK_DASHBOARD,2019-09-30
6168,74,IE,8,13,0.110009,RISK_DASHBOARD,2019-12-31
6169,74,IE,9,13,0.12858,RISK_DASHBOARD,2020-03-31
6170,74,IE,10,13,0.09327,RISK_DASHBOARD,2020-06-30
6171,74,IE,11,13,0.105057,RISK_DASHBOARD,2020-09-30
6172,74,IE,12,13,0.125754,RISK_DASHBOARD,2020-12-31
6173,74,IE,13,13,0.127931,RISK_DASHBOARD,2021-03-31
6174,74,IE,14,13,0.100335,RISK_DASHBOARD,2021-06-30
6175,74,IE,15,13,0.093916,RISK_DASHBOARD,2021-09-30
6176,74,IE,16,13,0.081963,RISK_DASHBOARD,2021-12-31
6177,74,IE,17,13,0.072608,RISK_DASHBOARD,2022-03-31
6178,74,IE,18,13,0.092189,RISK_DASHBOARD,2022-06-30
6179,74,IE,19,13,0.072479,RISK_DASHBOARD,2022-09-30
6180,74,IE,20,13,0.131354,RISK_DASHBOARD,2022-12-31
6181,74,IE,21,13,0.121095,RISK_DASHBOARD,2023-03-31
6182,74,IE,22,13,0.075499,RISK_DASHBOARD,2023-06-30
6183,74,IE,23,13,0.090337,RISK_DASHBOARD,2023-09-30
6184,74,IE,24,13,0.094102,RISK_DASHBOARD,2023-12-31
6185,74,IE,25,13,0.106803,RISK_DASHBOARD,2024-03-31
6186,74,IE,26,13,0.077671,RISK_DASHBOARD,2024-06-30
6187,74,IE,27,13,0.110198,RISK_DASHBOARD,2024-09-30
6188,74,IE,28,13,0.096363,RISK_DASHBOARD,2024-12-31
6189,75,IT,1,13,0.106255,RISK_DASHBOARD,2018-03-31
6190,75,IT,2,13,0.072744,RISK_DASHBOARD,2018-06-30
6191,75,IT,3,13,0.086332,RISK_DASHBOARD,2018-09-30
6192,75,IT,4,13,0.115765,RISK_DASHBOARD,2018-12-31
6193,75,IT,5,13,0.095741,RISK_DASHBOARD,2019-03-31
6194,75,IT,6,13,0.095247,RISK_DASHBOARD,2019-06-30
6195,75,IT,7,13,0.101376,RISK_DASHBOARD,2019-09-30
6196,75,IT,8,13,0.100976,RISK_DASHBOARD,2019-12-31
6197,75,IT,9,13,0.083162,RISK_DASHBOARD,2020-03-31
6198,75,IT,10,13,0.076569,RISK_DASHBOARD,2020-06-30
6199,75,IT,11,13,0.104076,RISK_DASHBOARD,2020-09-30
6200,75,IT,12,13,0.094206,RISK_DASHBOARD,2020-12-31
6201,75,IT,13,13,0.097218,RISK_DASHBOARD,2021-03-31
6202,75,IT,14,13,0.095813,RISK_DASHBOARD,2021-06-30
6203,75,IT,15,13,0.076116,RISK_DASHBOARD,2021-09-30
6204,75,IT,16,13,0.076449,RISK_DASHBOARD,2021-12-31
6205,75,IT,17,13,0.082298,RISK_DASHBOARD,2022-03-31
6206,75,IT,18,13,0.120871,RISK_DASHBOARD,2022-06-30
6207,75,IT,19,13,0.072809,RISK_DASHBOARD,2022-09-30
6208,75,IT,20,13,0.10409,RISK_DASHBOARD,2022-12-31
6209,75,IT,21,13,0.124001,RISK_DASHBOARD,2023-03-31
6210,75,IT,22,13,0.105566,RISK_DASHBOARD,2023-06-30
6211,75,IT,23,13,0.090899,RISK_DASHBOARD,2023-09-30
6212,75,IT,24,13,0.122373,RISK_DASHBOARD,2023-12-31
6213,75,IT,25,13,0.087019,RISK_DASHBOARD,2024-03-31
6214,75,IT,26,13,0.083797,RISK_DASHBOARD,2024-06-30
6215,75,IT,27,13,0.088834,RISK_DASHBOARD,2024-09-30
6216,75,IT,28,13,0.100191,RISK_DASHBOARD,2024-12-31
6217,76,LT,1,13,0.091489,RISK_DASHBOARD,2018-03-31
6218,76,LT,2,13,0.068752,RISK_DASHBOARD,2018-06-30
6219,76,LT,3,13,0.086627,RISK_DASHBOARD,2018-09-30
6220,76,LT,4,13,0.109632,RISK_DASHBOARD,2018-12-31
6221,76,LT,5,13,0.067915,RISK_DASHBOARD,2019-03-31
6222,76,LT,6,13,0.095038,RISK_DASHBOARD,2019-06-30
6223,76,LT,7,13,0.109198,RISK_DASHBOARD,2019-09-30
6224,76,LT,8,13,0.085296,RISK_DASHBOARD,2019-12-31
6225,76,LT,9,13,0.092453,RISK_DASHBOARD,2020-03-31
6226,76,LT,10,13,0.124096,RISK_DASHBOARD,2020-06-30
6227,76,LT,11,13,0.07085,RISK_DASHBOARD,2020-09-30
6228,76,LT,12,13,0.089091,RISK_DASHBOARD,2020-12-31
6229,76,LT,13,13,0.122483,RISK_DASHBOARD,2021-03-31
6230,76,LT,14,13,0.074738,RISK_DASHBOARD,2021-06-30
6231,76,LT,15,13,0.068534,RISK_DASHBOARD,2021-09-30
6232,76,LT,16,13,0.091045,RISK_DASHBOARD,2021-12-31
6233,76,LT,17,13,0.092196,RISK_DASHBOARD,2022-03-31
6234,76,LT,18,13,0.078164,RISK_DASHBOARD,2022-06-30
6235,76,LT,19,13,0.086564,RISK_DASHBOARD,2022-09-30
6236,76,LT,20,13,0.126562,RISK_DASHBOARD,2022-12-31
6237,76,LT,21,13,0.116392,RISK_DASHBOARD,2023-03-31
6238,76,LT,22,13,0.091848,RISK_DASHBOARD,2023-06-30
6239,76,LT,23,13,0.107295,RISK_DASHBOARD,2023-09-30
6240,76,LT,24,13,0.108082,RISK_DASHBOARD,2023-12-31
6241,76,LT,25,13,0.09079,RISK_DASHBOARD,2024-03-31
6242,76,LT,26,13,0.067862,RISK_DASHBOARD,2024-06-30
6243,76,LT,27,13,0.078677,RISK_DASHBOARD,2024-09-30
6244,76,LT,28,13,0.096793,RISK_DASHBOARD,2024-12-31
6245,77,LU,1,13,0.084525,RISK_DASHBOARD,2018-03-31
6246,77,LU,2,13,0.059439,RISK_DASHBOARD,2018-06-30
6247,77,LU,3,13,0.075638,RISK_DASHBOARD,2018-09-30
6248,77,LU,4,13,0.03974,RISK_DASHBOARD,2018-12-31
6249,77,LU,5,13,0.059522,RISK_DASHBOARD,2019-03-31
6250,77,LU,6,13,0.075933,RISK_DASHBOARD,2019-06-30
6251,77,LU,7,13,0.06376,RISK_DASHBOARD,2019-09-30
6252,77,LU,8,13,0.056432,RISK_DASHBOARD,2019-12-31
6253,77,LU,9,13,0.061149,RISK_DASHBOARD,2020-03-31
6254,77,LU,10,13,0.094166,RISK_DASHBOARD,2020-06-30
6255,77,LU,11,13,0.060967,RISK_DASHBOARD,2020-09-30
6256,77,LU,12,13,0.074617,RISK_DASHBOARD,2020-12-31
6257,77,LU,13,13,0.055052,RISK_DASHBOARD,2021-03-31
6258,77,LU,14,13,0.086436,RISK_DASHBOARD,2021-06-30
6259,77,LU,15,13,0.062844,RISK_DASHBOARD,2021-09-30
6260,77,LU,16,13,0.041843,RISK_DASHBOARD,2021-12-31
6261,77,LU,17,13,0.056614,RISK_DASHBOARD,2022-03-31
6262,77,LU,18,13,0.045464,RISK_DASHBOARD,2022-06-30
6263,77,LU,19,13,0.076889,RISK_DASHBOARD,2022-09-30
6264,77,LU,20,13,0.091433,RISK_DASHBOARD,2022-12-31
6265,77,LU,21,13,0.078701,RISK_DASHBOARD,2023-03-31
6266,77,LU,22,13,0.093731,RISK_DASHBOARD,2023-06-30
6267,77,LU,23,13,0.075007,RISK_DASHBOARD,2023-09-30
6268,77,LU,24,13,0.09024,RISK_DASHBOARD,2023-12-31
6269,77,LU,25,13,0.037476,RISK_DASHBOARD,2024-03-31
6270,77,LU,26,13,0.080489,RISK_DASHBOARD,2024-06-30
6271,77,LU,27,13,0.048868,RISK_DASHBOARD,2024-09-30
6272,77,LU,28,13,0.094341,RISK_DASHBOARD,2024-12-31
6273,78,LV,1,13,0.107291,RISK_DASHBOARD,2018-03-31
6274,78,LV,2,13,0.104062,RISK_DASHBOARD,2018-06-30
6275,78,LV,3,13,0.092952,RISK_DASHBOARD,2018-09-30
6276,78,LV,4,13,0.113047,RISK_DASHBOARD,2018-12-31
6277,78,LV,5,13,0.087535,RISK_DASHBOARD,2019-03-31
6278,78,LV,6,13,0.085849,RISK_DASHBOARD,2019-06-30
6279,78,LV,7,13,0.108824,RISK_DASHBOARD,2019-09-30
6280,78,LV,8,13,0.074661,RISK_DASHBOARD,2019-12-31
6281,78,LV,9,13,0.120933,RISK_DASHBOARD,2020-03-31
6282,78,LV,10,13,0.102715,RISK_DASHBOARD,2020-06-30
6283,78,LV,11,13,0.110762,RISK_DASHBOARD,2020-09-30
6284,78,LV,12,13,0.069435,RISK_DASHBOARD,2020-12-31
6285,78,LV,13,13,0.119352,RISK_DASHBOARD,2021-03-31
6286,78,LV,14,13,0.086713,RISK_DASHBOARD,2021-06-30
6287,78,LV,15,13,0.118464,RISK_DASHBOARD,2021-09-30
6288,78,LV,16,13,0.063931,RISK_DASHBOARD,2021-12-31
6289,78,LV,17,13,0.061975,RISK_DASHBOARD,2022-03-31
6290,78,LV,18,13,0.10401,RISK_DASHBOARD,2022-06-30
6291,78,LV,19,13,0.102231,RISK_DASHBOARD,2022-09-30
6292,78,LV,20,13,0.107753,RISK_DASHBOARD,2022-12-31
6293,78,LV,21,13,0.111766,RISK_DASHBOARD,2023-03-31
6294,78,LV,22,13,0.069877,RISK_DASHBOARD,2023-06-30
6295,78,LV,23,13,0.075288,RISK_DASHBOARD,2023-09-30
6296,78,LV,24,13,0.082329,RISK_DASHBOARD,2023-12-31
6297,78,LV,25,13,0.064376,RISK_DASHBOARD,2024-03-31
6298,78,LV,26,13,0.102078,RISK_DASHBOARD,2024-06-30
6299,78,LV,27,13,0.113556,RISK_DASHBOARD,2024-09-30
6300,78,LV,28,13,0.071294,RISK_DASHBOARD,2024-12-31
6301,79,MT,1,13,0.073094,RISK_DASHBOARD,2018-03-31
6302,79,MT,2,13,0.091581,RISK_DASHBOARD,2018-06-30
6303,79,MT,3,13,0.115934,RISK_DASHBOARD,2018-09-30
6304,79,MT,4,13,0.090732,RISK_DASHBOARD,2018-12-31
6305,79,MT,5,13,0.107597,RISK_DASHBOARD,2019-03-31
6306,79,MT,6,13,0.082097,RISK_DASHBOARD,2019-06-30
6307,79,MT,7,13,0.088079,RISK_DASHBOARD,2019-09-30
6308,79,MT,8,13,0.110169,RISK_DASHBOARD,2019-12-31
6309,79,MT,9,13,0.080837,RISK_DASHBOARD,2020-03-31
6310,79,MT,10,13,0.072508,RISK_DASHBOARD,2020-06-30
6311,79,MT,11,13,0.118295,RISK_DASHBOARD,2020-09-30
6312,79,MT,12,13,0.09395,RISK_DASHBOARD,2020-12-31
6313,79,MT,13,13,0.110345,RISK_DASHBOARD,2021-03-31
6314,79,MT,14,13,0.097407,RISK_DASHBOARD,2021-06-30
6315,79,MT,15,13,0.106487,RISK_DASHBOARD,2021-09-30
6316,79,MT,16,13,0.083362,RISK_DASHBOARD,2021-12-31
6317,79,MT,17,13,0.074086,RISK_DASHBOARD,2022-03-31
6318,79,MT,18,13,0.097824,RISK_DASHBOARD,2022-06-30
6319,79,MT,19,13,0.074439,RISK_DASHBOARD,2022-09-30
6320,79,MT,20,13,0.086862,RISK_DASHBOARD,2022-12-31
6321,79,MT,21,13,0.063998,RISK_DASHBOARD,2023-03-31
6322,79,MT,22,13,0.071354,RISK_DASHBOARD,2023-06-30
6323,79,MT,23,13,0.088301,RISK_DASHBOARD,2023-09-30
6324,79,MT,24,13,0.091867,RISK_DASHBOARD,2023-12-31
6325,79,MT,25,13,0.076076,RISK_DASHBOARD,2024-03-31
6326,79,MT,26,13,0.078281,RISK_DASHBOARD,2024-06-30
6327,79,MT,27,13,0.083921,RISK_DASHBOARD,2024-09-30
6328,79,MT,28,13,0.095213,RISK_DASHBOARD,2024-12-31
6329,80,NL,1,13,0.073886,RISK_DASHBOARD,2018-03-31
6330,80,NL,2,13,0.09574,RISK_DASHBOARD,2018-06-30
6331,80,NL,3,13,0.073898,RISK_DASHBOARD,2018-09-30
6332,80,NL,4,13,0.116263,RISK_DASHBOARD,2018-12-31
6333,80,NL,5,13,0.095753,RISK_DASHBOARD,2019-03-31
6334,80,NL,6,13,0.119455,RISK_DASHBOARD,2019-06-30
6335,80,NL,7,13,0.118618,RISK_DASHBOARD,2019-09-30
6336,80,NL,8,13,0.091628,RISK_DASHBOARD,2019-12-31
6337,80,NL,9,13,0.119164,RISK_DASHBOARD,2020-03-31
6338,80,NL,10,13,0.130751,RISK_DASHBOARD,2020-06-30
6339,80,NL,11,13,0.090191,RISK_DASHBOARD,2020-09-30
6340,80,NL,12,13,0.080872,RISK_DASHBOARD,2020-12-31
6341,80,NL,13,13,0.073814,RISK_DASHBOARD,2021-03-31
6342,80,NL,14,13,0.126445,RISK_DASHBOARD,2021-06-30
6343,80,NL,15,13,0.131522,RISK_DASHBOARD,2021-09-30
6344,80,NL,16,13,0.087388,RISK_DASHBOARD,2021-12-31
6345,80,NL,17,13,0.119944,RISK_DASHBOARD,2022-03-31
6346,80,NL,18,13,0.078445,RISK_DASHBOARD,2022-06-30
6347,80,NL,19,13,0.125351,RISK_DASHBOARD,2022-09-30
6348,80,NL,20,13,0.101717,RISK_DASHBOARD,2022-12-31
6349,80,NL,21,13,0.110363,RISK_DASHBOARD,2023-03-31
6350,80,NL,22,13,0.075172,RISK_DASHBOARD,2023-06-30
6351,80,NL,23,13,0.119185,RISK_DASHBOARD,2023-09-30
6352,80,NL,24,13,0.127646,RISK_DASHBOARD,2023-12-31
6353,80,NL,25,13,0.121341,RISK_DASHBOARD,2024-03-31
6354,80,NL,26,13,0.08269,RISK_DASHBOARD,2024-06-30
6355,80,NL,27,13,0.095625,RISK_DASHBOARD,2024-09-30
6356,80,NL,28,13,0.10688,RISK_DASHBOARD,2024-12-31
6357,81,NO,1,13,0.084438,RISK_DASHBOARD,2018-03-31
6358,81,NO,2,13,0.067076,RISK_DASHBOARD,2018-06-30
6359,81,NO,3,13,0.062399,RISK_DASHBOARD,2018-09-30
6360,81,NO,4,13,0.044285,RISK_DASHBOARD,2018-12-31
6361,81,NO,5,13,0.059475,RISK_DASHBOARD,2019-03-31
6362,81,NO,6,13,0.054834,RISK_DASHBOARD,2019-06-30
6363,81,NO,7,13,0.084043,RISK_DASHBOARD,2019-09-30
6364,81,NO,8,13,0.076465,RISK_DASHBOARD,2019-12-31
6365,81,NO,9,13,0.080454,RISK_DASHBOARD,2020-03-31
6366,81,NO,10,13,0.098661,RISK_DASHBOARD,2020-06-30
6367,81,NO,11,13,0.045104,RISK_DASHBOARD,2020-09-30
6368,81,NO,12,13,0.048721,RISK_DASHBOARD,2020-12-31
6369,81,NO,13,13,0.098952,RISK_DASHBOARD,2021-03-31
6370,81,NO,14,13,0.078161,RISK_DASHBOARD,2021-06-30
6371,81,NO,15,13,0.091706,RISK_DASHBOARD,2021-09-30
6372,81,NO,16,13,0.101441,RISK_DASHBOARD,2021-12-31
6373,81,NO,17,13,0.0689,RISK_DASHBOARD,2022-03-31
6374,81,NO,18,13,0.094767,RISK_DASHBOARD,2022-06-30
6375,81,NO,19,13,0.075047,RISK_DASHBOARD,2022-09-30
6376,81,NO,20,13,0.059593,RISK_DASHBOARD,2022-12-31
6377,81,NO,21,13,0.069118,RISK_DASHBOARD,2023-03-31
6378,81,NO,22,13,0.078507,RISK_DASHBOARD,2023-06-30
6379,81,NO,23,13,0.054778,RISK_DASHBOARD,2023-09-30
6380,81,NO,24,13,0.064363,RISK_DASHBOARD,2023-12-31
6381,81,NO,25,13,0.091253,RISK_DASHBOARD,2024-03-31
6382,81,NO,26,13,0.096882,RISK_DASHBOARD,2024-06-30
6383,81,NO,27,13,0.045988,RISK_DASHBOARD,2024-09-30
6384,81,NO,28,13,0.046271,RISK_DASHBOARD,2024-12-31
6385,82,PL,1,13,0.104687,RISK_DASHBOARD,2018-03-31
6386,82,PL,2,13,0.101574,RISK_DASHBOARD,2018-06-30
6387,82,PL,3,13,0.089507,RISK_DASHBOARD,2018-09-30
6388,82,PL,4,13,0.103068,RISK_DASHBOARD,2018-12-31
6389,82,PL,5,13,0.104981,RISK_DASHBOARD,2019-03-31
6390,82,PL,6,13,0.080354,RISK_DASHBOARD,2019-06-30
6391,82,PL,7,13,0.100688,RISK_DASHBOARD,2019-09-30
6392,82,PL,8,13,0.091112,RISK_DASHBOARD,2019-12-31
6393,82,PL,9,13,0.070442,RISK_DASHBOARD,2020-03-31
6394,82,PL,10,13,0.105688,RISK_DASHBOARD,2020-06-30
6395,82,PL,11,13,0.097363,RISK_DASHBOARD,2020-09-30
6396,82,PL,12,13,0.061945,RISK_DASHBOARD,2020-12-31
6397,82,PL,13,13,0.098931,RISK_DASHBOARD,2021-03-31
6398,82,PL,14,13,0.082697,RISK_DASHBOARD,2021-06-30
6399,82,PL,15,13,0.105898,RISK_DASHBOARD,2021-09-30
6400,82,PL,16,13,0.105658,RISK_DASHBOARD,2021-12-31
6401,82,PL,17,13,0.066317,RISK_DASHBOARD,2022-03-31
6402,82,PL,18,13,0.072708,RISK_DASHBOARD,2022-06-30
6403,82,PL,19,13,0.085442,RISK_DASHBOARD,2022-09-30
6404,82,PL,20,13,0.092065,RISK_DASHBOARD,2022-12-31
6405,82,PL,21,13,0.05952,RISK_DASHBOARD,2023-03-31
6406,82,PL,22,13,0.056504,RISK_DASHBOARD,2023-06-30
6407,82,PL,23,13,0.06766,RISK_DASHBOARD,2023-09-30
6408,82,PL,24,13,0.093796,RISK_DASHBOARD,2023-12-31
6409,82,PL,25,13,0.109364,RISK_DASHBOARD,2024-03-31
6410,82,PL,26,13,0.076031,RISK_DASHBOARD,2024-06-30
6411,82,PL,27,13,0.090545,RISK_DASHBOARD,2024-09-30
6412,82,PL,28,13,0.109607,RISK_DASHBOARD,2024-12-31
6413,83,PT,1,13,0.070316,RISK_DASHBOARD,2018-03-31
6414,83,PT,2,13,0.11263,RISK_DASHBOARD,2018-06-30
6415,83,PT,3,13,0.095221,RISK_DASHBOARD,2018-09-30
6416,83,PT,4,13,0.082788,RISK_DASHBOARD,2018-12-31
6417,83,PT,5,13,0.071583,RISK_DASHBOARD,2019-03-31
6418,83,PT,6,13,0.091499,RISK_DASHBOARD,2019-06-30
6419,83,PT,7,13,0.12402,RISK_DASHBOARD,2019-09-30
6420,83,PT,8,13,0.082948,RISK_DASHBOARD,2019-12-31
6421,83,PT,9,13,0.08577,RISK_DASHBOARD,2020-03-31
6422,83,PT,10,13,0.08197,RISK_DASHBOARD,2020-06-30
6423,83,PT,11,13,0.092264,RISK_DASHBOARD,2020-09-30
6424,83,PT,12,13,0.125668,RISK_DASHBOARD,2020-12-31
6425,83,PT,13,13,0.126182,RISK_DASHBOARD,2021-03-31
6426,83,PT,14,13,0.086817,RISK_DASHBOARD,2021-06-30
6427,83,PT,15,13,0.070215,RISK_DASHBOARD,2021-09-30
6428,83,PT,16,13,0.080582,RISK_DASHBOARD,2021-12-31
6429,83,PT,17,13,0.106821,RISK_DASHBOARD,2022-03-31
6430,83,PT,18,13,0.074941,RISK_DASHBOARD,2022-06-30
6431,83,PT,19,13,0.097317,RISK_DASHBOARD,2022-09-30
6432,83,PT,20,13,0.126399,RISK_DASHBOARD,2022-12-31
6433,83,PT,21,13,0.100564,RISK_DASHBOARD,2023-03-31
6434,83,PT,22,13,0.119795,RISK_DASHBOARD,2023-06-30
6435,83,PT,23,13,0.126186,RISK_DASHBOARD,2023-09-30
6436,83,PT,24,13,0.120942,RISK_DASHBOARD,2023-12-31
6437,83,PT,25,13,0.119573,RISK_DASHBOARD,2024-03-31
6438,83,PT,26,13,0.086713,RISK_DASHBOARD,2024-06-30
6439,83,PT,27,13,0.092519,RISK_DASHBOARD,2024-09-30
6440,83,PT,28,13,0.113301,RISK_DASHBOARD,2024-12-31
6441,84,RO,1,13,0.117473,RISK_DASHBOARD,2018-03-31
6442,84,RO,2,13,0.085688,RISK_DASHBOARD,2018-06-30
6443,84,RO,3,13,0.083263,RISK_DASHBOARD,2018-09-30
6444,84,RO,4,13,0.072239,RISK_DASHBOARD,2018-12-31
6445,84,RO,5,13,0.124521,RISK_DASHBOARD,2019-03-31
6446,84,RO,6,13,0.117943,RISK_DASHBOARD,2019-06-30
6447,84,RO,7,13,0.099489,RISK_DASHBOARD,2019-09-30
6448,84,RO,8,13,0.094654,RISK_DASHBOARD,2019-12-31
6449,84,RO,9,13,0.086582,RISK_DASHBOARD,2020-03-31
6450,84,RO,10,13,0.10279,RISK_DASHBOARD,2020-06-30
6451,84,RO,11,13,0.112061,RISK_DASHBOARD,2020-09-30
6452,84,RO,12,13,0.084153,RISK_DASHBOARD,2020-12-31
6453,84,RO,13,13,0.085793,RISK_DASHBOARD,2021-03-31
6454,84,RO,14,13,0.071658,RISK_DASHBOARD,2021-06-30
6455,84,RO,15,13,0.119898,RISK_DASHBOARD,2021-09-30
6456,84,RO,16,13,0.081089,RISK_DASHBOARD,2021-12-31
6457,84,RO,17,13,0.093637,RISK_DASHBOARD,2022-03-31
6458,84,RO,18,13,0.120494,RISK_DASHBOARD,2022-06-30
6459,84,RO,19,13,0.123293,RISK_DASHBOARD,2022-09-30
6460,84,RO,20,13,0.111836,RISK_DASHBOARD,2022-12-31
6461,84,RO,21,13,0.127782,RISK_DASHBOARD,2023-03-31
6462,84,RO,22,13,0.122084,RISK_DASHBOARD,2023-06-30
6463,84,RO,23,13,0.110382,RISK_DASHBOARD,2023-09-30
6464,84,RO,24,13,0.082085,RISK_DASHBOARD,2023-12-31
6465,84,RO,25,13,0.073048,RISK_DASHBOARD,2024-03-31
6466,84,RO,26,13,0.09598,RISK_DASHBOARD,2024-06-30
6467,84,RO,27,13,0.075205,RISK_DASHBOARD,2024-09-30
6468,84,RO,28,13,0.123973,RISK_DASHBOARD,2024-12-31
6469,85,SE,1,13,0.067975,RISK_DASHBOARD,2018-03-31
6470,85,SE,2,13,0.062917,RISK_DASHBOARD,2018-06-30
6471,85,SE,3,13,0.098191,RISK_DASHBOARD,2018-09-30
6472,85,SE,4,13,0.074999,RISK_DASHBOARD,2018-12-31
6473,85,SE,5,13,0.092852,RISK_DASHBOARD,2019-03-31
6474,85,SE,6,13,0.073363,RISK_DASHBOARD,2019-06-30
6475,85,SE,7,13,0.083802,RISK_DASHBOARD,2019-09-30
6476,85,SE,8,13,0.106611,RISK_DASHBOARD,2019-12-31
6477,85,SE,9,13,0.088406,RISK_DASHBOARD,2020-03-31
6478,85,SE,10,13,0.073156,RISK_DASHBOARD,2020-06-30
6479,85,SE,11,13,0.051488,RISK_DASHBOARD,2020-09-30
6480,85,SE,12,13,0.064001,RISK_DASHBOARD,2020-12-31
6481,85,SE,13,13,0.060735,RISK_DASHBOARD,2021-03-31
6482,85,SE,14,13,0.097686,RISK_DASHBOARD,2021-06-30
6483,85,SE,15,13,0.103832,RISK_DASHBOARD,2021-09-30
6484,85,SE,16,13,0.09927,RISK_DASHBOARD,2021-12-31
6485,85,SE,17,13,0.060835,RISK_DASHBOARD,2022-03-31
6486,85,SE,18,13,0.098683,RISK_DASHBOARD,2022-06-30
6487,85,SE,19,13,0.105265,RISK_DASHBOARD,2022-09-30
6488,85,SE,20,13,0.048088,RISK_DASHBOARD,2022-12-31
6489,85,SE,21,13,0.07008,RISK_DASHBOARD,2023-03-31
6490,85,SE,22,13,0.102104,RISK_DASHBOARD,2023-06-30
6491,85,SE,23,13,0.065415,RISK_DASHBOARD,2023-09-30
6492,85,SE,24,13,0.093749,RISK_DASHBOARD,2023-12-31
6493,85,SE,25,13,0.103815,RISK_DASHBOARD,2024-03-31
6494,85,SE,26,13,0.062194,RISK_DASHBOARD,2024-06-30
6495,85,SE,27,13,0.06127,RISK_DASHBOARD,2024-09-30
6496,85,SE,28,13,0.061917,RISK_DASHBOARD,2024-12-31
6497,86,SI,1,13,0.053569,RISK_DASHBOARD,2018-03-31
6498,86,SI,2,13,0.083311,RISK_DASHBOARD,2018-06-30
6499,86,SI,3,13,0.084708,RISK_DASHBOARD,2018-09-30
6500,86,SI,4,13,0.071772,RISK_DASHBOARD,2018-12-31
6501,86,SI,5,13,0.078319,RISK_DASHBOARD,2019-03-31
6502,86,SI,6,13,0.060311,RISK_DASHBOARD,2019-06-30
6503,86,SI,7,13,0.058843,RISK_DASHBOARD,2019-09-30
6504,86,SI,8,13,0.09658,RISK_DASHBOARD,2019-12-31
6505,86,SI,9,13,0.108765,RISK_DASHBOARD,2020-03-31
6506,86,SI,10,13,0.058706,RISK_DASHBOARD,2020-06-30
6507,86,SI,11,13,0.066379,RISK_DASHBOARD,2020-09-30
6508,86,SI,12,13,0.08423,RISK_DASHBOARD,2020-12-31
6509,86,SI,13,13,0.099195,RISK_DASHBOARD,2021-03-31
6510,86,SI,14,13,0.069864,RISK_DASHBOARD,2021-06-30
6511,86,SI,15,13,0.105144,RISK_DASHBOARD,2021-09-30
6512,86,SI,16,13,0.083603,RISK_DASHBOARD,2021-12-31
6513,86,SI,17,13,0.0588,RISK_DASHBOARD,2022-03-31
6514,86,SI,18,13,0.083515,RISK_DASHBOARD,2022-06-30
6515,86,SI,19,13,0.098606,RISK_DASHBOARD,2022-09-30
6516,86,SI,20,13,0.104873,RISK_DASHBOARD,2022-12-31
6517,86,SI,21,13,0.063085,RISK_DASHBOARD,2023-03-31
6518,86,SI,22,13,0.062645,RISK_DASHBOARD,2023-06-30
6519,86,SI,23,13,0.053445,RISK_DASHBOARD,2023-09-30
6520,86,SI,24,13,0.065212,RISK_DASHBOARD,2023-12-31
6521,86,SI,25,13,0.089088,RISK_DASHBOARD,2024-03-31
6522,86,SI,26,13,0.10363,RISK_DASHBOARD,2024-06-30
6523,86,SI,27,13,0.072551,RISK_DASHBOARD,2024-09-30
6524,86,SI,28,13,0.098855,RISK_DASHBOARD,2024-12-31
6525,87,SK,1,13,0.049802,RISK_DASHBOARD,2018-03-31
6526,87,SK,2,13,0.099175,RISK_DASHBOARD,2018-06-30
6527,87,SK,3,13,0.084445,RISK_DASHBOARD,2018-09-30
6528,87,SK,4,13,0.064297,RISK_DASHBOARD,2018-12-31
6529,87,SK,5,13,0.086418,RISK_DASHBOARD,2019-03-31
6530,87,SK,6,13,0.076022,RISK_DASHBOARD,2019-06-30
6531,87,SK,7,13,0.099454,RISK_DASHBOARD,2019-09-30
6532,87,SK,8,13,0.069864,RISK_DASHBOARD,2019-12-31
6533,87,SK,9,13,0.066919,RISK_DASHBOARD,2020-03-31
6534,87,SK,10,13,0.083981,RISK_DASHBOARD,2020-06-30
6535,87,SK,11,13,0.075805,RISK_DASHBOARD,2020-09-30
6536,87,SK,12,13,0.080427,RISK_DASHBOARD,2020-12-31
6537,87,SK,13,13,0.100301,RISK_DASHBOARD,2021-03-31
6538,87,SK,14,13,0.06463,RISK_DASHBOARD,2021-06-30
6539,87,SK,15,13,0.083026,RISK_DASHBOARD,2021-09-30
6540,87,SK,16,13,0.083066,RISK_DASHBOARD,2021-12-31
6541,87,SK,17,13,0.059414,RISK_DASHBOARD,2022-03-31
6542,87,SK,18,13,0.093194,RISK_DASHBOARD,2022-06-30
6543,87,SK,19,13,0.109049,RISK_DASHBOARD,2022-09-30
6544,87,SK,20,13,0.083505,RISK_DASHBOARD,2022-12-31
6545,87,SK,21,13,0.079067,RISK_DASHBOARD,2023-03-31
6546,87,SK,22,13,0.099258,RISK_DASHBOARD,2023-06-30
6547,87,SK,23,13,0.058196,RISK_DASHBOARD,2023-09-30
6548,87,SK,24,13,0.083825,RISK_DASHBOARD,2023-12-31
6549,87,SK,25,13,0.085713,RISK_DASHBOARD,2024-03-31
6550,87,SK,26,13,0.088125,RISK_DASHBOARD,2024-06-30
6551,87,SK,27,13,0.104085,RISK_DASHBOARD,2024-09-30
6552,87,SK,28,13,0.092442,RISK_DASHBOARD,2024-12-31
6553,62,AT,1,2,0.20684,RISK_DASHBOARD,2018-03-31
6554,62,AT,2,2,0.187993,RISK_DASHBOARD,2018-06-30
6555,62,AT,3,2,0.180204,RISK_DASHBOARD,2018-09-30
6556,62,AT,4,2,0.15872,RISK_DASHBOARD,2018-12-31
6557,62,AT,5,2,0.182064,RISK_DASHBOARD,2019-03-31
6558,62,AT,6,2,0.170551,RISK_DASHBOARD,2019-06-30
6559,62,AT,7,2,0.172904,RISK_DASHBOARD,2019-09-30
6560,62,AT,8,2,0.19729,RISK_DASHBOARD,2019-12-31
6561,62,AT,9,2,0.188106,RISK_DASHBOARD,2020-03-31
6562,62,AT,10,2,0.207192,RISK_DASHBOARD,2020-06-30
6563,62,AT,11,2,0.17246,RISK_DASHBOARD,2020-09-30
6564,62,AT,12,2,0.185763,RISK_DASHBOARD,2020-12-31
6565,62,AT,13,2,0.153872,RISK_DASHBOARD,2021-03-31
6566,62,AT,14,2,0.181255,RISK_DASHBOARD,2021-06-30
6567,62,AT,15,2,0.182663,RISK_DASHBOARD,2021-09-30
6568,62,AT,16,2,0.198592,RISK_DASHBOARD,2021-12-31
6569,62,AT,17,2,0.15917,RISK_DASHBOARD,2022-03-31
6570,62,AT,18,2,0.15881,RISK_DASHBOARD,2022-06-30
6571,62,AT,19,2,0.1915,RISK_DASHBOARD,2022-09-30
6572,62,AT,20,2,0.178579,RISK_DASHBOARD,2022-12-31
6573,62,AT,21,2,0.178201,RISK_DASHBOARD,2023-03-31
6574,62,AT,22,2,0.172406,RISK_DASHBOARD,2023-06-30
6575,62,AT,23,2,0.168168,RISK_DASHBOARD,2023-09-30
6576,62,AT,24,2,0.199075,RISK_DASHBOARD,2023-12-31
6577,62,AT,25,2,0.183962,RISK_DASHBOARD,2024-03-31
6578,62,AT,26,2,0.151319,RISK_DASHBOARD,2024-06-30
6579,62,AT,27,2,0.167266,RISK_DASHBOARD,2024-09-30
6580,62,AT,28,2,0.165324,RISK_DASHBOARD,2024-12-31
6581,63,BE,1,2,0.1876,RISK_DASHBOARD,2018-03-31
6582,63,BE,2,2,0.169548,RISK_DASHBOARD,2018-06-30
6583,63,BE,3,2,0.187211,RISK_DASHBOARD,2018-09-30
6584,63,BE,4,2,0.182534,RISK_DASHBOARD,2018-12-31
6585,63,BE,5,2,0.169747,RISK_DASHBOARD,2019-03-31
6586,63,BE,6,2,0.171354,RISK_DASHBOARD,2019-06-30
6587,63,BE,7,2,0.186904,RISK_DASHBOARD,2019-09-30
6588,63,BE,8,2,0.148405,RISK_DASHBOARD,2019-12-31
6589,63,BE,9,2,0.154909,RISK_DASHBOARD,2020-03-31
6590,63,BE,10,2,0.149682,RISK_DASHBOARD,2020-06-30
6591,63,BE,11,2,0.189027,RISK_DASHBOARD,2020-09-30
6592,63,BE,12,2,0.160288,RISK_DASHBOARD,2020-12-31
6593,63,BE,13,2,0.191866,RISK_DASHBOARD,2021-03-31
6594,63,BE,14,2,0.178934,RISK_DASHBOARD,2021-06-30
6595,63,BE,15,2,0.169282,RISK_DASHBOARD,2021-09-30
6596,63,BE,16,2,0.156599,RISK_DASHBOARD,2021-12-31
6597,63,BE,17,2,0.152886,RISK_DASHBOARD,2022-03-31
6598,63,BE,18,2,0.185988,RISK_DASHBOARD,2022-06-30
6599,63,BE,19,2,0.182611,RISK_DASHBOARD,2022-09-30
6600,63,BE,20,2,0.18729,RISK_DASHBOARD,2022-12-31
6601,63,BE,21,2,0.171309,RISK_DASHBOARD,2023-03-31
6602,63,BE,22,2,0.175527,RISK_DASHBOARD,2023-06-30
6603,63,BE,23,2,0.169059,RISK_DASHBOARD,2023-09-30
6604,63,BE,24,2,0.143908,RISK_DASHBOARD,2023-12-31
6605,63,BE,25,2,0.173546,RISK_DASHBOARD,2024-03-31
6606,63,BE,26,2,0.146527,RISK_DASHBOARD,2024-06-30
6607,63,BE,27,2,0.184221,RISK_DASHBOARD,2024-09-30
6608,63,BE,28,2,0.153605,RISK_DASHBOARD,2024-12-31
6609,64,CY,1,2,0.137633,RISK_DASHBOARD,2018-03-31
6610,64,CY,2,2,0.142367,RISK_DASHBOARD,2018-06-30
6611,64,CY,3,2,0.138622,RISK_DASHBOARD,2018-09-30
6612,64,CY,4,2,0.181926,RISK_DASHBOARD,2018-12-31
6613,64,CY,5,2,0.180312,RISK_DASHBOARD,2019-03-31
6614,64,CY,6,2,0.153696,RISK_DASHBOARD,2019-06-30
6615,64,CY,7,2,0.14146,RISK_DASHBOARD,2019-09-30
6616,64,CY,8,2,0.161133,RISK_DASHBOARD,2019-12-31
6617,64,CY,9,2,0.134866,RISK_DASHBOARD,2020-03-31
6618,64,CY,10,2,0.17965,RISK_DASHBOARD,2020-06-30
6619,64,CY,11,2,0.168423,RISK_DASHBOARD,2020-09-30
6620,64,CY,12,2,0.174133,RISK_DASHBOARD,2020-12-31
6621,64,CY,13,2,0.174017,RISK_DASHBOARD,2021-03-31
6622,64,CY,14,2,0.177849,RISK_DASHBOARD,2021-06-30
6623,64,CY,15,2,0.16049,RISK_DASHBOARD,2021-09-30
6624,64,CY,16,2,0.177513,RISK_DASHBOARD,2021-12-31
6625,64,CY,17,2,0.144887,RISK_DASHBOARD,2022-03-31
6626,64,CY,18,2,0.16332,RISK_DASHBOARD,2022-06-30
6627,64,CY,19,2,0.174105,RISK_DASHBOARD,2022-09-30
6628,64,CY,20,2,0.173342,RISK_DASHBOARD,2022-12-31
6629,64,CY,21,2,0.181638,RISK_DASHBOARD,2023-03-31
6630,64,CY,22,2,0.164335,RISK_DASHBOARD,2023-06-30
6631,64,CY,23,2,0.173183,RISK_DASHBOARD,2023-09-30
6632,64,CY,24,2,0.179913,RISK_DASHBOARD,2023-12-31
6633,64,CY,25,2,0.130609,RISK_DASHBOARD,2024-03-31
6634,64,CY,26,2,0.169671,RISK_DASHBOARD,2024-06-30
6635,64,CY,27,2,0.135943,RISK_DASHBOARD,2024-09-30
6636,64,CY,28,2,0.170434,RISK_DASHBOARD,2024-12-31
6637,65,DE,1,2,0.182848,RISK_DASHBOARD,2018-03-31
6638,65,DE,2,2,0.158849,RISK_DASHBOARD,2018-06-30
6639,65,DE,3,2,0.156556,RISK_DASHBOARD,2018-09-30
6640,65,DE,4,2,0.166293,RISK_DASHBOARD,2018-12-31
6641,65,DE,5,2,0.188492,RISK_DASHBOARD,2019-03-31
6642,65,DE,6,2,0.152287,RISK_DASHBOARD,2019-06-30
6643,65,DE,7,2,0.16095,RISK_DASHBOARD,2019-09-30
6644,65,DE,8,2,0.156941,RISK_DASHBOARD,2019-12-31
6645,65,DE,9,2,0.203753,RISK_DASHBOARD,2020-03-31
6646,65,DE,10,2,0.161909,RISK_DASHBOARD,2020-06-30
6647,65,DE,11,2,0.19654,RISK_DASHBOARD,2020-09-30
6648,65,DE,12,2,0.164954,RISK_DASHBOARD,2020-12-31
6649,65,DE,13,2,0.175626,RISK_DASHBOARD,2021-03-31
6650,65,DE,14,2,0.180473,RISK_DASHBOARD,2021-06-30
6651,65,DE,15,2,0.152509,RISK_DASHBOARD,2021-09-30
6652,65,DE,16,2,0.180461,RISK_DASHBOARD,2021-12-31
6653,65,DE,17,2,0.154041,RISK_DASHBOARD,2022-03-31
6654,65,DE,18,2,0.198768,RISK_DASHBOARD,2022-06-30
6655,65,DE,19,2,0.163473,RISK_DASHBOARD,2022-09-30
6656,65,DE,20,2,0.171654,RISK_DASHBOARD,2022-12-31
6657,65,DE,21,2,0.208724,RISK_DASHBOARD,2023-03-31
6658,65,DE,22,2,0.208433,RISK_DASHBOARD,2023-06-30
6659,65,DE,23,2,0.186414,RISK_DASHBOARD,2023-09-30
6660,65,DE,24,2,0.178428,RISK_DASHBOARD,2023-12-31
6661,65,DE,25,2,0.188729,RISK_DASHBOARD,2024-03-31
6662,65,DE,26,2,0.189311,RISK_DASHBOARD,2024-06-30
6663,65,DE,27,2,0.160712,RISK_DASHBOARD,2024-09-30
6664,65,DE,28,2,0.149541,RISK_DASHBOARD,2024-12-31
6665,66,DK,1,2,0.193317,RISK_DASHBOARD,2018-03-31
6666,66,DK,2,2,0.163426,RISK_DASHBOARD,2018-06-30
6667,66,DK,3,2,0.161206,RISK_DASHBOARD,2018-09-30
6668,66,DK,4,2,0.174585,RISK_DASHBOARD,2018-12-31
6669,66,DK,5,2,0.202006,RISK_DASHBOARD,2019-03-31
6670,66,DK,6,2,0.182038,RISK_DASHBOARD,2019-06-30
6671,66,DK,7,2,0.190878,RISK_DASHBOARD,2019-09-30
6672,66,DK,8,2,0.185883,RISK_DASHBOARD,2019-12-31
6673,66,DK,9,2,0.206175,RISK_DASHBOARD,2020-03-31
6674,66,DK,10,2,0.204551,RISK_DASHBOARD,2020-06-30
6675,66,DK,11,2,0.197705,RISK_DASHBOARD,2020-09-30
6676,66,DK,12,2,0.211871,RISK_DASHBOARD,2020-12-31
6677,66,DK,13,2,0.169715,RISK_DASHBOARD,2021-03-31
6678,66,DK,14,2,0.168025,RISK_DASHBOARD,2021-06-30
6679,66,DK,15,2,0.211788,RISK_DASHBOARD,2021-09-30
6680,66,DK,16,2,0.188128,RISK_DASHBOARD,2021-12-31
6681,66,DK,17,2,0.199551,RISK_DASHBOARD,2022-03-31
6682,66,DK,18,2,0.164265,RISK_DASHBOARD,2022-06-30
6683,66,DK,19,2,0.218679,RISK_DASHBOARD,2022-09-30
6684,66,DK,20,2,0.201292,RISK_DASHBOARD,2022-12-31
6685,66,DK,21,2,0.174089,RISK_DASHBOARD,2023-03-31
6686,66,DK,22,2,0.162412,RISK_DASHBOARD,2023-06-30
6687,66,DK,23,2,0.204946,RISK_DASHBOARD,2023-09-30
6688,66,DK,24,2,0.172351,RISK_DASHBOARD,2023-12-31
6689,66,DK,25,2,0.195664,RISK_DASHBOARD,2024-03-31
6690,66,DK,26,2,0.186404,RISK_DASHBOARD,2024-06-30
6691,66,DK,27,2,0.172347,RISK_DASHBOARD,2024-09-30
6692,66,DK,28,2,0.17254,RISK_DASHBOARD,2024-12-31
6693,67,ES,1,2,0.155747,RISK_DASHBOARD,2018-03-31
6694,67,ES,2,2,0.183274,RISK_DASHBOARD,2018-06-30
6695,67,ES,3,2,0.210208,RISK_DASHBOARD,2018-09-30
6696,67,ES,4,2,0.201174,RISK_DASHBOARD,2018-12-31
6697,67,ES,5,2,0.189301,RISK_DASHBOARD,2019-03-31
6698,67,ES,6,2,0.194699,RISK_DASHBOARD,2019-06-30
6699,67,ES,7,2,0.164046,RISK_DASHBOARD,2019-09-30
6700,67,ES,8,2,0.194427,RISK_DASHBOARD,2019-12-31
6701,67,ES,9,2,0.208691,RISK_DASHBOARD,2020-03-31
6702,67,ES,10,2,0.187777,RISK_DASHBOARD,2020-06-30
6703,67,ES,11,2,0.179197,RISK_DASHBOARD,2020-09-30
6704,67,ES,12,2,0.158553,RISK_DASHBOARD,2020-12-31
6705,67,ES,13,2,0.175806,RISK_DASHBOARD,2021-03-31
6706,67,ES,14,2,0.168111,RISK_DASHBOARD,2021-06-30
6707,67,ES,15,2,0.173047,RISK_DASHBOARD,2021-09-30
6708,67,ES,16,2,0.196942,RISK_DASHBOARD,2021-12-31
6709,67,ES,17,2,0.154691,RISK_DASHBOARD,2022-03-31
6710,67,ES,18,2,0.17726,RISK_DASHBOARD,2022-06-30
6711,67,ES,19,2,0.190055,RISK_DASHBOARD,2022-09-30
6712,67,ES,20,2,0.172291,RISK_DASHBOARD,2022-12-31
6713,67,ES,21,2,0.197786,RISK_DASHBOARD,2023-03-31
6714,67,ES,22,2,0.166973,RISK_DASHBOARD,2023-06-30
6715,67,ES,23,2,0.203839,RISK_DASHBOARD,2023-09-30
6716,67,ES,24,2,0.176442,RISK_DASHBOARD,2023-12-31
6717,67,ES,25,2,0.157561,RISK_DASHBOARD,2024-03-31
6718,67,ES,26,2,0.210458,RISK_DASHBOARD,2024-06-30
6719,67,ES,27,2,0.174393,RISK_DASHBOARD,2024-09-30
6720,67,ES,28,2,0.169472,RISK_DASHBOARD,2024-12-31
6721,68,EU,1,2,0.19967,RISK_DASHBOARD,2018-03-31
6722,68,EU,2,2,0.19078,RISK_DASHBOARD,2018-06-30
6723,68,EU,3,2,0.177778,RISK_DASHBOARD,2018-09-30
6724,68,EU,4,2,0.189489,RISK_DASHBOARD,2018-12-31
6725,68,EU,5,2,0.197134,RISK_DASHBOARD,2019-03-31
6726,68,EU,6,2,0.147081,RISK_DASHBOARD,2019-06-30
6727,68,EU,7,2,0.15608,RISK_DASHBOARD,2019-09-30
6728,68,EU,8,2,0.157832,RISK_DASHBOARD,2019-12-31
6729,68,EU,9,2,0.196127,RISK_DASHBOARD,2020-03-31
6730,68,EU,10,2,0.171887,RISK_DASHBOARD,2020-06-30
6731,68,EU,11,2,0.178362,RISK_DASHBOARD,2020-09-30
6732,68,EU,12,2,0.170099,RISK_DASHBOARD,2020-12-31
6733,68,EU,13,2,0.159103,RISK_DASHBOARD,2021-03-31
6734,68,EU,14,2,0.144478,RISK_DASHBOARD,2021-06-30
6735,68,EU,15,2,0.166103,RISK_DASHBOARD,2021-09-30
6736,68,EU,16,2,0.20084,RISK_DASHBOARD,2021-12-31
6737,68,EU,17,2,0.173262,RISK_DASHBOARD,2022-03-31
6738,68,EU,18,2,0.195148,RISK_DASHBOARD,2022-06-30
6739,68,EU,19,2,0.153096,RISK_DASHBOARD,2022-09-30
6740,68,EU,20,2,0.154153,RISK_DASHBOARD,2022-12-31
6741,68,EU,21,2,0.170674,RISK_DASHBOARD,2023-03-31
6742,68,EU,22,2,0.182069,RISK_DASHBOARD,2023-06-30
6743,68,EU,23,2,0.159503,RISK_DASHBOARD,2023-09-30
6744,68,EU,24,2,0.16176,RISK_DASHBOARD,2023-12-31
6745,68,EU,25,2,0.143917,RISK_DASHBOARD,2024-03-31
6746,68,EU,26,2,0.187488,RISK_DASHBOARD,2024-06-30
6747,68,EU,27,2,0.169241,RISK_DASHBOARD,2024-09-30
6748,68,EU,28,2,0.188521,RISK_DASHBOARD,2024-12-31
6749,69,FI,1,2,0.197123,RISK_DASHBOARD,2018-03-31
6750,69,FI,2,2,0.211105,RISK_DASHBOARD,2018-06-30
6751,69,FI,3,2,0.196537,RISK_DASHBOARD,2018-09-30
6752,69,FI,4,2,0.1917,RISK_DASHBOARD,2018-12-31
6753,69,FI,5,2,0.202403,RISK_DASHBOARD,2019-03-31
6754,69,FI,6,2,0.163293,RISK_DASHBOARD,2019-06-30
6755,69,FI,7,2,0.182156,RISK_DASHBOARD,2019-09-30
6756,69,FI,8,2,0.177895,RISK_DASHBOARD,2019-12-31
6757,69,FI,9,2,0.213443,RISK_DASHBOARD,2020-03-31
6758,69,FI,10,2,0.200368,RISK_DASHBOARD,2020-06-30
6759,69,FI,11,2,0.169855,RISK_DASHBOARD,2020-09-30
6760,69,FI,12,2,0.179436,RISK_DASHBOARD,2020-12-31
6761,69,FI,13,2,0.195566,RISK_DASHBOARD,2021-03-31
6762,69,FI,14,2,0.205705,RISK_DASHBOARD,2021-06-30
6763,69,FI,15,2,0.170257,RISK_DASHBOARD,2021-09-30
6764,69,FI,16,2,0.190708,RISK_DASHBOARD,2021-12-31
6765,69,FI,17,2,0.176023,RISK_DASHBOARD,2022-03-31
6766,69,FI,18,2,0.159221,RISK_DASHBOARD,2022-06-30
6767,69,FI,19,2,0.21287,RISK_DASHBOARD,2022-09-30
6768,69,FI,20,2,0.200497,RISK_DASHBOARD,2022-12-31
6769,69,FI,21,2,0.167335,RISK_DASHBOARD,2023-03-31
6770,69,FI,22,2,0.160699,RISK_DASHBOARD,2023-06-30
6771,69,FI,23,2,0.176328,RISK_DASHBOARD,2023-09-30
6772,69,FI,24,2,0.166193,RISK_DASHBOARD,2023-12-31
6773,69,FI,25,2,0.188557,RISK_DASHBOARD,2024-03-31
6774,69,FI,26,2,0.161745,RISK_DASHBOARD,2024-06-30
6775,69,FI,27,2,0.18196,RISK_DASHBOARD,2024-09-30
6776,69,FI,28,2,0.199894,RISK_DASHBOARD,2024-12-31
6777,70,FR,1,2,0.137813,RISK_DASHBOARD,2018-03-31
6778,70,FR,2,2,0.151102,RISK_DASHBOARD,2018-06-30
6779,70,FR,3,2,0.146715,RISK_DASHBOARD,2018-09-30
6780,70,FR,4,2,0.176064,RISK_DASHBOARD,2018-12-31
6781,70,FR,5,2,0.176463,RISK_DASHBOARD,2019-03-31
6782,70,FR,6,2,0.168337,RISK_DASHBOARD,2019-06-30
6783,70,FR,7,2,0.140106,RISK_DASHBOARD,2019-09-30
6784,70,FR,8,2,0.160541,RISK_DASHBOARD,2019-12-31
6785,70,FR,9,2,0.178247,RISK_DASHBOARD,2020-03-31
6786,70,FR,10,2,0.184582,RISK_DASHBOARD,2020-06-30
6787,70,FR,11,2,0.185868,RISK_DASHBOARD,2020-09-30
6788,70,FR,12,2,0.144532,RISK_DASHBOARD,2020-12-31
6789,70,FR,13,2,0.168822,RISK_DASHBOARD,2021-03-31
6790,70,FR,14,2,0.176499,RISK_DASHBOARD,2021-06-30
6791,70,FR,15,2,0.150378,RISK_DASHBOARD,2021-09-30
6792,70,FR,16,2,0.141144,RISK_DASHBOARD,2021-12-31
6793,70,FR,17,2,0.163736,RISK_DASHBOARD,2022-03-31
6794,70,FR,18,2,0.183895,RISK_DASHBOARD,2022-06-30
6795,70,FR,19,2,0.185574,RISK_DASHBOARD,2022-09-30
6796,70,FR,20,2,0.17498,RISK_DASHBOARD,2022-12-31
6797,70,FR,21,2,0.141973,RISK_DASHBOARD,2023-03-31
6798,70,FR,22,2,0.175652,RISK_DASHBOARD,2023-06-30
6799,70,FR,23,2,0.165863,RISK_DASHBOARD,2023-09-30
6800,70,FR,24,2,0.175892,RISK_DASHBOARD,2023-12-31
6801,70,FR,25,2,0.176502,RISK_DASHBOARD,2024-03-31
6802,70,FR,26,2,0.163385,RISK_DASHBOARD,2024-06-30
6803,70,FR,27,2,0.185227,RISK_DASHBOARD,2024-09-30
6804,70,FR,28,2,0.142525,RISK_DASHBOARD,2024-12-31
6805,71,GR,1,2,0.206206,RISK_DASHBOARD,2018-03-31
6806,71,GR,2,2,0.214756,RISK_DASHBOARD,2018-06-30
6807,71,GR,3,2,0.178295,RISK_DASHBOARD,2018-09-30
6808,71,GR,4,2,0.181228,RISK_DASHBOARD,2018-12-31
6809,71,GR,5,2,0.170628,RISK_DASHBOARD,2019-03-31
6810,71,GR,6,2,0.205241,RISK_DASHBOARD,2019-06-30
6811,71,GR,7,2,0.182107,RISK_DASHBOARD,2019-09-30
6812,71,GR,8,2,0.191566,RISK_DASHBOARD,2019-12-31
6813,71,GR,9,2,0.159987,RISK_DASHBOARD,2020-03-31
6814,71,GR,10,2,0.199317,RISK_DASHBOARD,2020-06-30
6815,71,GR,11,2,0.204881,RISK_DASHBOARD,2020-09-30
6816,71,GR,12,2,0.168554,RISK_DASHBOARD,2020-12-31
6817,71,GR,13,2,0.197851,RISK_DASHBOARD,2021-03-31
6818,71,GR,14,2,0.19073,RISK_DASHBOARD,2021-06-30
6819,71,GR,15,2,0.193418,RISK_DASHBOARD,2021-09-30
6820,71,GR,16,2,0.18476,RISK_DASHBOARD,2021-12-31
6821,71,GR,17,2,0.213689,RISK_DASHBOARD,2022-03-31
6822,71,GR,18,2,0.182153,RISK_DASHBOARD,2022-06-30
6823,71,GR,19,2,0.218056,RISK_DASHBOARD,2022-09-30
6824,71,GR,20,2,0.196242,RISK_DASHBOARD,2022-12-31
6825,71,GR,21,2,0.181987,RISK_DASHBOARD,2023-03-31
6826,71,GR,22,2,0.165961,RISK_DASHBOARD,2023-06-30
6827,71,GR,23,2,0.174634,RISK_DASHBOARD,2023-09-30
6828,71,GR,24,2,0.210072,RISK_DASHBOARD,2023-12-31
6829,71,GR,25,2,0.158816,RISK_DASHBOARD,2024-03-31
6830,71,GR,26,2,0.186895,RISK_DASHBOARD,2024-06-30
6831,71,GR,27,2,0.186069,RISK_DASHBOARD,2024-09-30
6832,71,GR,28,2,0.169235,RISK_DASHBOARD,2024-12-31
6833,72,HR,1,2,0.136501,RISK_DASHBOARD,2018-03-31
6834,72,HR,2,2,0.181194,RISK_DASHBOARD,2018-06-30
6835,72,HR,3,2,0.144564,RISK_DASHBOARD,2018-09-30
6836,72,HR,4,2,0.177524,RISK_DASHBOARD,2018-12-31
6837,72,HR,5,2,0.179937,RISK_DASHBOARD,2019-03-31
6838,72,HR,6,2,0.164473,RISK_DASHBOARD,2019-06-30
6839,72,HR,7,2,0.152432,RISK_DASHBOARD,2019-09-30
6840,72,HR,8,2,0.156968,RISK_DASHBOARD,2019-12-31
6841,72,HR,9,2,0.126627,RISK_DASHBOARD,2020-03-31
6842,72,HR,10,2,0.149263,RISK_DASHBOARD,2020-06-30
6843,72,HR,11,2,0.136934,RISK_DASHBOARD,2020-09-30
6844,72,HR,12,2,0.12805,RISK_DASHBOARD,2020-12-31
6845,72,HR,13,2,0.13512,RISK_DASHBOARD,2021-03-31
6846,72,HR,14,2,0.136626,RISK_DASHBOARD,2021-06-30
6847,72,HR,15,2,0.177218,RISK_DASHBOARD,2021-09-30
6848,72,HR,16,2,0.155969,RISK_DASHBOARD,2021-12-31
6849,72,HR,17,2,0.132777,RISK_DASHBOARD,2022-03-31
6850,72,HR,18,2,0.133611,RISK_DASHBOARD,2022-06-30
6851,72,HR,19,2,0.151989,RISK_DASHBOARD,2022-09-30
6852,72,HR,20,2,0.172796,RISK_DASHBOARD,2022-12-31
6853,72,HR,21,2,0.176607,RISK_DASHBOARD,2023-03-31
6854,72,HR,22,2,0.13558,RISK_DASHBOARD,2023-06-30
6855,72,HR,23,2,0.134463,RISK_DASHBOARD,2023-09-30
6856,72,HR,24,2,0.182301,RISK_DASHBOARD,2023-12-31
6857,72,HR,25,2,0.149887,RISK_DASHBOARD,2024-03-31
6858,72,HR,26,2,0.13568,RISK_DASHBOARD,2024-06-30
6859,72,HR,27,2,0.146511,RISK_DASHBOARD,2024-09-30
6860,72,HR,28,2,0.133293,RISK_DASHBOARD,2024-12-31
6861,73,HU,1,2,0.178116,RISK_DASHBOARD,2018-03-31
6862,73,HU,2,2,0.162549,RISK_DASHBOARD,2018-06-30
6863,73,HU,3,2,0.166344,RISK_DASHBOARD,2018-09-30
6864,73,HU,4,2,0.199852,RISK_DASHBOARD,2018-12-31
6865,73,HU,5,2,0.201175,RISK_DASHBOARD,2019-03-31
6866,73,HU,6,2,0.164569,RISK_DASHBOARD,2019-06-30
6867,73,HU,7,2,0.207048,RISK_DASHBOARD,2019-09-30
6868,73,HU,8,2,0.196563,RISK_DASHBOARD,2019-12-31
6869,73,HU,9,2,0.187381,RISK_DASHBOARD,2020-03-31
6870,73,HU,10,2,0.179029,RISK_DASHBOARD,2020-06-30
6871,73,HU,11,2,0.198023,RISK_DASHBOARD,2020-09-30
6872,73,HU,12,2,0.177241,RISK_DASHBOARD,2020-12-31
6873,73,HU,13,2,0.172466,RISK_DASHBOARD,2021-03-31
6874,73,HU,14,2,0.186591,RISK_DASHBOARD,2021-06-30
6875,73,HU,15,2,0.19038,RISK_DASHBOARD,2021-09-30
6876,73,HU,16,2,0.189718,RISK_DASHBOARD,2021-12-31
6877,73,HU,17,2,0.20762,RISK_DASHBOARD,2022-03-31
6878,73,HU,18,2,0.194071,RISK_DASHBOARD,2022-06-30
6879,73,HU,19,2,0.193477,RISK_DASHBOARD,2022-09-30
6880,73,HU,20,2,0.192208,RISK_DASHBOARD,2022-12-31
6881,73,HU,21,2,0.154438,RISK_DASHBOARD,2023-03-31
6882,73,HU,22,2,0.193455,RISK_DASHBOARD,2023-06-30
6883,73,HU,23,2,0.166086,RISK_DASHBOARD,2023-09-30
6884,73,HU,24,2,0.17939,RISK_DASHBOARD,2023-12-31
6885,73,HU,25,2,0.196501,RISK_DASHBOARD,2024-03-31
6886,73,HU,26,2,0.209504,RISK_DASHBOARD,2024-06-30
6887,73,HU,27,2,0.160056,RISK_DASHBOARD,2024-09-30
6888,73,HU,28,2,0.205028,RISK_DASHBOARD,2024-12-31
6889,74,IE,1,2,0.206748,RISK_DASHBOARD,2018-03-31
6890,74,IE,2,2,0.215022,RISK_DASHBOARD,2018-06-30
6891,74,IE,3,2,0.216001,RISK_DASHBOARD,2018-09-30
6892,74,IE,4,2,0.219664,RISK_DASHBOARD,2018-12-31
6893,74,IE,5,2,0.167245,RISK_DASHBOARD,2019-03-31
6894,74,IE,6,2,0.206682,RISK_DASHBOARD,2019-06-30
6895,74,IE,7,2,0.164016,RISK_DASHBOARD,2019-09-30
6896,74,IE,8,2,0.195303,RISK_DASHBOARD,2019-12-31
6897,74,IE,9,2,0.178519,RISK_DASHBOARD,2020-03-31
6898,74,IE,10,2,0.183353,RISK_DASHBOARD,2020-06-30
6899,74,IE,11,2,0.200095,RISK_DASHBOARD,2020-09-30
6900,74,IE,12,2,0.21288,RISK_DASHBOARD,2020-12-31
6901,74,IE,13,2,0.194603,RISK_DASHBOARD,2021-03-31
6902,74,IE,14,2,0.187779,RISK_DASHBOARD,2021-06-30
6903,74,IE,15,2,0.198452,RISK_DASHBOARD,2021-09-30
6904,74,IE,16,2,0.191112,RISK_DASHBOARD,2021-12-31
6905,74,IE,17,2,0.175033,RISK_DASHBOARD,2022-03-31
6906,74,IE,18,2,0.198441,RISK_DASHBOARD,2022-06-30
6907,74,IE,19,2,0.221114,RISK_DASHBOARD,2022-09-30
6908,74,IE,20,2,0.181392,RISK_DASHBOARD,2022-12-31
6909,74,IE,21,2,0.168955,RISK_DASHBOARD,2023-03-31
6910,74,IE,22,2,0.174248,RISK_DASHBOARD,2023-06-30
6911,74,IE,23,2,0.21631,RISK_DASHBOARD,2023-09-30
6912,74,IE,24,2,0.176549,RISK_DASHBOARD,2023-12-31
6913,74,IE,25,2,0.166195,RISK_DASHBOARD,2024-03-31
6914,74,IE,26,2,0.163466,RISK_DASHBOARD,2024-06-30
6915,74,IE,27,2,0.193806,RISK_DASHBOARD,2024-09-30
6916,74,IE,28,2,0.196216,RISK_DASHBOARD,2024-12-31
6917,75,IT,1,2,0.185627,RISK_DASHBOARD,2018-03-31
6918,75,IT,2,2,0.220324,RISK_DASHBOARD,2018-06-30
6919,75,IT,3,2,0.219592,RISK_DASHBOARD,2018-09-30
6920,75,IT,4,2,0.187182,RISK_DASHBOARD,2018-12-31
6921,75,IT,5,2,0.203494,RISK_DASHBOARD,2019-03-31
6922,75,IT,6,2,0.16888,RISK_DASHBOARD,2019-06-30
6923,75,IT,7,2,0.184509,RISK_DASHBOARD,2019-09-30
6924,75,IT,8,2,0.198635,RISK_DASHBOARD,2019-12-31
6925,75,IT,9,2,0.180879,RISK_DASHBOARD,2020-03-31
6926,75,IT,10,2,0.175398,RISK_DASHBOARD,2020-06-30
6927,75,IT,11,2,0.186785,RISK_DASHBOARD,2020-09-30
6928,75,IT,12,2,0.204321,RISK_DASHBOARD,2020-12-31
6929,75,IT,13,2,0.180982,RISK_DASHBOARD,2021-03-31
6930,75,IT,14,2,0.191229,RISK_DASHBOARD,2021-06-30
6931,75,IT,15,2,0.165533,RISK_DASHBOARD,2021-09-30
6932,75,IT,16,2,0.207874,RISK_DASHBOARD,2021-12-31
6933,75,IT,17,2,0.211541,RISK_DASHBOARD,2022-03-31
6934,75,IT,18,2,0.213382,RISK_DASHBOARD,2022-06-30
6935,75,IT,19,2,0.189761,RISK_DASHBOARD,2022-09-30
6936,75,IT,20,2,0.180091,RISK_DASHBOARD,2022-12-31
6937,75,IT,21,2,0.205442,RISK_DASHBOARD,2023-03-31
6938,75,IT,22,2,0.183107,RISK_DASHBOARD,2023-06-30
6939,75,IT,23,2,0.165941,RISK_DASHBOARD,2023-09-30
6940,75,IT,24,2,0.20318,RISK_DASHBOARD,2023-12-31
6941,75,IT,25,2,0.209248,RISK_DASHBOARD,2024-03-31
6942,75,IT,26,2,0.211925,RISK_DASHBOARD,2024-06-30
6943,75,IT,27,2,0.203329,RISK_DASHBOARD,2024-09-30
6944,75,IT,28,2,0.210126,RISK_DASHBOARD,2024-12-31
6945,76,LT,1,2,0.196175,RISK_DASHBOARD,2018-03-31
6946,76,LT,2,2,0.161749,RISK_DASHBOARD,2018-06-30
6947,76,LT,3,2,0.174245,RISK_DASHBOARD,2018-09-30
6948,76,LT,4,2,0.182086,RISK_DASHBOARD,2018-12-31
6949,76,LT,5,2,0.198898,RISK_DASHBOARD,2019-03-31
6950,76,LT,6,2,0.184545,RISK_DASHBOARD,2019-06-30
6951,76,LT,7,2,0.194194,RISK_DASHBOARD,2019-09-30
6952,76,LT,8,2,0.206674,RISK_DASHBOARD,2019-12-31
6953,76,LT,9,2,0.215025,RISK_DASHBOARD,2020-03-31
6954,76,LT,10,2,0.161863,RISK_DASHBOARD,2020-06-30
6955,76,LT,11,2,0.197638,RISK_DASHBOARD,2020-09-30
6956,76,LT,12,2,0.195389,RISK_DASHBOARD,2020-12-31
6957,76,LT,13,2,0.167803,RISK_DASHBOARD,2021-03-31
6958,76,LT,14,2,0.162934,RISK_DASHBOARD,2021-06-30
6959,76,LT,15,2,0.159905,RISK_DASHBOARD,2021-09-30
6960,76,LT,16,2,0.183411,RISK_DASHBOARD,2021-12-31
6961,76,LT,17,2,0.209178,RISK_DASHBOARD,2022-03-31
6962,76,LT,18,2,0.183246,RISK_DASHBOARD,2022-06-30
6963,76,LT,19,2,0.192633,RISK_DASHBOARD,2022-09-30
6964,76,LT,20,2,0.176855,RISK_DASHBOARD,2022-12-31
6965,76,LT,21,2,0.182701,RISK_DASHBOARD,2023-03-31
6966,76,LT,22,2,0.174322,RISK_DASHBOARD,2023-06-30
6967,76,LT,23,2,0.167231,RISK_DASHBOARD,2023-09-30
6968,76,LT,24,2,0.183246,RISK_DASHBOARD,2023-12-31
6969,76,LT,25,2,0.2108,RISK_DASHBOARD,2024-03-31
6970,76,LT,26,2,0.208169,RISK_DASHBOARD,2024-06-30
6971,76,LT,27,2,0.171983,RISK_DASHBOARD,2024-09-30
6972,76,LT,28,2,0.175559,RISK_DASHBOARD,2024-12-31
6973,77,LU,1,2,0.178092,RISK_DASHBOARD,2018-03-31
6974,77,LU,2,2,0.179307,RISK_DASHBOARD,2018-06-30
6975,77,LU,3,2,0.149843,RISK_DASHBOARD,2018-09-30
6976,77,LU,4,2,0.134422,RISK_DASHBOARD,2018-12-31
6977,77,LU,5,2,0.15329,RISK_DASHBOARD,2019-03-31
6978,77,LU,6,2,0.139573,RISK_DASHBOARD,2019-06-30
6979,77,LU,7,2,0.148161,RISK_DASHBOARD,2019-09-30
6980,77,LU,8,2,0.153727,RISK_DASHBOARD,2019-12-31
6981,77,LU,9,2,0.140833,RISK_DASHBOARD,2020-03-31
6982,77,LU,10,2,0.16531,RISK_DASHBOARD,2020-06-30
6983,77,LU,11,2,0.160997,RISK_DASHBOARD,2020-09-30
6984,77,LU,12,2,0.138184,RISK_DASHBOARD,2020-12-31
6985,77,LU,13,2,0.181144,RISK_DASHBOARD,2021-03-31
6986,77,LU,14,2,0.134304,RISK_DASHBOARD,2021-06-30
6987,77,LU,15,2,0.137362,RISK_DASHBOARD,2021-09-30
6988,77,LU,16,2,0.15906,RISK_DASHBOARD,2021-12-31
6989,77,LU,17,2,0.154534,RISK_DASHBOARD,2022-03-31
6990,77,LU,18,2,0.185931,RISK_DASHBOARD,2022-06-30
6991,77,LU,19,2,0.170358,RISK_DASHBOARD,2022-09-30
6992,77,LU,20,2,0.161976,RISK_DASHBOARD,2022-12-31
6993,77,LU,21,2,0.181848,RISK_DASHBOARD,2023-03-31
6994,77,LU,22,2,0.168799,RISK_DASHBOARD,2023-06-30
6995,77,LU,23,2,0.171347,RISK_DASHBOARD,2023-09-30
6996,77,LU,24,2,0.130126,RISK_DASHBOARD,2023-12-31
6997,77,LU,25,2,0.139197,RISK_DASHBOARD,2024-03-31
6998,77,LU,26,2,0.160957,RISK_DASHBOARD,2024-06-30
6999,77,LU,27,2,0.132864,RISK_DASHBOARD,2024-09-30
7000,77,LU,28,2,0.127425,RISK_DASHBOARD,2024-12-31
7001,78,LV,1,2,0.161462,RISK_DASHBOARD,2018-03-31
7002,78,LV,2,2,0.159185,RISK_DASHBOARD,2018-06-30
7003,78,LV,3,2,0.165371,RISK_DASHBOARD,2018-09-30
7004,78,LV,4,2,0.20886,RISK_DASHBOARD,2018-12-31
7005,78,LV,5,2,0.18002,RISK_DASHBOARD,2019-03-31
7006,78,LV,6,2,0.202817,RISK_DASHBOARD,2019-06-30
7007,78,LV,7,2,0.197783,RISK_DASHBOARD,2019-09-30
7008,78,LV,8,2,0.169701,RISK_DASHBOARD,2019-12-31
7009,78,LV,9,2,0.174919,RISK_DASHBOARD,2020-03-31
7010,78,LV,10,2,0.176804,RISK_DASHBOARD,2020-06-30
7011,78,LV,11,2,0.168043,RISK_DASHBOARD,2020-09-30
7012,78,LV,12,2,0.165192,RISK_DASHBOARD,2020-12-31
7013,78,LV,13,2,0.160541,RISK_DASHBOARD,2021-03-31
7014,78,LV,14,2,0.156024,RISK_DASHBOARD,2021-06-30
7015,78,LV,15,2,0.176466,RISK_DASHBOARD,2021-09-30
7016,78,LV,16,2,0.200712,RISK_DASHBOARD,2021-12-31
7017,78,LV,17,2,0.180517,RISK_DASHBOARD,2022-03-31
7018,78,LV,18,2,0.164764,RISK_DASHBOARD,2022-06-30
7019,78,LV,19,2,0.183667,RISK_DASHBOARD,2022-09-30
7020,78,LV,20,2,0.198079,RISK_DASHBOARD,2022-12-31
7021,78,LV,21,2,0.207665,RISK_DASHBOARD,2023-03-31
7022,78,LV,22,2,0.156036,RISK_DASHBOARD,2023-06-30
7023,78,LV,23,2,0.158762,RISK_DASHBOARD,2023-09-30
7024,78,LV,24,2,0.166072,RISK_DASHBOARD,2023-12-31
7025,78,LV,25,2,0.16444,RISK_DASHBOARD,2024-03-31
7026,78,LV,26,2,0.184315,RISK_DASHBOARD,2024-06-30
7027,78,LV,27,2,0.178614,RISK_DASHBOARD,2024-09-30
7028,78,LV,28,2,0.154956,RISK_DASHBOARD,2024-12-31
7029,79,MT,1,2,0.178722,RISK_DASHBOARD,2018-03-31
7030,79,MT,2,2,0.172327,RISK_DASHBOARD,2018-06-30
7031,79,MT,3,2,0.17364,RISK_DASHBOARD,2018-09-30
7032,79,MT,4,2,0.201941,RISK_DASHBOARD,2018-12-31
7033,79,MT,5,2,0.154797,RISK_DASHBOARD,2019-03-31
7034,79,MT,6,2,0.195262,RISK_DASHBOARD,2019-06-30
7035,79,MT,7,2,0.17976,RISK_DASHBOARD,2019-09-30
7036,79,MT,8,2,0.180701,RISK_DASHBOARD,2019-12-31
7037,79,MT,9,2,0.158678,RISK_DASHBOARD,2020-03-31
7038,79,MT,10,2,0.191536,RISK_DASHBOARD,2020-06-30
7039,79,MT,11,2,0.175902,RISK_DASHBOARD,2020-09-30
7040,79,MT,12,2,0.180137,RISK_DASHBOARD,2020-12-31
7041,79,MT,13,2,0.20236,RISK_DASHBOARD,2021-03-31
7042,79,MT,14,2,0.167221,RISK_DASHBOARD,2021-06-30
7043,79,MT,15,2,0.190152,RISK_DASHBOARD,2021-09-30
7044,79,MT,16,2,0.189604,RISK_DASHBOARD,2021-12-31
7045,79,MT,17,2,0.166471,RISK_DASHBOARD,2022-03-31
7046,79,MT,18,2,0.205565,RISK_DASHBOARD,2022-06-30
7047,79,MT,19,2,0.195643,RISK_DASHBOARD,2022-09-30
7048,79,MT,20,2,0.161882,RISK_DASHBOARD,2022-12-31
7049,79,MT,21,2,0.152129,RISK_DASHBOARD,2023-03-31
7050,79,MT,22,2,0.155436,RISK_DASHBOARD,2023-06-30
7051,79,MT,23,2,0.180393,RISK_DASHBOARD,2023-09-30
7052,79,MT,24,2,0.153468,RISK_DASHBOARD,2023-12-31
7053,79,MT,25,2,0.165962,RISK_DASHBOARD,2024-03-31
7054,79,MT,26,2,0.18342,RISK_DASHBOARD,2024-06-30
7055,79,MT,27,2,0.18725,RISK_DASHBOARD,2024-09-30
7056,79,MT,28,2,0.166187,RISK_DASHBOARD,2024-12-31
7057,80,NL,1,2,0.220333,RISK_DASHBOARD,2018-03-31
7058,80,NL,2,2,0.180284,RISK_DASHBOARD,2018-06-30
7059,80,NL,3,2,0.219995,RISK_DASHBOARD,2018-09-30
7060,80,NL,4,2,0.184136,RISK_DASHBOARD,2018-12-31
7061,80,NL,5,2,0.200649,RISK_DASHBOARD,2019-03-31
7062,80,NL,6,2,0.176072,RISK_DASHBOARD,2019-06-30
7063,80,NL,7,2,0.204804,RISK_DASHBOARD,2019-09-30
7064,80,NL,8,2,0.193802,RISK_DASHBOARD,2019-12-31
7065,80,NL,9,2,0.165575,RISK_DASHBOARD,2020-03-31
7066,80,NL,10,2,0.195495,RISK_DASHBOARD,2020-06-30
7067,80,NL,11,2,0.170999,RISK_DASHBOARD,2020-09-30
7068,80,NL,12,2,0.220718,RISK_DASHBOARD,2020-12-31
7069,80,NL,13,2,0.221489,RISK_DASHBOARD,2021-03-31
7070,80,NL,14,2,0.20782,RISK_DASHBOARD,2021-06-30
7071,80,NL,15,2,0.208209,RISK_DASHBOARD,2021-09-30
7072,80,NL,16,2,0.217141,RISK_DASHBOARD,2021-12-31
7073,80,NL,17,2,0.204281,RISK_DASHBOARD,2022-03-31
7074,80,NL,18,2,0.203888,RISK_DASHBOARD,2022-06-30
7075,80,NL,19,2,0.183106,RISK_DASHBOARD,2022-09-30
7076,80,NL,20,2,0.170682,RISK_DASHBOARD,2022-12-31
7077,80,NL,21,2,0.196741,RISK_DASHBOARD,2023-03-31
7078,80,NL,22,2,0.164529,RISK_DASHBOARD,2023-06-30
7079,80,NL,23,2,0.204661,RISK_DASHBOARD,2023-09-30
7080,80,NL,24,2,0.201453,RISK_DASHBOARD,2023-12-31
7081,80,NL,25,2,0.219207,RISK_DASHBOARD,2024-03-31
7082,80,NL,26,2,0.189003,RISK_DASHBOARD,2024-06-30
7083,80,NL,27,2,0.189002,RISK_DASHBOARD,2024-09-30
7084,80,NL,28,2,0.201092,RISK_DASHBOARD,2024-12-31
7085,81,NO,1,2,0.136491,RISK_DASHBOARD,2018-03-31
7086,81,NO,2,2,0.150417,RISK_DASHBOARD,2018-06-30
7087,81,NO,3,2,0.158823,RISK_DASHBOARD,2018-09-30
7088,81,NO,4,2,0.145856,RISK_DASHBOARD,2018-12-31
7089,81,NO,5,2,0.139815,RISK_DASHBOARD,2019-03-31
7090,81,NO,6,2,0.161278,RISK_DASHBOARD,2019-06-30
7091,81,NO,7,2,0.164587,RISK_DASHBOARD,2019-09-30
7092,81,NO,8,2,0.140785,RISK_DASHBOARD,2019-12-31
7093,81,NO,9,2,0.147238,RISK_DASHBOARD,2020-03-31
7094,81,NO,10,2,0.142785,RISK_DASHBOARD,2020-06-30
7095,81,NO,11,2,0.164413,RISK_DASHBOARD,2020-09-30
7096,81,NO,12,2,0.186745,RISK_DASHBOARD,2020-12-31
7097,81,NO,13,2,0.18596,RISK_DASHBOARD,2021-03-31
7098,81,NO,14,2,0.139979,RISK_DASHBOARD,2021-06-30
7099,81,NO,15,2,0.161071,RISK_DASHBOARD,2021-09-30
7100,81,NO,16,2,0.185299,RISK_DASHBOARD,2021-12-31
7101,81,NO,17,2,0.177552,RISK_DASHBOARD,2022-03-31
7102,81,NO,18,2,0.185018,RISK_DASHBOARD,2022-06-30
7103,81,NO,19,2,0.175573,RISK_DASHBOARD,2022-09-30
7104,81,NO,20,2,0.180349,RISK_DASHBOARD,2022-12-31
7105,81,NO,21,2,0.149537,RISK_DASHBOARD,2023-03-31
7106,81,NO,22,2,0.175029,RISK_DASHBOARD,2023-06-30
7107,81,NO,23,2,0.18252,RISK_DASHBOARD,2023-09-30
7108,81,NO,24,2,0.163064,RISK_DASHBOARD,2023-12-31
7109,81,NO,25,2,0.157818,RISK_DASHBOARD,2024-03-31
7110,81,NO,26,2,0.184937,RISK_DASHBOARD,2024-06-30
7111,81,NO,27,2,0.151479,RISK_DASHBOARD,2024-09-30
7112,81,NO,28,2,0.153609,RISK_DASHBOARD,2024-12-31
7113,82,PL,1,2,0.16744,RISK_DASHBOARD,2018-03-31
7114,82,PL,2,2,0.16485,RISK_DASHBOARD,2018-06-30
7115,82,PL,3,2,0.184141,RISK_DASHBOARD,2018-09-30
7116,82,PL,4,2,0.146233,RISK_DASHBOARD,2018-12-31
7117,82,PL,5,2,0.196284,RISK_DASHBOARD,2019-03-31
7118,82,PL,6,2,0.162585,RISK_DASHBOARD,2019-06-30
7119,82,PL,7,2,0.15214,RISK_DASHBOARD,2019-09-30
7120,82,PL,8,2,0.14012,RISK_DASHBOARD,2019-12-31
7121,82,PL,9,2,0.177853,RISK_DASHBOARD,2020-03-31
7122,82,PL,10,2,0.160062,RISK_DASHBOARD,2020-06-30
7123,82,PL,11,2,0.140175,RISK_DASHBOARD,2020-09-30
7124,82,PL,12,2,0.197415,RISK_DASHBOARD,2020-12-31
7125,82,PL,13,2,0.178229,RISK_DASHBOARD,2021-03-31
7126,82,PL,14,2,0.141163,RISK_DASHBOARD,2021-06-30
7127,82,PL,15,2,0.163104,RISK_DASHBOARD,2021-09-30
7128,82,PL,16,2,0.157765,RISK_DASHBOARD,2021-12-31
7129,82,PL,17,2,0.1581,RISK_DASHBOARD,2022-03-31
7130,82,PL,18,2,0.161449,RISK_DASHBOARD,2022-06-30
7131,82,PL,19,2,0.179342,RISK_DASHBOARD,2022-09-30
7132,82,PL,20,2,0.147232,RISK_DASHBOARD,2022-12-31
7133,82,PL,21,2,0.170045,RISK_DASHBOARD,2023-03-31
7134,82,PL,22,2,0.157443,RISK_DASHBOARD,2023-06-30
7135,82,PL,23,2,0.174551,RISK_DASHBOARD,2023-09-30
7136,82,PL,24,2,0.14372,RISK_DASHBOARD,2023-12-31
7137,82,PL,25,2,0.172242,RISK_DASHBOARD,2024-03-31
7138,82,PL,26,2,0.17923,RISK_DASHBOARD,2024-06-30
7139,82,PL,27,2,0.194298,RISK_DASHBOARD,2024-09-30
7140,82,PL,28,2,0.140173,RISK_DASHBOARD,2024-12-31
7141,83,PT,1,2,0.210548,RISK_DASHBOARD,2018-03-31
7142,83,PT,2,2,0.169923,RISK_DASHBOARD,2018-06-30
7143,83,PT,3,2,0.16205,RISK_DASHBOARD,2018-09-30
7144,83,PT,4,2,0.206968,RISK_DASHBOARD,2018-12-31
7145,83,PT,5,2,0.169807,RISK_DASHBOARD,2019-03-31
7146,83,PT,6,2,0.159151,RISK_DASHBOARD,2019-06-30
7147,83,PT,7,2,0.174487,RISK_DASHBOARD,2019-09-30
7148,83,PT,8,2,0.194039,RISK_DASHBOARD,2019-12-31
7149,83,PT,9,2,0.181002,RISK_DASHBOARD,2020-03-31
7150,83,PT,10,2,0.176086,RISK_DASHBOARD,2020-06-30
7151,83,PT,11,2,0.217665,RISK_DASHBOARD,2020-09-30
7152,83,PT,12,2,0.214013,RISK_DASHBOARD,2020-12-31
7153,83,PT,13,2,0.192749,RISK_DASHBOARD,2021-03-31
7154,83,PT,14,2,0.164966,RISK_DASHBOARD,2021-06-30
7155,83,PT,15,2,0.178116,RISK_DASHBOARD,2021-09-30
7156,83,PT,16,2,0.162594,RISK_DASHBOARD,2021-12-31
7157,83,PT,17,2,0.198621,RISK_DASHBOARD,2022-03-31
7158,83,PT,18,2,0.158776,RISK_DASHBOARD,2022-06-30
7159,83,PT,19,2,0.181935,RISK_DASHBOARD,2022-09-30
7160,83,PT,20,2,0.201081,RISK_DASHBOARD,2022-12-31
7161,83,PT,21,2,0.192612,RISK_DASHBOARD,2023-03-31
7162,83,PT,22,2,0.18015,RISK_DASHBOARD,2023-06-30
7163,83,PT,23,2,0.207843,RISK_DASHBOARD,2023-09-30
7164,83,PT,24,2,0.210805,RISK_DASHBOARD,2023-12-31
7165,83,PT,25,2,0.183042,RISK_DASHBOARD,2024-03-31
7166,83,PT,26,2,0.175449,RISK_DASHBOARD,2024-06-30
7167,83,PT,27,2,0.213572,RISK_DASHBOARD,2024-09-30
7168,83,PT,28,2,0.166308,RISK_DASHBOARD,2024-12-31
7169,84,RO,1,2,0.178284,RISK_DASHBOARD,2018-03-31
7170,84,RO,2,2,0.178799,RISK_DASHBOARD,2018-06-30
7171,84,RO,3,2,0.208001,RISK_DASHBOARD,2018-09-30
7172,84,RO,4,2,0.184986,RISK_DASHBOARD,2018-12-31
7173,84,RO,5,2,0.207028,RISK_DASHBOARD,2019-03-31
7174,84,RO,6,2,0.197342,RISK_DASHBOARD,2019-06-30
7175,84,RO,7,2,0.165075,RISK_DASHBOARD,2019-09-30
7176,84,RO,8,2,0.172074,RISK_DASHBOARD,2019-12-31
7177,84,RO,9,2,0.193283,RISK_DASHBOARD,2020-03-31
7178,84,RO,10,2,0.179104,RISK_DASHBOARD,2020-06-30
7179,84,RO,11,2,0.204759,RISK_DASHBOARD,2020-09-30
7180,84,RO,12,2,0.194945,RISK_DASHBOARD,2020-12-31
7181,84,RO,13,2,0.201802,RISK_DASHBOARD,2021-03-31
7182,84,RO,14,2,0.217083,RISK_DASHBOARD,2021-06-30
7183,84,RO,15,2,0.168716,RISK_DASHBOARD,2021-09-30
7184,84,RO,16,2,0.175035,RISK_DASHBOARD,2021-12-31
7185,84,RO,17,2,0.213513,RISK_DASHBOARD,2022-03-31
7186,84,RO,18,2,0.179749,RISK_DASHBOARD,2022-06-30
7187,84,RO,19,2,0.171568,RISK_DASHBOARD,2022-09-30
7188,84,RO,20,2,0.212449,RISK_DASHBOARD,2022-12-31
7189,84,RO,21,2,0.194291,RISK_DASHBOARD,2023-03-31
7190,84,RO,22,2,0.218296,RISK_DASHBOARD,2023-06-30
7191,84,RO,23,2,0.200004,RISK_DASHBOARD,2023-09-30
7192,84,RO,24,2,0.176695,RISK_DASHBOARD,2023-12-31
7193,84,RO,25,2,0.199467,RISK_DASHBOARD,2024-03-31
7194,84,RO,26,2,0.174988,RISK_DASHBOARD,2024-06-30
7195,84,RO,27,2,0.200899,RISK_DASHBOARD,2024-09-30
7196,84,RO,28,2,0.213535,RISK_DASHBOARD,2024-12-31
7197,85,SE,1,2,0.159247,RISK_DASHBOARD,2018-03-31
7198,85,SE,2,2,0.152807,RISK_DASHBOARD,2018-06-30
7199,85,SE,3,2,0.169707,RISK_DASHBOARD,2018-09-30
7200,85,SE,4,2,0.1801,RISK_DASHBOARD,2018-12-31
7201,85,SE,5,2,0.187306,RISK_DASHBOARD,2019-03-31
7202,85,SE,6,2,0.181378,RISK_DASHBOARD,2019-06-30
7203,85,SE,7,2,0.170574,RISK_DASHBOARD,2019-09-30
7204,85,SE,8,2,0.141807,RISK_DASHBOARD,2019-12-31
7205,85,SE,9,2,0.179238,RISK_DASHBOARD,2020-03-31
7206,85,SE,10,2,0.155219,RISK_DASHBOARD,2020-06-30
7207,85,SE,11,2,0.192677,RISK_DASHBOARD,2020-09-30
7208,85,SE,12,2,0.140591,RISK_DASHBOARD,2020-12-31
7209,85,SE,13,2,0.140549,RISK_DASHBOARD,2021-03-31
7210,85,SE,14,2,0.162676,RISK_DASHBOARD,2021-06-30
7211,85,SE,15,2,0.160062,RISK_DASHBOARD,2021-09-30
7212,85,SE,16,2,0.186106,RISK_DASHBOARD,2021-12-31
7213,85,SE,17,2,0.156142,RISK_DASHBOARD,2022-03-31
7214,85,SE,18,2,0.15138,RISK_DASHBOARD,2022-06-30
7215,85,SE,19,2,0.183745,RISK_DASHBOARD,2022-09-30
7216,85,SE,20,2,0.178158,RISK_DASHBOARD,2022-12-31
7217,85,SE,21,2,0.194489,RISK_DASHBOARD,2023-03-31
7218,85,SE,22,2,0.161397,RISK_DASHBOARD,2023-06-30
7219,85,SE,23,2,0.185821,RISK_DASHBOARD,2023-09-30
7220,85,SE,24,2,0.179675,RISK_DASHBOARD,2023-12-31
7221,85,SE,25,2,0.151928,RISK_DASHBOARD,2024-03-31
7222,85,SE,26,2,0.1899,RISK_DASHBOARD,2024-06-30
7223,85,SE,27,2,0.162645,RISK_DASHBOARD,2024-09-30
7224,85,SE,28,2,0.145172,RISK_DASHBOARD,2024-12-31
7225,86,SI,1,2,0.156478,RISK_DASHBOARD,2018-03-31
7226,86,SI,2,2,0.154699,RISK_DASHBOARD,2018-06-30
7227,86,SI,3,2,0.202473,RISK_DASHBOARD,2018-09-30
7228,86,SI,4,2,0.186173,RISK_DASHBOARD,2018-12-31
7229,86,SI,5,2,0.186544,RISK_DASHBOARD,2019-03-31
7230,86,SI,6,2,0.202953,RISK_DASHBOARD,2019-06-30
7231,86,SI,7,2,0.179598,RISK_DASHBOARD,2019-09-30
7232,86,SI,8,2,0.14359,RISK_DASHBOARD,2019-12-31
7233,86,SI,9,2,0.186741,RISK_DASHBOARD,2020-03-31
7234,86,SI,10,2,0.166189,RISK_DASHBOARD,2020-06-30
7235,86,SI,11,2,0.169741,RISK_DASHBOARD,2020-09-30
7236,86,SI,12,2,0.200932,RISK_DASHBOARD,2020-12-31
7237,86,SI,13,2,0.159008,RISK_DASHBOARD,2021-03-31
7238,86,SI,14,2,0.170714,RISK_DASHBOARD,2021-06-30
7239,86,SI,15,2,0.185412,RISK_DASHBOARD,2021-09-30
7240,86,SI,16,2,0.144419,RISK_DASHBOARD,2021-12-31
7241,86,SI,17,2,0.193382,RISK_DASHBOARD,2022-03-31
7242,86,SI,18,2,0.145417,RISK_DASHBOARD,2022-06-30
7243,86,SI,19,2,0.182016,RISK_DASHBOARD,2022-09-30
7244,86,SI,20,2,0.188815,RISK_DASHBOARD,2022-12-31
7245,86,SI,21,2,0.145053,RISK_DASHBOARD,2023-03-31
7246,86,SI,22,2,0.198226,RISK_DASHBOARD,2023-06-30
7247,86,SI,23,2,0.15623,RISK_DASHBOARD,2023-09-30
7248,86,SI,24,2,0.1502,RISK_DASHBOARD,2023-12-31
7249,86,SI,25,2,0.177194,RISK_DASHBOARD,2024-03-31
7250,86,SI,26,2,0.175896,RISK_DASHBOARD,2024-06-30
7251,86,SI,27,2,0.187318,RISK_DASHBOARD,2024-09-30
7252,86,SI,28,2,0.171146,RISK_DASHBOARD,2024-12-31
7253,87,SK,1,2,0.150729,RISK_DASHBOARD,2018-03-31
7254,87,SK,2,2,0.163997,RISK_DASHBOARD,2018-06-30
7255,87,SK,3,2,0.151394,RISK_DASHBOARD,2018-09-30
7256,87,SK,4,2,0.148738,RISK_DASHBOARD,2018-12-31
7257,87,SK,5,2,0.167246,RISK_DASHBOARD,2019-03-31
7258,87,SK,6,2,0.152917,RISK_DASHBOARD,2019-06-30
7259,87,SK,7,2,0.179717,RISK_DASHBOARD,2019-09-30
7260,87,SK,8,2,0.167661,RISK_DASHBOARD,2019-12-31
7261,87,SK,9,2,0.192138,RISK_DASHBOARD,2020-03-31
7262,87,SK,10,2,0.192821,RISK_DASHBOARD,2020-06-30
7263,87,SK,11,2,0.178847,RISK_DASHBOARD,2020-09-30
7264,87,SK,12,2,0.145222,RISK_DASHBOARD,2020-12-31
7265,87,SK,13,2,0.168044,RISK_DASHBOARD,2021-03-31
7266,87,SK,14,2,0.178612,RISK_DASHBOARD,2021-06-30
7267,87,SK,15,2,0.159342,RISK_DASHBOARD,2021-09-30
7268,87,SK,16,2,0.196926,RISK_DASHBOARD,2021-12-31
7269,87,SK,17,2,0.159347,RISK_DASHBOARD,2022-03-31
7270,87,SK,18,2,0.193376,RISK_DASHBOARD,2022-06-30
7271,87,SK,19,2,0.193402,RISK_DASHBOARD,2022-09-30
7272,87,SK,20,2,0.17635,RISK_DASHBOARD,2022-12-31
7273,87,SK,21,2,0.172135,RISK_DASHBOARD,2023-03-31
7274,87,SK,22,2,0.1583,RISK_DASHBOARD,2023-06-30
7275,87,SK,23,2,0.175026,RISK_DASHBOARD,2023-09-30
7276,87,SK,24,2,0.153562,RISK_DASHBOARD,2023-12-31
7277,87,SK,25,2,0.142708,RISK_DASHBOARD,2024-03-31
7278,87,SK,26,2,0.149997,RISK_DASHBOARD,2024-06-30
7279,87,SK,27,2,0.155619,RISK_DASHBOARD,2024-09-30
7280,87,SK,28,2,0.196646,RISK_DASHBOARD,2024-12-31
7281,62,AT,1,3,0.172328,RISK_DASHBOARD,2018-03-31
7282,62,AT,2,3,0.180429,RISK_DASHBOARD,2018-06-30
7283,62,AT,3,3,0.21407,RISK_DASHBOARD,2018-09-30
7284,62,AT,4,3,0.174678,RISK_DASHBOARD,2018-12-31
7285,62,AT,5,3,0.215671,RISK_DASHBOARD,2019-03-31
7286,62,AT,6,3,0.21826,RISK_DASHBOARD,2019-06-30
7287,62,AT,7,3,0.218342,RISK_DASHBOARD,2019-09-30
7288,62,AT,8,3,0.229873,RISK_DASHBOARD,2019-12-31
7289,62,AT,9,3,0.212581,RISK_DASHBOARD,2020-03-31
7290,62,AT,10,3,0.172992,RISK_DASHBOARD,2020-06-30
7291,62,AT,11,3,0.175993,RISK_DASHBOARD,2020-09-30
7292,62,AT,12,3,0.189545,RISK_DASHBOARD,2020-12-31
7293,62,AT,13,3,0.217837,RISK_DASHBOARD,2021-03-31
7294,62,AT,14,3,0.173113,RISK_DASHBOARD,2021-06-30
7295,62,AT,15,3,0.204995,RISK_DASHBOARD,2021-09-30
7296,62,AT,16,3,0.208257,RISK_DASHBOARD,2021-12-31
7297,62,AT,17,3,0.200028,RISK_DASHBOARD,2022-03-31
7298,62,AT,18,3,0.20259,RISK_DASHBOARD,2022-06-30
7299,62,AT,19,3,0.216084,RISK_DASHBOARD,2022-09-30
7300,62,AT,20,3,0.200238,RISK_DASHBOARD,2022-12-31
7301,62,AT,21,3,0.185515,RISK_DASHBOARD,2023-03-31
7302,62,AT,22,3,0.174302,RISK_DASHBOARD,2023-06-30
7303,62,AT,23,3,0.174388,RISK_DASHBOARD,2023-09-30
7304,62,AT,24,3,0.204836,RISK_DASHBOARD,2023-12-31
7305,62,AT,25,3,0.197505,RISK_DASHBOARD,2024-03-31
7306,62,AT,26,3,0.222809,RISK_DASHBOARD,2024-06-30
7307,62,AT,27,3,0.189679,RISK_DASHBOARD,2024-09-30
7308,62,AT,28,3,0.218796,RISK_DASHBOARD,2024-12-31
7309,63,BE,1,3,0.190743,RISK_DASHBOARD,2018-03-31
7310,63,BE,2,3,0.166001,RISK_DASHBOARD,2018-06-30
7311,63,BE,3,3,0.182588,RISK_DASHBOARD,2018-09-30
7312,63,BE,4,3,0.199611,RISK_DASHBOARD,2018-12-31
7313,63,BE,5,3,0.186993,RISK_DASHBOARD,2019-03-31
7314,63,BE,6,3,0.174659,RISK_DASHBOARD,2019-06-30
7315,63,BE,7,3,0.202757,RISK_DASHBOARD,2019-09-30
7316,63,BE,8,3,0.160941,RISK_DASHBOARD,2019-12-31
7317,63,BE,9,3,0.178498,RISK_DASHBOARD,2020-03-31
7318,63,BE,10,3,0.190145,RISK_DASHBOARD,2020-06-30
7319,63,BE,11,3,0.163963,RISK_DASHBOARD,2020-09-30
7320,63,BE,12,3,0.186342,RISK_DASHBOARD,2020-12-31
7321,63,BE,13,3,0.176332,RISK_DASHBOARD,2021-03-31
7322,63,BE,14,3,0.184298,RISK_DASHBOARD,2021-06-30
7323,63,BE,15,3,0.159563,RISK_DASHBOARD,2021-09-30
7324,63,BE,16,3,0.167595,RISK_DASHBOARD,2021-12-31
7325,63,BE,17,3,0.175723,RISK_DASHBOARD,2022-03-31
7326,63,BE,18,3,0.213811,RISK_DASHBOARD,2022-06-30
7327,63,BE,19,3,0.215423,RISK_DASHBOARD,2022-09-30
7328,63,BE,20,3,0.186817,RISK_DASHBOARD,2022-12-31
7329,63,BE,21,3,0.166592,RISK_DASHBOARD,2023-03-31
7330,63,BE,22,3,0.201981,RISK_DASHBOARD,2023-06-30
7331,63,BE,23,3,0.17541,RISK_DASHBOARD,2023-09-30
7332,63,BE,24,3,0.15841,RISK_DASHBOARD,2023-12-31
7333,63,BE,25,3,0.162047,RISK_DASHBOARD,2024-03-31
7334,63,BE,26,3,0.20598,RISK_DASHBOARD,2024-06-30
7335,63,BE,27,3,0.189464,RISK_DASHBOARD,2024-09-30
7336,63,BE,28,3,0.180764,RISK_DASHBOARD,2024-12-31
7337,64,CY,1,3,0.210166,RISK_DASHBOARD,2018-03-31
7338,64,CY,2,3,0.198689,RISK_DASHBOARD,2018-06-30
7339,64,CY,3,3,0.202766,RISK_DASHBOARD,2018-09-30
7340,64,CY,4,3,0.184857,RISK_DASHBOARD,2018-12-31
7341,64,CY,5,3,0.166274,RISK_DASHBOARD,2019-03-31
7342,64,CY,6,3,0.162132,RISK_DASHBOARD,2019-06-30
7343,64,CY,7,3,0.200578,RISK_DASHBOARD,2019-09-30
7344,64,CY,8,3,0.188509,RISK_DASHBOARD,2019-12-31
7345,64,CY,9,3,0.184326,RISK_DASHBOARD,2020-03-31
7346,64,CY,10,3,0.174003,RISK_DASHBOARD,2020-06-30
7347,64,CY,11,3,0.173198,RISK_DASHBOARD,2020-09-30
7348,64,CY,12,3,0.17742,RISK_DASHBOARD,2020-12-31
7349,64,CY,13,3,0.190364,RISK_DASHBOARD,2021-03-31
7350,64,CY,14,3,0.177531,RISK_DASHBOARD,2021-06-30
7351,64,CY,15,3,0.177802,RISK_DASHBOARD,2021-09-30
7352,64,CY,16,3,0.171838,RISK_DASHBOARD,2021-12-31
7353,64,CY,17,3,0.163163,RISK_DASHBOARD,2022-03-31
7354,64,CY,18,3,0.159662,RISK_DASHBOARD,2022-06-30
7355,64,CY,19,3,0.189654,RISK_DASHBOARD,2022-09-30
7356,64,CY,20,3,0.155959,RISK_DASHBOARD,2022-12-31
7357,64,CY,21,3,0.206757,RISK_DASHBOARD,2023-03-31
7358,64,CY,22,3,0.197677,RISK_DASHBOARD,2023-06-30
7359,64,CY,23,3,0.197123,RISK_DASHBOARD,2023-09-30
7360,64,CY,24,3,0.154539,RISK_DASHBOARD,2023-12-31
7361,64,CY,25,3,0.184616,RISK_DASHBOARD,2024-03-31
7362,64,CY,26,3,0.185902,RISK_DASHBOARD,2024-06-30
7363,64,CY,27,3,0.190187,RISK_DASHBOARD,2024-09-30
7364,64,CY,28,3,0.163831,RISK_DASHBOARD,2024-12-31
7365,65,DE,1,3,0.175446,RISK_DASHBOARD,2018-03-31
7366,65,DE,2,3,0.200589,RISK_DASHBOARD,2018-06-30
7367,65,DE,3,3,0.206881,RISK_DASHBOARD,2018-09-30
7368,65,DE,4,3,0.208326,RISK_DASHBOARD,2018-12-31
7369,65,DE,5,3,0.198384,RISK_DASHBOARD,2019-03-31
7370,65,DE,6,3,0.200529,RISK_DASHBOARD,2019-06-30
7371,65,DE,7,3,0.175549,RISK_DASHBOARD,2019-09-30
7372,65,DE,8,3,0.199181,RISK_DASHBOARD,2019-12-31
7373,65,DE,9,3,0.203383,RISK_DASHBOARD,2020-03-31
7374,65,DE,10,3,0.200514,RISK_DASHBOARD,2020-06-30
7375,65,DE,11,3,0.177411,RISK_DASHBOARD,2020-09-30
7376,65,DE,12,3,0.173164,RISK_DASHBOARD,2020-12-31
7377,65,DE,13,3,0.223537,RISK_DASHBOARD,2021-03-31
7378,65,DE,14,3,0.185041,RISK_DASHBOARD,2021-06-30
7379,65,DE,15,3,0.191438,RISK_DASHBOARD,2021-09-30
7380,65,DE,16,3,0.20723,RISK_DASHBOARD,2021-12-31
7381,65,DE,17,3,0.185042,RISK_DASHBOARD,2022-03-31
7382,65,DE,18,3,0.22895,RISK_DASHBOARD,2022-06-30
7383,65,DE,19,3,0.185015,RISK_DASHBOARD,2022-09-30
7384,65,DE,20,3,0.217755,RISK_DASHBOARD,2022-12-31
7385,65,DE,21,3,0.208317,RISK_DASHBOARD,2023-03-31
7386,65,DE,22,3,0.206485,RISK_DASHBOARD,2023-06-30
7387,65,DE,23,3,0.216249,RISK_DASHBOARD,2023-09-30
7388,65,DE,24,3,0.223002,RISK_DASHBOARD,2023-12-31
7389,65,DE,25,3,0.179828,RISK_DASHBOARD,2024-03-31
7390,65,DE,26,3,0.230988,RISK_DASHBOARD,2024-06-30
7391,65,DE,27,3,0.180628,RISK_DASHBOARD,2024-09-30
7392,65,DE,28,3,0.17869,RISK_DASHBOARD,2024-12-31
7393,66,DK,1,3,0.207431,RISK_DASHBOARD,2018-03-31
7394,66,DK,2,3,0.212031,RISK_DASHBOARD,2018-06-30
7395,66,DK,3,3,0.236355,RISK_DASHBOARD,2018-09-30
7396,66,DK,4,3,0.188598,RISK_DASHBOARD,2018-12-31
7397,66,DK,5,3,0.213551,RISK_DASHBOARD,2019-03-31
7398,66,DK,6,3,0.227778,RISK_DASHBOARD,2019-06-30
7399,66,DK,7,3,0.214297,RISK_DASHBOARD,2019-09-30
7400,66,DK,8,3,0.198603,RISK_DASHBOARD,2019-12-31
7401,66,DK,9,3,0.221995,RISK_DASHBOARD,2020-03-31
7402,66,DK,10,3,0.207914,RISK_DASHBOARD,2020-06-30
7403,66,DK,11,3,0.212332,RISK_DASHBOARD,2020-09-30
7404,66,DK,12,3,0.210404,RISK_DASHBOARD,2020-12-31
7405,66,DK,13,3,0.191744,RISK_DASHBOARD,2021-03-31
7406,66,DK,14,3,0.184984,RISK_DASHBOARD,2021-06-30
7407,66,DK,15,3,0.186432,RISK_DASHBOARD,2021-09-30
7408,66,DK,16,3,0.214015,RISK_DASHBOARD,2021-12-31
7409,66,DK,17,3,0.197259,RISK_DASHBOARD,2022-03-31
7410,66,DK,18,3,0.205675,RISK_DASHBOARD,2022-06-30
7411,66,DK,19,3,0.20306,RISK_DASHBOARD,2022-09-30
7412,66,DK,20,3,0.188318,RISK_DASHBOARD,2022-12-31
7413,66,DK,21,3,0.197026,RISK_DASHBOARD,2023-03-31
7414,66,DK,22,3,0.189897,RISK_DASHBOARD,2023-06-30
7415,66,DK,23,3,0.21807,RISK_DASHBOARD,2023-09-30
7416,66,DK,24,3,0.19989,RISK_DASHBOARD,2023-12-31
7417,66,DK,25,3,0.215165,RISK_DASHBOARD,2024-03-31
7418,66,DK,26,3,0.195223,RISK_DASHBOARD,2024-06-30
7419,66,DK,27,3,0.204057,RISK_DASHBOARD,2024-09-30
7420,66,DK,28,3,0.204855,RISK_DASHBOARD,2024-12-31
7421,67,ES,1,3,0.198477,RISK_DASHBOARD,2018-03-31
7422,67,ES,2,3,0.204326,RISK_DASHBOARD,2018-06-30
7423,67,ES,3,3,0.205291,RISK_DASHBOARD,2018-09-30
7424,67,ES,4,3,0.191044,RISK_DASHBOARD,2018-12-31
7425,67,ES,5,3,0.179176,RISK_DASHBOARD,2019-03-31
7426,67,ES,6,3,0.203232,RISK_DASHBOARD,2019-06-30
7427,67,ES,7,3,0.229903,RISK_DASHBOARD,2019-09-30
7428,67,ES,8,3,0.198747,RISK_DASHBOARD,2019-12-31
7429,67,ES,9,3,0.193663,RISK_DASHBOARD,2020-03-31
7430,67,ES,10,3,0.193352,RISK_DASHBOARD,2020-06-30
7431,67,ES,11,3,0.22474,RISK_DASHBOARD,2020-09-30
7432,67,ES,12,3,0.201529,RISK_DASHBOARD,2020-12-31
7433,67,ES,13,3,0.205847,RISK_DASHBOARD,2021-03-31
7434,67,ES,14,3,0.229868,RISK_DASHBOARD,2021-06-30
7435,67,ES,15,3,0.179325,RISK_DASHBOARD,2021-09-30
7436,67,ES,16,3,0.218902,RISK_DASHBOARD,2021-12-31
7437,67,ES,17,3,0.197147,RISK_DASHBOARD,2022-03-31
7438,67,ES,18,3,0.216914,RISK_DASHBOARD,2022-06-30
7439,67,ES,19,3,0.198678,RISK_DASHBOARD,2022-09-30
7440,67,ES,20,3,0.225852,RISK_DASHBOARD,2022-12-31
7441,67,ES,21,3,0.234217,RISK_DASHBOARD,2023-03-31
7442,67,ES,22,3,0.198545,RISK_DASHBOARD,2023-06-30
7443,67,ES,23,3,0.199282,RISK_DASHBOARD,2023-09-30
7444,67,ES,24,3,0.199805,RISK_DASHBOARD,2023-12-31
7445,67,ES,25,3,0.232575,RISK_DASHBOARD,2024-03-31
7446,67,ES,26,3,0.231547,RISK_DASHBOARD,2024-06-30
7447,67,ES,27,3,0.199223,RISK_DASHBOARD,2024-09-30
7448,67,ES,28,3,0.231885,RISK_DASHBOARD,2024-12-31
7449,68,EU,1,3,0.174881,RISK_DASHBOARD,2018-03-31
7450,68,EU,2,3,0.184066,RISK_DASHBOARD,2018-06-30
7451,68,EU,3,3,0.196698,RISK_DASHBOARD,2018-09-30
7452,68,EU,4,3,0.167986,RISK_DASHBOARD,2018-12-31
7453,68,EU,5,3,0.183581,RISK_DASHBOARD,2019-03-31
7454,68,EU,6,3,0.211674,RISK_DASHBOARD,2019-06-30
7455,68,EU,7,3,0.20443,RISK_DASHBOARD,2019-09-30
7456,68,EU,8,3,0.17924,RISK_DASHBOARD,2019-12-31
7457,68,EU,9,3,0.198176,RISK_DASHBOARD,2020-03-31
7458,68,EU,10,3,0.196761,RISK_DASHBOARD,2020-06-30
7459,68,EU,11,3,0.17303,RISK_DASHBOARD,2020-09-30
7460,68,EU,12,3,0.224691,RISK_DASHBOARD,2020-12-31
7461,68,EU,13,3,0.186648,RISK_DASHBOARD,2021-03-31
7462,68,EU,14,3,0.202261,RISK_DASHBOARD,2021-06-30
7463,68,EU,15,3,0.214183,RISK_DASHBOARD,2021-09-30
7464,68,EU,16,3,0.178346,RISK_DASHBOARD,2021-12-31
7465,68,EU,17,3,0.222899,RISK_DASHBOARD,2022-03-31
7466,68,EU,18,3,0.208619,RISK_DASHBOARD,2022-06-30
7467,68,EU,19,3,0.169186,RISK_DASHBOARD,2022-09-30
7468,68,EU,20,3,0.196574,RISK_DASHBOARD,2022-12-31
7469,68,EU,21,3,0.168768,RISK_DASHBOARD,2023-03-31
7470,68,EU,22,3,0.211242,RISK_DASHBOARD,2023-06-30
7471,68,EU,23,3,0.219921,RISK_DASHBOARD,2023-09-30
7472,68,EU,24,3,0.217589,RISK_DASHBOARD,2023-12-31
7473,68,EU,25,3,0.189835,RISK_DASHBOARD,2024-03-31
7474,68,EU,26,3,0.209978,RISK_DASHBOARD,2024-06-30
7475,68,EU,27,3,0.169566,RISK_DASHBOARD,2024-09-30
7476,68,EU,28,3,0.18733,RISK_DASHBOARD,2024-12-31
7477,69,FI,1,3,0.232414,RISK_DASHBOARD,2018-03-31
7478,69,FI,2,3,0.230493,RISK_DASHBOARD,2018-06-30
7479,69,FI,3,3,0.199437,RISK_DASHBOARD,2018-09-30
7480,69,FI,4,3,0.200418,RISK_DASHBOARD,2018-12-31
7481,69,FI,5,3,0.224261,RISK_DASHBOARD,2019-03-31
7482,69,FI,6,3,0.187861,RISK_DASHBOARD,2019-06-30
7483,69,FI,7,3,0.221787,RISK_DASHBOARD,2019-09-30
7484,69,FI,8,3,0.223154,RISK_DASHBOARD,2019-12-31
7485,69,FI,9,3,0.235225,RISK_DASHBOARD,2020-03-31
7486,69,FI,10,3,0.197667,RISK_DASHBOARD,2020-06-30
7487,69,FI,11,3,0.204212,RISK_DASHBOARD,2020-09-30
7488,69,FI,12,3,0.230444,RISK_DASHBOARD,2020-12-31
7489,69,FI,13,3,0.228141,RISK_DASHBOARD,2021-03-31
7490,69,FI,14,3,0.192472,RISK_DASHBOARD,2021-06-30
7491,69,FI,15,3,0.229639,RISK_DASHBOARD,2021-09-30
7492,69,FI,16,3,0.215838,RISK_DASHBOARD,2021-12-31
7493,69,FI,17,3,0.237581,RISK_DASHBOARD,2022-03-31
7494,69,FI,18,3,0.226875,RISK_DASHBOARD,2022-06-30
7495,69,FI,19,3,0.21189,RISK_DASHBOARD,2022-09-30
7496,69,FI,20,3,0.199561,RISK_DASHBOARD,2022-12-31
7497,69,FI,21,3,0.208124,RISK_DASHBOARD,2023-03-31
7498,69,FI,22,3,0.188759,RISK_DASHBOARD,2023-06-30
7499,69,FI,23,3,0.227553,RISK_DASHBOARD,2023-09-30
7500,69,FI,24,3,0.219926,RISK_DASHBOARD,2023-12-31
7501,69,FI,25,3,0.229009,RISK_DASHBOARD,2024-03-31
7502,69,FI,26,3,0.236229,RISK_DASHBOARD,2024-06-30
7503,69,FI,27,3,0.224217,RISK_DASHBOARD,2024-09-30
7504,69,FI,28,3,0.189859,RISK_DASHBOARD,2024-12-31
7505,70,FR,1,3,0.169423,RISK_DASHBOARD,2018-03-31
7506,70,FR,2,3,0.204395,RISK_DASHBOARD,2018-06-30
7507,70,FR,3,3,0.18433,RISK_DASHBOARD,2018-09-30
7508,70,FR,4,3,0.160162,RISK_DASHBOARD,2018-12-31
7509,70,FR,5,3,0.191048,RISK_DASHBOARD,2019-03-31
7510,70,FR,6,3,0.170675,RISK_DASHBOARD,2019-06-30
7511,70,FR,7,3,0.152437,RISK_DASHBOARD,2019-09-30
7512,70,FR,8,3,0.164864,RISK_DASHBOARD,2019-12-31
7513,70,FR,9,3,0.161875,RISK_DASHBOARD,2020-03-31
7514,70,FR,10,3,0.159196,RISK_DASHBOARD,2020-06-30
7515,70,FR,11,3,0.190365,RISK_DASHBOARD,2020-09-30
7516,70,FR,12,3,0.179493,RISK_DASHBOARD,2020-12-31
7517,70,FR,13,3,0.21073,RISK_DASHBOARD,2021-03-31
7518,70,FR,14,3,0.171019,RISK_DASHBOARD,2021-06-30
7519,70,FR,15,3,0.192965,RISK_DASHBOARD,2021-09-30
7520,70,FR,16,3,0.178969,RISK_DASHBOARD,2021-12-31
7521,70,FR,17,3,0.189454,RISK_DASHBOARD,2022-03-31
7522,70,FR,18,3,0.177831,RISK_DASHBOARD,2022-06-30
7523,70,FR,19,3,0.207947,RISK_DASHBOARD,2022-09-30
7524,70,FR,20,3,0.193556,RISK_DASHBOARD,2022-12-31
7525,70,FR,21,3,0.16934,RISK_DASHBOARD,2023-03-31
7526,70,FR,22,3,0.157385,RISK_DASHBOARD,2023-06-30
7527,70,FR,23,3,0.199214,RISK_DASHBOARD,2023-09-30
7528,70,FR,24,3,0.173435,RISK_DASHBOARD,2023-12-31
7529,70,FR,25,3,0.160085,RISK_DASHBOARD,2024-03-31
7530,70,FR,26,3,0.18255,RISK_DASHBOARD,2024-06-30
7531,70,FR,27,3,0.158185,RISK_DASHBOARD,2024-09-30
7532,70,FR,28,3,0.189048,RISK_DASHBOARD,2024-12-31
7533,71,GR,1,3,0.198574,RISK_DASHBOARD,2018-03-31
7534,71,GR,2,3,0.203558,RISK_DASHBOARD,2018-06-30
7535,71,GR,3,3,0.197725,RISK_DASHBOARD,2018-09-30
7536,71,GR,4,3,0.207744,RISK_DASHBOARD,2018-12-31
7537,71,GR,5,3,0.189283,RISK_DASHBOARD,2019-03-31
7538,71,GR,6,3,0.203563,RISK_DASHBOARD,2019-06-30
7539,71,GR,7,3,0.189297,RISK_DASHBOARD,2019-09-30
7540,71,GR,8,3,0.238468,RISK_DASHBOARD,2019-12-31
7541,71,GR,9,3,0.213818,RISK_DASHBOARD,2020-03-31
7542,71,GR,10,3,0.189164,RISK_DASHBOARD,2020-06-30
7543,71,GR,11,3,0.213274,RISK_DASHBOARD,2020-09-30
7544,71,GR,12,3,0.241333,RISK_DASHBOARD,2020-12-31
7545,71,GR,13,3,0.228477,RISK_DASHBOARD,2021-03-31
7546,71,GR,14,3,0.215795,RISK_DASHBOARD,2021-06-30
7547,71,GR,15,3,0.225134,RISK_DASHBOARD,2021-09-30
7548,71,GR,16,3,0.230319,RISK_DASHBOARD,2021-12-31
7549,71,GR,17,3,0.202178,RISK_DASHBOARD,2022-03-31
7550,71,GR,18,3,0.198757,RISK_DASHBOARD,2022-06-30
7551,71,GR,19,3,0.211944,RISK_DASHBOARD,2022-09-30
7552,71,GR,20,3,0.185148,RISK_DASHBOARD,2022-12-31
7553,71,GR,21,3,0.220746,RISK_DASHBOARD,2023-03-31
7554,71,GR,22,3,0.187016,RISK_DASHBOARD,2023-06-30
7555,71,GR,23,3,0.240969,RISK_DASHBOARD,2023-09-30
7556,71,GR,24,3,0.226377,RISK_DASHBOARD,2023-12-31
7557,71,GR,25,3,0.210848,RISK_DASHBOARD,2024-03-31
7558,71,GR,26,3,0.219782,RISK_DASHBOARD,2024-06-30
7559,71,GR,27,3,0.182029,RISK_DASHBOARD,2024-09-30
7560,71,GR,28,3,0.228952,RISK_DASHBOARD,2024-12-31
7561,72,HR,1,3,0.188231,RISK_DASHBOARD,2018-03-31
7562,72,HR,2,3,0.190533,RISK_DASHBOARD,2018-06-30
7563,72,HR,3,3,0.165717,RISK_DASHBOARD,2018-09-30
7564,72,HR,4,3,0.204784,RISK_DASHBOARD,2018-12-31
7565,72,HR,5,3,0.196358,RISK_DASHBOARD,2019-03-31
7566,72,HR,6,3,0.151053,RISK_DASHBOARD,2019-06-30
7567,72,HR,7,3,0.172707,RISK_DASHBOARD,2019-09-30
7568,72,HR,8,3,0.159059,RISK_DASHBOARD,2019-12-31
7569,72,HR,9,3,0.205207,RISK_DASHBOARD,2020-03-31
7570,72,HR,10,3,0.154854,RISK_DASHBOARD,2020-06-30
7571,72,HR,11,3,0.198059,RISK_DASHBOARD,2020-09-30
7572,72,HR,12,3,0.158435,RISK_DASHBOARD,2020-12-31
7573,72,HR,13,3,0.204142,RISK_DASHBOARD,2021-03-31
7574,72,HR,14,3,0.202328,RISK_DASHBOARD,2021-06-30
7575,72,HR,15,3,0.175248,RISK_DASHBOARD,2021-09-30
7576,72,HR,16,3,0.153238,RISK_DASHBOARD,2021-12-31
7577,72,HR,17,3,0.1671,RISK_DASHBOARD,2022-03-31
7578,72,HR,18,3,0.205612,RISK_DASHBOARD,2022-06-30
7579,72,HR,19,3,0.174889,RISK_DASHBOARD,2022-09-30
7580,72,HR,20,3,0.161307,RISK_DASHBOARD,2022-12-31
7581,72,HR,21,3,0.181332,RISK_DASHBOARD,2023-03-31
7582,72,HR,22,3,0.182255,RISK_DASHBOARD,2023-06-30
7583,72,HR,23,3,0.168144,RISK_DASHBOARD,2023-09-30
7584,72,HR,24,3,0.197447,RISK_DASHBOARD,2023-12-31
7585,72,HR,25,3,0.157771,RISK_DASHBOARD,2024-03-31
7586,72,HR,26,3,0.170297,RISK_DASHBOARD,2024-06-30
7587,72,HR,27,3,0.190632,RISK_DASHBOARD,2024-09-30
7588,72,HR,28,3,0.153909,RISK_DASHBOARD,2024-12-31
7589,73,HU,1,3,0.222508,RISK_DASHBOARD,2018-03-31
7590,73,HU,2,3,0.204368,RISK_DASHBOARD,2018-06-30
7591,73,HU,3,3,0.232102,RISK_DASHBOARD,2018-09-30
7592,73,HU,4,3,0.229033,RISK_DASHBOARD,2018-12-31
7593,73,HU,5,3,0.188966,RISK_DASHBOARD,2019-03-31
7594,73,HU,6,3,0.173965,RISK_DASHBOARD,2019-06-30
7595,73,HU,7,3,0.177521,RISK_DASHBOARD,2019-09-30
7596,73,HU,8,3,0.188354,RISK_DASHBOARD,2019-12-31
7597,73,HU,9,3,0.222665,RISK_DASHBOARD,2020-03-31
7598,73,HU,10,3,0.225655,RISK_DASHBOARD,2020-06-30
7599,73,HU,11,3,0.202644,RISK_DASHBOARD,2020-09-30
7600,73,HU,12,3,0.199824,RISK_DASHBOARD,2020-12-31
7601,73,HU,13,3,0.215319,RISK_DASHBOARD,2021-03-31
7602,73,HU,14,3,0.192891,RISK_DASHBOARD,2021-06-30
7603,73,HU,15,3,0.204718,RISK_DASHBOARD,2021-09-30
7604,73,HU,16,3,0.214881,RISK_DASHBOARD,2021-12-31
7605,73,HU,17,3,0.232283,RISK_DASHBOARD,2022-03-31
7606,73,HU,18,3,0.210031,RISK_DASHBOARD,2022-06-30
7607,73,HU,19,3,0.174038,RISK_DASHBOARD,2022-09-30
7608,73,HU,20,3,0.224837,RISK_DASHBOARD,2022-12-31
7609,73,HU,21,3,0.18176,RISK_DASHBOARD,2023-03-31
7610,73,HU,22,3,0.226466,RISK_DASHBOARD,2023-06-30
7611,73,HU,23,3,0.217582,RISK_DASHBOARD,2023-09-30
7612,73,HU,24,3,0.201425,RISK_DASHBOARD,2023-12-31
7613,73,HU,25,3,0.211877,RISK_DASHBOARD,2024-03-31
7614,73,HU,26,3,0.17928,RISK_DASHBOARD,2024-06-30
7615,73,HU,27,3,0.201517,RISK_DASHBOARD,2024-09-30
7616,73,HU,28,3,0.190465,RISK_DASHBOARD,2024-12-31
7617,74,IE,1,3,0.223592,RISK_DASHBOARD,2018-03-31
7618,74,IE,2,3,0.209088,RISK_DASHBOARD,2018-06-30
7619,74,IE,3,3,0.240994,RISK_DASHBOARD,2018-09-30
7620,74,IE,4,3,0.241555,RISK_DASHBOARD,2018-12-31
7621,74,IE,5,3,0.212188,RISK_DASHBOARD,2019-03-31
7622,74,IE,6,3,0.22121,RISK_DASHBOARD,2019-06-30
7623,74,IE,7,3,0.207409,RISK_DASHBOARD,2019-09-30
7624,74,IE,8,3,0.237888,RISK_DASHBOARD,2019-12-31
7625,74,IE,9,3,0.185894,RISK_DASHBOARD,2020-03-31
7626,74,IE,10,3,0.237294,RISK_DASHBOARD,2020-06-30
7627,74,IE,11,3,0.210269,RISK_DASHBOARD,2020-09-30
7628,74,IE,12,3,0.197817,RISK_DASHBOARD,2020-12-31
7629,74,IE,13,3,0.19975,RISK_DASHBOARD,2021-03-31
7630,74,IE,14,3,0.226865,RISK_DASHBOARD,2021-06-30
7631,74,IE,15,3,0.18858,RISK_DASHBOARD,2021-09-30
7632,74,IE,16,3,0.225773,RISK_DASHBOARD,2021-12-31
7633,74,IE,17,3,0.238574,RISK_DASHBOARD,2022-03-31
7634,74,IE,18,3,0.188,RISK_DASHBOARD,2022-06-30
7635,74,IE,19,3,0.230396,RISK_DASHBOARD,2022-09-30
7636,74,IE,20,3,0.206123,RISK_DASHBOARD,2022-12-31
7637,74,IE,21,3,0.235169,RISK_DASHBOARD,2023-03-31
7638,74,IE,22,3,0.23647,RISK_DASHBOARD,2023-06-30
7639,74,IE,23,3,0.199571,RISK_DASHBOARD,2023-09-30
7640,74,IE,24,3,0.234111,RISK_DASHBOARD,2023-12-31
7641,74,IE,25,3,0.220306,RISK_DASHBOARD,2024-03-31
7642,74,IE,26,3,0.203985,RISK_DASHBOARD,2024-06-30
7643,74,IE,27,3,0.229572,RISK_DASHBOARD,2024-09-30
7644,74,IE,28,3,0.198961,RISK_DASHBOARD,2024-12-31
7645,75,IT,1,3,0.186546,RISK_DASHBOARD,2018-03-31
7646,75,IT,2,3,0.225321,RISK_DASHBOARD,2018-06-30
7647,75,IT,3,3,0.227027,RISK_DASHBOARD,2018-09-30
7648,75,IT,4,3,0.208573,RISK_DASHBOARD,2018-12-31
7649,75,IT,5,3,0.212828,RISK_DASHBOARD,2019-03-31
7650,75,IT,6,3,0.192051,RISK_DASHBOARD,2019-06-30
7651,75,IT,7,3,0.199909,RISK_DASHBOARD,2019-09-30
7652,75,IT,8,3,0.238556,RISK_DASHBOARD,2019-12-31
7653,75,IT,9,3,0.192692,RISK_DASHBOARD,2020-03-31
7654,75,IT,10,3,0.19248,RISK_DASHBOARD,2020-06-30
7655,75,IT,11,3,0.203209,RISK_DASHBOARD,2020-09-30
7656,75,IT,12,3,0.227803,RISK_DASHBOARD,2020-12-31
7657,75,IT,13,3,0.193569,RISK_DASHBOARD,2021-03-31
7658,75,IT,14,3,0.204408,RISK_DASHBOARD,2021-06-30
7659,75,IT,15,3,0.211021,RISK_DASHBOARD,2021-09-30
7660,75,IT,16,3,0.224346,RISK_DASHBOARD,2021-12-31
7661,75,IT,17,3,0.209663,RISK_DASHBOARD,2022-03-31
7662,75,IT,18,3,0.208378,RISK_DASHBOARD,2022-06-30
7663,75,IT,19,3,0.205924,RISK_DASHBOARD,2022-09-30
7664,75,IT,20,3,0.226699,RISK_DASHBOARD,2022-12-31
7665,75,IT,21,3,0.220874,RISK_DASHBOARD,2023-03-31
7666,75,IT,22,3,0.199299,RISK_DASHBOARD,2023-06-30
7667,75,IT,23,3,0.217207,RISK_DASHBOARD,2023-09-30
7668,75,IT,24,3,0.204327,RISK_DASHBOARD,2023-12-31
7669,75,IT,25,3,0.23763,RISK_DASHBOARD,2024-03-31
7670,75,IT,26,3,0.187596,RISK_DASHBOARD,2024-06-30
7671,75,IT,27,3,0.207098,RISK_DASHBOARD,2024-09-30
7672,75,IT,28,3,0.241133,RISK_DASHBOARD,2024-12-31
7673,76,LT,1,3,0.189456,RISK_DASHBOARD,2018-03-31
7674,76,LT,2,3,0.214045,RISK_DASHBOARD,2018-06-30
7675,76,LT,3,3,0.235276,RISK_DASHBOARD,2018-09-30
7676,76,LT,4,3,0.201147,RISK_DASHBOARD,2018-12-31
7677,76,LT,5,3,0.191032,RISK_DASHBOARD,2019-03-31
7678,76,LT,6,3,0.238592,RISK_DASHBOARD,2019-06-30
7679,76,LT,7,3,0.231636,RISK_DASHBOARD,2019-09-30
7680,76,LT,8,3,0.209163,RISK_DASHBOARD,2019-12-31
7681,76,LT,9,3,0.232316,RISK_DASHBOARD,2020-03-31
7682,76,LT,10,3,0.193362,RISK_DASHBOARD,2020-06-30
7683,76,LT,11,3,0.189523,RISK_DASHBOARD,2020-09-30
7684,76,LT,12,3,0.209736,RISK_DASHBOARD,2020-12-31
7685,76,LT,13,3,0.219615,RISK_DASHBOARD,2021-03-31
7686,76,LT,14,3,0.229381,RISK_DASHBOARD,2021-06-30
7687,76,LT,15,3,0.221723,RISK_DASHBOARD,2021-09-30
7688,76,LT,16,3,0.235034,RISK_DASHBOARD,2021-12-31
7689,76,LT,17,3,0.216573,RISK_DASHBOARD,2022-03-31
7690,76,LT,18,3,0.21369,RISK_DASHBOARD,2022-06-30
7691,76,LT,19,3,0.187343,RISK_DASHBOARD,2022-09-30
7692,76,LT,20,3,0.238959,RISK_DASHBOARD,2022-12-31
7693,76,LT,21,3,0.20924,RISK_DASHBOARD,2023-03-31
7694,76,LT,22,3,0.187728,RISK_DASHBOARD,2023-06-30
7695,76,LT,23,3,0.211354,RISK_DASHBOARD,2023-09-30
7696,76,LT,24,3,0.214782,RISK_DASHBOARD,2023-12-31
7697,76,LT,25,3,0.234634,RISK_DASHBOARD,2024-03-31
7698,76,LT,26,3,0.181183,RISK_DASHBOARD,2024-06-30
7699,76,LT,27,3,0.210475,RISK_DASHBOARD,2024-09-30
7700,76,LT,28,3,0.217493,RISK_DASHBOARD,2024-12-31
7701,77,LU,1,3,0.187787,RISK_DASHBOARD,2018-03-31
7702,77,LU,2,3,0.194356,RISK_DASHBOARD,2018-06-30
7703,77,LU,3,3,0.205171,RISK_DASHBOARD,2018-09-30
7704,77,LU,4,3,0.195454,RISK_DASHBOARD,2018-12-31
7705,77,LU,5,3,0.153351,RISK_DASHBOARD,2019-03-31
7706,77,LU,6,3,0.193751,RISK_DASHBOARD,2019-06-30
7707,77,LU,7,3,0.180919,RISK_DASHBOARD,2019-09-30
7708,77,LU,8,3,0.183203,RISK_DASHBOARD,2019-12-31
7709,77,LU,9,3,0.153548,RISK_DASHBOARD,2020-03-31
7710,77,LU,10,3,0.201458,RISK_DASHBOARD,2020-06-30
7711,77,LU,11,3,0.173481,RISK_DASHBOARD,2020-09-30
7712,77,LU,12,3,0.180029,RISK_DASHBOARD,2020-12-31
7713,77,LU,13,3,0.18647,RISK_DASHBOARD,2021-03-31
7714,77,LU,14,3,0.19578,RISK_DASHBOARD,2021-06-30
7715,77,LU,15,3,0.17352,RISK_DASHBOARD,2021-09-30
7716,77,LU,16,3,0.202592,RISK_DASHBOARD,2021-12-31
7717,77,LU,17,3,0.151485,RISK_DASHBOARD,2022-03-31
7718,77,LU,18,3,0.197395,RISK_DASHBOARD,2022-06-30
7719,77,LU,19,3,0.184932,RISK_DASHBOARD,2022-09-30
7720,77,LU,20,3,0.162563,RISK_DASHBOARD,2022-12-31
7721,77,LU,21,3,0.159866,RISK_DASHBOARD,2023-03-31
7722,77,LU,22,3,0.204278,RISK_DASHBOARD,2023-06-30
7723,77,LU,23,3,0.16766,RISK_DASHBOARD,2023-09-30
7724,77,LU,24,3,0.154562,RISK_DASHBOARD,2023-12-31
7725,77,LU,25,3,0.155918,RISK_DASHBOARD,2024-03-31
7726,77,LU,26,3,0.207995,RISK_DASHBOARD,2024-06-30
7727,77,LU,27,3,0.173812,RISK_DASHBOARD,2024-09-30
7728,77,LU,28,3,0.180781,RISK_DASHBOARD,2024-12-31
7729,78,LV,1,3,0.205298,RISK_DASHBOARD,2018-03-31
7730,78,LV,2,3,0.175302,RISK_DASHBOARD,2018-06-30
7731,78,LV,3,3,0.187105,RISK_DASHBOARD,2018-09-30
7732,78,LV,4,3,0.215784,RISK_DASHBOARD,2018-12-31
7733,78,LV,5,3,0.220583,RISK_DASHBOARD,2019-03-31
7734,78,LV,6,3,0.2206,RISK_DASHBOARD,2019-06-30
7735,78,LV,7,3,0.18466,RISK_DASHBOARD,2019-09-30
7736,78,LV,8,3,0.231811,RISK_DASHBOARD,2019-12-31
7737,78,LV,9,3,0.199985,RISK_DASHBOARD,2020-03-31
7738,78,LV,10,3,0.212871,RISK_DASHBOARD,2020-06-30
7739,78,LV,11,3,0.180259,RISK_DASHBOARD,2020-09-30
7740,78,LV,12,3,0.186912,RISK_DASHBOARD,2020-12-31
7741,78,LV,13,3,0.203256,RISK_DASHBOARD,2021-03-31
7742,78,LV,14,3,0.198906,RISK_DASHBOARD,2021-06-30
7743,78,LV,15,3,0.174961,RISK_DASHBOARD,2021-09-30
7744,78,LV,16,3,0.224282,RISK_DASHBOARD,2021-12-31
7745,78,LV,17,3,0.215394,RISK_DASHBOARD,2022-03-31
7746,78,LV,18,3,0.222169,RISK_DASHBOARD,2022-06-30
7747,78,LV,19,3,0.215467,RISK_DASHBOARD,2022-09-30
7748,78,LV,20,3,0.200015,RISK_DASHBOARD,2022-12-31
7749,78,LV,21,3,0.185018,RISK_DASHBOARD,2023-03-31
7750,78,LV,22,3,0.191461,RISK_DASHBOARD,2023-06-30
7751,78,LV,23,3,0.232553,RISK_DASHBOARD,2023-09-30
7752,78,LV,24,3,0.208921,RISK_DASHBOARD,2023-12-31
7753,78,LV,25,3,0.225727,RISK_DASHBOARD,2024-03-31
7754,78,LV,26,3,0.22873,RISK_DASHBOARD,2024-06-30
7755,78,LV,27,3,0.213719,RISK_DASHBOARD,2024-09-30
7756,78,LV,28,3,0.189804,RISK_DASHBOARD,2024-12-31
7757,79,MT,1,3,0.20261,RISK_DASHBOARD,2018-03-31
7758,79,MT,2,3,0.180084,RISK_DASHBOARD,2018-06-30
7759,79,MT,3,3,0.208522,RISK_DASHBOARD,2018-09-30
7760,79,MT,4,3,0.186589,RISK_DASHBOARD,2018-12-31
7761,79,MT,5,3,0.217721,RISK_DASHBOARD,2019-03-31
7762,79,MT,6,3,0.174406,RISK_DASHBOARD,2019-06-30
7763,79,MT,7,3,0.233818,RISK_DASHBOARD,2019-09-30
7764,79,MT,8,3,0.222967,RISK_DASHBOARD,2019-12-31
7765,79,MT,9,3,0.185683,RISK_DASHBOARD,2020-03-31
7766,79,MT,10,3,0.197778,RISK_DASHBOARD,2020-06-30
7767,79,MT,11,3,0.198033,RISK_DASHBOARD,2020-09-30
7768,79,MT,12,3,0.217078,RISK_DASHBOARD,2020-12-31
7769,79,MT,13,3,0.225019,RISK_DASHBOARD,2021-03-31
7770,79,MT,14,3,0.231599,RISK_DASHBOARD,2021-06-30
7771,79,MT,15,3,0.180894,RISK_DASHBOARD,2021-09-30
7772,79,MT,16,3,0.204226,RISK_DASHBOARD,2021-12-31
7773,79,MT,17,3,0.217013,RISK_DASHBOARD,2022-03-31
7774,79,MT,18,3,0.206028,RISK_DASHBOARD,2022-06-30
7775,79,MT,19,3,0.220435,RISK_DASHBOARD,2022-09-30
7776,79,MT,20,3,0.224615,RISK_DASHBOARD,2022-12-31
7777,79,MT,21,3,0.226712,RISK_DASHBOARD,2023-03-31
7778,79,MT,22,3,0.233978,RISK_DASHBOARD,2023-06-30
7779,79,MT,23,3,0.193812,RISK_DASHBOARD,2023-09-30
7780,79,MT,24,3,0.181449,RISK_DASHBOARD,2023-12-31
7781,79,MT,25,3,0.224218,RISK_DASHBOARD,2024-03-31
7782,79,MT,26,3,0.21708,RISK_DASHBOARD,2024-06-30
7783,79,MT,27,3,0.197285,RISK_DASHBOARD,2024-09-30
7784,79,MT,28,3,0.177022,RISK_DASHBOARD,2024-12-31
7785,80,NL,1,3,0.239701,RISK_DASHBOARD,2018-03-31
7786,80,NL,2,3,0.24335,RISK_DASHBOARD,2018-06-30
7787,80,NL,3,3,0.210096,RISK_DASHBOARD,2018-09-30
7788,80,NL,4,3,0.218302,RISK_DASHBOARD,2018-12-31
7789,80,NL,5,3,0.229907,RISK_DASHBOARD,2019-03-31
7790,80,NL,6,3,0.241861,RISK_DASHBOARD,2019-06-30
7791,80,NL,7,3,0.213349,RISK_DASHBOARD,2019-09-30
7792,80,NL,8,3,0.244482,RISK_DASHBOARD,2019-12-31
7793,80,NL,9,3,0.22752,RISK_DASHBOARD,2020-03-31
7794,80,NL,10,3,0.19732,RISK_DASHBOARD,2020-06-30
7795,80,NL,11,3,0.225183,RISK_DASHBOARD,2020-09-30
7796,80,NL,12,3,0.226089,RISK_DASHBOARD,2020-12-31
7797,80,NL,13,3,0.239449,RISK_DASHBOARD,2021-03-31
7798,80,NL,14,3,0.199011,RISK_DASHBOARD,2021-06-30
7799,80,NL,15,3,0.243376,RISK_DASHBOARD,2021-09-30
7800,80,NL,16,3,0.239621,RISK_DASHBOARD,2021-12-31
7801,80,NL,17,3,0.198953,RISK_DASHBOARD,2022-03-31
7802,80,NL,18,3,0.201592,RISK_DASHBOARD,2022-06-30
7803,80,NL,19,3,0.18933,RISK_DASHBOARD,2022-09-30
7804,80,NL,20,3,0.210685,RISK_DASHBOARD,2022-12-31
7805,80,NL,21,3,0.214255,RISK_DASHBOARD,2023-03-31
7806,80,NL,22,3,0.185855,RISK_DASHBOARD,2023-06-30
7807,80,NL,23,3,0.223252,RISK_DASHBOARD,2023-09-30
7808,80,NL,24,3,0.193862,RISK_DASHBOARD,2023-12-31
7809,80,NL,25,3,0.188022,RISK_DASHBOARD,2024-03-31
7810,80,NL,26,3,0.239455,RISK_DASHBOARD,2024-06-30
7811,80,NL,27,3,0.238668,RISK_DASHBOARD,2024-09-30
7812,80,NL,28,3,0.198197,RISK_DASHBOARD,2024-12-31
7813,81,NO,1,3,0.211779,RISK_DASHBOARD,2018-03-31
7814,81,NO,2,3,0.159842,RISK_DASHBOARD,2018-06-30
7815,81,NO,3,3,0.18374,RISK_DASHBOARD,2018-09-30
7816,81,NO,4,3,0.175146,RISK_DASHBOARD,2018-12-31
7817,81,NO,5,3,0.192369,RISK_DASHBOARD,2019-03-31
7818,81,NO,6,3,0.213088,RISK_DASHBOARD,2019-06-30
7819,81,NO,7,3,0.166884,RISK_DASHBOARD,2019-09-30
7820,81,NO,8,3,0.16861,RISK_DASHBOARD,2019-12-31
7821,81,NO,9,3,0.206902,RISK_DASHBOARD,2020-03-31
7822,81,NO,10,3,0.190995,RISK_DASHBOARD,2020-06-30
7823,81,NO,11,3,0.201829,RISK_DASHBOARD,2020-09-30
7824,81,NO,12,3,0.204926,RISK_DASHBOARD,2020-12-31
7825,81,NO,13,3,0.211279,RISK_DASHBOARD,2021-03-31
7826,81,NO,14,3,0.160239,RISK_DASHBOARD,2021-06-30
7827,81,NO,15,3,0.199732,RISK_DASHBOARD,2021-09-30
7828,81,NO,16,3,0.175903,RISK_DASHBOARD,2021-12-31
7829,81,NO,17,3,0.20035,RISK_DASHBOARD,2022-03-31
7830,81,NO,18,3,0.17653,RISK_DASHBOARD,2022-06-30
7831,81,NO,19,3,0.158475,RISK_DASHBOARD,2022-09-30
7832,81,NO,20,3,0.180968,RISK_DASHBOARD,2022-12-31
7833,81,NO,21,3,0.202819,RISK_DASHBOARD,2023-03-31
7834,81,NO,22,3,0.174364,RISK_DASHBOARD,2023-06-30
7835,81,NO,23,3,0.184987,RISK_DASHBOARD,2023-09-30
7836,81,NO,24,3,0.198327,RISK_DASHBOARD,2023-12-31
7837,81,NO,25,3,0.21102,RISK_DASHBOARD,2024-03-31
7838,81,NO,26,3,0.183287,RISK_DASHBOARD,2024-06-30
7839,81,NO,27,3,0.176645,RISK_DASHBOARD,2024-09-30
7840,81,NO,28,3,0.210458,RISK_DASHBOARD,2024-12-31
7841,82,PL,1,3,0.199893,RISK_DASHBOARD,2018-03-31
7842,82,PL,2,3,0.210468,RISK_DASHBOARD,2018-06-30
7843,82,PL,3,3,0.178761,RISK_DASHBOARD,2018-09-30
7844,82,PL,4,3,0.215491,RISK_DASHBOARD,2018-12-31
7845,82,PL,5,3,0.20611,RISK_DASHBOARD,2019-03-31
7846,82,PL,6,3,0.216789,RISK_DASHBOARD,2019-06-30
7847,82,PL,7,3,0.209517,RISK_DASHBOARD,2019-09-30
7848,82,PL,8,3,0.174299,RISK_DASHBOARD,2019-12-31
7849,82,PL,9,3,0.169176,RISK_DASHBOARD,2020-03-31
7850,82,PL,10,3,0.200895,RISK_DASHBOARD,2020-06-30
7851,82,PL,11,3,0.210997,RISK_DASHBOARD,2020-09-30
7852,82,PL,12,3,0.190244,RISK_DASHBOARD,2020-12-31
7853,82,PL,13,3,0.208875,RISK_DASHBOARD,2021-03-31
7854,82,PL,14,3,0.188124,RISK_DASHBOARD,2021-06-30
7855,82,PL,15,3,0.204655,RISK_DASHBOARD,2021-09-30
7856,82,PL,16,3,0.186552,RISK_DASHBOARD,2021-12-31
7857,82,PL,17,3,0.190316,RISK_DASHBOARD,2022-03-31
7858,82,PL,18,3,0.184445,RISK_DASHBOARD,2022-06-30
7859,82,PL,19,3,0.222176,RISK_DASHBOARD,2022-09-30
7860,82,PL,20,3,0.210334,RISK_DASHBOARD,2022-12-31
7861,82,PL,21,3,0.171636,RISK_DASHBOARD,2023-03-31
7862,82,PL,22,3,0.166433,RISK_DASHBOARD,2023-06-30
7863,82,PL,23,3,0.173293,RISK_DASHBOARD,2023-09-30
7864,82,PL,24,3,0.168112,RISK_DASHBOARD,2023-12-31
7865,82,PL,25,3,0.20499,RISK_DASHBOARD,2024-03-31
7866,82,PL,26,3,0.216392,RISK_DASHBOARD,2024-06-30
7867,82,PL,27,3,0.208885,RISK_DASHBOARD,2024-09-30
7868,82,PL,28,3,0.214459,RISK_DASHBOARD,2024-12-31
7869,83,PT,1,3,0.187912,RISK_DASHBOARD,2018-03-31
7870,83,PT,2,3,0.202483,RISK_DASHBOARD,2018-06-30
7871,83,PT,3,3,0.231507,RISK_DASHBOARD,2018-09-30
7872,83,PT,4,3,0.223324,RISK_DASHBOARD,2018-12-31
7873,83,PT,5,3,0.213915,RISK_DASHBOARD,2019-03-31
7874,83,PT,6,3,0.204259,RISK_DASHBOARD,2019-06-30
7875,83,PT,7,3,0.184339,RISK_DASHBOARD,2019-09-30
7876,83,PT,8,3,0.181173,RISK_DASHBOARD,2019-12-31
7877,83,PT,9,3,0.226886,RISK_DASHBOARD,2020-03-31
7878,83,PT,10,3,0.240114,RISK_DASHBOARD,2020-06-30
7879,83,PT,11,3,0.203472,RISK_DASHBOARD,2020-09-30
7880,83,PT,12,3,0.232027,RISK_DASHBOARD,2020-12-31
7881,83,PT,13,3,0.187543,RISK_DASHBOARD,2021-03-31
7882,83,PT,14,3,0.203478,RISK_DASHBOARD,2021-06-30
7883,83,PT,15,3,0.197271,RISK_DASHBOARD,2021-09-30
7884,83,PT,16,3,0.199381,RISK_DASHBOARD,2021-12-31
7885,83,PT,17,3,0.197051,RISK_DASHBOARD,2022-03-31
7886,83,PT,18,3,0.188713,RISK_DASHBOARD,2022-06-30
7887,83,PT,19,3,0.184167,RISK_DASHBOARD,2022-09-30
7888,83,PT,20,3,0.228404,RISK_DASHBOARD,2022-12-31
7889,83,PT,21,3,0.189209,RISK_DASHBOARD,2023-03-31
7890,83,PT,22,3,0.184113,RISK_DASHBOARD,2023-06-30
7891,83,PT,23,3,0.21379,RISK_DASHBOARD,2023-09-30
7892,83,PT,24,3,0.198032,RISK_DASHBOARD,2023-12-31
7893,83,PT,25,3,0.220519,RISK_DASHBOARD,2024-03-31
7894,83,PT,26,3,0.190697,RISK_DASHBOARD,2024-06-30
7895,83,PT,27,3,0.19509,RISK_DASHBOARD,2024-09-30
7896,83,PT,28,3,0.223536,RISK_DASHBOARD,2024-12-31
7897,84,RO,1,3,0.215975,RISK_DASHBOARD,2018-03-31
7898,84,RO,2,3,0.219732,RISK_DASHBOARD,2018-06-30
7899,84,RO,3,3,0.234782,RISK_DASHBOARD,2018-09-30
7900,84,RO,4,3,0.239091,RISK_DASHBOARD,2018-12-31
7901,84,RO,5,3,0.184214,RISK_DASHBOARD,2019-03-31
7902,84,RO,6,3,0.225269,RISK_DASHBOARD,2019-06-30
7903,84,RO,7,3,0.211068,RISK_DASHBOARD,2019-09-30
7904,84,RO,8,3,0.241087,RISK_DASHBOARD,2019-12-31
7905,84,RO,9,3,0.229937,RISK_DASHBOARD,2020-03-31
7906,84,RO,10,3,0.213775,RISK_DASHBOARD,2020-06-30
7907,84,RO,11,3,0.206041,RISK_DASHBOARD,2020-09-30
7908,84,RO,12,3,0.242616,RISK_DASHBOARD,2020-12-31
7909,84,RO,13,3,0.218475,RISK_DASHBOARD,2021-03-31
7910,84,RO,14,3,0.238,RISK_DASHBOARD,2021-06-30
7911,84,RO,15,3,0.194085,RISK_DASHBOARD,2021-09-30
7912,84,RO,16,3,0.215022,RISK_DASHBOARD,2021-12-31
7913,84,RO,17,3,0.211617,RISK_DASHBOARD,2022-03-31
7914,84,RO,18,3,0.213605,RISK_DASHBOARD,2022-06-30
7915,84,RO,19,3,0.19731,RISK_DASHBOARD,2022-09-30
7916,84,RO,20,3,0.237706,RISK_DASHBOARD,2022-12-31
7917,84,RO,21,3,0.229212,RISK_DASHBOARD,2023-03-31
7918,84,RO,22,3,0.196201,RISK_DASHBOARD,2023-06-30
7919,84,RO,23,3,0.202452,RISK_DASHBOARD,2023-09-30
7920,84,RO,24,3,0.225445,RISK_DASHBOARD,2023-12-31
7921,84,RO,25,3,0.233553,RISK_DASHBOARD,2024-03-31
7922,84,RO,26,3,0.188265,RISK_DASHBOARD,2024-06-30
7923,84,RO,27,3,0.205905,RISK_DASHBOARD,2024-09-30
7924,84,RO,28,3,0.194102,RISK_DASHBOARD,2024-12-31
7925,85,SE,1,3,0.169296,RISK_DASHBOARD,2018-03-31
7926,85,SE,2,3,0.204278,RISK_DASHBOARD,2018-06-30
7927,85,SE,3,3,0.192472,RISK_DASHBOARD,2018-09-30
7928,85,SE,4,3,0.212537,RISK_DASHBOARD,2018-12-31
7929,85,SE,5,3,0.167204,RISK_DASHBOARD,2019-03-31
7930,85,SE,6,3,0.162329,RISK_DASHBOARD,2019-06-30
7931,85,SE,7,3,0.185286,RISK_DASHBOARD,2019-09-30
7932,85,SE,8,3,0.213167,RISK_DASHBOARD,2019-12-31
7933,85,SE,9,3,0.181973,RISK_DASHBOARD,2020-03-31
7934,85,SE,10,3,0.198656,RISK_DASHBOARD,2020-06-30
7935,85,SE,11,3,0.197833,RISK_DASHBOARD,2020-09-30
7936,85,SE,12,3,0.189108,RISK_DASHBOARD,2020-12-31
7937,85,SE,13,3,0.200656,RISK_DASHBOARD,2021-03-31
7938,85,SE,14,3,0.178735,RISK_DASHBOARD,2021-06-30
7939,85,SE,15,3,0.212088,RISK_DASHBOARD,2021-09-30
7940,85,SE,16,3,0.211159,RISK_DASHBOARD,2021-12-31
7941,85,SE,17,3,0.214705,RISK_DASHBOARD,2022-03-31
7942,85,SE,18,3,0.168381,RISK_DASHBOARD,2022-06-30
7943,85,SE,19,3,0.180929,RISK_DASHBOARD,2022-09-30
7944,85,SE,20,3,0.180366,RISK_DASHBOARD,2022-12-31
7945,85,SE,21,3,0.204491,RISK_DASHBOARD,2023-03-31
7946,85,SE,22,3,0.178656,RISK_DASHBOARD,2023-06-30
7947,85,SE,23,3,0.194313,RISK_DASHBOARD,2023-09-30
7948,85,SE,24,3,0.203241,RISK_DASHBOARD,2023-12-31
7949,85,SE,25,3,0.17738,RISK_DASHBOARD,2024-03-31
7950,85,SE,26,3,0.17954,RISK_DASHBOARD,2024-06-30
7951,85,SE,27,3,0.160019,RISK_DASHBOARD,2024-09-30
7952,85,SE,28,3,0.164642,RISK_DASHBOARD,2024-12-31
7953,86,SI,1,3,0.181614,RISK_DASHBOARD,2018-03-31
7954,86,SI,2,3,0.199935,RISK_DASHBOARD,2018-06-30
7955,86,SI,3,3,0.171618,RISK_DASHBOARD,2018-09-30
7956,86,SI,4,3,0.20188,RISK_DASHBOARD,2018-12-31
7957,86,SI,5,3,0.176856,RISK_DASHBOARD,2019-03-31
7958,86,SI,6,3,0.173646,RISK_DASHBOARD,2019-06-30
7959,86,SI,7,3,0.189867,RISK_DASHBOARD,2019-09-30
7960,86,SI,8,3,0.189043,RISK_DASHBOARD,2019-12-31
7961,86,SI,9,3,0.215611,RISK_DASHBOARD,2020-03-31
7962,86,SI,10,3,0.196857,RISK_DASHBOARD,2020-06-30
7963,86,SI,11,3,0.177333,RISK_DASHBOARD,2020-09-30
7964,86,SI,12,3,0.18114,RISK_DASHBOARD,2020-12-31
7965,86,SI,13,3,0.205413,RISK_DASHBOARD,2021-03-31
7966,86,SI,14,3,0.193835,RISK_DASHBOARD,2021-06-30
7967,86,SI,15,3,0.199744,RISK_DASHBOARD,2021-09-30
7968,86,SI,16,3,0.203302,RISK_DASHBOARD,2021-12-31
7969,86,SI,17,3,0.196008,RISK_DASHBOARD,2022-03-31
7970,86,SI,18,3,0.186303,RISK_DASHBOARD,2022-06-30
7971,86,SI,19,3,0.191231,RISK_DASHBOARD,2022-09-30
7972,86,SI,20,3,0.215916,RISK_DASHBOARD,2022-12-31
7973,86,SI,21,3,0.197704,RISK_DASHBOARD,2023-03-31
7974,86,SI,22,3,0.221781,RISK_DASHBOARD,2023-06-30
7975,86,SI,23,3,0.215542,RISK_DASHBOARD,2023-09-30
7976,86,SI,24,3,0.179072,RISK_DASHBOARD,2023-12-31
7977,86,SI,25,3,0.199202,RISK_DASHBOARD,2024-03-31
7978,86,SI,26,3,0.207693,RISK_DASHBOARD,2024-06-30
7979,86,SI,27,3,0.206395,RISK_DASHBOARD,2024-09-30
7980,86,SI,28,3,0.169589,RISK_DASHBOARD,2024-12-31
7981,87,SK,1,3,0.181835,RISK_DASHBOARD,2018-03-31
7982,87,SK,2,3,0.169869,RISK_DASHBOARD,2018-06-30
7983,87,SK,3,3,0.194126,RISK_DASHBOARD,2018-09-30
7984,87,SK,4,3,0.208766,RISK_DASHBOARD,2018-12-31
7985,87,SK,5,3,0.189128,RISK_DASHBOARD,2019-03-31
7986,87,SK,6,3,0.166867,RISK_DASHBOARD,2019-06-30
7987,87,SK,7,3,0.180028,RISK_DASHBOARD,2019-09-30
7988,87,SK,8,3,0.189439,RISK_DASHBOARD,2019-12-31
7989,87,SK,9,3,0.205319,RISK_DASHBOARD,2020-03-31
7990,87,SK,10,3,0.21265,RISK_DASHBOARD,2020-06-30
7991,87,SK,11,3,0.191027,RISK_DASHBOARD,2020-09-30
7992,87,SK,12,3,0.21001,RISK_DASHBOARD,2020-12-31
7993,87,SK,13,3,0.183024,RISK_DASHBOARD,2021-03-31
7994,87,SK,14,3,0.211569,RISK_DASHBOARD,2021-06-30
7995,87,SK,15,3,0.202888,RISK_DASHBOARD,2021-09-30
7996,87,SK,16,3,0.19172,RISK_DASHBOARD,2021-12-31
7997,87,SK,17,3,0.167121,RISK_DASHBOARD,2022-03-31
7998,87,SK,18,3,0.178959,RISK_DASHBOARD,2022-06-30
7999,87,SK,19,3,0.187056,RISK_DASHBOARD,2022-09-30
8000,87,SK,20,3,0.170304,RISK_DASHBOARD,2022-12-31
8001,87,SK,21,3,0.216003,RISK_DASHBOARD,2023-03-31
8002,87,SK,22,3,0.193646,RISK_DASHBOARD,2023-06-30
8003,87,SK,23,3,0.205752,RISK_DASHBOARD,2023-09-30
8004,87,SK,24,3,0.219081,RISK_DASHBOARD,2023-12-31
8005,87,SK,25,3,0.172924,RISK_DASHBOARD,2024-03-31
8006,87,SK,26,3,0.204306,RISK_DASHBOARD,2024-06-30
8007,87,SK,27,3,0.20139,RISK_DASHBOARD,2024-09-30
8008,87,SK,28,3,0.180191,RISK_DASHBOARD,2024-12-31
8009,1,AT,23,1,0.149458,TRANSPARENCY,2023-09-30
8010,1,AT,24,1,0.158569,TRANSPARENCY,2023-12-31
8011,1,AT,25,1,0.135428,TRANSPARENCY,2024-03-31
8012,1,AT,26,1,0.118614,TRANSPARENCY,2024-06-30
8013,2,AT,23,1,0.160911,TRANSPARENCY,2023-09-30
8014,2,AT,24,1,0.170324,TRANSPARENCY,2023-12-31
8015,2,AT,25,1,0.151066,TRANSPARENCY,2024-03-31
8016,2,AT,26,1,0.190974,TRANSPARENCY,2024-06-30
8017,3,BE,23,1,0.125842,TRANSPARENCY,2023-09-30
8018,3,BE,24,1,0.172696,TRANSPARENCY,2023-12-31
8019,3,BE,25,1,0.138149,TRANSPARENCY,2024-03-31
8020,3,BE,26,1,0.137098,TRANSPARENCY,2024-06-30
8021,4,BE,23,1,0.174382,TRANSPARENCY,2023-09-30
8022,4,BE,24,1,0.131638,TRANSPARENCY,2023-12-31
8023,4,BE,25,1,0.186271,TRANSPARENCY,2024-03-31
8024,4,BE,26,1,0.166586,TRANSPARENCY,2024-06-30
8025,5,BG,23,1,0.12281,TRANSPARENCY,2023-09-30
8026,5,BG,24,1,0.144583,TRANSPARENCY,2023-12-31
8027,5,BG,25,1,0.191536,TRANSPARENCY,2024-03-31
8028,5,BG,26,1,0.15686,TRANSPARENCY,2024-06-30
8029,6,CY,23,1,0.131068,TRANSPARENCY,2023-09-30
8030,6,CY,24,1,0.18737,TRANSPARENCY,2023-12-31
8031,6,CY,25,1,0.170572,TRANSPARENCY,2024-03-31
8032,6,CY,26,1,0.127925,TRANSPARENCY,2024-06-30
8033,7,CZ,23,1,0.192571,TRANSPARENCY,2023-09-30
8034,7,CZ,24,1,0.191651,TRANSPARENCY,2023-12-31
8035,7,CZ,25,1,0.130299,TRANSPARENCY,2024-03-31
8036,7,CZ,26,1,0.145121,TRANSPARENCY,2024-06-30
8037,8,DE,23,1,0.127079,TRANSPARENCY,2023-09-30
8038,8,DE,24,1,0.12568,TRANSPARENCY,2023-12-31
8039,8,DE,25,1,0.121329,TRANSPARENCY,2024-03-31
8040,8,DE,26,1,0.19054,TRANSPARENCY,2024-06-30
8041,9,DE,23,1,0.139588,TRANSPARENCY,2023-09-30
8042,9,DE,24,1,0.183114,TRANSPARENCY,2023-12-31
8043,9,DE,25,1,0.186772,TRANSPARENCY,2024-03-31
8044,9,DE,26,1,0.123118,TRANSPARENCY,2024-06-30
8045,10,DE,23,1,0.176916,TRANSPARENCY,2023-09-30
8046,10,DE,24,1,0.19042,TRANSPARENCY,2023-12-31
8047,10,DE,25,1,0.154673,TRANSPARENCY,2024-03-31
8048,10,DE,26,1,0.150366,TRANSPARENCY,2024-06-30
8049,11,DE,23,1,0.124323,TRANSPARENCY,2023-09-30
8050,11,DE,24,1,0.149841,TRANSPARENCY,2023-12-31
8051,11,DE,25,1,0.122097,TRANSPARENCY,2024-03-31
8052,11,DE,26,1,0.128795,TRANSPARENCY,2024-06-30
8053,12,DE,23,1,0.179041,TRANSPARENCY,2023-09-30
8054,12,DE,24,1,0.190872,TRANSPARENCY,2023-12-31
8055,12,DE,25,1,0.146768,TRANSPARENCY,2024-03-31
8056,12,DE,26,1,0.168765,TRANSPARENCY,2024-06-30
8057,13,DE,23,1,0.156381,TRANSPARENCY,2023-09-30
8058,13,DE,24,1,0.124385,TRANSPARENCY,2023-12-31
8059,13,DE,25,1,0.131948,TRANSPARENCY,2024-03-31
8060,13,DE,26,1,0.178035,TRANSPARENCY,2024-06-30
8061,14,DK,23,1,0.130743,TRANSPARENCY,2023-09-30
8062,14,DK,24,1,0.153863,TRANSPARENCY,2023-12-31
8063,14,DK,25,1,0.158746,TRANSPARENCY,2024-03-31
8064,14,DK,26,1,0.138207,TRANSPARENCY,2024-06-30
8065,15,DK,23,1,0.117605,TRANSPARENCY,2023-09-30
8066,15,DK,24,1,0.16616,TRANSPARENCY,2023-12-31
8067,15,DK,25,1,0.1914,TRANSPARENCY,2024-03-31
8068,15,DK,26,1,0.123904,TRANSPARENCY,2024-06-30
8069,16,EE,23,1,0.127048,TRANSPARENCY,2023-09-30
8070,16,EE,24,1,0.157852,TRANSPARENCY,2023-12-31
8071,16,EE,25,1,0.181371,TRANSPARENCY,2024-03-31
8072,16,EE,26,1,0.134451,TRANSPARENCY,2024-06-30
8073,17,ES,23,1,0.157812,TRANSPARENCY,2023-09-30
8074,17,ES,24,1,0.149474,TRANSPARENCY,2023-12-31
8075,17,ES,25,1,0.126223,TRANSPARENCY,2024-03-31
8076,17,ES,26,1,0.200503,TRANSPARENCY,2024-06-30
8077,18,ES,23,1,0.14168,TRANSPARENCY,2023-09-30
8078,18,ES,24,1,0.159174,TRANSPARENCY,2023-12-31
8079,18,ES,25,1,0.173521,TRANSPARENCY,2024-03-31
8080,18,ES,26,1,0.153247,TRANSPARENCY,2024-06-30
8081,19,ES,23,1,0.171569,TRANSPARENCY,2023-09-30
8082,19,ES,24,1,0.141591,TRANSPARENCY,2023-12-31
8083,19,ES,25,1,0.153977,TRANSPARENCY,2024-03-31
8084,19,ES,26,1,0.154275,TRANSPARENCY,2024-06-30
8085,20,ES,23,1,0.185656,TRANSPARENCY,2023-09-30
8086,20,ES,24,1,0.138913,TRANSPARENCY,2023-12-31
8087,20,ES,25,1,0.155096,TRANSPARENCY,2024-03-31
8088,20,ES,26,1,0.182968,TRANSPARENCY,2024-06-30
8089,21,FI,23,1,0.129046,TRANSPARENCY,2023-09-30
8090,21,FI,24,1,0.121607,TRANSPARENCY,2023-12-31
8091,21,FI,25,1,0.130801,TRANSPARENCY,2024-03-31
8092,21,FI,26,1,0.138338,TRANSPARENCY,2024-06-30
8093,22,FR,23,1,0.146579,TRANSPARENCY,2023-09-30
8094,22,FR,24,1,0.128893,TRANSPARENCY,2023-12-31
8095,22,FR,25,1,0.13153,TRANSPARENCY,2024-03-31
8096,22,FR,26,1,0.16261,TRANSPARENCY,2024-06-30
8097,23,FR,23,1,0.153742,TRANSPARENCY,2023-09-30
8098,23,FR,24,1,0.190108,TRANSPARENCY,2023-12-31
8099,23,FR,25,1,0.132668,TRANSPARENCY,2024-03-31
8100,23,FR,26,1,0.133077,TRANSPARENCY,2024-06-30
8101,24,FR,23,1,0.156196,TRANSPARENCY,2023-09-30
8102,24,FR,24,1,0.151666,TRANSPARENCY,2023-12-31
8103,24,FR,25,1,0.171677,TRANSPARENCY,2024-03-31
8104,24,FR,26,1,0.140617,TRANSPARENCY,2024-06-30
8105,25,FR,23,1,0.175236,TRANSPARENCY,2023-09-30
8106,25,FR,24,1,0.120178,TRANSPARENCY,2023-12-31
8107,25,FR,25,1,0.194124,TRANSPARENCY,2024-03-31
8108,25,FR,26,1,0.18352,TRANSPARENCY,2024-06-30
8109,26,FR,23,1,0.121011,TRANSPARENCY,2023-09-30
8110,26,FR,24,1,0.14372,TRANSPARENCY,2023-12-31
8111,26,FR,25,1,0.164676,TRANSPARENCY,2024-03-31
8112,26,FR,26,1,0.169659,TRANSPARENCY,2024-06-30
8113,27,GR,23,1,0.118189,TRANSPARENCY,2023-09-30
8114,27,GR,24,1,0.137651,TRANSPARENCY,2023-12-31
8115,27,GR,25,1,0.169703,TRANSPARENCY,2024-03-31
8116,27,GR,26,1,0.178636,TRANSPARENCY,2024-06-30
8117,28,GR,23,1,0.121102,TRANSPARENCY,2023-09-30
8118,28,GR,24,1,0.148565,TRANSPARENCY,2023-12-31
8119,28,GR,25,1,0.124567,TRANSPARENCY,2024-03-31
8120,28,GR,26,1,0.167342,TRANSPARENCY,2024-06-30
8121,29,GR,23,1,0.187172,TRANSPARENCY,2023-09-30
8122,29,GR,24,1,0.179804,TRANSPARENCY,2023-12-31
8123,29,GR,25,1,0.141632,TRANSPARENCY,2024-03-31
8124,29,GR,26,1,0.1643,TRANSPARENCY,2024-06-30
8125,30,GR,23,1,0.184526,TRANSPARENCY,2023-09-30
8126,30,GR,24,1,0.135117,TRANSPARENCY,2023-12-31
8127,30,GR,25,1,0.139912,TRANSPARENCY,2024-03-31
8128,30,GR,26,1,0.18578,TRANSPARENCY,2024-06-30
8129,31,HR,23,1,0.164939,TRANSPARENCY,2023-09-30
8130,31,HR,24,1,0.130216,TRANSPARENCY,2023-12-31
8131,31,HR,25,1,0.180951,TRANSPARENCY,2024-03-31
8132,31,HR,26,1,0.138445,TRANSPARENCY,2024-06-30
8133,32,HU,23,1,0.184628,TRANSPARENCY,2023-09-30
8134,32,HU,24,1,0.144576,TRANSPARENCY,2023-12-31
8135,32,HU,25,1,0.155725,TRANSPARENCY,2024-03-31
8136,32,HU,26,1,0.17896,TRANSPARENCY,2024-06-30
8137,33,IE,23,1,0.135801,TRANSPARENCY,2023-09-30
8138,33,IE,24,1,0.192535,TRANSPARENCY,2023-12-31
8139,33,IE,25,1,0.195199,TRANSPARENCY,2024-03-31
8140,33,IE,26,1,0.143806,TRANSPARENCY,2024-06-30
8141,34,IE,23,1,0.156514,TRANSPARENCY,2023-09-30
8142,34,IE,24,1,0.132369,TRANSPARENCY,2023-12-31
8143,34,IE,25,1,0.132303,TRANSPARENCY,2024-03-31
8144,34,IE,26,1,0.197318,TRANSPARENCY,2024-06-30
8145,35,IS,23,1,0.15927,TRANSPARENCY,2023-09-30
8146,35,IS,24,1,0.168574,TRANSPARENCY,2023-12-31
8147,35,IS,25,1,0.156547,TRANSPARENCY,2024-03-31
8148,35,IS,26,1,0.149525,TRANSPARENCY,2024-06-30
8149,36,IT,23,1,0.142803,TRANSPARENCY,2023-09-30
8150,36,IT,24,1,0.156844,TRANSPARENCY,2023-12-31
8151,36,IT,25,1,0.146414,TRANSPARENCY,2024-03-31
8152,36,IT,26,1,0.135478,TRANSPARENCY,2024-06-30
8153,37,IT,23,1,0.191629,TRANSPARENCY,2023-09-30
8154,37,IT,24,1,0.174725,TRANSPARENCY,2023-12-31
8155,37,IT,25,1,0.138221,TRANSPARENCY,2024-03-31
8156,37,IT,26,1,0.161337,TRANSPARENCY,2024-06-30
8157,38,IT,23,1,0.176175,TRANSPARENCY,2023-09-30
8158,38,IT,24,1,0.188263,TRANSPARENCY,2023-12-31
8159,38,IT,25,1,0.149157,TRANSPARENCY,2024-03-31
8160,38,IT,26,1,0.145513,TRANSPARENCY,2024-06-30
8161,39,IT,23,1,0.124813,TRANSPARENCY,2023-09-30
8162,39,IT,24,1,0.130476,TRANSPARENCY,2023-12-31
8163,39,IT,25,1,0.133059,TRANSPARENCY,2024-03-31
8164,39,IT,26,1,0.126783,TRANSPARENCY,2024-06-30
8165,40,IT,23,1,0.133697,TRANSPARENCY,2023-09-30
8166,40,IT,24,1,0.16699,TRANSPARENCY,2023-12-31
8167,40,IT,25,1,0.166143,TRANSPARENCY,2024-03-31
8168,40,IT,26,1,0.139099,TRANSPARENCY,2024-06-30
8169,41,LI,23,1,0.126523,TRANSPARENCY,2023-09-30
8170,41,LI,24,1,0.192781,TRANSPARENCY,2023-12-31
8171,41,LI,25,1,0.122755,TRANSPARENCY,2024-03-31
8172,41,LI,26,1,0.129274,TRANSPARENCY,2024-06-30
8173,42,LT,23,1,0.186627,TRANSPARENCY,2023-09-30
8174,42,LT,24,1,0.150844,TRANSPARENCY,2023-12-31
8175,42,LT,25,1,0.156886,TRANSPARENCY,2024-03-31
8176,42,LT,26,1,0.190179,TRANSPARENCY,2024-06-30
8177,43,LU,23,1,0.163228,TRANSPARENCY,2023-09-30
8178,43,LU,24,1,0.170531,TRANSPARENCY,2023-12-31
8179,43,LU,25,1,0.138069,TRANSPARENCY,2024-03-31
8180,43,LU,26,1,0.190235,TRANSPARENCY,2024-06-30
8181,44,LV,23,1,0.157949,TRANSPARENCY,2023-09-30
8182,44,LV,24,1,0.187471,TRANSPARENCY,2023-12-31
8183,44,LV,25,1,0.147022,TRANSPARENCY,2024-03-31
8184,44,LV,26,1,0.179336,TRANSPARENCY,2024-06-30
8185,45,MT,23,1,0.1297,TRANSPARENCY,2023-09-30
8186,45,MT,24,1,0.163462,TRANSPARENCY,2023-12-31
8187,45,MT,25,1,0.168009,TRANSPARENCY,2024-03-31
8188,45,MT,26,1,0.177066,TRANSPARENCY,2024-06-30
8189,46,NL,23,1,0.157044,TRANSPARENCY,2023-09-30
8190,46,NL,24,1,0.138492,TRANSPARENCY,2023-12-31
8191,46,NL,25,1,0.152314,TRANSPARENCY,2024-03-31
8192,46,NL,26,1,0.124104,TRANSPARENCY,2024-06-30
8193,47,NL,23,1,0.16001,TRANSPARENCY,2023-09-30
8194,47,NL,24,1,0.142332,TRANSPARENCY,2023-12-31
8195,47,NL,25,1,0.167882,TRANSPARENCY,2024-03-31
8196,47,NL,26,1,0.158838,TRANSPARENCY,2024-06-30
8197,48,NL,23,1,0.127622,TRANSPARENCY,2023-09-30
8198,48,NL,24,1,0.187151,TRANSPARENCY,2023-12-31
8199,48,NL,25,1,0.134798,TRANSPARENCY,2024-03-31
8200,48,NL,26,1,0.14684,TRANSPARENCY,2024-06-30
8201,49,NO,23,1,0.158784,TRANSPARENCY,2023-09-30
8202,49,NO,24,1,0.152368,TRANSPARENCY,2023-12-31
8203,49,NO,25,1,0.17914,TRANSPARENCY,2024-03-31
8204,49,NO,26,1,0.127504,TRANSPARENCY,2024-06-30
8205,50,PL,23,1,0.161729,TRANSPARENCY,2023-09-30
8206,50,PL,24,1,0.128926,TRANSPARENCY,2023-12-31
8207,50,PL,25,1,0.151577,TRANSPARENCY,2024-03-31
8208,50,PL,26,1,0.129443,TRANSPARENCY,2024-06-30
8209,51,PL,23,1,0.136137,TRANSPARENCY,2023-09-30
8210,51,PL,24,1,0.167414,TRANSPARENCY,2023-12-31
8211,51,PL,25,1,0.142907,TRANSPARENCY,2024-03-31
8212,51,PL,26,1,0.185297,TRANSPARENCY,2024-06-30
8213,52,PL,23,1,0.140357,TRANSPARENCY,2023-09-30
8214,52,PL,24,1,0.177926,TRANSPARENCY,2023-12-31
8215,52,PL,25,1,0.15525,TRANSPARENCY,2024-03-31
8216,52,PL,26,1,0.190136,TRANSPARENCY,2024-06-30
8217,53,PT,23,1,0.123837,TRANSPARENCY,2023-09-30
8218,53,PT,24,1,0.177214,TRANSPARENCY,2023-12-31
8219,53,PT,25,1,0.12704,TRANSPARENCY,2024-03-31
8220,53,PT,26,1,0.193495,TRANSPARENCY,2024-06-30
8221,54,PT,23,1,0.115976,TRANSPARENCY,2023-09-30
8222,54,PT,24,1,0.184948,TRANSPARENCY,2023-12-31
8223,54,PT,25,1,0.18298,TRANSPARENCY,2024-03-31
8224,54,PT,26,1,0.167134,TRANSPARENCY,2024-06-30
8225,55,RO,23,1,0.175269,TRANSPARENCY,2023-09-30
8226,55,RO,24,1,0.195815,TRANSPARENCY,2023-12-31
8227,55,RO,25,1,0.165546,TRANSPARENCY,2024-03-31
8228,55,RO,26,1,0.197173,TRANSPARENCY,2024-06-30
8229,56,SE,23,1,0.150538,TRANSPARENCY,2023-09-30
8230,56,SE,24,1,0.169809,TRANSPARENCY,2023-12-31
8231,56,SE,25,1,0.162643,TRANSPARENCY,2024-03-31
8232,56,SE,26,1,0.171324,TRANSPARENCY,2024-06-30
8233,57,SE,23,1,0.165015,TRANSPARENCY,2023-09-30
8234,57,SE,24,1,0.194618,TRANSPARENCY,2023-12-31
8235,57,SE,25,1,0.176349,TRANSPARENCY,2024-03-31
8236,57,SE,26,1,0.132674,TRANSPARENCY,2024-06-30
8237,58,SE,23,1,0.129703,TRANSPARENCY,2023-09-30
8238,58,SE,24,1,0.119587,TRANSPARENCY,2023-12-31
8239,58,SE,25,1,0.172951,TRANSPARENCY,2024-03-31
8240,58,SE,26,1,0.157064,TRANSPARENCY,2024-06-30
8241,59,SE,23,1,0.188064,TRANSPARENCY,2023-09-30
8242,59,SE,24,1,0.121626,TRANSPARENCY,2023-12-31
8243,59,SE,25,1,0.153233,TRANSPARENCY,2024-03-31
8244,59,SE,26,1,0.159711,TRANSPARENCY,2024-06-30
8245,60,SI,23,1,0.17546,TRANSPARENCY,2023-09-30
8246,60,SI,24,1,0.169219,TRANSPARENCY,2023-12-31
8247,60,SI,25,1,0.128574,TRANSPARENCY,2024-03-31
8248,60,SI,26,1,0.168176,TRANSPARENCY,2024-06-30
8249,61,SK,23,1,0.154092,TRANSPARENCY,2023-09-30
8250,61,SK,24,1,0.187002,TRANSPARENCY,2023-12-31
8251,61,SK,25,1,0.171571,TRANSPARENCY,2024-03-31
8252,61,SK,26,1,0.174386,TRANSPARENCY,2024-06-30
8253,1,AT,23,15,0.618776,TRANSPARENCY,2023-09-30
8254,1,AT,24,15,0.636908,TRANSPARENCY,2023-12-31
8255,1,AT,25,15,0.64273,TRANSPARENCY,2024-03-31
8256,1,AT,26,15,0.636308,TRANSPARENCY,2024-06-30
8257,2,AT,23,15,0.635797,TRANSPARENCY,2023-09-30
8258,2,AT,24,15,0.59029,TRANSPARENCY,2023-12-31
8259,2,AT,25,15,0.589335,TRANSPARENCY,2024-03-31
8260,2,AT,26,15,0.564074,TRANSPARENCY,2024-06-30
8261,3,BE,23,15,0.563454,TRANSPARENCY,2023-09-30
8262,3,BE,24,15,0.569516,TRANSPARENCY,2023-12-31
8263,3,BE,25,15,0.608629,TRANSPARENCY,2024-03-31
8264,3,BE,26,15,0.610078,TRANSPARENCY,2024-06-30
8265,4,BE,23,15,0.619545,TRANSPARENCY,2023-09-30
8266,4,BE,24,15,0.573696,TRANSPARENCY,2023-12-31
8267,4,BE,25,15,0.612929,TRANSPARENCY,2024-03-31
8268,4,BE,26,15,0.593341,TRANSPARENCY,2024-06-30
8269,5,BG,23,15,0.556809,TRANSPARENCY,2023-09-30
8270,5,BG,24,15,0.573533,TRANSPARENCY,2023-12-31
8271,5,BG,25,15,0.580574,TRANSPARENCY,2024-03-31
8272,5,BG,26,15,0.631625,TRANSPARENCY,2024-06-30
8273,6,CY,23,15,0.531844,TRANSPARENCY,2023-09-30
8274,6,CY,24,15,0.516379,TRANSPARENCY,2023-12-31
8275,6,CY,25,15,0.618834,TRANSPARENCY,2024-03-31
8276,6,CY,26,15,0.53143,TRANSPARENCY,2024-06-30
8277,7,CZ,23,15,0.539029,TRANSPARENCY,2023-09-30
8278,7,CZ,24,15,0.614038,TRANSPARENCY,2023-12-31
8279,7,CZ,25,15,0.530738,TRANSPARENCY,2024-03-31
8280,7,CZ,26,15,0.541737,TRANSPARENCY,2024-06-30
8281,8,DE,23,15,0.576318,TRANSPARENCY,2023-09-30
8282,8,DE,24,15,0.527547,TRANSPARENCY,2023-12-31
8283,8,DE,25,15,0.643495,TRANSPARENCY,2024-03-31
8284,8,DE,26,15,0.565274,TRANSPARENCY,2024-06-30
8285,9,DE,23,15,0.626612,TRANSPARENCY,2023-09-30
8286,9,DE,24,15,0.537863,TRANSPARENCY,2023-12-31
8287,9,DE,25,15,0.553929,TRANSPARENCY,2024-03-31
8288,9,DE,26,15,0.574942,TRANSPARENCY,2024-06-30
8289,10,DE,23,15,0.624133,TRANSPARENCY,2023-09-30
8290,10,DE,24,15,0.619446,TRANSPARENCY,2023-12-31
8291,10,DE,25,15,0.604622,TRANSPARENCY,2024-03-31
8292,10,DE,26,15,0.573357,TRANSPARENCY,2024-06-30
8293,11,DE,23,15,0.597366,TRANSPARENCY,2023-09-30
8294,11,DE,24,15,0.544244,TRANSPARENCY,2023-12-31
8295,11,DE,25,15,0.556826,TRANSPARENCY,2024-03-31
8296,11,DE,26,15,0.55149,TRANSPARENCY,2024-06-30
8297,12,DE,23,15,0.62453,TRANSPARENCY,2023-09-30
8298,12,DE,24,15,0.636572,TRANSPARENCY,2023-12-31
8299,12,DE,25,15,0.568394,TRANSPARENCY,2024-03-31
8300,12,DE,26,15,0.55162,TRANSPARENCY,2024-06-30
8301,13,DE,23,15,0.62618,TRANSPARENCY,2023-09-30
8302,13,DE,24,15,0.542959,TRANSPARENCY,2023-12-31
8303,13,DE,25,15,0.569327,TRANSPARENCY,2024-03-31
8304,13,DE,26,15,0.632019,TRANSPARENCY,2024-06-30
8305,14,DK,23,15,0.624135,TRANSPARENCY,2023-09-30
8306,14,DK,24,15,0.566307,TRANSPARENCY,2023-12-31
8307,14,DK,25,15,0.544116,TRANSPARENCY,2024-03-31
8308,14,DK,26,15,0.545239,TRANSPARENCY,2024-06-30
8309,15,DK,23,15,0.530831,TRANSPARENCY,2023-09-30
8310,15,DK,24,15,0.614963,TRANSPARENCY,2023-12-31
8311,15,DK,25,15,0.52659,TRANSPARENCY,2024-03-31
8312,15,DK,26,15,0.576983,TRANSPARENCY,2024-06-30
8313,16,EE,23,15,0.583793,TRANSPARENCY,2023-09-30
8314,16,EE,24,15,0.539366,TRANSPARENCY,2023-12-31
8315,16,EE,25,15,0.513762,TRANSPARENCY,2024-03-31
8316,16,EE,26,15,0.575707,TRANSPARENCY,2024-06-30
8317,17,ES,23,15,0.615391,TRANSPARENCY,2023-09-30
8318,17,ES,24,15,0.647002,TRANSPARENCY,2023-12-31
8319,17,ES,25,15,0.573489,TRANSPARENCY,2024-03-31
8320,17,ES,26,15,0.651309,TRANSPARENCY,2024-06-30
8321,18,ES,23,15,0.587035,TRANSPARENCY,2023-09-30
8322,18,ES,24,15,0.565389,TRANSPARENCY,2023-12-31
8323,18,ES,25,15,0.596962,TRANSPARENCY,2024-03-31
8324,18,ES,26,15,0.54133,TRANSPARENCY,2024-06-30
8325,19,ES,23,15,0.590085,TRANSPARENCY,2023-09-30
8326,19,ES,24,15,0.607053,TRANSPARENCY,2023-12-31
8327,19,ES,25,15,0.545729,TRANSPARENCY,2024-03-31
8328,19,ES,26,15,0.639575,TRANSPARENCY,2024-06-30
8329,20,ES,23,15,0.593144,TRANSPARENCY,2023-09-30
8330,20,ES,24,15,0.585519,TRANSPARENCY,2023-12-31
8331,20,ES,25,15,0.55686,TRANSPARENCY,2024-03-31
8332,20,ES,26,15,0.57219,TRANSPARENCY,2024-06-30
8333,21,FI,23,15,0.551983,TRANSPARENCY,2023-09-30
8334,21,FI,24,15,0.572666,TRANSPARENCY,2023-12-31
8335,21,FI,25,15,0.549176,TRANSPARENCY,2024-03-31
8336,21,FI,26,15,0.527378,TRANSPARENCY,2024-06-30
8337,22,FR,23,15,0.56436,TRANSPARENCY,2023-09-30
8338,22,FR,24,15,0.644656,TRANSPARENCY,2023-12-31
8339,22,FR,25,15,0.638349,TRANSPARENCY,2024-03-31
8340,22,FR,26,15,0.611712,TRANSPARENCY,2024-06-30
8341,23,FR,23,15,0.545126,TRANSPARENCY,2023-09-30
8342,23,FR,24,15,0.606152,TRANSPARENCY,2023-12-31
8343,23,FR,25,15,0.622889,TRANSPARENCY,2024-03-31
8344,23,FR,26,15,0.639209,TRANSPARENCY,2024-06-30
8345,24,FR,23,15,0.551909,TRANSPARENCY,2023-09-30
8346,24,FR,24,15,0.585858,TRANSPARENCY,2023-12-31
8347,24,FR,25,15,0.610906,TRANSPARENCY,2024-03-31
8348,24,FR,26,15,0.604848,TRANSPARENCY,2024-06-30
8349,25,FR,23,15,0.568162,TRANSPARENCY,2023-09-30
8350,25,FR,24,15,0.536971,TRANSPARENCY,2023-12-31
8351,25,FR,25,15,0.612449,TRANSPARENCY,2024-03-31
8352,25,FR,26,15,0.580158,TRANSPARENCY,2024-06-30
8353,26,FR,23,15,0.543962,TRANSPARENCY,2023-09-30
8354,26,FR,24,15,0.644714,TRANSPARENCY,2023-12-31
8355,26,FR,25,15,0.648525,TRANSPARENCY,2024-03-31
8356,26,FR,26,15,0.557102,TRANSPARENCY,2024-06-30
8357,27,GR,23,15,0.592094,TRANSPARENCY,2023-09-30
8358,27,GR,24,15,0.591601,TRANSPARENCY,2023-12-31
8359,27,GR,25,15,0.582283,TRANSPARENCY,2024-03-31
8360,27,GR,26,15,0.605937,TRANSPARENCY,2024-06-30
8361,28,GR,23,15,0.585315,TRANSPARENCY,2023-09-30
8362,28,GR,24,15,0.591207,TRANSPARENCY,2023-12-31
8363,28,GR,25,15,0.529279,TRANSPARENCY,2024-03-31
8364,28,GR,26,15,0.584178,TRANSPARENCY,2024-06-30
8365,29,GR,23,15,0.615173,TRANSPARENCY,2023-09-30
8366,29,GR,24,15,0.58522,TRANSPARENCY,2023-12-31
8367,29,GR,25,15,0.529011,TRANSPARENCY,2024-03-31
8368,29,GR,26,15,0.578878,TRANSPARENCY,2024-06-30
8369,30,GR,23,15,0.557575,TRANSPARENCY,2023-09-30
8370,30,GR,24,15,0.629226,TRANSPARENCY,2023-12-31
8371,30,GR,25,15,0.633375,TRANSPARENCY,2024-03-31
8372,30,GR,26,15,0.600365,TRANSPARENCY,2024-06-30
8373,31,HR,23,15,0.607461,TRANSPARENCY,2023-09-30
8374,31,HR,24,15,0.546944,TRANSPARENCY,2023-12-31
8375,31,HR,25,15,0.53341,TRANSPARENCY,2024-03-31
8376,31,HR,26,15,0.632268,TRANSPARENCY,2024-06-30
8377,32,HU,23,15,0.562186,TRANSPARENCY,2023-09-30
8378,32,HU,24,15,0.557676,TRANSPARENCY,2023-12-31
8379,32,HU,25,15,0.525391,TRANSPARENCY,2024-03-31
8380,32,HU,26,15,0.549011,TRANSPARENCY,2024-06-30
8381,33,IE,23,15,0.535331,TRANSPARENCY,2023-09-30
8382,33,IE,24,15,0.565139,TRANSPARENCY,2023-12-31
8383,33,IE,25,15,0.584621,TRANSPARENCY,2024-03-31
8384,33,IE,26,15,0.531151,TRANSPARENCY,2024-06-30
8385,34,IE,23,15,0.542275,TRANSPARENCY,2023-09-30
8386,34,IE,24,15,0.5521,TRANSPARENCY,2023-12-31
8387,34,IE,25,15,0.597403,TRANSPARENCY,2024-03-31
8388,34,IE,26,15,0.578283,TRANSPARENCY,2024-06-30
8389,35,IS,23,15,0.557181,TRANSPARENCY,2023-09-30
8390,35,IS,24,15,0.512416,TRANSPARENCY,2023-12-31
8391,35,IS,25,15,0.616845,TRANSPARENCY,2024-03-31
8392,35,IS,26,15,0.530082,TRANSPARENCY,2024-06-30
8393,36,IT,23,15,0.625408,TRANSPARENCY,2023-09-30
8394,36,IT,24,15,0.630865,TRANSPARENCY,2023-12-31
8395,36,IT,25,15,0.58503,TRANSPARENCY,2024-03-31
8396,36,IT,26,15,0.607599,TRANSPARENCY,2024-06-30
8397,37,IT,23,15,0.592558,TRANSPARENCY,2023-09-30
8398,37,IT,24,15,0.650933,TRANSPARENCY,2023-12-31
8399,37,IT,25,15,0.58308,TRANSPARENCY,2024-03-31
8400,37,IT,26,15,0.61384,TRANSPARENCY,2024-06-30
8401,38,IT,23,15,0.6144,TRANSPARENCY,2023-09-30
8402,38,IT,24,15,0.638902,TRANSPARENCY,2023-12-31
8403,38,IT,25,15,0.631963,TRANSPARENCY,2024-03-31
8404,38,IT,26,15,0.629741,TRANSPARENCY,2024-06-30
8405,39,IT,23,15,0.585391,TRANSPARENCY,2023-09-30
8406,39,IT,24,15,0.604457,TRANSPARENCY,2023-12-31
8407,39,IT,25,15,0.606793,TRANSPARENCY,2024-03-31
8408,39,IT,26,15,0.626956,TRANSPARENCY,2024-06-30
8409,40,IT,23,15,0.618236,TRANSPARENCY,2023-09-30
8410,40,IT,24,15,0.538561,TRANSPARENCY,2023-12-31
8411,40,IT,25,15,0.547334,TRANSPARENCY,2024-03-31
8412,40,IT,26,15,0.620281,TRANSPARENCY,2024-06-30
8413,41,LI,23,15,0.617635,TRANSPARENCY,2023-09-30
8414,41,LI,24,15,0.551809,TRANSPARENCY,2023-12-31
8415,41,LI,25,15,0.517658,TRANSPARENCY,2024-03-31
8416,41,LI,26,15,0.623676,TRANSPARENCY,2024-06-30
8417,42,LT,23,15,0.534259,TRANSPARENCY,2023-09-30
8418,42,LT,24,15,0.532969,TRANSPARENCY,2023-12-31
8419,42,LT,25,15,0.560428,TRANSPARENCY,2024-03-31
8420,42,LT,26,15,0.591827,TRANSPARENCY,2024-06-30
8421,43,LU,23,15,0.541314,TRANSPARENCY,2023-09-30
8422,43,LU,24,15,0.53691,TRANSPARENCY,2023-12-31
8423,43,LU,25,15,0.580218,TRANSPARENCY,2024-03-31
8424,43,LU,26,15,0.527499,TRANSPARENCY,2024-06-30
8425,44,LV,23,15,0.546676,TRANSPARENCY,2023-09-30
8426,44,LV,24,15,0.533078,TRANSPARENCY,2023-12-31
8427,44,LV,25,15,0.545673,TRANSPARENCY,2024-03-31
8428,44,LV,26,15,0.526356,TRANSPARENCY,2024-06-30
8429,45,MT,23,15,0.629968,TRANSPARENCY,2023-09-30
8430,45,MT,24,15,0.560828,TRANSPARENCY,2023-12-31
8431,45,MT,25,15,0.602246,TRANSPARENCY,2024-03-31
8432,45,MT,26,15,0.559597,TRANSPARENCY,2024-06-30
8433,46,NL,23,15,0.613828,TRANSPARENCY,2023-09-30
8434,46,NL,24,15,0.608033,TRANSPARENCY,2023-12-31
8435,46,NL,25,15,0.632817,TRANSPARENCY,2024-03-31
8436,46,NL,26,15,0.620222,TRANSPARENCY,2024-06-30
8437,47,NL,23,15,0.575638,TRANSPARENCY,2023-09-30
8438,47,NL,24,15,0.565977,TRANSPARENCY,2023-12-31
8439,47,NL,25,15,0.647132,TRANSPARENCY,2024-03-31
8440,47,NL,26,15,0.608408,TRANSPARENCY,2024-06-30
8441,48,NL,23,15,0.602504,TRANSPARENCY,2023-09-30
8442,48,NL,24,15,0.610386,TRANSPARENCY,2023-12-31
8443,48,NL,25,15,0.537133,TRANSPARENCY,2024-03-31
8444,48,NL,26,15,0.569111,TRANSPARENCY,2024-06-30
8445,49,NO,23,15,0.626292,TRANSPARENCY,2023-09-30
8446,49,NO,24,15,0.610511,TRANSPARENCY,2023-12-31
8447,49,NO,25,15,0.587377,TRANSPARENCY,2024-03-31
8448,49,NO,26,15,0.635134,TRANSPARENCY,2024-06-30
8449,50,PL,23,15,0.554754,TRANSPARENCY,2023-09-30
8450,50,PL,24,15,0.529971,TRANSPARENCY,2023-12-31
8451,50,PL,25,15,0.627234,TRANSPARENCY,2024-03-31
8452,50,PL,26,15,0.567784,TRANSPARENCY,2024-06-30
8453,51,PL,23,15,0.527457,TRANSPARENCY,2023-09-30
8454,51,PL,24,15,0.629637,TRANSPARENCY,2023-12-31
8455,51,PL,25,15,0.568299,TRANSPARENCY,2024-03-31
8456,51,PL,26,15,0.616891,TRANSPARENCY,2024-06-30
8457,52,PL,23,15,0.630365,TRANSPARENCY,2023-09-30
8458,52,PL,24,15,0.585207,TRANSPARENCY,2023-12-31
8459,52,PL,25,15,0.57265,TRANSPARENCY,2024-03-31
8460,52,PL,26,15,0.631212,TRANSPARENCY,2024-06-30
8461,53,PT,23,15,0.556846,TRANSPARENCY,2023-09-30
8462,53,PT,24,15,0.612898,TRANSPARENCY,2023-12-31
8463,53,PT,25,15,0.627322,TRANSPARENCY,2024-03-31
8464,53,PT,26,15,0.569653,TRANSPARENCY,2024-06-30
8465,54,PT,23,15,0.555452,TRANSPARENCY,2023-09-30
8466,54,PT,24,15,0.567852,TRANSPARENCY,2023-12-31
8467,54,PT,25,15,0.635745,TRANSPARENCY,2024-03-31
8468,54,PT,26,15,0.641837,TRANSPARENCY,2024-06-30
8469,55,RO,23,15,0.533614,TRANSPARENCY,2023-09-30
8470,55,RO,24,15,0.51968,TRANSPARENCY,2023-12-31
8471,55,RO,25,15,0.612166,TRANSPARENCY,2024-03-31
8472,55,RO,26,15,0.590586,TRANSPARENCY,2024-06-30
8473,56,SE,23,15,0.578989,TRANSPARENCY,2023-09-30
8474,56,SE,24,15,0.529566,TRANSPARENCY,2023-12-31
8475,56,SE,25,15,0.576606,TRANSPARENCY,2024-03-31
8476,56,SE,26,15,0.575054,TRANSPARENCY,2024-06-30
8477,57,SE,23,15,0.595999,TRANSPARENCY,2023-09-30
8478,57,SE,24,15,0.630759,TRANSPARENCY,2023-12-31
8479,57,SE,25,15,0.590553,TRANSPARENCY,2024-03-31
8480,57,SE,26,15,0.536863,TRANSPARENCY,2024-06-30
8481,58,SE,23,15,0.530843,TRANSPARENCY,2023-09-30
8482,58,SE,24,15,0.548525,TRANSPARENCY,2023-12-31
8483,58,SE,25,15,0.645497,TRANSPARENCY,2024-03-31
8484,58,SE,26,15,0.541806,TRANSPARENCY,2024-06-30
8485,59,SE,23,15,0.582728,TRANSPARENCY,2023-09-30
8486,59,SE,24,15,0.621503,TRANSPARENCY,2023-12-31
8487,59,SE,25,15,0.601701,TRANSPARENCY,2024-03-31
8488,59,SE,26,15,0.541097,TRANSPARENCY,2024-06-30
8489,60,SI,23,15,0.571477,TRANSPARENCY,2023-09-30
8490,60,SI,24,15,0.517918,TRANSPARENCY,2023-12-31
8491,60,SI,25,15,0.628342,TRANSPARENCY,2024-03-31
8492,60,SI,26,15,0.625195,TRANSPARENCY,2024-06-30
8493,61,SK,23,15,0.563536,TRANSPARENCY,2023-09-30
8494,61,SK,24,15,0.54813,TRANSPARENCY,2023-12-31
8495,61,SK,25,15,0.576317,TRANSPARENCY,2024-03-31
8496,61,SK,26,15,0.588273,TRANSPARENCY,2024-06-30
8497,1,AT,23,12,0.014688,TRANSPARENCY,2023-09-30
8498,1,AT,24,12,0.007072,TRANSPARENCY,2023-12-31
8499,1,AT,25,12,0.035877,TRANSPARENCY,2024-03-31
8500,1,AT,26,12,0.015225,TRANSPARENCY,2024-06-30
8501,2,AT,23,12,0.025009,TRANSPARENCY,2023-09-30
8502,2,AT,24,12,0.023589,TRANSPARENCY,2023-12-31
8503,2,AT,25,12,0.024421,TRANSPARENCY,2024-03-31
8504,2,AT,26,12,0.026358,TRANSPARENCY,2024-06-30
8505,3,BE,23,12,0.006318,TRANSPARENCY,2023-09-30
8506,3,BE,24,12,0.007794,TRANSPARENCY,2023-12-31
8507,3,BE,25,12,0.030089,TRANSPARENCY,2024-03-31
8508,3,BE,26,12,0.025566,TRANSPARENCY,2024-06-30
8509,4,BE,23,12,0.008984,TRANSPARENCY,2023-09-30
8510,4,BE,24,12,0.02972,TRANSPARENCY,2023-12-31
8511,4,BE,25,12,0.007712,TRANSPARENCY,2024-03-31
8512,4,BE,26,12,0.013555,TRANSPARENCY,2024-06-30
8513,5,BG,23,12,0.007528,TRANSPARENCY,2023-09-30
8514,5,BG,24,12,0.028987,TRANSPARENCY,2023-12-31
8515,5,BG,25,12,0.023443,TRANSPARENCY,2024-03-31
8516,5,BG,26,12,0.033464,TRANSPARENCY,2024-06-30
8517,6,CY,23,12,0.017488,TRANSPARENCY,2023-09-30
8518,6,CY,24,12,0.033291,TRANSPARENCY,2023-12-31
8519,6,CY,25,12,0.011623,TRANSPARENCY,2024-03-31
8520,6,CY,26,12,0.00965,TRANSPARENCY,2024-06-30
8521,7,CZ,23,12,0.029073,TRANSPARENCY,2023-09-30
8522,7,CZ,24,12,0.011483,TRANSPARENCY,2023-12-31
8523,7,CZ,25,12,0.029311,TRANSPARENCY,2024-03-31
8524,7,CZ,26,12,0.015755,TRANSPARENCY,2024-06-30
8525,8,DE,23,12,0.008365,TRANSPARENCY,2023-09-30
8526,8,DE,24,12,0.021986,TRANSPARENCY,2023-12-31
8527,8,DE,25,12,0.01097,TRANSPARENCY,2024-03-31
8528,8,DE,26,12,0.035298,TRANSPARENCY,2024-06-30
8529,9,DE,23,12,0.0288,TRANSPARENCY,2023-09-30
8530,9,DE,24,12,0.014024,TRANSPARENCY,2023-12-31
8531,9,DE,25,12,0.018841,TRANSPARENCY,2024-03-31
8532,9,DE,26,12,0.008907,TRANSPARENCY,2024-06-30
8533,10,DE,23,12,0.029169,TRANSPARENCY,2023-09-30
8534,10,DE,24,12,0.02171,TRANSPARENCY,2023-12-31
8535,10,DE,25,12,0.022282,TRANSPARENCY,2024-03-31
8536,10,DE,26,12,0.023986,TRANSPARENCY,2024-06-30
8537,11,DE,23,12,0.022358,TRANSPARENCY,2023-09-30
8538,11,DE,24,12,0.012241,TRANSPARENCY,2023-12-31
8539,11,DE,25,12,0.035593,TRANSPARENCY,2024-03-31
8540,11,DE,26,12,0.032632,TRANSPARENCY,2024-06-30
8541,12,DE,23,12,0.014851,TRANSPARENCY,2023-09-30
8542,12,DE,24,12,0.014077,TRANSPARENCY,2023-12-31
8543,12,DE,25,12,0.019284,TRANSPARENCY,2024-03-31
8544,12,DE,26,12,0.032288,TRANSPARENCY,2024-06-30
8545,13,DE,23,12,0.031169,TRANSPARENCY,2023-09-30
8546,13,DE,24,12,0.009883,TRANSPARENCY,2023-12-31
8547,13,DE,25,12,0.020031,TRANSPARENCY,2024-03-31
8548,13,DE,26,12,0.023393,TRANSPARENCY,2024-06-30
8549,14,DK,23,12,0.023203,TRANSPARENCY,2023-09-30
8550,14,DK,24,12,0.024274,TRANSPARENCY,2023-12-31
8551,14,DK,25,12,0.011893,TRANSPARENCY,2024-03-31
8552,14,DK,26,12,0.012867,TRANSPARENCY,2024-06-30
8553,15,DK,23,12,0.006256,TRANSPARENCY,2023-09-30
8554,15,DK,24,12,0.014069,TRANSPARENCY,2023-12-31
8555,15,DK,25,12,0.023055,TRANSPARENCY,2024-03-31
8556,15,DK,26,12,0.029446,TRANSPARENCY,2024-06-30
8557,16,EE,23,12,0.030237,TRANSPARENCY,2023-09-30
8558,16,EE,24,12,0.007838,TRANSPARENCY,2023-12-31
8559,16,EE,25,12,0.03377,TRANSPARENCY,2024-03-31
8560,16,EE,26,12,0.025384,TRANSPARENCY,2024-06-30
8561,17,ES,23,12,0.019399,TRANSPARENCY,2023-09-30
8562,17,ES,24,12,0.036521,TRANSPARENCY,2023-12-31
8563,17,ES,25,12,0.027525,TRANSPARENCY,2024-03-31
8564,17,ES,26,12,0.01753,TRANSPARENCY,2024-06-30
8565,18,ES,23,12,0.028773,TRANSPARENCY,2023-09-30
8566,18,ES,24,12,0.009962,TRANSPARENCY,2023-12-31
8567,18,ES,25,12,0.032215,TRANSPARENCY,2024-03-31
8568,18,ES,26,12,0.025984,TRANSPARENCY,2024-06-30
8569,19,ES,23,12,0.031628,TRANSPARENCY,2023-09-30
8570,19,ES,24,12,0.014368,TRANSPARENCY,2023-12-31
8571,19,ES,25,12,0.025167,TRANSPARENCY,2024-03-31
8572,19,ES,26,12,0.033691,TRANSPARENCY,2024-06-30
8573,20,ES,23,12,0.019286,TRANSPARENCY,2023-09-30
8574,20,ES,24,12,0.025014,TRANSPARENCY,2023-12-31
8575,20,ES,25,12,0.014362,TRANSPARENCY,2024-03-31
8576,20,ES,26,12,0.011084,TRANSPARENCY,2024-06-30
8577,21,FI,23,12,0.005111,TRANSPARENCY,2023-09-30
8578,21,FI,24,12,0.007631,TRANSPARENCY,2023-12-31
8579,21,FI,25,12,0.027065,TRANSPARENCY,2024-03-31
8580,21,FI,26,12,0.012228,TRANSPARENCY,2024-06-30
8581,22,FR,23,12,0.039185,TRANSPARENCY,2023-09-30
8582,22,FR,24,12,0.021614,TRANSPARENCY,2023-12-31
8583,22,FR,25,12,0.015046,TRANSPARENCY,2024-03-31
8584,22,FR,26,12,0.025794,TRANSPARENCY,2024-06-30
8585,23,FR,23,12,0.032149,TRANSPARENCY,2023-09-30
8586,23,FR,24,12,0.025611,TRANSPARENCY,2023-12-31
8587,23,FR,25,12,0.025889,TRANSPARENCY,2024-03-31
8588,23,FR,26,12,0.041468,TRANSPARENCY,2024-06-30
8589,24,FR,23,12,0.013569,TRANSPARENCY,2023-09-30
8590,24,FR,24,12,0.018591,TRANSPARENCY,2023-12-31
8591,24,FR,25,12,0.025973,TRANSPARENCY,2024-03-31
8592,24,FR,26,12,0.021614,TRANSPARENCY,2024-06-30
8593,25,FR,23,12,0.028622,TRANSPARENCY,2023-09-30
8594,25,FR,24,12,0.006608,TRANSPARENCY,2023-12-31
8595,25,FR,25,12,0.035308,TRANSPARENCY,2024-03-31
8596,25,FR,26,12,0.010425,TRANSPARENCY,2024-06-30
8597,26,FR,23,12,0.028414,TRANSPARENCY,2023-09-30
8598,26,FR,24,12,0.025871,TRANSPARENCY,2023-12-31
8599,26,FR,25,12,0.03201,TRANSPARENCY,2024-03-31
8600,26,FR,26,12,0.025628,TRANSPARENCY,2024-06-30
8601,27,GR,23,12,0.013625,TRANSPARENCY,2023-09-30
8602,27,GR,24,12,0.032873,TRANSPARENCY,2023-12-31
8603,27,GR,25,12,0.013174,TRANSPARENCY,2024-03-31
8604,27,GR,26,12,0.027511,TRANSPARENCY,2024-06-30
8605,28,GR,23,12,0.027909,TRANSPARENCY,2023-09-30
8606,28,GR,24,12,0.022973,TRANSPARENCY,2023-12-31
8607,28,GR,25,12,0.018727,TRANSPARENCY,2024-03-31
8608,28,GR,26,12,0.018419,TRANSPARENCY,2024-06-30
8609,29,GR,23,12,0.032575,TRANSPARENCY,2023-09-30
8610,29,GR,24,12,0.015811,TRANSPARENCY,2023-12-31
8611,29,GR,25,12,0.036007,TRANSPARENCY,2024-03-31
8612,29,GR,26,12,0.031803,TRANSPARENCY,2024-06-30
8613,30,GR,23,12,0.01947,TRANSPARENCY,2023-09-30
8614,30,GR,24,12,0.021593,TRANSPARENCY,2023-12-31
8615,30,GR,25,12,0.019381,TRANSPARENCY,2024-03-31
8616,30,GR,26,12,0.028335,TRANSPARENCY,2024-06-30
8617,31,HR,23,12,0.019885,TRANSPARENCY,2023-09-30
8618,31,HR,24,12,0.019738,TRANSPARENCY,2023-12-31
8619,31,HR,25,12,0.03522,TRANSPARENCY,2024-03-31
8620,31,HR,26,12,0.029285,TRANSPARENCY,2024-06-30
8621,32,HU,23,12,0.034234,TRANSPARENCY,2023-09-30
8622,32,HU,24,12,0.019321,TRANSPARENCY,2023-12-31
8623,32,HU,25,12,0.034961,TRANSPARENCY,2024-03-31
8624,32,HU,26,12,0.014345,TRANSPARENCY,2024-06-30
8625,33,IE,23,12,0.023039,TRANSPARENCY,2023-09-30
8626,33,IE,24,12,0.012657,TRANSPARENCY,2023-12-31
8627,33,IE,25,12,0.010688,TRANSPARENCY,2024-03-31
8628,33,IE,26,12,0.02677,TRANSPARENCY,2024-06-30
8629,34,IE,23,12,0.014522,TRANSPARENCY,2023-09-30
8630,34,IE,24,12,0.015286,TRANSPARENCY,2023-12-31
8631,34,IE,25,12,0.025993,TRANSPARENCY,2024-03-31
8632,34,IE,26,12,0.010462,TRANSPARENCY,2024-06-30
8633,35,IS,23,12,0.019721,TRANSPARENCY,2023-09-30
8634,35,IS,24,12,0.020506,TRANSPARENCY,2023-12-31
8635,35,IS,25,12,0.024992,TRANSPARENCY,2024-03-31
8636,35,IS,26,12,0.010115,TRANSPARENCY,2024-06-30
8637,36,IT,23,12,0.010495,TRANSPARENCY,2023-09-30
8638,36,IT,24,12,0.021405,TRANSPARENCY,2023-12-31
8639,36,IT,25,12,0.0083,TRANSPARENCY,2024-03-31
8640,36,IT,26,12,0.019029,TRANSPARENCY,2024-06-30
8641,37,IT,23,12,0.031598,TRANSPARENCY,2023-09-30
8642,37,IT,24,12,0.028266,TRANSPARENCY,2023-12-31
8643,37,IT,25,12,0.032572,TRANSPARENCY,2024-03-31
8644,37,IT,26,12,0.028642,TRANSPARENCY,2024-06-30
8645,38,IT,23,12,0.014354,TRANSPARENCY,2023-09-30
8646,38,IT,24,12,0.023338,TRANSPARENCY,2023-12-31
8647,38,IT,25,12,0.012491,TRANSPARENCY,2024-03-31
8648,38,IT,26,12,0.01595,TRANSPARENCY,2024-06-30
8649,39,IT,23,12,0.033758,TRANSPARENCY,2023-09-30
8650,39,IT,24,12,0.015679,TRANSPARENCY,2023-12-31
8651,39,IT,25,12,0.015066,TRANSPARENCY,2024-03-31
8652,39,IT,26,12,0.031486,TRANSPARENCY,2024-06-30
8653,40,IT,23,12,0.025351,TRANSPARENCY,2023-09-30
8654,40,IT,24,12,0.028204,TRANSPARENCY,2023-12-31
8655,40,IT,25,12,0.014643,TRANSPARENCY,2024-03-31
8656,40,IT,26,12,0.016095,TRANSPARENCY,2024-06-30
8657,41,LI,23,12,0.032972,TRANSPARENCY,2023-09-30
8658,41,LI,24,12,0.014133,TRANSPARENCY,2023-12-31
8659,41,LI,25,12,0.015373,TRANSPARENCY,2024-03-31
8660,41,LI,26,12,0.028911,TRANSPARENCY,2024-06-30
8661,42,LT,23,12,0.029619,TRANSPARENCY,2023-09-30
8662,42,LT,24,12,0.023,TRANSPARENCY,2023-12-31
8663,42,LT,25,12,0.019026,TRANSPARENCY,2024-03-31
8664,42,LT,26,12,0.031067,TRANSPARENCY,2024-06-30
8665,43,LU,23,12,0.014999,TRANSPARENCY,2023-09-30
8666,43,LU,24,12,0.007842,TRANSPARENCY,2023-12-31
8667,43,LU,25,12,0.03209,TRANSPARENCY,2024-03-31
8668,43,LU,26,12,0.022166,TRANSPARENCY,2024-06-30
8669,44,LV,23,12,0.028782,TRANSPARENCY,2023-09-30
8670,44,LV,24,12,0.029218,TRANSPARENCY,2023-12-31
8671,44,LV,25,12,0.016753,TRANSPARENCY,2024-03-31
8672,44,LV,26,12,0.012835,TRANSPARENCY,2024-06-30
8673,45,MT,23,12,0.018882,TRANSPARENCY,2023-09-30
8674,45,MT,24,12,0.031179,TRANSPARENCY,2023-12-31
8675,45,MT,25,12,0.01509,TRANSPARENCY,2024-03-31
8676,45,MT,26,12,0.03157,TRANSPARENCY,2024-06-30
8677,46,NL,23,12,0.019388,TRANSPARENCY,2023-09-30
8678,46,NL,24,12,0.009866,TRANSPARENCY,2023-12-31
8679,46,NL,25,12,0.015907,TRANSPARENCY,2024-03-31
8680,46,NL,26,12,0.030773,TRANSPARENCY,2024-06-30
8681,47,NL,23,12,0.024951,TRANSPARENCY,2023-09-30
8682,47,NL,24,12,0.032054,TRANSPARENCY,2023-12-31
8683,47,NL,25,12,0.024827,TRANSPARENCY,2024-03-31
8684,47,NL,26,12,0.020056,TRANSPARENCY,2024-06-30
8685,48,NL,23,12,0.022336,TRANSPARENCY,2023-09-30
8686,48,NL,24,12,0.034969,TRANSPARENCY,2023-12-31
8687,48,NL,25,12,0.032162,TRANSPARENCY,2024-03-31
8688,48,NL,26,12,0.014454,TRANSPARENCY,2024-06-30
8689,49,NO,23,12,0.020756,TRANSPARENCY,2023-09-30
8690,49,NO,24,12,0.009294,TRANSPARENCY,2023-12-31
8691,49,NO,25,12,0.010064,TRANSPARENCY,2024-03-31
8692,49,NO,26,12,0.014047,TRANSPARENCY,2024-06-30
8693,50,PL,23,12,0.025539,TRANSPARENCY,2023-09-30
8694,50,PL,24,12,0.034698,TRANSPARENCY,2023-12-31
8695,50,PL,25,12,0.015753,TRANSPARENCY,2024-03-31
8696,50,PL,26,12,0.009506,TRANSPARENCY,2024-06-30
8697,51,PL,23,12,0.028497,TRANSPARENCY,2023-09-30
8698,51,PL,24,12,0.01941,TRANSPARENCY,2023-12-31
8699,51,PL,25,12,0.016123,TRANSPARENCY,2024-03-31
8700,51,PL,26,12,0.032526,TRANSPARENCY,2024-06-30
8701,52,PL,23,12,0.03245,TRANSPARENCY,2023-09-30
8702,52,PL,24,12,0.037984,TRANSPARENCY,2023-12-31
8703,52,PL,25,12,0.020322,TRANSPARENCY,2024-03-31
8704,52,PL,26,12,0.018964,TRANSPARENCY,2024-06-30
8705,53,PT,23,12,0.020595,TRANSPARENCY,2023-09-30
8706,53,PT,24,12,0.021449,TRANSPARENCY,2023-12-31
8707,53,PT,25,12,0.033522,TRANSPARENCY,2024-03-31
8708,53,PT,26,12,0.014675,TRANSPARENCY,2024-06-30
8709,54,PT,23,12,0.019424,TRANSPARENCY,2023-09-30
8710,54,PT,24,12,0.016695,TRANSPARENCY,2023-12-31
8711,54,PT,25,12,0.023637,TRANSPARENCY,2024-03-31
8712,54,PT,26,12,0.012474,TRANSPARENCY,2024-06-30
8713,55,RO,23,12,0.02563,TRANSPARENCY,2023-09-30
8714,55,RO,24,12,0.033965,TRANSPARENCY,2023-12-31
8715,55,RO,25,12,0.015888,TRANSPARENCY,2024-03-31
8716,55,RO,26,12,0.035473,TRANSPARENCY,2024-06-30
8717,56,SE,23,12,0.018472,TRANSPARENCY,2023-09-30
8718,56,SE,24,12,0.031002,TRANSPARENCY,2023-12-31
8719,56,SE,25,12,0.022059,TRANSPARENCY,2024-03-31
8720,56,SE,26,12,0.034835,TRANSPARENCY,2024-06-30
8721,57,SE,23,12,0.029824,TRANSPARENCY,2023-09-30
8722,57,SE,24,12,0.011778,TRANSPARENCY,2023-12-31
8723,57,SE,25,12,0.035272,TRANSPARENCY,2024-03-31
8724,57,SE,26,12,0.042043,TRANSPARENCY,2024-06-30
8725,58,SE,23,12,0.02321,TRANSPARENCY,2023-09-30
8726,58,SE,24,12,0.017691,TRANSPARENCY,2023-12-31
8727,58,SE,25,12,0.022889,TRANSPARENCY,2024-03-31
8728,58,SE,26,12,0.035544,TRANSPARENCY,2024-06-30
8729,59,SE,23,12,0.017471,TRANSPARENCY,2023-09-30
8730,59,SE,24,12,0.011407,TRANSPARENCY,2023-12-31
8731,59,SE,25,12,0.011168,TRANSPARENCY,2024-03-31
8732,59,SE,26,12,0.030707,TRANSPARENCY,2024-06-30
8733,60,SI,23,12,0.019619,TRANSPARENCY,2023-09-30
8734,60,SI,24,12,0.02713,TRANSPARENCY,2023-12-31
8735,60,SI,25,12,0.031705,TRANSPARENCY,2024-03-31
8736,60,SI,26,12,0.016356,TRANSPARENCY,2024-06-30
8737,61,SK,23,12,0.030583,TRANSPARENCY,2023-09-30
8738,61,SK,24,12,0.017009,TRANSPARENCY,2023-12-31
8739,61,SK,25,12,0.013874,TRANSPARENCY,2024-03-31
8740,61,SK,26,12,0.035041,TRANSPARENCY,2024-06-30
8741,1,AT,23,8,1.356486,TRANSPARENCY,2023-09-30
8742,1,AT,24,8,1.897783,TRANSPARENCY,2023-12-31
8743,1,AT,25,8,1.670656,TRANSPARENCY,2024-03-31
8744,1,AT,26,8,1.332071,TRANSPARENCY,2024-06-30
8745,2,AT,23,8,1.83125,TRANSPARENCY,2023-09-30
8746,2,AT,24,8,1.387451,TRANSPARENCY,2023-12-31
8747,2,AT,25,8,1.704349,TRANSPARENCY,2024-03-31
8748,2,AT,26,8,1.603025,TRANSPARENCY,2024-06-30
8749,3,BE,23,8,1.500875,TRANSPARENCY,2023-09-30
8750,3,BE,24,8,1.305658,TRANSPARENCY,2023-12-31
8751,3,BE,25,8,1.347472,TRANSPARENCY,2024-03-31
8752,3,BE,26,8,1.742389,TRANSPARENCY,2024-06-30
8753,4,BE,23,8,1.443604,TRANSPARENCY,2023-09-30
8754,4,BE,24,8,1.699677,TRANSPARENCY,2023-12-31
8755,4,BE,25,8,1.507504,TRANSPARENCY,2024-03-31
8756,4,BE,26,8,1.723336,TRANSPARENCY,2024-06-30
8757,5,BG,23,8,1.737835,TRANSPARENCY,2023-09-30
8758,5,BG,24,8,1.718408,TRANSPARENCY,2023-12-31
8759,5,BG,25,8,1.74399,TRANSPARENCY,2024-03-31
8760,5,BG,26,8,1.894235,TRANSPARENCY,2024-06-30
8761,6,CY,23,8,1.418787,TRANSPARENCY,2023-09-30
8762,6,CY,24,8,1.899111,TRANSPARENCY,2023-12-31
8763,6,CY,25,8,1.569028,TRANSPARENCY,2024-03-31
8764,6,CY,26,8,1.723031,TRANSPARENCY,2024-06-30
8765,7,CZ,23,8,1.610429,TRANSPARENCY,2023-09-30
8766,7,CZ,24,8,1.731177,TRANSPARENCY,2023-12-31
8767,7,CZ,25,8,1.443306,TRANSPARENCY,2024-03-31
8768,7,CZ,26,8,1.490503,TRANSPARENCY,2024-06-30
8769,8,DE,23,8,1.36504,TRANSPARENCY,2023-09-30
8770,8,DE,24,8,1.332873,TRANSPARENCY,2023-12-31
8771,8,DE,25,8,1.420548,TRANSPARENCY,2024-03-31
8772,8,DE,26,8,1.520957,TRANSPARENCY,2024-06-30
8773,9,DE,23,8,1.427511,TRANSPARENCY,2023-09-30
8774,9,DE,24,8,1.433636,TRANSPARENCY,2023-12-31
8775,9,DE,25,8,1.602862,TRANSPARENCY,2024-03-31
8776,9,DE,26,8,1.697937,TRANSPARENCY,2024-06-30
8777,10,DE,23,8,1.747731,TRANSPARENCY,2023-09-30
8778,10,DE,24,8,1.834966,TRANSPARENCY,2023-12-31
8779,10,DE,25,8,1.844791,TRANSPARENCY,2024-03-31
8780,10,DE,26,8,1.716908,TRANSPARENCY,2024-06-30
8781,11,DE,23,8,1.365785,TRANSPARENCY,2023-09-30
8782,11,DE,24,8,1.789502,TRANSPARENCY,2023-12-31
8783,11,DE,25,8,1.595881,TRANSPARENCY,2024-03-31
8784,11,DE,26,8,1.337751,TRANSPARENCY,2024-06-30
8785,12,DE,23,8,1.359545,TRANSPARENCY,2023-09-30
8786,12,DE,24,8,1.768445,TRANSPARENCY,2023-12-31
8787,12,DE,25,8,1.328958,TRANSPARENCY,2024-03-31
8788,12,DE,26,8,1.548315,TRANSPARENCY,2024-06-30
8789,13,DE,23,8,1.485845,TRANSPARENCY,2023-09-30
8790,13,DE,24,8,1.51951,TRANSPARENCY,2023-12-31
8791,13,DE,25,8,1.504508,TRANSPARENCY,2024-03-31
8792,13,DE,26,8,1.89786,TRANSPARENCY,2024-06-30
8793,14,DK,23,8,1.399144,TRANSPARENCY,2023-09-30
8794,14,DK,24,8,1.679203,TRANSPARENCY,2023-12-31
8795,14,DK,25,8,1.650673,TRANSPARENCY,2024-03-31
8796,14,DK,26,8,1.465745,TRANSPARENCY,2024-06-30
8797,15,DK,23,8,1.800208,TRANSPARENCY,2023-09-30
8798,15,DK,24,8,1.451571,TRANSPARENCY,2023-12-31
8799,15,DK,25,8,1.661986,TRANSPARENCY,2024-03-31
8800,15,DK,26,8,1.347864,TRANSPARENCY,2024-06-30
8801,16,EE,23,8,1.735918,TRANSPARENCY,2023-09-30
8802,16,EE,24,8,1.541239,TRANSPARENCY,2023-12-31
8803,16,EE,25,8,1.709588,TRANSPARENCY,2024-03-31
8804,16,EE,26,8,1.436482,TRANSPARENCY,2024-06-30
8805,17,ES,23,8,1.848659,TRANSPARENCY,2023-09-30
8806,17,ES,24,8,1.685976,TRANSPARENCY,2023-12-31
8807,17,ES,25,8,1.433708,TRANSPARENCY,2024-03-31
8808,17,ES,26,8,1.487196,TRANSPARENCY,2024-06-30
8809,18,ES,23,8,1.587477,TRANSPARENCY,2023-09-30
8810,18,ES,24,8,1.799859,TRANSPARENCY,2023-12-31
8811,18,ES,25,8,1.655982,TRANSPARENCY,2024-03-31
8812,18,ES,26,8,1.40864,TRANSPARENCY,2024-06-30
8813,19,ES,23,8,1.624736,TRANSPARENCY,2023-09-30
8814,19,ES,24,8,1.606853,TRANSPARENCY,2023-12-31
8815,19,ES,25,8,1.663557,TRANSPARENCY,2024-03-31
8816,19,ES,26,8,1.685913,TRANSPARENCY,2024-06-30
8817,20,ES,23,8,1.495227,TRANSPARENCY,2023-09-30
8818,20,ES,24,8,1.450837,TRANSPARENCY,2023-12-31
8819,20,ES,25,8,1.877289,TRANSPARENCY,2024-03-31
8820,20,ES,26,8,1.572716,TRANSPARENCY,2024-06-30
8821,21,FI,23,8,1.581491,TRANSPARENCY,2023-09-30
8822,21,FI,24,8,1.878194,TRANSPARENCY,2023-12-31
8823,21,FI,25,8,1.601717,TRANSPARENCY,2024-03-31
8824,21,FI,26,8,1.527567,TRANSPARENCY,2024-06-30
8825,22,FR,23,8,1.52222,TRANSPARENCY,2023-09-30
8826,22,FR,24,8,1.71528,TRANSPARENCY,2023-12-31
8827,22,FR,25,8,1.517215,TRANSPARENCY,2024-03-31
8828,22,FR,26,8,1.568021,TRANSPARENCY,2024-06-30
8829,23,FR,23,8,1.320324,TRANSPARENCY,2023-09-30
8830,23,FR,24,8,1.69232,TRANSPARENCY,2023-12-31
8831,23,FR,25,8,1.396688,TRANSPARENCY,2024-03-31
8832,23,FR,26,8,1.642324,TRANSPARENCY,2024-06-30
8833,24,FR,23,8,1.833979,TRANSPARENCY,2023-09-30
8834,24,FR,24,8,1.56556,TRANSPARENCY,2023-12-31
8835,24,FR,25,8,1.517537,TRANSPARENCY,2024-03-31
8836,24,FR,26,8,1.394157,TRANSPARENCY,2024-06-30
8837,25,FR,23,8,1.351136,TRANSPARENCY,2023-09-30
8838,25,FR,24,8,1.792573,TRANSPARENCY,2023-12-31
8839,25,FR,25,8,1.396527,TRANSPARENCY,2024-03-31
8840,25,FR,26,8,1.848853,TRANSPARENCY,2024-06-30
8841,26,FR,23,8,1.370612,TRANSPARENCY,2023-09-30
8842,26,FR,24,8,1.867122,TRANSPARENCY,2023-12-31
8843,26,FR,25,8,1.316675,TRANSPARENCY,2024-03-31
8844,26,FR,26,8,1.640309,TRANSPARENCY,2024-06-30
8845,27,GR,23,8,1.340119,TRANSPARENCY,2023-09-30
8846,27,GR,24,8,1.405874,TRANSPARENCY,2023-12-31
8847,27,GR,25,8,1.642131,TRANSPARENCY,2024-03-31
8848,27,GR,26,8,1.661044,TRANSPARENCY,2024-06-30
8849,28,GR,23,8,1.896691,TRANSPARENCY,2023-09-30
8850,28,GR,24,8,1.735097,TRANSPARENCY,2023-12-31
8851,28,GR,25,8,1.333762,TRANSPARENCY,2024-03-31
8852,28,GR,26,8,1.64251,TRANSPARENCY,2024-06-30
8853,29,GR,23,8,1.702643,TRANSPARENCY,2023-09-30
8854,29,GR,24,8,1.638354,TRANSPARENCY,2023-12-31
8855,29,GR,25,8,1.841246,TRANSPARENCY,2024-03-31
8856,29,GR,26,8,1.430936,TRANSPARENCY,2024-06-30
8857,30,GR,23,8,1.767326,TRANSPARENCY,2023-09-30
8858,30,GR,24,8,1.769677,TRANSPARENCY,2023-12-31
8859,30,GR,25,8,1.879981,TRANSPARENCY,2024-03-31
8860,30,GR,26,8,1.456912,TRANSPARENCY,2024-06-30
8861,31,HR,23,8,1.542442,TRANSPARENCY,2023-09-30
8862,31,HR,24,8,1.381117,TRANSPARENCY,2023-12-31
8863,31,HR,25,8,1.738523,TRANSPARENCY,2024-03-31
8864,31,HR,26,8,1.616514,TRANSPARENCY,2024-06-30
8865,32,HU,23,8,1.704102,TRANSPARENCY,2023-09-30
8866,32,HU,24,8,1.339704,TRANSPARENCY,2023-12-31
8867,32,HU,25,8,1.319006,TRANSPARENCY,2024-03-31
8868,32,HU,26,8,1.738925,TRANSPARENCY,2024-06-30
8869,33,IE,23,8,1.344391,TRANSPARENCY,2023-09-30
8870,33,IE,24,8,1.614265,TRANSPARENCY,2023-12-31
8871,33,IE,25,8,1.638748,TRANSPARENCY,2024-03-31
8872,33,IE,26,8,1.415864,TRANSPARENCY,2024-06-30
8873,34,IE,23,8,1.656555,TRANSPARENCY,2023-09-30
8874,34,IE,24,8,1.58102,TRANSPARENCY,2023-12-31
8875,34,IE,25,8,1.707658,TRANSPARENCY,2024-03-31
8876,34,IE,26,8,1.594744,TRANSPARENCY,2024-06-30
8877,35,IS,23,8,1.601356,TRANSPARENCY,2023-09-30
8878,35,IS,24,8,1.344764,TRANSPARENCY,2023-12-31
8879,35,IS,25,8,1.882688,TRANSPARENCY,2024-03-31
8880,35,IS,26,8,1.830641,TRANSPARENCY,2024-06-30
8881,36,IT,23,8,1.679853,TRANSPARENCY,2023-09-30
8882,36,IT,24,8,1.505325,TRANSPARENCY,2023-12-31
8883,36,IT,25,8,1.535038,TRANSPARENCY,2024-03-31
8884,36,IT,26,8,1.767689,TRANSPARENCY,2024-06-30
8885,37,IT,23,8,1.323185,TRANSPARENCY,2023-09-30
8886,37,IT,24,8,1.564573,TRANSPARENCY,2023-12-31
8887,37,IT,25,8,1.650333,TRANSPARENCY,2024-03-31
8888,37,IT,26,8,1.653035,TRANSPARENCY,2024-06-30
8889,38,IT,23,8,1.433724,TRANSPARENCY,2023-09-30
8890,38,IT,24,8,1.435387,TRANSPARENCY,2023-12-31
8891,38,IT,25,8,1.65167,TRANSPARENCY,2024-03-31
8892,38,IT,26,8,1.704185,TRANSPARENCY,2024-06-30
8893,39,IT,23,8,1.864129,TRANSPARENCY,2023-09-30
8894,39,IT,24,8,1.5591,TRANSPARENCY,2023-12-31
8895,39,IT,25,8,1.57136,TRANSPARENCY,2024-03-31
8896,39,IT,26,8,1.399117,TRANSPARENCY,2024-06-30
8897,40,IT,23,8,1.891424,TRANSPARENCY,2023-09-30
8898,40,IT,24,8,1.519425,TRANSPARENCY,2023-12-31
8899,40,IT,25,8,1.425452,TRANSPARENCY,2024-03-31
8900,40,IT,26,8,1.556105,TRANSPARENCY,2024-06-30
8901,41,LI,23,8,1.309217,TRANSPARENCY,2023-09-30
8902,41,LI,24,8,1.67777,TRANSPARENCY,2023-12-31
8903,41,LI,25,8,1.712365,TRANSPARENCY,2024-03-31
8904,41,LI,26,8,1.727671,TRANSPARENCY,2024-06-30
8905,42,LT,23,8,1.341052,TRANSPARENCY,2023-09-30
8906,42,LT,24,8,1.661132,TRANSPARENCY,2023-12-31
8907,42,LT,25,8,1.861628,TRANSPARENCY,2024-03-31
8908,42,LT,26,8,1.603941,TRANSPARENCY,2024-06-30
8909,43,LU,23,8,1.363625,TRANSPARENCY,2023-09-30
8910,43,LU,24,8,1.647773,TRANSPARENCY,2023-12-31
8911,43,LU,25,8,1.737942,TRANSPARENCY,2024-03-31
8912,43,LU,26,8,1.544923,TRANSPARENCY,2024-06-30
8913,44,LV,23,8,1.523701,TRANSPARENCY,2023-09-30
8914,44,LV,24,8,1.587982,TRANSPARENCY,2023-12-31
8915,44,LV,25,8,1.479597,TRANSPARENCY,2024-03-31
8916,44,LV,26,8,1.559092,TRANSPARENCY,2024-06-30
8917,45,MT,23,8,1.826778,TRANSPARENCY,2023-09-30
8918,45,MT,24,8,1.767704,TRANSPARENCY,2023-12-31
8919,45,MT,25,8,1.895625,TRANSPARENCY,2024-03-31
8920,45,MT,26,8,1.587914,TRANSPARENCY,2024-06-30
8921,46,NL,23,8,1.882197,TRANSPARENCY,2023-09-30
8922,46,NL,24,8,1.680254,TRANSPARENCY,2023-12-31
8923,46,NL,25,8,1.508021,TRANSPARENCY,2024-03-31
8924,46,NL,26,8,1.528803,TRANSPARENCY,2024-06-30
8925,47,NL,23,8,1.678222,TRANSPARENCY,2023-09-30
8926,47,NL,24,8,1.603813,TRANSPARENCY,2023-12-31
8927,47,NL,25,8,1.624547,TRANSPARENCY,2024-03-31
8928,47,NL,26,8,1.657102,TRANSPARENCY,2024-06-30
8929,48,NL,23,8,1.83858,TRANSPARENCY,2023-09-30
8930,48,NL,24,8,1.660799,TRANSPARENCY,2023-12-31
8931,48,NL,25,8,1.353305,TRANSPARENCY,2024-03-31
8932,48,NL,26,8,1.609754,TRANSPARENCY,2024-06-30
8933,49,NO,23,8,1.587407,TRANSPARENCY,2023-09-30
8934,49,NO,24,8,1.778382,TRANSPARENCY,2023-12-31
8935,49,NO,25,8,1.421532,TRANSPARENCY,2024-03-31
8936,49,NO,26,8,1.360952,TRANSPARENCY,2024-06-30
8937,50,PL,23,8,1.479152,TRANSPARENCY,2023-09-30
8938,50,PL,24,8,1.749829,TRANSPARENCY,2023-12-31
8939,50,PL,25,8,1.767757,TRANSPARENCY,2024-03-31
8940,50,PL,26,8,1.876551,TRANSPARENCY,2024-06-30
8941,51,PL,23,8,1.307164,TRANSPARENCY,2023-09-30
8942,51,PL,24,8,1.320677,TRANSPARENCY,2023-12-31
8943,51,PL,25,8,1.698694,TRANSPARENCY,2024-03-31
8944,51,PL,26,8,1.704955,TRANSPARENCY,2024-06-30
8945,52,PL,23,8,1.737687,TRANSPARENCY,2023-09-30
8946,52,PL,24,8,1.558852,TRANSPARENCY,2023-12-31
8947,52,PL,25,8,1.31214,TRANSPARENCY,2024-03-31
8948,52,PL,26,8,1.718977,TRANSPARENCY,2024-06-30
8949,53,PT,23,8,1.34282,TRANSPARENCY,2023-09-30
8950,53,PT,24,8,1.362613,TRANSPARENCY,2023-12-31
8951,53,PT,25,8,1.72208,TRANSPARENCY,2024-03-31
8952,53,PT,26,8,1.519284,TRANSPARENCY,2024-06-30
8953,54,PT,23,8,1.85593,TRANSPARENCY,2023-09-30
8954,54,PT,24,8,1.435825,TRANSPARENCY,2023-12-31
8955,54,PT,25,8,1.600956,TRANSPARENCY,2024-03-31
8956,54,PT,26,8,1.873239,TRANSPARENCY,2024-06-30
8957,55,RO,23,8,1.831861,TRANSPARENCY,2023-09-30
8958,55,RO,24,8,1.623883,TRANSPARENCY,2023-12-31
8959,55,RO,25,8,1.742471,TRANSPARENCY,2024-03-31
8960,55,RO,26,8,1.816495,TRANSPARENCY,2024-06-30
8961,56,SE,23,8,1.781611,TRANSPARENCY,2023-09-30
8962,56,SE,24,8,1.678557,TRANSPARENCY,2023-12-31
8963,56,SE,25,8,1.822623,TRANSPARENCY,2024-03-31
8964,56,SE,26,8,1.309629,TRANSPARENCY,2024-06-30
8965,57,SE,23,8,1.336213,TRANSPARENCY,2023-09-30
8966,57,SE,24,8,1.599645,TRANSPARENCY,2023-12-31
8967,57,SE,25,8,1.836392,TRANSPARENCY,2024-03-31
8968,57,SE,26,8,1.830411,TRANSPARENCY,2024-06-30
8969,58,SE,23,8,1.622724,TRANSPARENCY,2023-09-30
8970,58,SE,24,8,1.529816,TRANSPARENCY,2023-12-31
8971,58,SE,25,8,1.674426,TRANSPARENCY,2024-03-31
8972,58,SE,26,8,1.54189,TRANSPARENCY,2024-06-30
8973,59,SE,23,8,1.544451,TRANSPARENCY,2023-09-30
8974,59,SE,24,8,1.738407,TRANSPARENCY,2023-12-31
8975,59,SE,25,8,1.667693,TRANSPARENCY,2024-03-31
8976,59,SE,26,8,1.426149,TRANSPARENCY,2024-06-30
8977,60,SI,23,8,1.341436,TRANSPARENCY,2023-09-30
8978,60,SI,24,8,1.504631,TRANSPARENCY,2023-12-31
8979,60,SI,25,8,1.3267,TRANSPARENCY,2024-03-31
8980,60,SI,26,8,1.387916,TRANSPARENCY,2024-06-30
8981,61,SK,23,8,1.845506,TRANSPARENCY,2023-09-30
8982,61,SK,24,8,1.86594,TRANSPARENCY,2023-12-31
8983,61,SK,25,8,1.480632,TRANSPARENCY,2024-03-31
8984,61,SK,26,8,1.594441,TRANSPARENCY,2024-06-30
8985,1,AT,23,17,0.062146,TRANSPARENCY,2023-09-30
8986,1,AT,24,17,0.057101,TRANSPARENCY,2023-12-31
8987,1,AT,25,17,0.06226,TRANSPARENCY,2024-03-31
8988,1,AT,26,17,0.073567,TRANSPARENCY,2024-06-30
8989,2,AT,23,17,0.050554,TRANSPARENCY,2023-09-30
8990,2,AT,24,17,0.043364,TRANSPARENCY,2023-12-31
8991,2,AT,25,17,0.05231,TRANSPARENCY,2024-03-31
8992,2,AT,26,17,0.063786,TRANSPARENCY,2024-06-30
8993,3,BE,23,17,0.058357,TRANSPARENCY,2023-09-30
8994,3,BE,24,17,0.045206,TRANSPARENCY,2023-12-31
8995,3,BE,25,17,0.066805,TRANSPARENCY,2024-03-31
8996,3,BE,26,17,0.062363,TRANSPARENCY,2024-06-30
8997,4,BE,23,17,0.051746,TRANSPARENCY,2023-09-30
8998,4,BE,24,17,0.049012,TRANSPARENCY,2023-12-31
8999,4,BE,25,17,0.064128,TRANSPARENCY,2024-03-31
9000,4,BE,26,17,0.070889,TRANSPARENCY,2024-06-30
9001,5,BG,23,17,0.056264,TRANSPARENCY,2023-09-30
9002,5,BG,24,17,0.066598,TRANSPARENCY,2023-12-31
9003,5,BG,25,17,0.05162,TRANSPARENCY,2024-03-31
9004,5,BG,26,17,0.072337,TRANSPARENCY,2024-06-30
9005,6,CY,23,17,0.052935,TRANSPARENCY,2023-09-30
9006,6,CY,24,17,0.064443,TRANSPARENCY,2023-12-31
9007,6,CY,25,17,0.059827,TRANSPARENCY,2024-03-31
9008,6,CY,26,17,0.054377,TRANSPARENCY,2024-06-30
9009,7,CZ,23,17,0.050596,TRANSPARENCY,2023-09-30
9010,7,CZ,24,17,0.059778,TRANSPARENCY,2023-12-31
9011,7,CZ,25,17,0.070663,TRANSPARENCY,2024-03-31
9012,7,CZ,26,17,0.071314,TRANSPARENCY,2024-06-30
9013,8,DE,23,17,0.06159,TRANSPARENCY,2023-09-30
9014,8,DE,24,17,0.055523,TRANSPARENCY,2023-12-31
9015,8,DE,25,17,0.046009,TRANSPARENCY,2024-03-31
9016,8,DE,26,17,0.06396,TRANSPARENCY,2024-06-30
9017,9,DE,23,17,0.060803,TRANSPARENCY,2023-09-30
9018,9,DE,24,17,0.048203,TRANSPARENCY,2023-12-31
9019,9,DE,25,17,0.049857,TRANSPARENCY,2024-03-31
9020,9,DE,26,17,0.048958,TRANSPARENCY,2024-06-30
9021,10,DE,23,17,0.062829,TRANSPARENCY,2023-09-30
9022,10,DE,24,17,0.055217,TRANSPARENCY,2023-12-31
9023,10,DE,25,17,0.061986,TRANSPARENCY,2024-03-31
9024,10,DE,26,17,0.056963,TRANSPARENCY,2024-06-30
9025,11,DE,23,17,0.064489,TRANSPARENCY,2023-09-30
9026,11,DE,24,17,0.057502,TRANSPARENCY,2023-12-31
9027,11,DE,25,17,0.050858,TRANSPARENCY,2024-03-31
9028,11,DE,26,17,0.064485,TRANSPARENCY,2024-06-30
9029,12,DE,23,17,0.053921,TRANSPARENCY,2023-09-30
9030,12,DE,24,17,0.052911,TRANSPARENCY,2023-12-31
9031,12,DE,25,17,0.071288,TRANSPARENCY,2024-03-31
9032,12,DE,26,17,0.073862,TRANSPARENCY,2024-06-30
9033,13,DE,23,17,0.05135,TRANSPARENCY,2023-09-30
9034,13,DE,24,17,0.065867,TRANSPARENCY,2023-12-31
9035,13,DE,25,17,0.055226,TRANSPARENCY,2024-03-31
9036,13,DE,26,17,0.057308,TRANSPARENCY,2024-06-30
9037,14,DK,23,17,0.058741,TRANSPARENCY,2023-09-30
9038,14,DK,24,17,0.068335,TRANSPARENCY,2023-12-31
9039,14,DK,25,17,0.067085,TRANSPARENCY,2024-03-31
9040,14,DK,26,17,0.051906,TRANSPARENCY,2024-06-30
9041,15,DK,23,17,0.052086,TRANSPARENCY,2023-09-30
9042,15,DK,24,17,0.054615,TRANSPARENCY,2023-12-31
9043,15,DK,25,17,0.066303,TRANSPARENCY,2024-03-31
9044,15,DK,26,17,0.049057,TRANSPARENCY,2024-06-30
9045,16,EE,23,17,0.048596,TRANSPARENCY,2023-09-30
9046,16,EE,24,17,0.066897,TRANSPARENCY,2023-12-31
9047,16,EE,25,17,0.058116,TRANSPARENCY,2024-03-31
9048,16,EE,26,17,0.047158,TRANSPARENCY,2024-06-30
9049,17,ES,23,17,0.051608,TRANSPARENCY,2023-09-30
9050,17,ES,24,17,0.068978,TRANSPARENCY,2023-12-31
9051,17,ES,25,17,0.077898,TRANSPARENCY,2024-03-31
9052,17,ES,26,17,0.078103,TRANSPARENCY,2024-06-30
9053,18,ES,23,17,0.063738,TRANSPARENCY,2023-09-30
9054,18,ES,24,17,0.047769,TRANSPARENCY,2023-12-31
9055,18,ES,25,17,0.059574,TRANSPARENCY,2024-03-31
9056,18,ES,26,17,0.052142,TRANSPARENCY,2024-06-30
9057,19,ES,23,17,0.050952,TRANSPARENCY,2023-09-30
9058,19,ES,24,17,0.074557,TRANSPARENCY,2023-12-31
9059,19,ES,25,17,0.072188,TRANSPARENCY,2024-03-31
9060,19,ES,26,17,0.058043,TRANSPARENCY,2024-06-30
9061,20,ES,23,17,0.044448,TRANSPARENCY,2023-09-30
9062,20,ES,24,17,0.071124,TRANSPARENCY,2023-12-31
9063,20,ES,25,17,0.070133,TRANSPARENCY,2024-03-31
9064,20,ES,26,17,0.051533,TRANSPARENCY,2024-06-30
9065,21,FI,23,17,0.045894,TRANSPARENCY,2023-09-30
9066,21,FI,24,17,0.047117,TRANSPARENCY,2023-12-31
9067,21,FI,25,17,0.061228,TRANSPARENCY,2024-03-31
9068,21,FI,26,17,0.052003,TRANSPARENCY,2024-06-30
9069,22,FR,23,17,0.070644,TRANSPARENCY,2023-09-30
9070,22,FR,24,17,0.061717,TRANSPARENCY,2023-12-31
9071,22,FR,25,17,0.071078,TRANSPARENCY,2024-03-31
9072,22,FR,26,17,0.051084,TRANSPARENCY,2024-06-30
9073,23,FR,23,17,0.048641,TRANSPARENCY,2023-09-30
9074,23,FR,24,17,0.054374,TRANSPARENCY,2023-12-31
9075,23,FR,25,17,0.052293,TRANSPARENCY,2024-03-31
9076,23,FR,26,17,0.071755,TRANSPARENCY,2024-06-30
9077,24,FR,23,17,0.070316,TRANSPARENCY,2023-09-30
9078,24,FR,24,17,0.077562,TRANSPARENCY,2023-12-31
9079,24,FR,25,17,0.072866,TRANSPARENCY,2024-03-31
9080,24,FR,26,17,0.064478,TRANSPARENCY,2024-06-30
9081,25,FR,23,17,0.042254,TRANSPARENCY,2023-09-30
9082,25,FR,24,17,0.057237,TRANSPARENCY,2023-12-31
9083,25,FR,25,17,0.056077,TRANSPARENCY,2024-03-31
9084,25,FR,26,17,0.056253,TRANSPARENCY,2024-06-30
9085,26,FR,23,17,0.063833,TRANSPARENCY,2023-09-30
9086,26,FR,24,17,0.061357,TRANSPARENCY,2023-12-31
9087,26,FR,25,17,0.049935,TRANSPARENCY,2024-03-31
9088,26,FR,26,17,0.054552,TRANSPARENCY,2024-06-30
9089,27,GR,23,17,0.067628,TRANSPARENCY,2023-09-30
9090,27,GR,24,17,0.067142,TRANSPARENCY,2023-12-31
9091,27,GR,25,17,0.071183,TRANSPARENCY,2024-03-31
9092,27,GR,26,17,0.064179,TRANSPARENCY,2024-06-30
9093,28,GR,23,17,0.049147,TRANSPARENCY,2023-09-30
9094,28,GR,24,17,0.0619,TRANSPARENCY,2023-12-31
9095,28,GR,25,17,0.055717,TRANSPARENCY,2024-03-31
9096,28,GR,26,17,0.05054,TRANSPARENCY,2024-06-30
9097,29,GR,23,17,0.05447,TRANSPARENCY,2023-09-30
9098,29,GR,24,17,0.048607,TRANSPARENCY,2023-12-31
9099,29,GR,25,17,0.053388,TRANSPARENCY,2024-03-31
9100,29,GR,26,17,0.05801,TRANSPARENCY,2024-06-30
9101,30,GR,23,17,0.06367,TRANSPARENCY,2023-09-30
9102,30,GR,24,17,0.072549,TRANSPARENCY,2023-12-31
9103,30,GR,25,17,0.054621,TRANSPARENCY,2024-03-31
9104,30,GR,26,17,0.066375,TRANSPARENCY,2024-06-30
9105,31,HR,23,17,0.053236,TRANSPARENCY,2023-09-30
9106,31,HR,24,17,0.067677,TRANSPARENCY,2023-12-31
9107,31,HR,25,17,0.059054,TRANSPARENCY,2024-03-31
9108,31,HR,26,17,0.045033,TRANSPARENCY,2024-06-30
9109,32,HU,23,17,0.062444,TRANSPARENCY,2023-09-30
9110,32,HU,24,17,0.059571,TRANSPARENCY,2023-12-31
9111,32,HU,25,17,0.064553,TRANSPARENCY,2024-03-31
9112,32,HU,26,17,0.054358,TRANSPARENCY,2024-06-30
9113,33,IE,23,17,0.043628,TRANSPARENCY,2023-09-30
9114,33,IE,24,17,0.057864,TRANSPARENCY,2023-12-31
9115,33,IE,25,17,0.072444,TRANSPARENCY,2024-03-31
9116,33,IE,26,17,0.065666,TRANSPARENCY,2024-06-30
9117,34,IE,23,17,0.052212,TRANSPARENCY,2023-09-30
9118,34,IE,24,17,0.049622,TRANSPARENCY,2023-12-31
9119,34,IE,25,17,0.055102,TRANSPARENCY,2024-03-31
9120,34,IE,26,17,0.066372,TRANSPARENCY,2024-06-30
9121,35,IS,23,17,0.063964,TRANSPARENCY,2023-09-30
9122,35,IS,24,17,0.055822,TRANSPARENCY,2023-12-31
9123,35,IS,25,17,0.062897,TRANSPARENCY,2024-03-31
9124,35,IS,26,17,0.061868,TRANSPARENCY,2024-06-30
9125,36,IT,23,17,0.055613,TRANSPARENCY,2023-09-30
9126,36,IT,24,17,0.051954,TRANSPARENCY,2023-12-31
9127,36,IT,25,17,0.071779,TRANSPARENCY,2024-03-31
9128,36,IT,26,17,0.063792,TRANSPARENCY,2024-06-30
9129,37,IT,23,17,0.057498,TRANSPARENCY,2023-09-30
9130,37,IT,24,17,0.054117,TRANSPARENCY,2023-12-31
9131,37,IT,25,17,0.056844,TRANSPARENCY,2024-03-31
9132,37,IT,26,17,0.067644,TRANSPARENCY,2024-06-30
9133,38,IT,23,17,0.055536,TRANSPARENCY,2023-09-30
9134,38,IT,24,17,0.057319,TRANSPARENCY,2023-12-31
9135,38,IT,25,17,0.05619,TRANSPARENCY,2024-03-31
9136,38,IT,26,17,0.062032,TRANSPARENCY,2024-06-30
9137,39,IT,23,17,0.065409,TRANSPARENCY,2023-09-30
9138,39,IT,24,17,0.065072,TRANSPARENCY,2023-12-31
9139,39,IT,25,17,0.064304,TRANSPARENCY,2024-03-31
9140,39,IT,26,17,0.062506,TRANSPARENCY,2024-06-30
9141,40,IT,23,17,0.065026,TRANSPARENCY,2023-09-30
9142,40,IT,24,17,0.058331,TRANSPARENCY,2023-12-31
9143,40,IT,25,17,0.065636,TRANSPARENCY,2024-03-31
9144,40,IT,26,17,0.054719,TRANSPARENCY,2024-06-30
9145,41,LI,23,17,0.068303,TRANSPARENCY,2023-09-30
9146,41,LI,24,17,0.052138,TRANSPARENCY,2023-12-31
9147,41,LI,25,17,0.070829,TRANSPARENCY,2024-03-31
9148,41,LI,26,17,0.04511,TRANSPARENCY,2024-06-30
9149,42,LT,23,17,0.05895,TRANSPARENCY,2023-09-30
9150,42,LT,24,17,0.052057,TRANSPARENCY,2023-12-31
9151,42,LT,25,17,0.073821,TRANSPARENCY,2024-03-31
9152,42,LT,26,17,0.057874,TRANSPARENCY,2024-06-30
9153,43,LU,23,17,0.052281,TRANSPARENCY,2023-09-30
9154,43,LU,24,17,0.05569,TRANSPARENCY,2023-12-31
9155,43,LU,25,17,0.048897,TRANSPARENCY,2024-03-31
9156,43,LU,26,17,0.054784,TRANSPARENCY,2024-06-30
9157,44,LV,23,17,0.061957,TRANSPARENCY,2023-09-30
9158,44,LV,24,17,0.047093,TRANSPARENCY,2023-12-31
9159,44,LV,25,17,0.057627,TRANSPARENCY,2024-03-31
9160,44,LV,26,17,0.060419,TRANSPARENCY,2024-06-30
9161,45,MT,23,17,0.044261,TRANSPARENCY,2023-09-30
9162,45,MT,24,17,0.066415,TRANSPARENCY,2023-12-31
9163,45,MT,25,17,0.068411,TRANSPARENCY,2024-03-31
9164,45,MT,26,17,0.052782,TRANSPARENCY,2024-06-30
9165,46,NL,23,17,0.050892,TRANSPARENCY,2023-09-30
9166,46,NL,24,17,0.043166,TRANSPARENCY,2023-12-31
9167,46,NL,25,17,0.054565,TRANSPARENCY,2024-03-31
9168,46,NL,26,17,0.056189,TRANSPARENCY,2024-06-30
9169,47,NL,23,17,0.06587,TRANSPARENCY,2023-09-30
9170,47,NL,24,17,0.052334,TRANSPARENCY,2023-12-31
9171,47,NL,25,17,0.073007,TRANSPARENCY,2024-03-31
9172,47,NL,26,17,0.063867,TRANSPARENCY,2024-06-30
9173,48,NL,23,17,0.070179,TRANSPARENCY,2023-09-30
9174,48,NL,24,17,0.060172,TRANSPARENCY,2023-12-31
9175,48,NL,25,17,0.05503,TRANSPARENCY,2024-03-31
9176,48,NL,26,17,0.067828,TRANSPARENCY,2024-06-30
9177,49,NO,23,17,0.048799,TRANSPARENCY,2023-09-30
9178,49,NO,24,17,0.069431,TRANSPARENCY,2023-12-31
9179,49,NO,25,17,0.061046,TRANSPARENCY,2024-03-31
9180,49,NO,26,17,0.051731,TRANSPARENCY,2024-06-30
9181,50,PL,23,17,0.057663,TRANSPARENCY,2023-09-30
9182,50,PL,24,17,0.04627,TRANSPARENCY,2023-12-31
9183,50,PL,25,17,0.053594,TRANSPARENCY,2024-03-31
9184,50,PL,26,17,0.073323,TRANSPARENCY,2024-06-30
9185,51,PL,23,17,0.07647,TRANSPARENCY,2023-09-30
9186,51,PL,24,17,0.067185,TRANSPARENCY,2023-12-31
9187,51,PL,25,17,0.064394,TRANSPARENCY,2024-03-31
9188,51,PL,26,17,0.051289,TRANSPARENCY,2024-06-30
9189,52,PL,23,17,0.067905,TRANSPARENCY,2023-09-30
9190,52,PL,24,17,0.055824,TRANSPARENCY,2023-12-31
9191,52,PL,25,17,0.076777,TRANSPARENCY,2024-03-31
9192,52,PL,26,17,0.075067,TRANSPARENCY,2024-06-30
9193,53,PT,23,17,0.043558,TRANSPARENCY,2023-09-30
9194,53,PT,24,17,0.070395,TRANSPARENCY,2023-12-31
9195,53,PT,25,17,0.049193,TRANSPARENCY,2024-03-31
9196,53,PT,26,17,0.049165,TRANSPARENCY,2024-06-30
9197,54,PT,23,17,0.054578,TRANSPARENCY,2023-09-30
9198,54,PT,24,17,0.043032,TRANSPARENCY,2023-12-31
9199,54,PT,25,17,0.04956,TRANSPARENCY,2024-03-31
9200,54,PT,26,17,0.060213,TRANSPARENCY,2024-06-30
9201,55,RO,23,17,0.07001,TRANSPARENCY,2023-09-30
9202,55,RO,24,17,0.06464,TRANSPARENCY,2023-12-31
9203,55,RO,25,17,0.049671,TRANSPARENCY,2024-03-31
9204,55,RO,26,17,0.047279,TRANSPARENCY,2024-06-30
9205,56,SE,23,17,0.050753,TRANSPARENCY,2023-09-30
9206,56,SE,24,17,0.053253,TRANSPARENCY,2023-12-31
9207,56,SE,25,17,0.049542,TRANSPARENCY,2024-03-31
9208,56,SE,26,17,0.059658,TRANSPARENCY,2024-06-30
9209,57,SE,23,17,0.056212,TRANSPARENCY,2023-09-30
9210,57,SE,24,17,0.073549,TRANSPARENCY,2023-12-31
9211,57,SE,25,17,0.07624,TRANSPARENCY,2024-03-31
9212,57,SE,26,17,0.07441,TRANSPARENCY,2024-06-30
9213,58,SE,23,17,0.05073,TRANSPARENCY,2023-09-30
9214,58,SE,24,17,0.049072,TRANSPARENCY,2023-12-31
9215,58,SE,25,17,0.064641,TRANSPARENCY,2024-03-31
9216,58,SE,26,17,0.072158,TRANSPARENCY,2024-06-30
9217,59,SE,23,17,0.066861,TRANSPARENCY,2023-09-30
9218,59,SE,24,17,0.044247,TRANSPARENCY,2023-12-31
9219,59,SE,25,17,0.063997,TRANSPARENCY,2024-03-31
9220,59,SE,26,17,0.046061,TRANSPARENCY,2024-06-30
9221,60,SI,23,17,0.058516,TRANSPARENCY,2023-09-30
9222,60,SI,24,17,0.06176,TRANSPARENCY,2023-12-31
9223,60,SI,25,17,0.06813,TRANSPARENCY,2024-03-31
9224,60,SI,26,17,0.074803,TRANSPARENCY,2024-06-30
9225,61,SK,23,17,0.050807,TRANSPARENCY,2023-09-30
9226,61,SK,24,17,0.067095,TRANSPARENCY,2023-12-31
9227,61,SK,25,17,0.053388,TRANSPARENCY,2024-03-31
9228,61,SK,26,17,0.065504,TRANSPARENCY,2024-06-30
9229,1,AT,23,11,0.436833,TRANSPARENCY,2023-09-30
9230,1,AT,24,11,0.455951,TRANSPARENCY,2023-12-31
9231,1,AT,25,11,0.427089,TRANSPARENCY,2024-03-31
9232,1,AT,26,11,0.430935,TRANSPARENCY,2024-06-30
9233,2,AT,23,11,0.435791,TRANSPARENCY,2023-09-30
9234,2,AT,24,11,0.466796,TRANSPARENCY,2023-12-31
9235,2,AT,25,11,0.480193,TRANSPARENCY,2024-03-31
9236,2,AT,26,11,0.423363,TRANSPARENCY,2024-06-30
9237,3,BE,23,11,0.461802,TRANSPARENCY,2023-09-30
9238,3,BE,24,11,0.405069,TRANSPARENCY,2023-12-31
9239,3,BE,25,11,0.451815,TRANSPARENCY,2024-03-31
9240,3,BE,26,11,0.460196,TRANSPARENCY,2024-06-30
9241,4,BE,23,11,0.412626,TRANSPARENCY,2023-09-30
9242,4,BE,24,11,0.463234,TRANSPARENCY,2023-12-31
9243,4,BE,25,11,0.381221,TRANSPARENCY,2024-03-31
9244,4,BE,26,11,0.443999,TRANSPARENCY,2024-06-30
9245,5,BG,23,11,0.408664,TRANSPARENCY,2023-09-30
9246,5,BG,24,11,0.420844,TRANSPARENCY,2023-12-31
9247,5,BG,25,11,0.456404,TRANSPARENCY,2024-03-31
9248,5,BG,26,11,0.424064,TRANSPARENCY,2024-06-30
9249,6,CY,23,11,0.405718,TRANSPARENCY,2023-09-30
9250,6,CY,24,11,0.392479,TRANSPARENCY,2023-12-31
9251,6,CY,25,11,0.477875,TRANSPARENCY,2024-03-31
9252,6,CY,26,11,0.440225,TRANSPARENCY,2024-06-30
9253,7,CZ,23,11,0.493445,TRANSPARENCY,2023-09-30
9254,7,CZ,24,11,0.464395,TRANSPARENCY,2023-12-31
9255,7,CZ,25,11,0.417631,TRANSPARENCY,2024-03-31
9256,7,CZ,26,11,0.37955,TRANSPARENCY,2024-06-30
9257,8,DE,23,11,0.378149,TRANSPARENCY,2023-09-30
9258,8,DE,24,11,0.494818,TRANSPARENCY,2023-12-31
9259,8,DE,25,11,0.466589,TRANSPARENCY,2024-03-31
9260,8,DE,26,11,0.386362,TRANSPARENCY,2024-06-30
9261,9,DE,23,11,0.438137,TRANSPARENCY,2023-09-30
9262,9,DE,24,11,0.430882,TRANSPARENCY,2023-12-31
9263,9,DE,25,11,0.392476,TRANSPARENCY,2024-03-31
9264,9,DE,26,11,0.489304,TRANSPARENCY,2024-06-30
9265,10,DE,23,11,0.488191,TRANSPARENCY,2023-09-30
9266,10,DE,24,11,0.452192,TRANSPARENCY,2023-12-31
9267,10,DE,25,11,0.416368,TRANSPARENCY,2024-03-31
9268,10,DE,26,11,0.38596,TRANSPARENCY,2024-06-30
9269,11,DE,23,11,0.415514,TRANSPARENCY,2023-09-30
9270,11,DE,24,11,0.440191,TRANSPARENCY,2023-12-31
9271,11,DE,25,11,0.485489,TRANSPARENCY,2024-03-31
9272,11,DE,26,11,0.431245,TRANSPARENCY,2024-06-30
9273,12,DE,23,11,0.421929,TRANSPARENCY,2023-09-30
9274,12,DE,24,11,0.41305,TRANSPARENCY,2023-12-31
9275,12,DE,25,11,0.379886,TRANSPARENCY,2024-03-31
9276,12,DE,26,11,0.475697,TRANSPARENCY,2024-06-30
9277,13,DE,23,11,0.426459,TRANSPARENCY,2023-09-30
9278,13,DE,24,11,0.476797,TRANSPARENCY,2023-12-31
9279,13,DE,25,11,0.471696,TRANSPARENCY,2024-03-31
9280,13,DE,26,11,0.432274,TRANSPARENCY,2024-06-30
9281,14,DK,23,11,0.381804,TRANSPARENCY,2023-09-30
9282,14,DK,24,11,0.486753,TRANSPARENCY,2023-12-31
9283,14,DK,25,11,0.478215,TRANSPARENCY,2024-03-31
9284,14,DK,26,11,0.385081,TRANSPARENCY,2024-06-30
9285,15,DK,23,11,0.488677,TRANSPARENCY,2023-09-30
9286,15,DK,24,11,0.482328,TRANSPARENCY,2023-12-31
9287,15,DK,25,11,0.407716,TRANSPARENCY,2024-03-31
9288,15,DK,26,11,0.378702,TRANSPARENCY,2024-06-30
9289,16,EE,23,11,0.427343,TRANSPARENCY,2023-09-30
9290,16,EE,24,11,0.468466,TRANSPARENCY,2023-12-31
9291,16,EE,25,11,0.380134,TRANSPARENCY,2024-03-31
9292,16,EE,26,11,0.40485,TRANSPARENCY,2024-06-30
9293,17,ES,23,11,0.495198,TRANSPARENCY,2023-09-30
9294,17,ES,24,11,0.457943,TRANSPARENCY,2023-12-31
9295,17,ES,25,11,0.438873,TRANSPARENCY,2024-03-31
9296,17,ES,26,11,0.43835,TRANSPARENCY,2024-06-30
9297,18,ES,23,11,0.407091,TRANSPARENCY,2023-09-30
9298,18,ES,24,11,0.384228,TRANSPARENCY,2023-12-31
9299,18,ES,25,11,0.437464,TRANSPARENCY,2024-03-31
9300,18,ES,26,11,0.395445,TRANSPARENCY,2024-06-30
9301,19,ES,23,11,0.42859,TRANSPARENCY,2023-09-30
9302,19,ES,24,11,0.405715,TRANSPARENCY,2023-12-31
9303,19,ES,25,11,0.46573,TRANSPARENCY,2024-03-31
9304,19,ES,26,11,0.40938,TRANSPARENCY,2024-06-30
9305,20,ES,23,11,0.448918,TRANSPARENCY,2023-09-30
9306,20,ES,24,11,0.468491,TRANSPARENCY,2023-12-31
9307,20,ES,25,11,0.426212,TRANSPARENCY,2024-03-31
9308,20,ES,26,11,0.481914,TRANSPARENCY,2024-06-30
9309,21,FI,23,11,0.455631,TRANSPARENCY,2023-09-30
9310,21,FI,24,11,0.433118,TRANSPARENCY,2023-12-31
9311,21,FI,25,11,0.476276,TRANSPARENCY,2024-03-31
9312,21,FI,26,11,0.398083,TRANSPARENCY,2024-06-30
9313,22,FR,23,11,0.496596,TRANSPARENCY,2023-09-30
9314,22,FR,24,11,0.440914,TRANSPARENCY,2023-12-31
9315,22,FR,25,11,0.467034,TRANSPARENCY,2024-03-31
9316,22,FR,26,11,0.422903,TRANSPARENCY,2024-06-30
9317,23,FR,23,11,0.438708,TRANSPARENCY,2023-09-30
9318,23,FR,24,11,0.389962,TRANSPARENCY,2023-12-31
9319,23,FR,25,11,0.382502,TRANSPARENCY,2024-03-31
9320,23,FR,26,11,0.430225,TRANSPARENCY,2024-06-30
9321,24,FR,23,11,0.443743,TRANSPARENCY,2023-09-30
9322,24,FR,24,11,0.462526,TRANSPARENCY,2023-12-31
9323,24,FR,25,11,0.390572,TRANSPARENCY,2024-03-31
9324,24,FR,26,11,0.405866,TRANSPARENCY,2024-06-30
9325,25,FR,23,11,0.455943,TRANSPARENCY,2023-09-30
9326,25,FR,24,11,0.48769,TRANSPARENCY,2023-12-31
9327,25,FR,25,11,0.416093,TRANSPARENCY,2024-03-31
9328,25,FR,26,11,0.4042,TRANSPARENCY,2024-06-30
9329,26,FR,23,11,0.45013,TRANSPARENCY,2023-09-30
9330,26,FR,24,11,0.454982,TRANSPARENCY,2023-12-31
9331,26,FR,25,11,0.459512,TRANSPARENCY,2024-03-31
9332,26,FR,26,11,0.417428,TRANSPARENCY,2024-06-30
9333,27,GR,23,11,0.467322,TRANSPARENCY,2023-09-30
9334,27,GR,24,11,0.398053,TRANSPARENCY,2023-12-31
9335,27,GR,25,11,0.442658,TRANSPARENCY,2024-03-31
9336,27,GR,26,11,0.413661,TRANSPARENCY,2024-06-30
9337,28,GR,23,11,0.439013,TRANSPARENCY,2023-09-30
9338,28,GR,24,11,0.378172,TRANSPARENCY,2023-12-31
9339,28,GR,25,11,0.406484,TRANSPARENCY,2024-03-31
9340,28,GR,26,11,0.486774,TRANSPARENCY,2024-06-30
9341,29,GR,23,11,0.400035,TRANSPARENCY,2023-09-30
9342,29,GR,24,11,0.399532,TRANSPARENCY,2023-12-31
9343,29,GR,25,11,0.444617,TRANSPARENCY,2024-03-31
9344,29,GR,26,11,0.42105,TRANSPARENCY,2024-06-30
9345,30,GR,23,11,0.493198,TRANSPARENCY,2023-09-30
9346,30,GR,24,11,0.468899,TRANSPARENCY,2023-12-31
9347,30,GR,25,11,0.430088,TRANSPARENCY,2024-03-31
9348,30,GR,26,11,0.482055,TRANSPARENCY,2024-06-30
9349,31,HR,23,11,0.468049,TRANSPARENCY,2023-09-30
9350,31,HR,24,11,0.41403,TRANSPARENCY,2023-12-31
9351,31,HR,25,11,0.469951,TRANSPARENCY,2024-03-31
9352,31,HR,26,11,0.485122,TRANSPARENCY,2024-06-30
9353,32,HU,23,11,0.380325,TRANSPARENCY,2023-09-30
9354,32,HU,24,11,0.420801,TRANSPARENCY,2023-12-31
9355,32,HU,25,11,0.445787,TRANSPARENCY,2024-03-31
9356,32,HU,26,11,0.452191,TRANSPARENCY,2024-06-30
9357,33,IE,23,11,0.410941,TRANSPARENCY,2023-09-30
9358,33,IE,24,11,0.465093,TRANSPARENCY,2023-12-31
9359,33,IE,25,11,0.465241,TRANSPARENCY,2024-03-31
9360,33,IE,26,11,0.435265,TRANSPARENCY,2024-06-30
9361,34,IE,23,11,0.467681,TRANSPARENCY,2023-09-30
9362,34,IE,24,11,0.421455,TRANSPARENCY,2023-12-31
9363,34,IE,25,11,0.48558,TRANSPARENCY,2024-03-31
9364,34,IE,26,11,0.415591,TRANSPARENCY,2024-06-30
9365,35,IS,23,11,0.383585,TRANSPARENCY,2023-09-30
9366,35,IS,24,11,0.459604,TRANSPARENCY,2023-12-31
9367,35,IS,25,11,0.470893,TRANSPARENCY,2024-03-31
9368,35,IS,26,11,0.382848,TRANSPARENCY,2024-06-30
9369,36,IT,23,11,0.490178,TRANSPARENCY,2023-09-30
9370,36,IT,24,11,0.398375,TRANSPARENCY,2023-12-31
9371,36,IT,25,11,0.471449,TRANSPARENCY,2024-03-31
9372,36,IT,26,11,0.479484,TRANSPARENCY,2024-06-30
9373,37,IT,23,11,0.437708,TRANSPARENCY,2023-09-30
9374,37,IT,24,11,0.460351,TRANSPARENCY,2023-12-31
9375,37,IT,25,11,0.42189,TRANSPARENCY,2024-03-31
9376,37,IT,26,11,0.385731,TRANSPARENCY,2024-06-30
9377,38,IT,23,11,0.454512,TRANSPARENCY,2023-09-30
9378,38,IT,24,11,0.394427,TRANSPARENCY,2023-12-31
9379,38,IT,25,11,0.406679,TRANSPARENCY,2024-03-31
9380,38,IT,26,11,0.491677,TRANSPARENCY,2024-06-30
9381,39,IT,23,11,0.469075,TRANSPARENCY,2023-09-30
9382,39,IT,24,11,0.47854,TRANSPARENCY,2023-12-31
9383,39,IT,25,11,0.402123,TRANSPARENCY,2024-03-31
9384,39,IT,26,11,0.471599,TRANSPARENCY,2024-06-30
9385,40,IT,23,11,0.387453,TRANSPARENCY,2023-09-30
9386,40,IT,24,11,0.410623,TRANSPARENCY,2023-12-31
9387,40,IT,25,11,0.434829,TRANSPARENCY,2024-03-31
9388,40,IT,26,11,0.498398,TRANSPARENCY,2024-06-30
9389,41,LI,23,11,0.411625,TRANSPARENCY,2023-09-30
9390,41,LI,24,11,0.452581,TRANSPARENCY,2023-12-31
9391,41,LI,25,11,0.496255,TRANSPARENCY,2024-03-31
9392,41,LI,26,11,0.392782,TRANSPARENCY,2024-06-30
9393,42,LT,23,11,0.427549,TRANSPARENCY,2023-09-30
9394,42,LT,24,11,0.463661,TRANSPARENCY,2023-12-31
9395,42,LT,25,11,0.480749,TRANSPARENCY,2024-03-31
9396,42,LT,26,11,0.405427,TRANSPARENCY,2024-06-30
9397,43,LU,23,11,0.479314,TRANSPARENCY,2023-09-30
9398,43,LU,24,11,0.410841,TRANSPARENCY,2023-12-31
9399,43,LU,25,11,0.444974,TRANSPARENCY,2024-03-31
9400,43,LU,26,11,0.423075,TRANSPARENCY,2024-06-30
9401,44,LV,23,11,0.391537,TRANSPARENCY,2023-09-30
9402,44,LV,24,11,0.483299,TRANSPARENCY,2023-12-31
9403,44,LV,25,11,0.434001,TRANSPARENCY,2024-03-31
9404,44,LV,26,11,0.383841,TRANSPARENCY,2024-06-30
9405,45,MT,23,11,0.452747,TRANSPARENCY,2023-09-30
9406,45,MT,24,11,0.462067,TRANSPARENCY,2023-12-31
9407,45,MT,25,11,0.447355,TRANSPARENCY,2024-03-31
9408,45,MT,26,11,0.427419,TRANSPARENCY,2024-06-30
9409,46,NL,23,11,0.420515,TRANSPARENCY,2023-09-30
9410,46,NL,24,11,0.454767,TRANSPARENCY,2023-12-31
9411,46,NL,25,11,0.435647,TRANSPARENCY,2024-03-31
9412,46,NL,26,11,0.478937,TRANSPARENCY,2024-06-30
9413,47,NL,23,11,0.40408,TRANSPARENCY,2023-09-30
9414,47,NL,24,11,0.434034,TRANSPARENCY,2023-12-31
9415,47,NL,25,11,0.45712,TRANSPARENCY,2024-03-31
9416,47,NL,26,11,0.495683,TRANSPARENCY,2024-06-30
9417,48,NL,23,11,0.411273,TRANSPARENCY,2023-09-30
9418,48,NL,24,11,0.441938,TRANSPARENCY,2023-12-31
9419,48,NL,25,11,0.499247,TRANSPARENCY,2024-03-31
9420,48,NL,26,11,0.413799,TRANSPARENCY,2024-06-30
9421,49,NO,23,11,0.479737,TRANSPARENCY,2023-09-30
9422,49,NO,24,11,0.396713,TRANSPARENCY,2023-12-31
9423,49,NO,25,11,0.43932,TRANSPARENCY,2024-03-31
9424,49,NO,26,11,0.45116,TRANSPARENCY,2024-06-30
9425,50,PL,23,11,0.488984,TRANSPARENCY,2023-09-30
9426,50,PL,24,11,0.485699,TRANSPARENCY,2023-12-31
9427,50,PL,25,11,0.444182,TRANSPARENCY,2024-03-31
9428,50,PL,26,11,0.493201,TRANSPARENCY,2024-06-30
9429,51,PL,23,11,0.489453,TRANSPARENCY,2023-09-30
9430,51,PL,24,11,0.445959,TRANSPARENCY,2023-12-31
9431,51,PL,25,11,0.458872,TRANSPARENCY,2024-03-31
9432,51,PL,26,11,0.4333,TRANSPARENCY,2024-06-30
9433,52,PL,23,11,0.494078,TRANSPARENCY,2023-09-30
9434,52,PL,24,11,0.498956,TRANSPARENCY,2023-12-31
9435,52,PL,25,11,0.478362,TRANSPARENCY,2024-03-31
9436,52,PL,26,11,0.454504,TRANSPARENCY,2024-06-30
9437,53,PT,23,11,0.39786,TRANSPARENCY,2023-09-30
9438,53,PT,24,11,0.464344,TRANSPARENCY,2023-12-31
9439,53,PT,25,11,0.46246,TRANSPARENCY,2024-03-31
9440,53,PT,26,11,0.445012,TRANSPARENCY,2024-06-30
9441,54,PT,23,11,0.478748,TRANSPARENCY,2023-09-30
9442,54,PT,24,11,0.408435,TRANSPARENCY,2023-12-31
9443,54,PT,25,11,0.429798,TRANSPARENCY,2024-03-31
9444,54,PT,26,11,0.461273,TRANSPARENCY,2024-06-30
9445,55,RO,23,11,0.388331,TRANSPARENCY,2023-09-30
9446,55,RO,24,11,0.453715,TRANSPARENCY,2023-12-31
9447,55,RO,25,11,0.429561,TRANSPARENCY,2024-03-31
9448,55,RO,26,11,0.382849,TRANSPARENCY,2024-06-30
9449,56,SE,23,11,0.415881,TRANSPARENCY,2023-09-30
9450,56,SE,24,11,0.492735,TRANSPARENCY,2023-12-31
9451,56,SE,25,11,0.383465,TRANSPARENCY,2024-03-31
9452,56,SE,26,11,0.45109,TRANSPARENCY,2024-06-30
9453,57,SE,23,11,0.401903,TRANSPARENCY,2023-09-30
9454,57,SE,24,11,0.452125,TRANSPARENCY,2023-12-31
9455,57,SE,25,11,0.472151,TRANSPARENCY,2024-03-31
9456,57,SE,26,11,0.39588,TRANSPARENCY,2024-06-30
9457,58,SE,23,11,0.470359,TRANSPARENCY,2023-09-30
9458,58,SE,24,11,0.4389,TRANSPARENCY,2023-12-31
9459,58,SE,25,11,0.423107,TRANSPARENCY,2024-03-31
9460,58,SE,26,11,0.450453,TRANSPARENCY,2024-06-30
9461,59,SE,23,11,0.481972,TRANSPARENCY,2023-09-30
9462,59,SE,24,11,0.484282,TRANSPARENCY,2023-12-31
9463,59,SE,25,11,0.482942,TRANSPARENCY,2024-03-31
9464,59,SE,26,11,0.429217,TRANSPARENCY,2024-06-30
9465,60,SI,23,11,0.39984,TRANSPARENCY,2023-09-30
9466,60,SI,24,11,0.478598,TRANSPARENCY,2023-12-31
9467,60,SI,25,11,0.43312,TRANSPARENCY,2024-03-31
9468,60,SI,26,11,0.482695,TRANSPARENCY,2024-06-30
9469,61,SK,23,11,0.424905,TRANSPARENCY,2023-09-30
9470,61,SK,24,11,0.422471,TRANSPARENCY,2023-12-31
9471,61,SK,25,11,0.445225,TRANSPARENCY,2024-03-31
9472,61,SK,26,11,0.406693,TRANSPARENCY,2024-06-30
9473,1,AT,23,10,0.01179,TRANSPARENCY,2023-09-30
9474,1,AT,24,10,0.025674,TRANSPARENCY,2023-12-31
9475,1,AT,25,10,0.011175,TRANSPARENCY,2024-03-31
9476,1,AT,26,10,0.029392,TRANSPARENCY,2024-06-30
9477,2,AT,23,10,0.017515,TRANSPARENCY,2023-09-30
9478,2,AT,24,10,0.033359,TRANSPARENCY,2023-12-31
9479,2,AT,25,10,0.002558,TRANSPARENCY,2024-03-31
9480,2,AT,26,10,0.009333,TRANSPARENCY,2024-06-30
9481,3,BE,23,10,0.022466,TRANSPARENCY,2023-09-30
9482,3,BE,24,10,0.032333,TRANSPARENCY,2023-12-31
9483,3,BE,25,10,0.03134,TRANSPARENCY,2024-03-31
9484,3,BE,26,10,0.017519,TRANSPARENCY,2024-06-30
9485,4,BE,23,10,0.034151,TRANSPARENCY,2023-09-30
9486,4,BE,24,10,0.006762,TRANSPARENCY,2023-12-31
9487,4,BE,25,10,0.0255,TRANSPARENCY,2024-03-31
9488,4,BE,26,10,0.025268,TRANSPARENCY,2024-06-30
9489,5,BG,23,10,0.013801,TRANSPARENCY,2023-09-30
9490,5,BG,24,10,0.0,TRANSPARENCY,2023-12-31
9491,5,BG,25,10,0.022815,TRANSPARENCY,2024-03-31
9492,5,BG,26,10,0.0,TRANSPARENCY,2024-06-30
9493,6,CY,23,10,0.016999,TRANSPARENCY,2023-09-30
9494,6,CY,24,10,0.017349,TRANSPARENCY,2023-12-31
9495,6,CY,25,10,0.0,TRANSPARENCY,2024-03-31
9496,6,CY,26,10,0.007057,TRANSPARENCY,2024-06-30
9497,7,CZ,23,10,0.032398,TRANSPARENCY,2023-09-30
9498,7,CZ,24,10,0.018871,TRANSPARENCY,2023-12-31
9499,7,CZ,25,10,0.036198,TRANSPARENCY,2024-03-31
9500,7,CZ,26,10,0.013041,TRANSPARENCY,2024-06-30
9501,8,DE,23,10,0.027984,TRANSPARENCY,2023-09-30
9502,8,DE,24,10,0.023305,TRANSPARENCY,2023-12-31
9503,8,DE,25,10,0.031502,TRANSPARENCY,2024-03-31
9504,8,DE,26,10,0.013578,TRANSPARENCY,2024-06-30
9505,9,DE,23,10,0.0428,TRANSPARENCY,2023-09-30
9506,9,DE,24,10,0.033994,TRANSPARENCY,2023-12-31
9507,9,DE,25,10,0.011406,TRANSPARENCY,2024-03-31
9508,9,DE,26,10,0.021511,TRANSPARENCY,2024-06-30
9509,10,DE,23,10,0.027148,TRANSPARENCY,2023-09-30
9510,10,DE,24,10,0.014365,TRANSPARENCY,2023-12-31
9511,10,DE,25,10,0.034777,TRANSPARENCY,2024-03-31
9512,10,DE,26,10,0.03361,TRANSPARENCY,2024-06-30
9513,11,DE,23,10,0.0,TRANSPARENCY,2023-09-30
9514,11,DE,24,10,0.024742,TRANSPARENCY,2023-12-31
9515,11,DE,25,10,0.000906,TRANSPARENCY,2024-03-31
9516,11,DE,26,10,0.0,TRANSPARENCY,2024-06-30
9517,12,DE,23,10,0.027421,TRANSPARENCY,2023-09-30
9518,12,DE,24,10,0.009051,TRANSPARENCY,2023-12-31
9519,12,DE,25,10,0.014904,TRANSPARENCY,2024-03-31
9520,12,DE,26,10,0.045874,TRANSPARENCY,2024-06-30
9521,13,DE,23,10,0.008611,TRANSPARENCY,2023-09-30
9522,13,DE,24,10,0.016772,TRANSPARENCY,2023-12-31
9523,13,DE,25,10,0.019437,TRANSPARENCY,2024-03-31
9524,13,DE,26,10,0.034578,TRANSPARENCY,2024-06-30
9525,14,DK,23,10,0.03692,TRANSPARENCY,2023-09-30
9526,14,DK,24,10,0.016064,TRANSPARENCY,2023-12-31
9527,14,DK,25,10,0.037908,TRANSPARENCY,2024-03-31
9528,14,DK,26,10,0.041384,TRANSPARENCY,2024-06-30
9529,15,DK,23,10,0.005835,TRANSPARENCY,2023-09-30
9530,15,DK,24,10,0.005358,TRANSPARENCY,2023-12-31
9531,15,DK,25,10,0.004762,TRANSPARENCY,2024-03-31
9532,15,DK,26,10,0.031277,TRANSPARENCY,2024-06-30
9533,16,EE,23,10,0.012796,TRANSPARENCY,2023-09-30
9534,16,EE,24,10,0.002555,TRANSPARENCY,2023-12-31
9535,16,EE,25,10,0.014736,TRANSPARENCY,2024-03-31
9536,16,EE,26,10,0.010815,TRANSPARENCY,2024-06-30
9537,17,ES,23,10,0.025528,TRANSPARENCY,2023-09-30
9538,17,ES,24,10,0.021772,TRANSPARENCY,2023-12-31
9539,17,ES,25,10,0.046364,TRANSPARENCY,2024-03-31
9540,17,ES,26,10,0.025936,TRANSPARENCY,2024-06-30
9541,18,ES,23,10,0.007086,TRANSPARENCY,2023-09-30
9542,18,ES,24,10,0.009531,TRANSPARENCY,2023-12-31
9543,18,ES,25,10,0.034287,TRANSPARENCY,2024-03-31
9544,18,ES,26,10,0.033446,TRANSPARENCY,2024-06-30
9545,19,ES,23,10,0.032159,TRANSPARENCY,2023-09-30
9546,19,ES,24,10,0.026168,TRANSPARENCY,2023-12-31
9547,19,ES,25,10,0.034987,TRANSPARENCY,2024-03-31
9548,19,ES,26,10,0.039632,TRANSPARENCY,2024-06-30
9549,20,ES,23,10,0.043255,TRANSPARENCY,2023-09-30
9550,20,ES,24,10,0.027028,TRANSPARENCY,2023-12-31
9551,20,ES,25,10,0.024735,TRANSPARENCY,2024-03-31
9552,20,ES,26,10,0.022674,TRANSPARENCY,2024-06-30
9553,21,FI,23,10,0.002297,TRANSPARENCY,2023-09-30
9554,21,FI,24,10,0.037937,TRANSPARENCY,2023-12-31
9555,21,FI,25,10,0.035038,TRANSPARENCY,2024-03-31
9556,21,FI,26,10,0.025585,TRANSPARENCY,2024-06-30
9557,22,FR,23,10,0.022832,TRANSPARENCY,2023-09-30
9558,22,FR,24,10,0.038049,TRANSPARENCY,2023-12-31
9559,22,FR,25,10,0.034797,TRANSPARENCY,2024-03-31
9560,22,FR,26,10,0.045423,TRANSPARENCY,2024-06-30
9561,23,FR,23,10,0.021891,TRANSPARENCY,2023-09-30
9562,23,FR,24,10,0.015022,TRANSPARENCY,2023-12-31
9563,23,FR,25,10,0.023006,TRANSPARENCY,2024-03-31
9564,23,FR,26,10,0.033622,TRANSPARENCY,2024-06-30
9565,24,FR,23,10,0.027361,TRANSPARENCY,2023-09-30
9566,24,FR,24,10,0.034858,TRANSPARENCY,2023-12-31
9567,24,FR,25,10,0.014165,TRANSPARENCY,2024-03-31
9568,24,FR,26,10,0.028154,TRANSPARENCY,2024-06-30
9569,25,FR,23,10,0.036897,TRANSPARENCY,2023-09-30
9570,25,FR,24,10,0.00542,TRANSPARENCY,2023-12-31
9571,25,FR,25,10,0.006502,TRANSPARENCY,2024-03-31
9572,25,FR,26,10,0.015074,TRANSPARENCY,2024-06-30
9573,26,FR,23,10,0.018479,TRANSPARENCY,2023-09-30
9574,26,FR,24,10,0.037606,TRANSPARENCY,2023-12-31
9575,26,FR,25,10,0.02227,TRANSPARENCY,2024-03-31
9576,26,FR,26,10,0.008566,TRANSPARENCY,2024-06-30
9577,27,GR,23,10,0.017852,TRANSPARENCY,2023-09-30
9578,27,GR,24,10,0.001795,TRANSPARENCY,2023-12-31
9579,27,GR,25,10,0.01552,TRANSPARENCY,2024-03-31
9580,27,GR,26,10,0.020841,TRANSPARENCY,2024-06-30
9581,28,GR,23,10,0.007668,TRANSPARENCY,2023-09-30
9582,28,GR,24,10,0.027088,TRANSPARENCY,2023-12-31
9583,28,GR,25,10,0.036708,TRANSPARENCY,2024-03-31
9584,28,GR,26,10,0.004231,TRANSPARENCY,2024-06-30
9585,29,GR,23,10,0.03176,TRANSPARENCY,2023-09-30
9586,29,GR,24,10,0.036282,TRANSPARENCY,2023-12-31
9587,29,GR,25,10,0.03417,TRANSPARENCY,2024-03-31
9588,29,GR,26,10,0.021679,TRANSPARENCY,2024-06-30
9589,30,GR,23,10,0.033092,TRANSPARENCY,2023-09-30
9590,30,GR,24,10,0.040731,TRANSPARENCY,2023-12-31
9591,30,GR,25,10,0.026161,TRANSPARENCY,2024-03-31
9592,30,GR,26,10,0.011366,TRANSPARENCY,2024-06-30
9593,31,HR,23,10,0.026897,TRANSPARENCY,2023-09-30
9594,31,HR,24,10,0.0,TRANSPARENCY,2023-12-31
9595,31,HR,25,10,0.017397,TRANSPARENCY,2024-03-31
9596,31,HR,26,10,0.031993,TRANSPARENCY,2024-06-30
9597,32,HU,23,10,0.037538,TRANSPARENCY,2023-09-30
9598,32,HU,24,10,0.008664,TRANSPARENCY,2023-12-31
9599,32,HU,25,10,0.015776,TRANSPARENCY,2024-03-31
9600,32,HU,26,10,0.024366,TRANSPARENCY,2024-06-30
9601,33,IE,23,10,0.026753,TRANSPARENCY,2023-09-30
9602,33,IE,24,10,0.036028,TRANSPARENCY,2023-12-31
9603,33,IE,25,10,0.031206,TRANSPARENCY,2024-03-31
9604,33,IE,26,10,0.030097,TRANSPARENCY,2024-06-30
9605,34,IE,23,10,0.027707,TRANSPARENCY,2023-09-30
9606,34,IE,24,10,0.037105,TRANSPARENCY,2023-12-31
9607,34,IE,25,10,0.011639,TRANSPARENCY,2024-03-31
9608,34,IE,26,10,0.041822,TRANSPARENCY,2024-06-30
9609,35,IS,23,10,0.002718,TRANSPARENCY,2023-09-30
9610,35,IS,24,10,0.0,TRANSPARENCY,2023-12-31
9611,35,IS,25,10,0.015622,TRANSPARENCY,2024-03-31
9612,35,IS,26,10,0.030885,TRANSPARENCY,2024-06-30
9613,36,IT,23,10,0.034355,TRANSPARENCY,2023-09-30
9614,36,IT,24,10,0.019357,TRANSPARENCY,2023-12-31
9615,36,IT,25,10,0.039676,TRANSPARENCY,2024-03-31
9616,36,IT,26,10,0.008724,TRANSPARENCY,2024-06-30
9617,37,IT,23,10,0.006703,TRANSPARENCY,2023-09-30
9618,37,IT,24,10,0.045105,TRANSPARENCY,2023-12-31
9619,37,IT,25,10,0.020913,TRANSPARENCY,2024-03-31
9620,37,IT,26,10,0.041411,TRANSPARENCY,2024-06-30
9621,38,IT,23,10,0.020096,TRANSPARENCY,2023-09-30
9622,38,IT,24,10,0.025939,TRANSPARENCY,2023-12-31
9623,38,IT,25,10,0.032187,TRANSPARENCY,2024-03-31
9624,38,IT,26,10,0.021069,TRANSPARENCY,2024-06-30
9625,39,IT,23,10,0.037417,TRANSPARENCY,2023-09-30
9626,39,IT,24,10,0.004495,TRANSPARENCY,2023-12-31
9627,39,IT,25,10,0.039398,TRANSPARENCY,2024-03-31
9628,39,IT,26,10,0.035182,TRANSPARENCY,2024-06-30
9629,40,IT,23,10,0.042202,TRANSPARENCY,2023-09-30
9630,40,IT,24,10,0.027215,TRANSPARENCY,2023-12-31
9631,40,IT,25,10,0.01828,TRANSPARENCY,2024-03-31
9632,40,IT,26,10,0.01566,TRANSPARENCY,2024-06-30
9633,41,LI,23,10,0.002744,TRANSPARENCY,2023-09-30
9634,41,LI,24,10,0.019168,TRANSPARENCY,2023-12-31
9635,41,LI,25,10,0.023462,TRANSPARENCY,2024-03-31
9636,41,LI,26,10,0.017562,TRANSPARENCY,2024-06-30
9637,42,LT,23,10,0.022248,TRANSPARENCY,2023-09-30
9638,42,LT,24,10,0.0234,TRANSPARENCY,2023-12-31
9639,42,LT,25,10,0.003856,TRANSPARENCY,2024-03-31
9640,42,LT,26,10,0.024733,TRANSPARENCY,2024-06-30
9641,43,LU,23,10,0.022608,TRANSPARENCY,2023-09-30
9642,43,LU,24,10,0.0,TRANSPARENCY,2023-12-31
9643,43,LU,25,10,0.015871,TRANSPARENCY,2024-03-31
9644,43,LU,26,10,0.029146,TRANSPARENCY,2024-06-30
9645,44,LV,23,10,0.017521,TRANSPARENCY,2023-09-30
9646,44,LV,24,10,0.030321,TRANSPARENCY,2023-12-31
9647,44,LV,25,10,0.0,TRANSPARENCY,2024-03-31
9648,44,LV,26,10,0.011706,TRANSPARENCY,2024-06-30
9649,45,MT,23,10,0.00861,TRANSPARENCY,2023-09-30
9650,45,MT,24,10,0.028214,TRANSPARENCY,2023-12-31
9651,45,MT,25,10,0.0,TRANSPARENCY,2024-03-31
9652,45,MT,26,10,0.0,TRANSPARENCY,2024-06-30
9653,46,NL,23,10,0.015014,TRANSPARENCY,2023-09-30
9654,46,NL,24,10,0.034088,TRANSPARENCY,2023-12-31
9655,46,NL,25,10,0.040514,TRANSPARENCY,2024-03-31
9656,46,NL,26,10,0.021197,TRANSPARENCY,2024-06-30
9657,47,NL,23,10,0.012578,TRANSPARENCY,2023-09-30
9658,47,NL,24,10,0.010671,TRANSPARENCY,2023-12-31
9659,47,NL,25,10,0.035815,TRANSPARENCY,2024-03-31
9660,47,NL,26,10,0.043464,TRANSPARENCY,2024-06-30
9661,48,NL,23,10,0.006492,TRANSPARENCY,2023-09-30
9662,48,NL,24,10,0.032322,TRANSPARENCY,2023-12-31
9663,48,NL,25,10,0.033151,TRANSPARENCY,2024-03-31
9664,48,NL,26,10,0.033047,TRANSPARENCY,2024-06-30
9665,49,NO,23,10,0.042455,TRANSPARENCY,2023-09-30
9666,49,NO,24,10,0.011972,TRANSPARENCY,2023-12-31
9667,49,NO,25,10,0.039436,TRANSPARENCY,2024-03-31
9668,49,NO,26,10,0.011297,TRANSPARENCY,2024-06-30
9669,50,PL,23,10,0.016127,TRANSPARENCY,2023-09-30
9670,50,PL,24,10,0.014357,TRANSPARENCY,2023-12-31
9671,50,PL,25,10,0.038899,TRANSPARENCY,2024-03-31
9672,50,PL,26,10,0.013952,TRANSPARENCY,2024-06-30
9673,51,PL,23,10,0.014797,TRANSPARENCY,2023-09-30
9674,51,PL,24,10,0.011781,TRANSPARENCY,2023-12-31
9675,51,PL,25,10,0.006897,TRANSPARENCY,2024-03-31
9676,51,PL,26,10,0.005405,TRANSPARENCY,2024-06-30
9677,52,PL,23,10,0.022419,TRANSPARENCY,2023-09-30
9678,52,PL,24,10,0.038973,TRANSPARENCY,2023-12-31
9679,52,PL,25,10,0.008229,TRANSPARENCY,2024-03-31
9680,52,PL,26,10,0.032906,TRANSPARENCY,2024-06-30
9681,53,PT,23,10,0.019065,TRANSPARENCY,2023-09-30
9682,53,PT,24,10,0.026369,TRANSPARENCY,2023-12-31
9683,53,PT,25,10,0.02704,TRANSPARENCY,2024-03-31
9684,53,PT,26,10,0.011753,TRANSPARENCY,2024-06-30
9685,54,PT,23,10,0.009529,TRANSPARENCY,2023-09-30
9686,54,PT,24,10,0.004142,TRANSPARENCY,2023-12-31
9687,54,PT,25,10,0.010282,TRANSPARENCY,2024-03-31
9688,54,PT,26,10,0.032308,TRANSPARENCY,2024-06-30
9689,55,RO,23,10,0.028597,TRANSPARENCY,2023-09-30
9690,55,RO,24,10,0.022428,TRANSPARENCY,2023-12-31
9691,55,RO,25,10,0.0,TRANSPARENCY,2024-03-31
9692,55,RO,26,10,0.029473,TRANSPARENCY,2024-06-30
9693,56,SE,23,10,0.032698,TRANSPARENCY,2023-09-30
9694,56,SE,24,10,0.017332,TRANSPARENCY,2023-12-31
9695,56,SE,25,10,0.020867,TRANSPARENCY,2024-03-31
9696,56,SE,26,10,0.010121,TRANSPARENCY,2024-06-30
9697,57,SE,23,10,0.006685,TRANSPARENCY,2023-09-30
9698,57,SE,24,10,0.033842,TRANSPARENCY,2023-12-31
9699,57,SE,25,10,0.046152,TRANSPARENCY,2024-03-31
9700,57,SE,26,10,0.009904,TRANSPARENCY,2024-06-30
9701,58,SE,23,10,0.038165,TRANSPARENCY,2023-09-30
9702,58,SE,24,10,0.013852,TRANSPARENCY,2023-12-31
9703,58,SE,25,10,0.030253,TRANSPARENCY,2024-03-31
9704,58,SE,26,10,0.046309,TRANSPARENCY,2024-06-30
9705,59,SE,23,10,0.03586,TRANSPARENCY,2023-09-30
9706,59,SE,24,10,0.03453,TRANSPARENCY,2023-12-31
9707,59,SE,25,10,0.041819,TRANSPARENCY,2024-03-31
9708,59,SE,26,10,0.023189,TRANSPARENCY,2024-06-30
9709,60,SI,23,10,0.022061,TRANSPARENCY,2023-09-30
9710,60,SI,24,10,0.0,TRANSPARENCY,2023-12-31
9711,60,SI,25,10,0.023174,TRANSPARENCY,2024-03-31
9712,60,SI,26,10,0.004664,TRANSPARENCY,2024-06-30
9713,61,SK,23,10,0.006309,TRANSPARENCY,2023-09-30
9714,61,SK,24,10,0.005156,TRANSPARENCY,2023-12-31
9715,61,SK,25,10,0.002975,TRANSPARENCY,2024-03-31
9716,61,SK,26,10,0.014574,TRANSPARENCY,2024-06-30
9717,1,AT,23,9,1.239508,TRANSPARENCY,2023-09-30
9718,1,AT,24,9,1.3687,TRANSPARENCY,2023-12-31
9719,1,AT,25,9,1.262155,TRANSPARENCY,2024-03-31
9720,1,AT,26,9,1.37232,TRANSPARENCY,2024-06-30
9721,2,AT,23,9,1.280825,TRANSPARENCY,2023-09-30
9722,2,AT,24,9,1.261053,TRANSPARENCY,2023-12-31
9723,2,AT,25,9,1.25658,TRANSPARENCY,2024-03-31
9724,2,AT,26,9,1.35283,TRANSPARENCY,2024-06-30
9725,3,BE,23,9,1.1928,TRANSPARENCY,2023-09-30
9726,3,BE,24,9,1.242069,TRANSPARENCY,2023-12-31
9727,3,BE,25,9,1.363606,TRANSPARENCY,2024-03-31
9728,3,BE,26,9,1.28354,TRANSPARENCY,2024-06-30
9729,4,BE,23,9,1.266835,TRANSPARENCY,2023-09-30
9730,4,BE,24,9,1.233935,TRANSPARENCY,2023-12-31
9731,4,BE,25,9,1.293744,TRANSPARENCY,2024-03-31
9732,4,BE,26,9,1.328487,TRANSPARENCY,2024-06-30
9733,5,BG,23,9,1.284875,TRANSPARENCY,2023-09-30
9734,5,BG,24,9,1.291968,TRANSPARENCY,2023-12-31
9735,5,BG,25,9,1.262844,TRANSPARENCY,2024-03-31
9736,5,BG,26,9,1.185816,TRANSPARENCY,2024-06-30
9737,6,CY,23,9,1.312131,TRANSPARENCY,2023-09-30
9738,6,CY,24,9,1.233126,TRANSPARENCY,2023-12-31
9739,6,CY,25,9,1.333127,TRANSPARENCY,2024-03-31
9740,6,CY,26,9,1.236147,TRANSPARENCY,2024-06-30
9741,7,CZ,23,9,1.185016,TRANSPARENCY,2023-09-30
9742,7,CZ,24,9,1.370023,TRANSPARENCY,2023-12-31
9743,7,CZ,25,9,1.211227,TRANSPARENCY,2024-03-31
9744,7,CZ,26,9,1.221718,TRANSPARENCY,2024-06-30
9745,8,DE,23,9,1.308129,TRANSPARENCY,2023-09-30
9746,8,DE,24,9,1.24716,TRANSPARENCY,2023-12-31
9747,8,DE,25,9,1.332542,TRANSPARENCY,2024-03-31
9748,8,DE,26,9,1.261505,TRANSPARENCY,2024-06-30
9749,9,DE,23,9,1.335433,TRANSPARENCY,2023-09-30
9750,9,DE,24,9,1.279915,TRANSPARENCY,2023-12-31
9751,9,DE,25,9,1.185531,TRANSPARENCY,2024-03-31
9752,9,DE,26,9,1.280445,TRANSPARENCY,2024-06-30
9753,10,DE,23,9,1.276304,TRANSPARENCY,2023-09-30
9754,10,DE,24,9,1.299979,TRANSPARENCY,2023-12-31
9755,10,DE,25,9,1.233937,TRANSPARENCY,2024-03-31
9756,10,DE,26,9,1.282762,TRANSPARENCY,2024-06-30
9757,11,DE,23,9,1.181565,TRANSPARENCY,2023-09-30
9758,11,DE,24,9,1.191644,TRANSPARENCY,2023-12-31
9759,11,DE,25,9,1.309779,TRANSPARENCY,2024-03-31
9760,11,DE,26,9,1.298636,TRANSPARENCY,2024-06-30
9761,12,DE,23,9,1.308212,TRANSPARENCY,2023-09-30
9762,12,DE,24,9,1.308259,TRANSPARENCY,2023-12-31
9763,12,DE,25,9,1.366303,TRANSPARENCY,2024-03-31
9764,12,DE,26,9,1.344729,TRANSPARENCY,2024-06-30
9765,13,DE,23,9,1.28608,TRANSPARENCY,2023-09-30
9766,13,DE,24,9,1.20674,TRANSPARENCY,2023-12-31
9767,13,DE,25,9,1.270812,TRANSPARENCY,2024-03-31
9768,13,DE,26,9,1.186408,TRANSPARENCY,2024-06-30
9769,14,DK,23,9,1.322355,TRANSPARENCY,2023-09-30
9770,14,DK,24,9,1.19423,TRANSPARENCY,2023-12-31
9771,14,DK,25,9,1.325756,TRANSPARENCY,2024-03-31
9772,14,DK,26,9,1.363516,TRANSPARENCY,2024-06-30
9773,15,DK,23,9,1.2117,TRANSPARENCY,2023-09-30
9774,15,DK,24,9,1.339788,TRANSPARENCY,2023-12-31
9775,15,DK,25,9,1.278657,TRANSPARENCY,2024-03-31
9776,15,DK,26,9,1.257385,TRANSPARENCY,2024-06-30
9777,16,EE,23,9,1.289765,TRANSPARENCY,2023-09-30
9778,16,EE,24,9,1.243385,TRANSPARENCY,2023-12-31
9779,16,EE,25,9,1.235193,TRANSPARENCY,2024-03-31
9780,16,EE,26,9,1.223034,TRANSPARENCY,2024-06-30
9781,17,ES,23,9,1.287039,TRANSPARENCY,2023-09-30
9782,17,ES,24,9,1.307563,TRANSPARENCY,2023-12-31
9783,17,ES,25,9,1.322648,TRANSPARENCY,2024-03-31
9784,17,ES,26,9,1.304111,TRANSPARENCY,2024-06-30
9785,18,ES,23,9,1.194085,TRANSPARENCY,2023-09-30
9786,18,ES,24,9,1.182982,TRANSPARENCY,2023-12-31
9787,18,ES,25,9,1.266788,TRANSPARENCY,2024-03-31
9788,18,ES,26,9,1.205796,TRANSPARENCY,2024-06-30
9789,19,ES,23,9,1.209107,TRANSPARENCY,2023-09-30
9790,19,ES,24,9,1.339549,TRANSPARENCY,2023-12-31
9791,19,ES,25,9,1.239604,TRANSPARENCY,2024-03-31
9792,19,ES,26,9,1.370927,TRANSPARENCY,2024-06-30
9793,20,ES,23,9,1.212606,TRANSPARENCY,2023-09-30
9794,20,ES,24,9,1.240929,TRANSPARENCY,2023-12-31
9795,20,ES,25,9,1.194445,TRANSPARENCY,2024-03-31
9796,20,ES,26,9,1.255237,TRANSPARENCY,2024-06-30
9797,21,FI,23,9,1.305662,TRANSPARENCY,2023-09-30
9798,21,FI,24,9,1.357676,TRANSPARENCY,2023-12-31
9799,21,FI,25,9,1.25414,TRANSPARENCY,2024-03-31
9800,21,FI,26,9,1.25358,TRANSPARENCY,2024-06-30
9801,22,FR,23,9,1.364062,TRANSPARENCY,2023-09-30
9802,22,FR,24,9,1.267353,TRANSPARENCY,2023-12-31
9803,22,FR,25,9,1.315687,TRANSPARENCY,2024-03-31
9804,22,FR,26,9,1.281628,TRANSPARENCY,2024-06-30
9805,23,FR,23,9,1.28813,TRANSPARENCY,2023-09-30
9806,23,FR,24,9,1.332599,TRANSPARENCY,2023-12-31
9807,23,FR,25,9,1.259234,TRANSPARENCY,2024-03-31
9808,23,FR,26,9,1.335221,TRANSPARENCY,2024-06-30
9809,24,FR,23,9,1.307504,TRANSPARENCY,2023-09-30
9810,24,FR,24,9,1.225668,TRANSPARENCY,2023-12-31
9811,24,FR,25,9,1.366416,TRANSPARENCY,2024-03-31
9812,24,FR,26,9,1.299049,TRANSPARENCY,2024-06-30
9813,25,FR,23,9,1.327178,TRANSPARENCY,2023-09-30
9814,25,FR,24,9,1.203153,TRANSPARENCY,2023-12-31
9815,25,FR,25,9,1.351106,TRANSPARENCY,2024-03-31
9816,25,FR,26,9,1.21186,TRANSPARENCY,2024-06-30
9817,26,FR,23,9,1.242167,TRANSPARENCY,2023-09-30
9818,26,FR,24,9,1.236321,TRANSPARENCY,2023-12-31
9819,26,FR,25,9,1.23136,TRANSPARENCY,2024-03-31
9820,26,FR,26,9,1.373144,TRANSPARENCY,2024-06-30
9821,27,GR,23,9,1.279139,TRANSPARENCY,2023-09-30
9822,27,GR,24,9,1.202208,TRANSPARENCY,2023-12-31
9823,27,GR,25,9,1.256801,TRANSPARENCY,2024-03-31
9824,27,GR,26,9,1.182564,TRANSPARENCY,2024-06-30
9825,28,GR,23,9,1.205494,TRANSPARENCY,2023-09-30
9826,28,GR,24,9,1.335984,TRANSPARENCY,2023-12-31
9827,28,GR,25,9,1.254009,TRANSPARENCY,2024-03-31
9828,28,GR,26,9,1.359556,TRANSPARENCY,2024-06-30
9829,29,GR,23,9,1.280572,TRANSPARENCY,2023-09-30
9830,29,GR,24,9,1.179835,TRANSPARENCY,2023-12-31
9831,29,GR,25,9,1.309083,TRANSPARENCY,2024-03-31
9832,29,GR,26,9,1.235607,TRANSPARENCY,2024-06-30
9833,30,GR,23,9,1.246716,TRANSPARENCY,2023-09-30
9834,30,GR,24,9,1.362946,TRANSPARENCY,2023-12-31
9835,30,GR,25,9,1.232452,TRANSPARENCY,2024-03-31
9836,30,GR,26,9,1.207638,TRANSPARENCY,2024-06-30
9837,31,HR,23,9,1.31298,TRANSPARENCY,2023-09-30
9838,31,HR,24,9,1.24792,TRANSPARENCY,2023-12-31
9839,31,HR,25,9,1.205671,TRANSPARENCY,2024-03-31
9840,31,HR,26,9,1.363091,TRANSPARENCY,2024-06-30
9841,32,HU,23,9,1.222729,TRANSPARENCY,2023-09-30
9842,32,HU,24,9,1.305805,TRANSPARENCY,2023-12-31
9843,32,HU,25,9,1.254802,TRANSPARENCY,2024-03-31
9844,32,HU,26,9,1.293905,TRANSPARENCY,2024-06-30
9845,33,IE,23,9,1.327725,TRANSPARENCY,2023-09-30
9846,33,IE,24,9,1.227651,TRANSPARENCY,2023-12-31
9847,33,IE,25,9,1.338121,TRANSPARENCY,2024-03-31
9848,33,IE,26,9,1.192595,TRANSPARENCY,2024-06-30
9849,34,IE,23,9,1.232367,TRANSPARENCY,2023-09-30
9850,34,IE,24,9,1.316364,TRANSPARENCY,2023-12-31
9851,34,IE,25,9,1.189432,TRANSPARENCY,2024-03-31
9852,34,IE,26,9,1.307725,TRANSPARENCY,2024-06-30
9853,35,IS,23,9,1.293243,TRANSPARENCY,2023-09-30
9854,35,IS,24,9,1.254744,TRANSPARENCY,2023-12-31
9855,35,IS,25,9,1.290727,TRANSPARENCY,2024-03-31
9856,35,IS,26,9,1.223324,TRANSPARENCY,2024-06-30
9857,36,IT,23,9,1.209879,TRANSPARENCY,2023-09-30
9858,36,IT,24,9,1.307712,TRANSPARENCY,2023-12-31
9859,36,IT,25,9,1.293604,TRANSPARENCY,2024-03-31
9860,36,IT,26,9,1.326726,TRANSPARENCY,2024-06-30
9861,37,IT,23,9,1.2537,TRANSPARENCY,2023-09-30
9862,37,IT,24,9,1.352746,TRANSPARENCY,2023-12-31
9863,37,IT,25,9,1.374425,TRANSPARENCY,2024-03-31
9864,37,IT,26,9,1.202023,TRANSPARENCY,2024-06-30
9865,38,IT,23,9,1.282999,TRANSPARENCY,2023-09-30
9866,38,IT,24,9,1.289592,TRANSPARENCY,2023-12-31
9867,38,IT,25,9,1.251641,TRANSPARENCY,2024-03-31
9868,38,IT,26,9,1.294514,TRANSPARENCY,2024-06-30
9869,39,IT,23,9,1.2128,TRANSPARENCY,2023-09-30
9870,39,IT,24,9,1.320472,TRANSPARENCY,2023-12-31
9871,39,IT,25,9,1.359299,TRANSPARENCY,2024-03-31
9872,39,IT,26,9,1.280074,TRANSPARENCY,2024-06-30
9873,40,IT,23,9,1.244242,TRANSPARENCY,2023-09-30
9874,40,IT,24,9,1.197838,TRANSPARENCY,2023-12-31
9875,40,IT,25,9,1.256827,TRANSPARENCY,2024-03-31
9876,40,IT,26,9,1.300951,TRANSPARENCY,2024-06-30
9877,41,LI,23,9,1.189217,TRANSPARENCY,2023-09-30
9878,41,LI,24,9,1.288688,TRANSPARENCY,2023-12-31
9879,41,LI,25,9,1.266573,TRANSPARENCY,2024-03-31
9880,41,LI,26,9,1.322937,TRANSPARENCY,2024-06-30
9881,42,LT,23,9,1.30971,TRANSPARENCY,2023-09-30
9882,42,LT,24,9,1.276408,TRANSPARENCY,2023-12-31
9883,42,LT,25,9,1.28892,TRANSPARENCY,2024-03-31
9884,42,LT,26,9,1.269426,TRANSPARENCY,2024-06-30
9885,43,LU,23,9,1.289924,TRANSPARENCY,2023-09-30
9886,43,LU,24,9,1.308678,TRANSPARENCY,2023-12-31
9887,43,LU,25,9,1.232548,TRANSPARENCY,2024-03-31
9888,43,LU,26,9,1.29084,TRANSPARENCY,2024-06-30
9889,44,LV,23,9,1.190228,TRANSPARENCY,2023-09-30
9890,44,LV,24,9,1.228883,TRANSPARENCY,2023-12-31
9891,44,LV,25,9,1.176356,TRANSPARENCY,2024-03-31
9892,44,LV,26,9,1.353996,TRANSPARENCY,2024-06-30
9893,45,MT,23,9,1.325424,TRANSPARENCY,2023-09-30
9894,45,MT,24,9,1.350641,TRANSPARENCY,2023-12-31
9895,45,MT,25,9,1.175579,TRANSPARENCY,2024-03-31
9896,45,MT,26,9,1.215483,TRANSPARENCY,2024-06-30
9897,46,NL,23,9,1.208376,TRANSPARENCY,2023-09-30
9898,46,NL,24,9,1.368271,TRANSPARENCY,2023-12-31
9899,46,NL,25,9,1.252684,TRANSPARENCY,2024-03-31
9900,46,NL,26,9,1.343184,TRANSPARENCY,2024-06-30
9901,47,NL,23,9,1.240666,TRANSPARENCY,2023-09-30
9902,47,NL,24,9,1.348746,TRANSPARENCY,2023-12-31
9903,47,NL,25,9,1.344649,TRANSPARENCY,2024-03-31
9904,47,NL,26,9,1.188206,TRANSPARENCY,2024-06-30
9905,48,NL,23,9,1.367884,TRANSPARENCY,2023-09-30
9906,48,NL,24,9,1.331071,TRANSPARENCY,2023-12-31
9907,48,NL,25,9,1.238812,TRANSPARENCY,2024-03-31
9908,48,NL,26,9,1.198519,TRANSPARENCY,2024-06-30
9909,49,NO,23,9,1.296354,TRANSPARENCY,2023-09-30
9910,49,NO,24,9,1.359637,TRANSPARENCY,2023-12-31
9911,49,NO,25,9,1.351602,TRANSPARENCY,2024-03-31
9912,49,NO,26,9,1.267705,TRANSPARENCY,2024-06-30
9913,50,PL,23,9,1.352544,TRANSPARENCY,2023-09-30
9914,50,PL,24,9,1.290308,TRANSPARENCY,2023-12-31
9915,50,PL,25,9,1.258544,TRANSPARENCY,2024-03-31
9916,50,PL,26,9,1.29151,TRANSPARENCY,2024-06-30
9917,51,PL,23,9,1.354078,TRANSPARENCY,2023-09-30
9918,51,PL,24,9,1.349143,TRANSPARENCY,2023-12-31
9919,51,PL,25,9,1.269096,TRANSPARENCY,2024-03-31
9920,51,PL,26,9,1.296647,TRANSPARENCY,2024-06-30
9921,52,PL,23,9,1.273911,TRANSPARENCY,2023-09-30
9922,52,PL,24,9,1.290762,TRANSPARENCY,2023-12-31
9923,52,PL,25,9,1.210653,TRANSPARENCY,2024-03-31
9924,52,PL,26,9,1.309937,TRANSPARENCY,2024-06-30
9925,53,PT,23,9,1.219182,TRANSPARENCY,2023-09-30
9926,53,PT,24,9,1.236804,TRANSPARENCY,2023-12-31
9927,53,PT,25,9,1.333884,TRANSPARENCY,2024-03-31
9928,53,PT,26,9,1.235668,TRANSPARENCY,2024-06-30
9929,54,PT,23,9,1.256519,TRANSPARENCY,2023-09-30
9930,54,PT,24,9,1.213636,TRANSPARENCY,2023-12-31
9931,54,PT,25,9,1.217277,TRANSPARENCY,2024-03-31
9932,54,PT,26,9,1.328842,TRANSPARENCY,2024-06-30
9933,55,RO,23,9,1.216717,TRANSPARENCY,2023-09-30
9934,55,RO,24,9,1.242355,TRANSPARENCY,2023-12-31
9935,55,RO,25,9,1.24373,TRANSPARENCY,2024-03-31
9936,55,RO,26,9,1.235426,TRANSPARENCY,2024-06-30
9937,56,SE,23,9,1.261924,TRANSPARENCY,2023-09-30
9938,56,SE,24,9,1.311367,TRANSPARENCY,2023-12-31
9939,56,SE,25,9,1.306228,TRANSPARENCY,2024-03-31
9940,56,SE,26,9,1.173238,TRANSPARENCY,2024-06-30
9941,57,SE,23,9,1.345322,TRANSPARENCY,2023-09-30
9942,57,SE,24,9,1.31223,TRANSPARENCY,2023-12-31
9943,57,SE,25,9,1.226416,TRANSPARENCY,2024-03-31
9944,57,SE,26,9,1.311209,TRANSPARENCY,2024-06-30
9945,58,SE,23,9,1.315904,TRANSPARENCY,2023-09-30
9946,58,SE,24,9,1.200865,TRANSPARENCY,2023-12-31
9947,58,SE,25,9,1.27986,TRANSPARENCY,2024-03-31
9948,58,SE,26,9,1.284476,TRANSPARENCY,2024-06-30
9949,59,SE,23,9,1.304542,TRANSPARENCY,2023-09-30
9950,59,SE,24,9,1.27518,TRANSPARENCY,2023-12-31
9951,59,SE,25,9,1.253011,TRANSPARENCY,2024-03-31
9952,59,SE,26,9,1.198195,TRANSPARENCY,2024-06-30
9953,60,SI,23,9,1.363194,TRANSPARENCY,2023-09-30
9954,60,SI,24,9,1.319205,TRANSPARENCY,2023-12-31
9955,60,SI,25,9,1.177072,TRANSPARENCY,2024-03-31
9956,60,SI,26,9,1.327513,TRANSPARENCY,2024-06-30
9957,61,SK,23,9,1.334138,TRANSPARENCY,2023-09-30
9958,61,SK,24,9,1.287029,TRANSPARENCY,2023-12-31
9959,61,SK,25,9,1.235575,TRANSPARENCY,2024-03-31
9960,61,SK,26,9,1.259789,TRANSPARENCY,2024-06-30
9961,1,AT,23,14,0.005356,TRANSPARENCY,2023-09-30
9962,1,AT,24,14,0.007795,TRANSPARENCY,2023-12-31
9963,1,AT,25,14,0.008748,TRANSPARENCY,2024-03-31
9964,1,AT,26,14,0.008776,TRANSPARENCY,2024-06-30
9965,2,AT,23,14,0.009168,TRANSPARENCY,2023-09-30
9966,2,AT,24,14,0.009172,TRANSPARENCY,2023-12-31
9967,2,AT,25,14,0.009284,TRANSPARENCY,2024-03-31
9968,2,AT,26,14,0.007404,TRANSPARENCY,2024-06-30
9969,3,BE,23,14,0.006156,TRANSPARENCY,2023-09-30
9970,3,BE,24,14,0.010231,TRANSPARENCY,2023-12-31
9971,3,BE,25,14,0.010313,TRANSPARENCY,2024-03-31
9972,3,BE,26,14,0.012856,TRANSPARENCY,2024-06-30
9973,4,BE,23,14,0.006835,TRANSPARENCY,2023-09-30
9974,4,BE,24,14,0.008464,TRANSPARENCY,2023-12-31
9975,4,BE,25,14,0.011631,TRANSPARENCY,2024-03-31
9976,4,BE,26,14,0.012595,TRANSPARENCY,2024-06-30
9977,5,BG,23,14,0.006029,TRANSPARENCY,2023-09-30
9978,5,BG,24,14,0.007783,TRANSPARENCY,2023-12-31
9979,5,BG,25,14,0.011365,TRANSPARENCY,2024-03-31
9980,5,BG,26,14,0.008876,TRANSPARENCY,2024-06-30
9981,6,CY,23,14,0.007162,TRANSPARENCY,2023-09-30
9982,6,CY,24,14,0.009274,TRANSPARENCY,2023-12-31
9983,6,CY,25,14,0.006842,TRANSPARENCY,2024-03-31
9984,6,CY,26,14,0.011285,TRANSPARENCY,2024-06-30
9985,7,CZ,23,14,0.009261,TRANSPARENCY,2023-09-30
9986,7,CZ,24,14,0.00755,TRANSPARENCY,2023-12-31
9987,7,CZ,25,14,0.011736,TRANSPARENCY,2024-03-31
9988,7,CZ,26,14,0.011832,TRANSPARENCY,2024-06-30
9989,8,DE,23,14,0.004874,TRANSPARENCY,2023-09-30
9990,8,DE,24,14,0.00574,TRANSPARENCY,2023-12-31
9991,8,DE,25,14,0.009844,TRANSPARENCY,2024-03-31
9992,8,DE,26,14,0.007573,TRANSPARENCY,2024-06-30
9993,9,DE,23,14,0.006361,TRANSPARENCY,2023-09-30
9994,9,DE,24,14,0.008108,TRANSPARENCY,2023-12-31
9995,9,DE,25,14,0.009474,TRANSPARENCY,2024-03-31
9996,9,DE,26,14,0.011139,TRANSPARENCY,2024-06-30
9997,10,DE,23,14,0.009677,TRANSPARENCY,2023-09-30
9998,10,DE,24,14,0.006164,TRANSPARENCY,2023-12-31
9999,10,DE,25,14,0.010259,TRANSPARENCY,2024-03-31
10000,10,DE,26,14,0.010615,TRANSPARENCY,2024-06-30
10001,11,DE,23,14,0.005604,TRANSPARENCY,2023-09-30
10002,11,DE,24,14,0.008359,TRANSPARENCY,2023-12-31
10003,11,DE,25,14,0.006627,TRANSPARENCY,2024-03-31
10004,11,DE,26,14,0.009113,TRANSPARENCY,2024-06-30
10005,12,DE,23,14,0.007302,TRANSPARENCY,2023-09-30
10006,12,DE,24,14,0.010399,TRANSPARENCY,2023-12-31
10007,12,DE,25,14,0.009671,TRANSPARENCY,2024-03-31
10008,12,DE,26,14,0.011468,TRANSPARENCY,2024-06-30
10009,13,DE,23,14,0.009162,TRANSPARENCY,2023-09-30
10010,13,DE,24,14,0.010931,TRANSPARENCY,2023-12-31
10011,13,DE,25,14,0.007559,TRANSPARENCY,2024-03-31
10012,13,DE,26,14,0.012091,TRANSPARENCY,2024-06-30
10013,14,DK,23,14,0.00414,TRANSPARENCY,2023-09-30
10014,14,DK,24,14,0.006683,TRANSPARENCY,2023-12-31
10015,14,DK,25,14,0.007313,TRANSPARENCY,2024-03-31
10016,14,DK,26,14,0.011585,TRANSPARENCY,2024-06-30
10017,15,DK,23,14,0.004433,TRANSPARENCY,2023-09-30
10018,15,DK,24,14,0.007123,TRANSPARENCY,2023-12-31
10019,15,DK,25,14,0.007617,TRANSPARENCY,2024-03-31
10020,15,DK,26,14,0.007322,TRANSPARENCY,2024-06-30
10021,16,EE,23,14,0.006741,TRANSPARENCY,2023-09-30
10022,16,EE,24,14,0.00682,TRANSPARENCY,2023-12-31
10023,16,EE,25,14,0.011123,TRANSPARENCY,2024-03-31
10024,16,EE,26,14,0.012359,TRANSPARENCY,2024-06-30
10025,17,ES,23,14,0.006955,TRANSPARENCY,2023-09-30
10026,17,ES,24,14,0.005652,TRANSPARENCY,2023-12-31
10027,17,ES,25,14,0.011262,TRANSPARENCY,2024-03-31
10028,17,ES,26,14,0.00873,TRANSPARENCY,2024-06-30
10029,18,ES,23,14,0.006275,TRANSPARENCY,2023-09-30
10030,18,ES,24,14,0.006613,TRANSPARENCY,2023-12-31
10031,18,ES,25,14,0.009516,TRANSPARENCY,2024-03-31
10032,18,ES,26,14,0.010488,TRANSPARENCY,2024-06-30
10033,19,ES,23,14,0.004814,TRANSPARENCY,2023-09-30
10034,19,ES,24,14,0.008148,TRANSPARENCY,2023-12-31
10035,19,ES,25,14,0.006742,TRANSPARENCY,2024-03-31
10036,19,ES,26,14,0.012859,TRANSPARENCY,2024-06-30
10037,20,ES,23,14,0.005399,TRANSPARENCY,2023-09-30
10038,20,ES,24,14,0.007662,TRANSPARENCY,2023-12-31
10039,20,ES,25,14,0.009682,TRANSPARENCY,2024-03-31
10040,20,ES,26,14,0.009539,TRANSPARENCY,2024-06-30
10041,21,FI,23,14,0.005064,TRANSPARENCY,2023-09-30
10042,21,FI,24,14,0.00969,TRANSPARENCY,2023-12-31
10043,21,FI,25,14,0.006645,TRANSPARENCY,2024-03-31
10044,21,FI,26,14,0.012168,TRANSPARENCY,2024-06-30
10045,22,FR,23,14,0.006396,TRANSPARENCY,2023-09-30
10046,22,FR,24,14,0.005967,TRANSPARENCY,2023-12-31
10047,22,FR,25,14,0.007701,TRANSPARENCY,2024-03-31
10048,22,FR,26,14,0.009506,TRANSPARENCY,2024-06-30
10049,23,FR,23,14,0.009588,TRANSPARENCY,2023-09-30
10050,23,FR,24,14,0.007507,TRANSPARENCY,2023-12-31
10051,23,FR,25,14,0.011309,TRANSPARENCY,2024-03-31
10052,23,FR,26,14,0.007567,TRANSPARENCY,2024-06-30
10053,24,FR,23,14,0.009416,TRANSPARENCY,2023-09-30
10054,24,FR,24,14,0.006618,TRANSPARENCY,2023-12-31
10055,24,FR,25,14,0.0081,TRANSPARENCY,2024-03-31
10056,24,FR,26,14,0.008667,TRANSPARENCY,2024-06-30
10057,25,FR,23,14,0.006595,TRANSPARENCY,2023-09-30
10058,25,FR,24,14,0.009617,TRANSPARENCY,2023-12-31
10059,25,FR,25,14,0.011658,TRANSPARENCY,2024-03-31
10060,25,FR,26,14,0.012148,TRANSPARENCY,2024-06-30
10061,26,FR,23,14,0.008335,TRANSPARENCY,2023-09-30
10062,26,FR,24,14,0.009692,TRANSPARENCY,2023-12-31
10063,26,FR,25,14,0.007539,TRANSPARENCY,2024-03-31
10064,26,FR,26,14,0.007513,TRANSPARENCY,2024-06-30
10065,27,GR,23,14,0.00946,TRANSPARENCY,2023-09-30
10066,27,GR,24,14,0.005037,TRANSPARENCY,2023-12-31
10067,27,GR,25,14,0.00766,TRANSPARENCY,2024-03-31
10068,27,GR,26,14,0.008985,TRANSPARENCY,2024-06-30
10069,28,GR,23,14,0.004682,TRANSPARENCY,2023-09-30
10070,28,GR,24,14,0.005056,TRANSPARENCY,2023-12-31
10071,28,GR,25,14,0.008985,TRANSPARENCY,2024-03-31
10072,28,GR,26,14,0.010619,TRANSPARENCY,2024-06-30
10073,29,GR,23,14,0.009237,TRANSPARENCY,2023-09-30
10074,29,GR,24,14,0.009825,TRANSPARENCY,2023-12-31
10075,29,GR,25,14,0.009522,TRANSPARENCY,2024-03-31
10076,29,GR,26,14,0.010267,TRANSPARENCY,2024-06-30
10077,30,GR,23,14,0.006064,TRANSPARENCY,2023-09-30
10078,30,GR,24,14,0.010414,TRANSPARENCY,2023-12-31
10079,30,GR,25,14,0.009952,TRANSPARENCY,2024-03-31
10080,30,GR,26,14,0.01047,TRANSPARENCY,2024-06-30
10081,31,HR,23,14,0.00883,TRANSPARENCY,2023-09-30
10082,31,HR,24,14,0.009338,TRANSPARENCY,2023-12-31
10083,31,HR,25,14,0.00611,TRANSPARENCY,2024-03-31
10084,31,HR,26,14,0.010505,TRANSPARENCY,2024-06-30
10085,32,HU,23,14,0.008585,TRANSPARENCY,2023-09-30
10086,32,HU,24,14,0.00563,TRANSPARENCY,2023-12-31
10087,32,HU,25,14,0.008508,TRANSPARENCY,2024-03-31
10088,32,HU,26,14,0.007725,TRANSPARENCY,2024-06-30
10089,33,IE,23,14,0.006599,TRANSPARENCY,2023-09-30
10090,33,IE,24,14,0.005999,TRANSPARENCY,2023-12-31
10091,33,IE,25,14,0.006801,TRANSPARENCY,2024-03-31
10092,33,IE,26,14,0.011404,TRANSPARENCY,2024-06-30
10093,34,IE,23,14,0.008833,TRANSPARENCY,2023-09-30
10094,34,IE,24,14,0.009611,TRANSPARENCY,2023-12-31
10095,34,IE,25,14,0.00965,TRANSPARENCY,2024-03-31
10096,34,IE,26,14,0.011859,TRANSPARENCY,2024-06-30
10097,35,IS,23,14,0.004693,TRANSPARENCY,2023-09-30
10098,35,IS,24,14,0.01011,TRANSPARENCY,2023-12-31
10099,35,IS,25,14,0.006906,TRANSPARENCY,2024-03-31
10100,35,IS,26,14,0.009524,TRANSPARENCY,2024-06-30
10101,36,IT,23,14,0.004793,TRANSPARENCY,2023-09-30
10102,36,IT,24,14,0.010336,TRANSPARENCY,2023-12-31
10103,36,IT,25,14,0.011729,TRANSPARENCY,2024-03-31
10104,36,IT,26,14,0.010211,TRANSPARENCY,2024-06-30
10105,37,IT,23,14,0.006113,TRANSPARENCY,2023-09-30
10106,37,IT,24,14,0.008536,TRANSPARENCY,2023-12-31
10107,37,IT,25,14,0.006276,TRANSPARENCY,2024-03-31
10108,37,IT,26,14,0.012363,TRANSPARENCY,2024-06-30
10109,38,IT,23,14,0.008721,TRANSPARENCY,2023-09-30
10110,38,IT,24,14,0.007515,TRANSPARENCY,2023-12-31
10111,38,IT,25,14,0.010849,TRANSPARENCY,2024-03-31
10112,38,IT,26,14,0.007175,TRANSPARENCY,2024-06-30
10113,39,IT,23,14,0.008778,TRANSPARENCY,2023-09-30
10114,39,IT,24,14,0.006429,TRANSPARENCY,2023-12-31
10115,39,IT,25,14,0.008102,TRANSPARENCY,2024-03-31
10116,39,IT,26,14,0.007423,TRANSPARENCY,2024-06-30
10117,40,IT,23,14,0.004189,TRANSPARENCY,2023-09-30
10118,40,IT,24,14,0.009741,TRANSPARENCY,2023-12-31
10119,40,IT,25,14,0.010842,TRANSPARENCY,2024-03-31
10120,40,IT,26,14,0.008949,TRANSPARENCY,2024-06-30
10121,41,LI,23,14,0.007633,TRANSPARENCY,2023-09-30
10122,41,LI,24,14,0.005418,TRANSPARENCY,2023-12-31
10123,41,LI,25,14,0.0061,TRANSPARENCY,2024-03-31
10124,41,LI,26,14,0.007809,TRANSPARENCY,2024-06-30
10125,42,LT,23,14,0.005078,TRANSPARENCY,2023-09-30
10126,42,LT,24,14,0.01066,TRANSPARENCY,2023-12-31
10127,42,LT,25,14,0.01141,TRANSPARENCY,2024-03-31
10128,42,LT,26,14,0.00848,TRANSPARENCY,2024-06-30
10129,43,LU,23,14,0.006138,TRANSPARENCY,2023-09-30
10130,43,LU,24,14,0.006959,TRANSPARENCY,2023-12-31
10131,43,LU,25,14,0.007266,TRANSPARENCY,2024-03-31
10132,43,LU,26,14,0.009294,TRANSPARENCY,2024-06-30
10133,44,LV,23,14,0.008938,TRANSPARENCY,2023-09-30
10134,44,LV,24,14,0.007948,TRANSPARENCY,2023-12-31
10135,44,LV,25,14,0.007589,TRANSPARENCY,2024-03-31
10136,44,LV,26,14,0.011934,TRANSPARENCY,2024-06-30
10137,45,MT,23,14,0.008384,TRANSPARENCY,2023-09-30
10138,45,MT,24,14,0.00915,TRANSPARENCY,2023-12-31
10139,45,MT,25,14,0.007991,TRANSPARENCY,2024-03-31
10140,45,MT,26,14,0.009692,TRANSPARENCY,2024-06-30
10141,46,NL,23,14,0.006201,TRANSPARENCY,2023-09-30
10142,46,NL,24,14,0.007814,TRANSPARENCY,2023-12-31
10143,46,NL,25,14,0.007902,TRANSPARENCY,2024-03-31
10144,46,NL,26,14,0.011848,TRANSPARENCY,2024-06-30
10145,47,NL,23,14,0.009356,TRANSPARENCY,2023-09-30
10146,47,NL,24,14,0.005424,TRANSPARENCY,2023-12-31
10147,47,NL,25,14,0.008551,TRANSPARENCY,2024-03-31
10148,47,NL,26,14,0.008328,TRANSPARENCY,2024-06-30
10149,48,NL,23,14,0.007666,TRANSPARENCY,2023-09-30
10150,48,NL,24,14,0.005726,TRANSPARENCY,2023-12-31
10151,48,NL,25,14,0.006315,TRANSPARENCY,2024-03-31
10152,48,NL,26,14,0.007748,TRANSPARENCY,2024-06-30
10153,49,NO,23,14,0.00523,TRANSPARENCY,2023-09-30
10154,49,NO,24,14,0.007243,TRANSPARENCY,2023-12-31
10155,49,NO,25,14,0.009258,TRANSPARENCY,2024-03-31
10156,49,NO,26,14,0.012199,TRANSPARENCY,2024-06-30
10157,50,PL,23,14,0.007542,TRANSPARENCY,2023-09-30
10158,50,PL,24,14,0.010767,TRANSPARENCY,2023-12-31
10159,50,PL,25,14,0.011443,TRANSPARENCY,2024-03-31
10160,50,PL,26,14,0.008385,TRANSPARENCY,2024-06-30
10161,51,PL,23,14,0.009796,TRANSPARENCY,2023-09-30
10162,51,PL,24,14,0.008957,TRANSPARENCY,2023-12-31
10163,51,PL,25,14,0.006697,TRANSPARENCY,2024-03-31
10164,51,PL,26,14,0.009637,TRANSPARENCY,2024-06-30
10165,52,PL,23,14,0.006575,TRANSPARENCY,2023-09-30
10166,52,PL,24,14,0.005364,TRANSPARENCY,2023-12-31
10167,52,PL,25,14,0.009241,TRANSPARENCY,2024-03-31
10168,52,PL,26,14,0.011539,TRANSPARENCY,2024-06-30
10169,53,PT,23,14,0.007548,TRANSPARENCY,2023-09-30
10170,53,PT,24,14,0.010749,TRANSPARENCY,2023-12-31
10171,53,PT,25,14,0.009799,TRANSPARENCY,2024-03-31
10172,53,PT,26,14,0.011607,TRANSPARENCY,2024-06-30
10173,54,PT,23,14,0.005579,TRANSPARENCY,2023-09-30
10174,54,PT,24,14,0.006616,TRANSPARENCY,2023-12-31
10175,54,PT,25,14,0.008918,TRANSPARENCY,2024-03-31
10176,54,PT,26,14,0.010345,TRANSPARENCY,2024-06-30
10177,55,RO,23,14,0.009926,TRANSPARENCY,2023-09-30
10178,55,RO,24,14,0.00661,TRANSPARENCY,2023-12-31
10179,55,RO,25,14,0.010781,TRANSPARENCY,2024-03-31
10180,55,RO,26,14,0.011105,TRANSPARENCY,2024-06-30
10181,56,SE,23,14,0.006325,TRANSPARENCY,2023-09-30
10182,56,SE,24,14,0.010123,TRANSPARENCY,2023-12-31
10183,56,SE,25,14,0.008511,TRANSPARENCY,2024-03-31
10184,56,SE,26,14,0.009038,TRANSPARENCY,2024-06-30
10185,57,SE,23,14,0.005022,TRANSPARENCY,2023-09-30
10186,57,SE,24,14,0.009611,TRANSPARENCY,2023-12-31
10187,57,SE,25,14,0.009654,TRANSPARENCY,2024-03-31
10188,57,SE,26,14,0.010287,TRANSPARENCY,2024-06-30
10189,58,SE,23,14,0.004271,TRANSPARENCY,2023-09-30
10190,58,SE,24,14,0.008782,TRANSPARENCY,2023-12-31
10191,58,SE,25,14,0.01175,TRANSPARENCY,2024-03-31
10192,58,SE,26,14,0.012031,TRANSPARENCY,2024-06-30
10193,59,SE,23,14,0.007216,TRANSPARENCY,2023-09-30
10194,59,SE,24,14,0.006327,TRANSPARENCY,2023-12-31
10195,59,SE,25,14,0.007389,TRANSPARENCY,2024-03-31
10196,59,SE,26,14,0.00831,TRANSPARENCY,2024-06-30
10197,60,SI,23,14,0.005639,TRANSPARENCY,2023-09-30
10198,60,SI,24,14,0.006148,TRANSPARENCY,2023-12-31
10199,60,SI,25,14,0.008519,TRANSPARENCY,2024-03-31
10200,60,SI,26,14,0.009535,TRANSPARENCY,2024-06-30
10201,61,SK,23,14,0.009911,TRANSPARENCY,2023-09-30
10202,61,SK,24,14,0.006787,TRANSPARENCY,2023-12-31
10203,61,SK,25,14,0.008644,TRANSPARENCY,2024-03-31
10204,61,SK,26,14,0.00948,TRANSPARENCY,2024-06-30
10205,1,AT,23,13,0.065231,TRANSPARENCY,2023-09-30
10206,1,AT,24,13,0.092417,TRANSPARENCY,2023-12-31
10207,1,AT,25,13,0.064805,TRANSPARENCY,2024-03-31
10208,1,AT,26,13,0.062989,TRANSPARENCY,2024-06-30
10209,2,AT,23,13,0.116859,TRANSPARENCY,2023-09-30
10210,2,AT,24,13,0.086331,TRANSPARENCY,2023-12-31
10211,2,AT,25,13,0.091954,TRANSPARENCY,2024-03-31
10212,2,AT,26,13,0.117303,TRANSPARENCY,2024-06-30
10213,3,BE,23,13,0.082916,TRANSPARENCY,2023-09-30
10214,3,BE,24,13,0.078877,TRANSPARENCY,2023-12-31
10215,3,BE,25,13,0.06567,TRANSPARENCY,2024-03-31
10216,3,BE,26,13,0.086034,TRANSPARENCY,2024-06-30
10217,4,BE,23,13,0.05357,TRANSPARENCY,2023-09-30
10218,4,BE,24,13,0.088015,TRANSPARENCY,2023-12-31
10219,4,BE,25,13,0.083156,TRANSPARENCY,2024-03-31
10220,4,BE,26,13,0.089044,TRANSPARENCY,2024-06-30
10221,5,BG,23,13,0.085838,TRANSPARENCY,2023-09-30
10222,5,BG,24,13,0.0764,TRANSPARENCY,2023-12-31
10223,5,BG,25,13,0.091241,TRANSPARENCY,2024-03-31
10224,5,BG,26,13,0.067317,TRANSPARENCY,2024-06-30
10225,6,CY,23,13,0.070228,TRANSPARENCY,2023-09-30
10226,6,CY,24,13,0.094669,TRANSPARENCY,2023-12-31
10227,6,CY,25,13,0.11227,TRANSPARENCY,2024-03-31
10228,6,CY,26,13,0.11529,TRANSPARENCY,2024-06-30
10229,7,CZ,23,13,0.062959,TRANSPARENCY,2023-09-30
10230,7,CZ,24,13,0.072418,TRANSPARENCY,2023-12-31
10231,7,CZ,25,13,0.113454,TRANSPARENCY,2024-03-31
10232,7,CZ,26,13,0.119143,TRANSPARENCY,2024-06-30
10233,8,DE,23,13,0.114385,TRANSPARENCY,2023-09-30
10234,8,DE,24,13,0.056913,TRANSPARENCY,2023-12-31
10235,8,DE,25,13,0.063457,TRANSPARENCY,2024-03-31
10236,8,DE,26,13,0.068061,TRANSPARENCY,2024-06-30
10237,9,DE,23,13,0.058452,TRANSPARENCY,2023-09-30
10238,9,DE,24,13,0.09827,TRANSPARENCY,2023-12-31
10239,9,DE,25,13,0.094857,TRANSPARENCY,2024-03-31
10240,9,DE,26,13,0.12244,TRANSPARENCY,2024-06-30
10241,10,DE,23,13,0.113109,TRANSPARENCY,2023-09-30
10242,10,DE,24,13,0.061269,TRANSPARENCY,2023-12-31
10243,10,DE,25,13,0.062133,TRANSPARENCY,2024-03-31
10244,10,DE,26,13,0.106167,TRANSPARENCY,2024-06-30
10245,11,DE,23,13,0.115515,TRANSPARENCY,2023-09-30
10246,11,DE,24,13,0.073089,TRANSPARENCY,2023-12-31
10247,11,DE,25,13,0.103068,TRANSPARENCY,2024-03-31
10248,11,DE,26,13,0.072778,TRANSPARENCY,2024-06-30
10249,12,DE,23,13,0.092277,TRANSPARENCY,2023-09-30
10250,12,DE,24,13,0.08948,TRANSPARENCY,2023-12-31
10251,12,DE,25,13,0.106335,TRANSPARENCY,2024-03-31
10252,12,DE,26,13,0.066832,TRANSPARENCY,2024-06-30
10253,13,DE,23,13,0.099657,TRANSPARENCY,2023-09-30
10254,13,DE,24,13,0.061322,TRANSPARENCY,2023-12-31
10255,13,DE,25,13,0.07124,TRANSPARENCY,2024-03-31
10256,13,DE,26,13,0.075096,TRANSPARENCY,2024-06-30
10257,14,DK,23,13,0.095782,TRANSPARENCY,2023-09-30
10258,14,DK,24,13,0.08777,TRANSPARENCY,2023-12-31
10259,14,DK,25,13,0.111993,TRANSPARENCY,2024-03-31
10260,14,DK,26,13,0.094041,TRANSPARENCY,2024-06-30
10261,15,DK,23,13,0.119142,TRANSPARENCY,2023-09-30
10262,15,DK,24,13,0.087521,TRANSPARENCY,2023-12-31
10263,15,DK,25,13,0.09961,TRANSPARENCY,2024-03-31
10264,15,DK,26,13,0.106656,TRANSPARENCY,2024-06-30
10265,16,EE,23,13,0.10327,TRANSPARENCY,2023-09-30
10266,16,EE,24,13,0.096562,TRANSPARENCY,2023-12-31
10267,16,EE,25,13,0.06305,TRANSPARENCY,2024-03-31
10268,16,EE,26,13,0.090028,TRANSPARENCY,2024-06-30
10269,17,ES,23,13,0.05153,TRANSPARENCY,2023-09-30
10270,17,ES,24,13,0.094533,TRANSPARENCY,2023-12-31
10271,17,ES,25,13,0.101938,TRANSPARENCY,2024-03-31
10272,17,ES,26,13,0.120756,TRANSPARENCY,2024-06-30
10273,18,ES,23,13,0.118705,TRANSPARENCY,2023-09-30
10274,18,ES,24,13,0.074929,TRANSPARENCY,2023-12-31
10275,18,ES,25,13,0.121795,TRANSPARENCY,2024-03-31
10276,18,ES,26,13,0.107041,TRANSPARENCY,2024-06-30
10277,19,ES,23,13,0.055866,TRANSPARENCY,2023-09-30
10278,19,ES,24,13,0.118418,TRANSPARENCY,2023-12-31
10279,19,ES,25,13,0.078448,TRANSPARENCY,2024-03-31
10280,19,ES,26,13,0.076963,TRANSPARENCY,2024-06-30
10281,20,ES,23,13,0.090082,TRANSPARENCY,2023-09-30
10282,20,ES,24,13,0.071112,TRANSPARENCY,2023-12-31
10283,20,ES,25,13,0.087533,TRANSPARENCY,2024-03-31
10284,20,ES,26,13,0.057933,TRANSPARENCY,2024-06-30
10285,21,FI,23,13,0.052803,TRANSPARENCY,2023-09-30
10286,21,FI,24,13,0.115284,TRANSPARENCY,2023-12-31
10287,21,FI,25,13,0.058675,TRANSPARENCY,2024-03-31
10288,21,FI,26,13,0.063205,TRANSPARENCY,2024-06-30
10289,22,FR,23,13,0.086841,TRANSPARENCY,2023-09-30
10290,22,FR,24,13,0.119348,TRANSPARENCY,2023-12-31
10291,22,FR,25,13,0.063129,TRANSPARENCY,2024-03-31
10292,22,FR,26,13,0.078235,TRANSPARENCY,2024-06-30
10293,23,FR,23,13,0.11358,TRANSPARENCY,2023-09-30
10294,23,FR,24,13,0.110654,TRANSPARENCY,2023-12-31
10295,23,FR,25,13,0.110497,TRANSPARENCY,2024-03-31
10296,23,FR,26,13,0.061092,TRANSPARENCY,2024-06-30
10297,24,FR,23,13,0.114099,TRANSPARENCY,2023-09-30
10298,24,FR,24,13,0.105793,TRANSPARENCY,2023-12-31
10299,24,FR,25,13,0.10906,TRANSPARENCY,2024-03-31
10300,24,FR,26,13,0.091144,TRANSPARENCY,2024-06-30
10301,25,FR,23,13,0.058645,TRANSPARENCY,2023-09-30
10302,25,FR,24,13,0.105525,TRANSPARENCY,2023-12-31
10303,25,FR,25,13,0.111076,TRANSPARENCY,2024-03-31
10304,25,FR,26,13,0.078052,TRANSPARENCY,2024-06-30
10305,26,FR,23,13,0.052072,TRANSPARENCY,2023-09-30
10306,26,FR,24,13,0.111339,TRANSPARENCY,2023-12-31
10307,26,FR,25,13,0.100725,TRANSPARENCY,2024-03-31
10308,26,FR,26,13,0.058164,TRANSPARENCY,2024-06-30
10309,27,GR,23,13,0.055676,TRANSPARENCY,2023-09-30
10310,27,GR,24,13,0.09001,TRANSPARENCY,2023-12-31
10311,27,GR,25,13,0.079929,TRANSPARENCY,2024-03-31
10312,27,GR,26,13,0.122542,TRANSPARENCY,2024-06-30
10313,28,GR,23,13,0.075155,TRANSPARENCY,2023-09-30
10314,28,GR,24,13,0.051922,TRANSPARENCY,2023-12-31
10315,28,GR,25,13,0.063872,TRANSPARENCY,2024-03-31
10316,28,GR,26,13,0.089019,TRANSPARENCY,2024-06-30
10317,29,GR,23,13,0.073276,TRANSPARENCY,2023-09-30
10318,29,GR,24,13,0.055507,TRANSPARENCY,2023-12-31
10319,29,GR,25,13,0.069953,TRANSPARENCY,2024-03-31
10320,29,GR,26,13,0.121295,TRANSPARENCY,2024-06-30
10321,30,GR,23,13,0.054704,TRANSPARENCY,2023-09-30
10322,30,GR,24,13,0.081529,TRANSPARENCY,2023-12-31
10323,30,GR,25,13,0.078026,TRANSPARENCY,2024-03-31
10324,30,GR,26,13,0.104355,TRANSPARENCY,2024-06-30
10325,31,HR,23,13,0.081731,TRANSPARENCY,2023-09-30
10326,31,HR,24,13,0.076891,TRANSPARENCY,2023-12-31
10327,31,HR,25,13,0.07735,TRANSPARENCY,2024-03-31
10328,31,HR,26,13,0.118302,TRANSPARENCY,2024-06-30
10329,32,HU,23,13,0.101843,TRANSPARENCY,2023-09-30
10330,32,HU,24,13,0.056075,TRANSPARENCY,2023-12-31
10331,32,HU,25,13,0.0953,TRANSPARENCY,2024-03-31
10332,32,HU,26,13,0.059589,TRANSPARENCY,2024-06-30
10333,33,IE,23,13,0.114568,TRANSPARENCY,2023-09-30
10334,33,IE,24,13,0.058191,TRANSPARENCY,2023-12-31
10335,33,IE,25,13,0.093306,TRANSPARENCY,2024-03-31
10336,33,IE,26,13,0.114723,TRANSPARENCY,2024-06-30
10337,34,IE,23,13,0.084066,TRANSPARENCY,2023-09-30
10338,34,IE,24,13,0.069634,TRANSPARENCY,2023-12-31
10339,34,IE,25,13,0.072792,TRANSPARENCY,2024-03-31
10340,34,IE,26,13,0.10988,TRANSPARENCY,2024-06-30
10341,35,IS,23,13,0.064534,TRANSPARENCY,2023-09-30
10342,35,IS,24,13,0.120726,TRANSPARENCY,2023-12-31
10343,35,IS,25,13,0.113426,TRANSPARENCY,2024-03-31
10344,35,IS,26,13,0.088158,TRANSPARENCY,2024-06-30
10345,36,IT,23,13,0.086509,TRANSPARENCY,2023-09-30
10346,36,IT,24,13,0.057083,TRANSPARENCY,2023-12-31
10347,36,IT,25,13,0.052217,TRANSPARENCY,2024-03-31
10348,36,IT,26,13,0.055805,TRANSPARENCY,2024-06-30
10349,37,IT,23,13,0.062044,TRANSPARENCY,2023-09-30
10350,37,IT,24,13,0.070159,TRANSPARENCY,2023-12-31
10351,37,IT,25,13,0.083653,TRANSPARENCY,2024-03-31
10352,37,IT,26,13,0.096108,TRANSPARENCY,2024-06-30
10353,38,IT,23,13,0.100426,TRANSPARENCY,2023-09-30
10354,38,IT,24,13,0.079048,TRANSPARENCY,2023-12-31
10355,38,IT,25,13,0.065992,TRANSPARENCY,2024-03-31
10356,38,IT,26,13,0.106943,TRANSPARENCY,2024-06-30
10357,39,IT,23,13,0.077969,TRANSPARENCY,2023-09-30
10358,39,IT,24,13,0.113942,TRANSPARENCY,2023-12-31
10359,39,IT,25,13,0.099508,TRANSPARENCY,2024-03-31
10360,39,IT,26,13,0.097585,TRANSPARENCY,2024-06-30
10361,40,IT,23,13,0.084168,TRANSPARENCY,2023-09-30
10362,40,IT,24,13,0.053308,TRANSPARENCY,2023-12-31
10363,40,IT,25,13,0.11641,TRANSPARENCY,2024-03-31
10364,40,IT,26,13,0.054261,TRANSPARENCY,2024-06-30
10365,41,LI,23,13,0.10998,TRANSPARENCY,2023-09-30
10366,41,LI,24,13,0.120994,TRANSPARENCY,2023-12-31
10367,41,LI,25,13,0.076711,TRANSPARENCY,2024-03-31
10368,41,LI,26,13,0.121438,TRANSPARENCY,2024-06-30
10369,42,LT,23,13,0.115823,TRANSPARENCY,2023-09-30
10370,42,LT,24,13,0.059603,TRANSPARENCY,2023-12-31
10371,42,LT,25,13,0.065773,TRANSPARENCY,2024-03-31
10372,42,LT,26,13,0.118897,TRANSPARENCY,2024-06-30
10373,43,LU,23,13,0.11571,TRANSPARENCY,2023-09-30
10374,43,LU,24,13,0.094071,TRANSPARENCY,2023-12-31
10375,43,LU,25,13,0.059849,TRANSPARENCY,2024-03-31
10376,43,LU,26,13,0.094621,TRANSPARENCY,2024-06-30
10377,44,LV,23,13,0.062788,TRANSPARENCY,2023-09-30
10378,44,LV,24,13,0.100699,TRANSPARENCY,2023-12-31
10379,44,LV,25,13,0.069541,TRANSPARENCY,2024-03-31
10380,44,LV,26,13,0.053882,TRANSPARENCY,2024-06-30
10381,45,MT,23,13,0.085326,TRANSPARENCY,2023-09-30
10382,45,MT,24,13,0.118876,TRANSPARENCY,2023-12-31
10383,45,MT,25,13,0.097203,TRANSPARENCY,2024-03-31
10384,45,MT,26,13,0.064952,TRANSPARENCY,2024-06-30
10385,46,NL,23,13,0.051347,TRANSPARENCY,2023-09-30
10386,46,NL,24,13,0.069221,TRANSPARENCY,2023-12-31
10387,46,NL,25,13,0.082125,TRANSPARENCY,2024-03-31
10388,46,NL,26,13,0.073926,TRANSPARENCY,2024-06-30
10389,47,NL,23,13,0.102007,TRANSPARENCY,2023-09-30
10390,47,NL,24,13,0.095053,TRANSPARENCY,2023-12-31
10391,47,NL,25,13,0.069163,TRANSPARENCY,2024-03-31
10392,47,NL,26,13,0.073287,TRANSPARENCY,2024-06-30
10393,48,NL,23,13,0.090904,TRANSPARENCY,2023-09-30
10394,48,NL,24,13,0.090696,TRANSPARENCY,2023-12-31
10395,48,NL,25,13,0.11699,TRANSPARENCY,2024-03-31
10396,48,NL,26,13,0.056084,TRANSPARENCY,2024-06-30
10397,49,NO,23,13,0.084299,TRANSPARENCY,2023-09-30
10398,49,NO,24,13,0.090618,TRANSPARENCY,2023-12-31
10399,49,NO,25,13,0.099449,TRANSPARENCY,2024-03-31
10400,49,NO,26,13,0.067925,TRANSPARENCY,2024-06-30
10401,50,PL,23,13,0.074478,TRANSPARENCY,2023-09-30
10402,50,PL,24,13,0.081268,TRANSPARENCY,2023-12-31
10403,50,PL,25,13,0.093639,TRANSPARENCY,2024-03-31
10404,50,PL,26,13,0.090964,TRANSPARENCY,2024-06-30
10405,51,PL,23,13,0.093005,TRANSPARENCY,2023-09-30
10406,51,PL,24,13,0.105622,TRANSPARENCY,2023-12-31
10407,51,PL,25,13,0.082304,TRANSPARENCY,2024-03-31
10408,51,PL,26,13,0.082012,TRANSPARENCY,2024-06-30
10409,52,PL,23,13,0.06381,TRANSPARENCY,2023-09-30
10410,52,PL,24,13,0.094852,TRANSPARENCY,2023-12-31
10411,52,PL,25,13,0.092936,TRANSPARENCY,2024-03-31
10412,52,PL,26,13,0.07166,TRANSPARENCY,2024-06-30
10413,53,PT,23,13,0.112741,TRANSPARENCY,2023-09-30
10414,53,PT,24,13,0.075064,TRANSPARENCY,2023-12-31
10415,53,PT,25,13,0.10127,TRANSPARENCY,2024-03-31
10416,53,PT,26,13,0.082824,TRANSPARENCY,2024-06-30
10417,54,PT,23,13,0.085818,TRANSPARENCY,2023-09-30
10418,54,PT,24,13,0.105006,TRANSPARENCY,2023-12-31
10419,54,PT,25,13,0.112807,TRANSPARENCY,2024-03-31
10420,54,PT,26,13,0.102587,TRANSPARENCY,2024-06-30
10421,55,RO,23,13,0.08111,TRANSPARENCY,2023-09-30
10422,55,RO,24,13,0.074755,TRANSPARENCY,2023-12-31
10423,55,RO,25,13,0.089443,TRANSPARENCY,2024-03-31
10424,55,RO,26,13,0.112808,TRANSPARENCY,2024-06-30
10425,56,SE,23,13,0.051218,TRANSPARENCY,2023-09-30
10426,56,SE,24,13,0.076486,TRANSPARENCY,2023-12-31
10427,56,SE,25,13,0.11025,TRANSPARENCY,2024-03-31
10428,56,SE,26,13,0.08847,TRANSPARENCY,2024-06-30
10429,57,SE,23,13,0.097275,TRANSPARENCY,2023-09-30
10430,57,SE,24,13,0.059351,TRANSPARENCY,2023-12-31
10431,57,SE,25,13,0.118597,TRANSPARENCY,2024-03-31
10432,57,SE,26,13,0.076888,TRANSPARENCY,2024-06-30
10433,58,SE,23,13,0.063578,TRANSPARENCY,2023-09-30
10434,58,SE,24,13,0.105703,TRANSPARENCY,2023-12-31
10435,58,SE,25,13,0.103546,TRANSPARENCY,2024-03-31
10436,58,SE,26,13,0.120481,TRANSPARENCY,2024-06-30
10437,59,SE,23,13,0.069477,TRANSPARENCY,2023-09-30
10438,59,SE,24,13,0.094646,TRANSPARENCY,2023-12-31
10439,59,SE,25,13,0.11155,TRANSPARENCY,2024-03-31
10440,59,SE,26,13,0.098944,TRANSPARENCY,2024-06-30
10441,60,SI,23,13,0.111911,TRANSPARENCY,2023-09-30
10442,60,SI,24,13,0.100355,TRANSPARENCY,2023-12-31
10443,60,SI,25,13,0.112964,TRANSPARENCY,2024-03-31
10444,60,SI,26,13,0.060346,TRANSPARENCY,2024-06-30
10445,61,SK,23,13,0.111394,TRANSPARENCY,2023-09-30
10446,61,SK,24,13,0.066245,TRANSPARENCY,2023-12-31
10447,61,SK,25,13,0.115928,TRANSPARENCY,2024-03-31
10448,61,SK,26,13,0.121344,TRANSPARENCY,2024-06-30
10449,1,AT,23,4,83.492607,TRANSPARENCY,2023-09-30
10450,1,AT,24,4,198.226549,TRANSPARENCY,2023-12-31
10451,1,AT,25,4,117.72946,TRANSPARENCY,2024-03-31
10452,1,AT,26,4,182.659689,TRANSPARENCY,2024-06-30
10453,2,AT,23,4,114.854607,TRANSPARENCY,2023-09-30
10454,2,AT,24,4,169.551432,TRANSPARENCY,2023-12-31
10455,2,AT,25,4,108.050997,TRANSPARENCY,2024-03-31
10456,2,AT,26,4,78.829795,TRANSPARENCY,2024-06-30
10457,3,BE,23,4,131.545439,TRANSPARENCY,2023-09-30
10458,3,BE,24,4,10.959619,TRANSPARENCY,2023-12-31
10459,3,BE,25,4,5.0,TRANSPARENCY,2024-03-31
10460,3,BE,26,4,29.878066,TRANSPARENCY,2024-06-30
10461,4,BE,23,4,130.750336,TRANSPARENCY,2023-09-30
10462,4,BE,24,4,151.980891,TRANSPARENCY,2023-12-31
10463,4,BE,25,4,59.006571,TRANSPARENCY,2024-03-31
10464,4,BE,26,4,185.798615,TRANSPARENCY,2024-06-30
10465,5,BG,23,4,5.0,TRANSPARENCY,2023-09-30
10466,5,BG,24,4,5.0,TRANSPARENCY,2023-12-31
10467,5,BG,25,4,5.0,TRANSPARENCY,2024-03-31
10468,5,BG,26,4,55.2293,TRANSPARENCY,2024-06-30
10469,6,CY,23,4,105.755039,TRANSPARENCY,2023-09-30
10470,6,CY,24,4,99.559017,TRANSPARENCY,2023-12-31
10471,6,CY,25,4,5.0,TRANSPARENCY,2024-03-31
10472,6,CY,26,4,13.229963,TRANSPARENCY,2024-06-30
10473,7,CZ,23,4,120.548468,TRANSPARENCY,2023-09-30
10474,7,CZ,24,4,34.239109,TRANSPARENCY,2023-12-31
10475,7,CZ,25,4,109.645089,TRANSPARENCY,2024-03-31
10476,7,CZ,26,4,5.0,TRANSPARENCY,2024-06-30
10477,8,DE,23,4,132.978609,TRANSPARENCY,2023-09-30
10478,8,DE,24,4,183.832343,TRANSPARENCY,2023-12-31
10479,8,DE,25,4,105.023991,TRANSPARENCY,2024-03-31
10480,8,DE,26,4,270.028643,TRANSPARENCY,2024-06-30
10481,9,DE,23,4,160.795594,TRANSPARENCY,2023-09-30
10482,9,DE,24,4,197.994312,TRANSPARENCY,2023-12-31
10483,9,DE,25,4,278.966272,TRANSPARENCY,2024-03-31
10484,9,DE,26,4,249.15224,TRANSPARENCY,2024-06-30
10485,10,DE,23,4,545.846374,TRANSPARENCY,2023-09-30
10486,10,DE,24,4,517.581198,TRANSPARENCY,2023-12-31
10487,10,DE,25,4,518.656808,TRANSPARENCY,2024-03-31
10488,10,DE,26,4,414.298678,TRANSPARENCY,2024-06-30
10489,11,DE,23,4,100.756252,TRANSPARENCY,2023-09-30
10490,11,DE,24,4,5.0,TRANSPARENCY,2023-12-31
10491,11,DE,25,4,5.0,TRANSPARENCY,2024-03-31
10492,11,DE,26,4,5.0,TRANSPARENCY,2024-06-30
10493,12,DE,23,4,152.485966,TRANSPARENCY,2023-09-30
10494,12,DE,24,4,61.890964,TRANSPARENCY,2023-12-31
10495,12,DE,25,4,153.395944,TRANSPARENCY,2024-03-31
10496,12,DE,26,4,203.126895,TRANSPARENCY,2024-06-30
10497,13,DE,23,4,136.834452,TRANSPARENCY,2023-09-30
10498,13,DE,24,4,35.878704,TRANSPARENCY,2023-12-31
10499,13,DE,25,4,5.0,TRANSPARENCY,2024-03-31
10500,13,DE,26,4,76.850092,TRANSPARENCY,2024-06-30
10501,14,DK,23,4,246.444004,TRANSPARENCY,2023-09-30
10502,14,DK,24,4,157.339635,TRANSPARENCY,2023-12-31
10503,14,DK,25,4,246.548628,TRANSPARENCY,2024-03-31
10504,14,DK,26,4,190.342113,TRANSPARENCY,2024-06-30
10505,15,DK,23,4,41.498523,TRANSPARENCY,2023-09-30
10506,15,DK,24,4,5.0,TRANSPARENCY,2023-12-31
10507,15,DK,25,4,5.0,TRANSPARENCY,2024-03-31
10508,15,DK,26,4,37.669571,TRANSPARENCY,2024-06-30
10509,16,EE,23,4,5.0,TRANSPARENCY,2023-09-30
10510,16,EE,24,4,5.0,TRANSPARENCY,2023-12-31
10511,16,EE,25,4,54.607724,TRANSPARENCY,2024-03-31
10512,16,EE,26,4,5.0,TRANSPARENCY,2024-06-30
10513,17,ES,23,4,176.590876,TRANSPARENCY,2023-09-30
10514,17,ES,24,4,215.162204,TRANSPARENCY,2023-12-31
10515,17,ES,25,4,177.003865,TRANSPARENCY,2024-03-31
10516,17,ES,26,4,302.238723,TRANSPARENCY,2024-06-30
10517,18,ES,23,4,10.682764,TRANSPARENCY,2023-09-30
10518,18,ES,24,4,23.184621,TRANSPARENCY,2023-12-31
10519,18,ES,25,4,19.674983,TRANSPARENCY,2024-03-31
10520,18,ES,26,4,115.824836,TRANSPARENCY,2024-06-30
10521,19,ES,23,4,662.513863,TRANSPARENCY,2023-09-30
10522,19,ES,24,4,598.850661,TRANSPARENCY,2023-12-31
10523,19,ES,25,4,592.573826,TRANSPARENCY,2024-03-31
10524,19,ES,26,4,698.637795,TRANSPARENCY,2024-06-30
10525,20,ES,23,4,146.799973,TRANSPARENCY,2023-09-30
10526,20,ES,24,4,265.804985,TRANSPARENCY,2023-12-31
10527,20,ES,25,4,269.167049,TRANSPARENCY,2024-03-31
10528,20,ES,26,4,251.704196,TRANSPARENCY,2024-06-30
10529,21,FI,23,4,27.533985,TRANSPARENCY,2023-09-30
10530,21,FI,24,4,98.038341,TRANSPARENCY,2023-12-31
10531,21,FI,25,4,5.0,TRANSPARENCY,2024-03-31
10532,21,FI,26,4,5.0,TRANSPARENCY,2024-06-30
10533,22,FR,23,4,917.8845,TRANSPARENCY,2023-09-30
10534,22,FR,24,4,940.055279,TRANSPARENCY,2023-12-31
10535,22,FR,25,4,843.062063,TRANSPARENCY,2024-03-31
10536,22,FR,26,4,888.937008,TRANSPARENCY,2024-06-30
10537,23,FR,23,4,606.807822,TRANSPARENCY,2023-09-30
10538,23,FR,24,4,618.01729,TRANSPARENCY,2023-12-31
10539,23,FR,25,4,607.603007,TRANSPARENCY,2024-03-31
10540,23,FR,26,4,616.924619,TRANSPARENCY,2024-06-30
10541,24,FR,23,4,726.186252,TRANSPARENCY,2023-09-30
10542,24,FR,24,4,723.532712,TRANSPARENCY,2023-12-31
10543,24,FR,25,4,822.609621,TRANSPARENCY,2024-03-31
10544,24,FR,26,4,835.701095,TRANSPARENCY,2024-06-30
10545,25,FR,23,4,40.521238,TRANSPARENCY,2023-09-30
10546,25,FR,24,4,101.833584,TRANSPARENCY,2023-12-31
10547,25,FR,25,4,5.0,TRANSPARENCY,2024-03-31
10548,25,FR,26,4,166.436911,TRANSPARENCY,2024-06-30
10549,26,FR,23,4,534.747228,TRANSPARENCY,2023-09-30
10550,26,FR,24,4,575.354304,TRANSPARENCY,2023-12-31
10551,26,FR,25,4,618.116431,TRANSPARENCY,2024-03-31
10552,26,FR,26,4,553.632413,TRANSPARENCY,2024-06-30
10553,27,GR,23,4,5.0,TRANSPARENCY,2023-09-30
10554,27,GR,24,4,5.0,TRANSPARENCY,2023-12-31
10555,27,GR,25,4,31.284658,TRANSPARENCY,2024-03-31
10556,27,GR,26,4,103.437331,TRANSPARENCY,2024-06-30
10557,28,GR,23,4,54.513874,TRANSPARENCY,2023-09-30
10558,28,GR,24,4,37.411854,TRANSPARENCY,2023-12-31
10559,28,GR,25,4,110.382636,TRANSPARENCY,2024-03-31
10560,28,GR,26,4,77.131695,TRANSPARENCY,2024-06-30
10561,29,GR,23,4,55.553411,TRANSPARENCY,2023-09-30
10562,29,GR,24,4,5.0,TRANSPARENCY,2023-12-31
10563,29,GR,25,4,5.0,TRANSPARENCY,2024-03-31
10564,29,GR,26,4,114.011094,TRANSPARENCY,2024-06-30
10565,30,GR,23,4,46.179845,TRANSPARENCY,2023-09-30
10566,30,GR,24,4,74.418475,TRANSPARENCY,2023-12-31
10567,30,GR,25,4,5.0,TRANSPARENCY,2024-03-31
10568,30,GR,26,4,5.0,TRANSPARENCY,2024-06-30
10569,31,HR,23,4,5.0,TRANSPARENCY,2023-09-30
10570,31,HR,24,4,46.403004,TRANSPARENCY,2023-12-31
10571,31,HR,25,4,61.543526,TRANSPARENCY,2024-03-31
10572,31,HR,26,4,100.581733,TRANSPARENCY,2024-06-30
10573,32,HU,23,4,5.0,TRANSPARENCY,2023-09-30
10574,32,HU,24,4,5.0,TRANSPARENCY,2023-12-31
10575,32,HU,25,4,102.471396,TRANSPARENCY,2024-03-31
10576,32,HU,26,4,40.988017,TRANSPARENCY,2024-06-30
10577,33,IE,23,4,72.291748,TRANSPARENCY,2023-09-30
10578,33,IE,24,4,124.72597,TRANSPARENCY,2023-12-31
10579,33,IE,25,4,65.157607,TRANSPARENCY,2024-03-31
10580,33,IE,26,4,77.520435,TRANSPARENCY,2024-06-30
10581,34,IE,23,4,47.182746,TRANSPARENCY,2023-09-30
10582,34,IE,24,4,5.0,TRANSPARENCY,2023-12-31
10583,34,IE,25,4,37.95452,TRANSPARENCY,2024-03-31
10584,34,IE,26,4,5.0,TRANSPARENCY,2024-06-30
10585,35,IS,23,4,88.297917,TRANSPARENCY,2023-09-30
10586,35,IS,24,4,5.0,TRANSPARENCY,2023-12-31
10587,35,IS,25,4,5.0,TRANSPARENCY,2024-03-31
10588,35,IS,26,4,5.0,TRANSPARENCY,2024-06-30
10589,36,IT,23,4,13.90171,TRANSPARENCY,2023-09-30
10590,36,IT,24,4,98.452513,TRANSPARENCY,2023-12-31
10591,36,IT,25,4,142.192808,TRANSPARENCY,2024-03-31
10592,36,IT,26,4,5.0,TRANSPARENCY,2024-06-30
10593,37,IT,23,4,292.449533,TRANSPARENCY,2023-09-30
10594,37,IT,24,4,275.388808,TRANSPARENCY,2023-12-31
10595,37,IT,25,4,327.814718,TRANSPARENCY,2024-03-31
10596,37,IT,26,4,323.100115,TRANSPARENCY,2024-06-30
10597,38,IT,23,4,5.0,TRANSPARENCY,2023-09-30
10598,38,IT,24,4,5.0,TRANSPARENCY,2023-12-31
10599,38,IT,25,4,80.900303,TRANSPARENCY,2024-03-31
10600,38,IT,26,4,92.035623,TRANSPARENCY,2024-06-30
10601,39,IT,23,4,5.0,TRANSPARENCY,2023-09-30
10602,39,IT,24,4,51.172498,TRANSPARENCY,2023-12-31
10603,39,IT,25,4,119.981924,TRANSPARENCY,2024-03-31
10604,39,IT,26,4,100.023552,TRANSPARENCY,2024-06-30
10605,40,IT,23,4,186.005845,TRANSPARENCY,2023-09-30
10606,40,IT,24,4,221.886726,TRANSPARENCY,2023-12-31
10607,40,IT,25,4,334.39751,TRANSPARENCY,2024-03-31
10608,40,IT,26,4,348.564187,TRANSPARENCY,2024-06-30
10609,41,LI,23,4,6.089466,TRANSPARENCY,2023-09-30
10610,41,LI,24,4,102.81072,TRANSPARENCY,2023-12-31
10611,41,LI,25,4,23.022695,TRANSPARENCY,2024-03-31
10612,41,LI,26,4,63.336453,TRANSPARENCY,2024-06-30
10613,42,LT,23,4,79.052559,TRANSPARENCY,2023-09-30
10614,42,LT,24,4,83.135461,TRANSPARENCY,2023-12-31
10615,42,LT,25,4,42.119714,TRANSPARENCY,2024-03-31
10616,42,LT,26,4,100.366643,TRANSPARENCY,2024-06-30
10617,43,LU,23,4,104.204418,TRANSPARENCY,2023-09-30
10618,43,LU,24,4,5.0,TRANSPARENCY,2023-12-31
10619,43,LU,25,4,81.004589,TRANSPARENCY,2024-03-31
10620,43,LU,26,4,5.0,TRANSPARENCY,2024-06-30
10621,44,LV,23,4,5.0,TRANSPARENCY,2023-09-30
10622,44,LV,24,4,5.0,TRANSPARENCY,2023-12-31
10623,44,LV,25,4,58.910825,TRANSPARENCY,2024-03-31
10624,44,LV,26,4,5.0,TRANSPARENCY,2024-06-30
10625,45,MT,23,4,22.234099,TRANSPARENCY,2023-09-30
10626,45,MT,24,4,11.120927,TRANSPARENCY,2023-12-31
10627,45,MT,25,4,46.157933,TRANSPARENCY,2024-03-31
10628,45,MT,26,4,5.0,TRANSPARENCY,2024-06-30
10629,46,NL,23,4,233.826474,TRANSPARENCY,2023-09-30
10630,46,NL,24,4,194.938383,TRANSPARENCY,2023-12-31
10631,46,NL,25,4,75.251117,TRANSPARENCY,2024-03-31
10632,46,NL,26,4,60.481957,TRANSPARENCY,2024-06-30
10633,47,NL,23,4,265.068952,TRANSPARENCY,2023-09-30
10634,47,NL,24,4,439.995497,TRANSPARENCY,2023-12-31
10635,47,NL,25,4,436.198236,TRANSPARENCY,2024-03-31
10636,47,NL,26,4,320.44891,TRANSPARENCY,2024-06-30
10637,48,NL,23,4,311.655574,TRANSPARENCY,2023-09-30
10638,48,NL,24,4,211.728313,TRANSPARENCY,2023-12-31
10639,48,NL,25,4,261.905959,TRANSPARENCY,2024-03-31
10640,48,NL,26,4,180.084498,TRANSPARENCY,2024-06-30
10641,49,NO,23,4,207.897333,TRANSPARENCY,2023-09-30
10642,49,NO,24,4,163.011228,TRANSPARENCY,2023-12-31
10643,49,NO,25,4,50.946655,TRANSPARENCY,2024-03-31
10644,49,NO,26,4,194.542131,TRANSPARENCY,2024-06-30
10645,50,PL,23,4,5.286171,TRANSPARENCY,2023-09-30
10646,50,PL,24,4,5.0,TRANSPARENCY,2023-12-31
10647,50,PL,25,4,68.557294,TRANSPARENCY,2024-03-31
10648,50,PL,26,4,34.270328,TRANSPARENCY,2024-06-30
10649,51,PL,23,4,56.072405,TRANSPARENCY,2023-09-30
10650,51,PL,24,4,131.091136,TRANSPARENCY,2023-12-31
10651,51,PL,25,4,123.120146,TRANSPARENCY,2024-03-31
10652,51,PL,26,4,5.0,TRANSPARENCY,2024-06-30
10653,52,PL,23,4,5.0,TRANSPARENCY,2023-09-30
10654,52,PL,24,4,5.0,TRANSPARENCY,2023-12-31
10655,52,PL,25,4,30.472258,TRANSPARENCY,2024-03-31
10656,52,PL,26,4,50.519291,TRANSPARENCY,2024-06-30
10657,53,PT,23,4,5.0,TRANSPARENCY,2023-09-30
10658,53,PT,24,4,11.089302,TRANSPARENCY,2023-12-31
10659,53,PT,25,4,116.333944,TRANSPARENCY,2024-03-31
10660,53,PT,26,4,57.792553,TRANSPARENCY,2024-06-30
10661,54,PT,23,4,69.973789,TRANSPARENCY,2023-09-30
10662,54,PT,24,4,131.446356,TRANSPARENCY,2023-12-31
10663,54,PT,25,4,89.221766,TRANSPARENCY,2024-03-31
10664,54,PT,26,4,5.0,TRANSPARENCY,2024-06-30
10665,55,RO,23,4,57.500893,TRANSPARENCY,2023-09-30
10666,55,RO,24,4,5.0,TRANSPARENCY,2023-12-31
10667,55,RO,25,4,47.957396,TRANSPARENCY,2024-03-31
10668,55,RO,26,4,37.926939,TRANSPARENCY,2024-06-30
10669,56,SE,23,4,26.324987,TRANSPARENCY,2023-09-30
10670,56,SE,24,4,36.227606,TRANSPARENCY,2023-12-31
10671,56,SE,25,4,109.56439,TRANSPARENCY,2024-03-31
10672,56,SE,26,4,176.856179,TRANSPARENCY,2024-06-30
10673,57,SE,23,4,129.934132,TRANSPARENCY,2023-09-30
10674,57,SE,24,4,177.762664,TRANSPARENCY,2023-12-31
10675,57,SE,25,4,219.558659,TRANSPARENCY,2024-03-31
10676,57,SE,26,4,129.999438,TRANSPARENCY,2024-06-30
10677,58,SE,23,4,66.359465,TRANSPARENCY,2023-09-30
10678,58,SE,24,4,26.128003,TRANSPARENCY,2023-12-31
10679,58,SE,25,4,93.866091,TRANSPARENCY,2024-03-31
10680,58,SE,26,4,149.554431,TRANSPARENCY,2024-06-30
10681,59,SE,23,4,112.129026,TRANSPARENCY,2023-09-30
10682,59,SE,24,4,115.589996,TRANSPARENCY,2023-12-31
10683,59,SE,25,4,83.381059,TRANSPARENCY,2024-03-31
10684,59,SE,26,4,187.911568,TRANSPARENCY,2024-06-30
10685,60,SI,23,4,5.0,TRANSPARENCY,2023-09-30
10686,60,SI,24,4,5.0,TRANSPARENCY,2023-12-31
10687,60,SI,25,4,5.0,TRANSPARENCY,2024-03-31
10688,60,SI,26,4,70.554132,TRANSPARENCY,2024-06-30
10689,61,SK,23,4,5.0,TRANSPARENCY,2023-09-30
10690,61,SK,24,4,88.450224,TRANSPARENCY,2023-12-31
10691,61,SK,25,4,5.0,TRANSPARENCY,2024-03-31
10692,61,SK,26,4,76.13905,TRANSPARENCY,2024-06-30
10693,1,AT,23,2,0.18354,TRANSPARENCY,2023-09-30
10694,1,AT,24,2,0.183365,TRANSPARENCY,2023-12-31
10695,1,AT,25,2,0.210989,TRANSPARENCY,2024-03-31
10696,1,AT,26,2,0.165805,TRANSPARENCY,2024-06-30
10697,2,AT,23,2,0.209918,TRANSPARENCY,2023-09-30
10698,2,AT,24,2,0.165151,TRANSPARENCY,2023-12-31
10699,2,AT,25,2,0.194455,TRANSPARENCY,2024-03-31
10700,2,AT,26,2,0.206128,TRANSPARENCY,2024-06-30
10701,3,BE,23,2,0.183941,TRANSPARENCY,2023-09-30
10702,3,BE,24,2,0.201637,TRANSPARENCY,2023-12-31
10703,3,BE,25,2,0.155586,TRANSPARENCY,2024-03-31
10704,3,BE,26,2,0.207553,TRANSPARENCY,2024-06-30
10705,4,BE,23,2,0.195565,TRANSPARENCY,2023-09-30
10706,4,BE,24,2,0.206736,TRANSPARENCY,2023-12-31
10707,4,BE,25,2,0.157629,TRANSPARENCY,2024-03-31
10708,4,BE,26,2,0.144876,TRANSPARENCY,2024-06-30
10709,5,BG,23,2,0.163239,TRANSPARENCY,2023-09-30
10710,5,BG,24,2,0.188362,TRANSPARENCY,2023-12-31
10711,5,BG,25,2,0.19358,TRANSPARENCY,2024-03-31
10712,5,BG,26,2,0.175262,TRANSPARENCY,2024-06-30
10713,6,CY,23,2,0.201606,TRANSPARENCY,2023-09-30
10714,6,CY,24,2,0.143341,TRANSPARENCY,2023-12-31
10715,6,CY,25,2,0.152821,TRANSPARENCY,2024-03-31
10716,6,CY,26,2,0.215095,TRANSPARENCY,2024-06-30
10717,7,CZ,23,2,0.207667,TRANSPARENCY,2023-09-30
10718,7,CZ,24,2,0.188432,TRANSPARENCY,2023-12-31
10719,7,CZ,25,2,0.177491,TRANSPARENCY,2024-03-31
10720,7,CZ,26,2,0.148153,TRANSPARENCY,2024-06-30
10721,8,DE,23,2,0.178267,TRANSPARENCY,2023-09-30
10722,8,DE,24,2,0.199457,TRANSPARENCY,2023-12-31
10723,8,DE,25,2,0.192865,TRANSPARENCY,2024-03-31
10724,8,DE,26,2,0.198351,TRANSPARENCY,2024-06-30
10725,9,DE,23,2,0.198805,TRANSPARENCY,2023-09-30
10726,9,DE,24,2,0.183425,TRANSPARENCY,2023-12-31
10727,9,DE,25,2,0.212566,TRANSPARENCY,2024-03-31
10728,9,DE,26,2,0.167035,TRANSPARENCY,2024-06-30
10729,10,DE,23,2,0.20328,TRANSPARENCY,2023-09-30
10730,10,DE,24,2,0.195724,TRANSPARENCY,2023-12-31
10731,10,DE,25,2,0.152002,TRANSPARENCY,2024-03-31
10732,10,DE,26,2,0.196952,TRANSPARENCY,2024-06-30
10733,11,DE,23,2,0.195437,TRANSPARENCY,2023-09-30
10734,11,DE,24,2,0.157732,TRANSPARENCY,2023-12-31
10735,11,DE,25,2,0.164708,TRANSPARENCY,2024-03-31
10736,11,DE,26,2,0.187362,TRANSPARENCY,2024-06-30
10737,12,DE,23,2,0.179564,TRANSPARENCY,2023-09-30
10738,12,DE,24,2,0.207144,TRANSPARENCY,2023-12-31
10739,12,DE,25,2,0.212511,TRANSPARENCY,2024-03-31
10740,12,DE,26,2,0.212553,TRANSPARENCY,2024-06-30
10741,13,DE,23,2,0.209609,TRANSPARENCY,2023-09-30
10742,13,DE,24,2,0.214527,TRANSPARENCY,2023-12-31
10743,13,DE,25,2,0.202909,TRANSPARENCY,2024-03-31
10744,13,DE,26,2,0.179266,TRANSPARENCY,2024-06-30
10745,14,DK,23,2,0.186655,TRANSPARENCY,2023-09-30
10746,14,DK,24,2,0.17655,TRANSPARENCY,2023-12-31
10747,14,DK,25,2,0.140255,TRANSPARENCY,2024-03-31
10748,14,DK,26,2,0.182919,TRANSPARENCY,2024-06-30
10749,15,DK,23,2,0.171833,TRANSPARENCY,2023-09-30
10750,15,DK,24,2,0.136836,TRANSPARENCY,2023-12-31
10751,15,DK,25,2,0.140706,TRANSPARENCY,2024-03-31
10752,15,DK,26,2,0.195581,TRANSPARENCY,2024-06-30
10753,16,EE,23,2,0.180929,TRANSPARENCY,2023-09-30
10754,16,EE,24,2,0.212193,TRANSPARENCY,2023-12-31
10755,16,EE,25,2,0.16188,TRANSPARENCY,2024-03-31
10756,16,EE,26,2,0.202638,TRANSPARENCY,2024-06-30
10757,17,ES,23,2,0.21391,TRANSPARENCY,2023-09-30
10758,17,ES,24,2,0.208019,TRANSPARENCY,2023-12-31
10759,17,ES,25,2,0.177652,TRANSPARENCY,2024-03-31
10760,17,ES,26,2,0.173942,TRANSPARENCY,2024-06-30
10761,18,ES,23,2,0.163265,TRANSPARENCY,2023-09-30
10762,18,ES,24,2,0.173924,TRANSPARENCY,2023-12-31
10763,18,ES,25,2,0.216794,TRANSPARENCY,2024-03-31
10764,18,ES,26,2,0.166792,TRANSPARENCY,2024-06-30
10765,19,ES,23,2,0.194324,TRANSPARENCY,2023-09-30
10766,19,ES,24,2,0.193362,TRANSPARENCY,2023-12-31
10767,19,ES,25,2,0.188861,TRANSPARENCY,2024-03-31
10768,19,ES,26,2,0.198534,TRANSPARENCY,2024-06-30
10769,20,ES,23,2,0.172196,TRANSPARENCY,2023-09-30
10770,20,ES,24,2,0.190046,TRANSPARENCY,2023-12-31
10771,20,ES,25,2,0.150774,TRANSPARENCY,2024-03-31
10772,20,ES,26,2,0.193811,TRANSPARENCY,2024-06-30
10773,21,FI,23,2,0.18968,TRANSPARENCY,2023-09-30
10774,21,FI,24,2,0.16428,TRANSPARENCY,2023-12-31
10775,21,FI,25,2,0.157354,TRANSPARENCY,2024-03-31
10776,21,FI,26,2,0.18031,TRANSPARENCY,2024-06-30
10777,22,FR,23,2,0.184143,TRANSPARENCY,2023-09-30
10778,22,FR,24,2,0.208258,TRANSPARENCY,2023-12-31
10779,22,FR,25,2,0.181222,TRANSPARENCY,2024-03-31
10780,22,FR,26,2,0.16937,TRANSPARENCY,2024-06-30
10781,23,FR,23,2,0.175563,TRANSPARENCY,2023-09-30
10782,23,FR,24,2,0.21126,TRANSPARENCY,2023-12-31
10783,23,FR,25,2,0.169058,TRANSPARENCY,2024-03-31
10784,23,FR,26,2,0.186533,TRANSPARENCY,2024-06-30
10785,24,FR,23,2,0.216495,TRANSPARENCY,2023-09-30
10786,24,FR,24,2,0.156575,TRANSPARENCY,2023-12-31
10787,24,FR,25,2,0.194214,TRANSPARENCY,2024-03-31
10788,24,FR,26,2,0.16601,TRANSPARENCY,2024-06-30
10789,25,FR,23,2,0.176385,TRANSPARENCY,2023-09-30
10790,25,FR,24,2,0.16182,TRANSPARENCY,2023-12-31
10791,25,FR,25,2,0.139017,TRANSPARENCY,2024-03-31
10792,25,FR,26,2,0.190514,TRANSPARENCY,2024-06-30
10793,26,FR,23,2,0.14918,TRANSPARENCY,2023-09-30
10794,26,FR,24,2,0.197495,TRANSPARENCY,2023-12-31
10795,26,FR,25,2,0.192102,TRANSPARENCY,2024-03-31
10796,26,FR,26,2,0.213839,TRANSPARENCY,2024-06-30
10797,27,GR,23,2,0.167327,TRANSPARENCY,2023-09-30
10798,27,GR,24,2,0.196535,TRANSPARENCY,2023-12-31
10799,27,GR,25,2,0.190669,TRANSPARENCY,2024-03-31
10800,27,GR,26,2,0.155136,TRANSPARENCY,2024-06-30
10801,28,GR,23,2,0.178061,TRANSPARENCY,2023-09-30
10802,28,GR,24,2,0.20354,TRANSPARENCY,2023-12-31
10803,28,GR,25,2,0.176724,TRANSPARENCY,2024-03-31
10804,28,GR,26,2,0.205106,TRANSPARENCY,2024-06-30
10805,29,GR,23,2,0.165086,TRANSPARENCY,2023-09-30
10806,29,GR,24,2,0.136273,TRANSPARENCY,2023-12-31
10807,29,GR,25,2,0.190358,TRANSPARENCY,2024-03-31
10808,29,GR,26,2,0.179317,TRANSPARENCY,2024-06-30
10809,30,GR,23,2,0.151705,TRANSPARENCY,2023-09-30
10810,30,GR,24,2,0.159147,TRANSPARENCY,2023-12-31
10811,30,GR,25,2,0.183154,TRANSPARENCY,2024-03-31
10812,30,GR,26,2,0.18052,TRANSPARENCY,2024-06-30
10813,31,HR,23,2,0.180067,TRANSPARENCY,2023-09-30
10814,31,HR,24,2,0.14757,TRANSPARENCY,2023-12-31
10815,31,HR,25,2,0.156908,TRANSPARENCY,2024-03-31
10816,31,HR,26,2,0.19579,TRANSPARENCY,2024-06-30
10817,32,HU,23,2,0.144824,TRANSPARENCY,2023-09-30
10818,32,HU,24,2,0.185792,TRANSPARENCY,2023-12-31
10819,32,HU,25,2,0.162576,TRANSPARENCY,2024-03-31
10820,32,HU,26,2,0.197571,TRANSPARENCY,2024-06-30
10821,33,IE,23,2,0.146891,TRANSPARENCY,2023-09-30
10822,33,IE,24,2,0.178508,TRANSPARENCY,2023-12-31
10823,33,IE,25,2,0.20999,TRANSPARENCY,2024-03-31
10824,33,IE,26,2,0.139302,TRANSPARENCY,2024-06-30
10825,34,IE,23,2,0.191427,TRANSPARENCY,2023-09-30
10826,34,IE,24,2,0.202465,TRANSPARENCY,2023-12-31
10827,34,IE,25,2,0.167562,TRANSPARENCY,2024-03-31
10828,34,IE,26,2,0.202684,TRANSPARENCY,2024-06-30
10829,35,IS,23,2,0.187164,TRANSPARENCY,2023-09-30
10830,35,IS,24,2,0.203102,TRANSPARENCY,2023-12-31
10831,35,IS,25,2,0.205994,TRANSPARENCY,2024-03-31
10832,35,IS,26,2,0.194243,TRANSPARENCY,2024-06-30
10833,36,IT,23,2,0.159236,TRANSPARENCY,2023-09-30
10834,36,IT,24,2,0.196846,TRANSPARENCY,2023-12-31
10835,36,IT,25,2,0.146825,TRANSPARENCY,2024-03-31
10836,36,IT,26,2,0.182956,TRANSPARENCY,2024-06-30
10837,37,IT,23,2,0.20899,TRANSPARENCY,2023-09-30
10838,37,IT,24,2,0.146123,TRANSPARENCY,2023-12-31
10839,37,IT,25,2,0.202532,TRANSPARENCY,2024-03-31
10840,37,IT,26,2,0.194556,TRANSPARENCY,2024-06-30
10841,38,IT,23,2,0.183228,TRANSPARENCY,2023-09-30
10842,38,IT,24,2,0.199718,TRANSPARENCY,2023-12-31
10843,38,IT,25,2,0.163631,TRANSPARENCY,2024-03-31
10844,38,IT,26,2,0.212649,TRANSPARENCY,2024-06-30
10845,39,IT,23,2,0.138787,TRANSPARENCY,2023-09-30
10846,39,IT,24,2,0.185941,TRANSPARENCY,2023-12-31
10847,39,IT,25,2,0.191764,TRANSPARENCY,2024-03-31
10848,39,IT,26,2,0.165331,TRANSPARENCY,2024-06-30
10849,40,IT,23,2,0.150945,TRANSPARENCY,2023-09-30
10850,40,IT,24,2,0.181003,TRANSPARENCY,2023-12-31
10851,40,IT,25,2,0.167017,TRANSPARENCY,2024-03-31
10852,40,IT,26,2,0.164973,TRANSPARENCY,2024-06-30
10853,41,LI,23,2,0.135915,TRANSPARENCY,2023-09-30
10854,41,LI,24,2,0.154334,TRANSPARENCY,2023-12-31
10855,41,LI,25,2,0.191818,TRANSPARENCY,2024-03-31
10856,41,LI,26,2,0.146425,TRANSPARENCY,2024-06-30
10857,42,LT,23,2,0.146113,TRANSPARENCY,2023-09-30
10858,42,LT,24,2,0.174783,TRANSPARENCY,2023-12-31
10859,42,LT,25,2,0.163476,TRANSPARENCY,2024-03-31
10860,42,LT,26,2,0.148715,TRANSPARENCY,2024-06-30
10861,43,LU,23,2,0.190114,TRANSPARENCY,2023-09-30
10862,43,LU,24,2,0.203999,TRANSPARENCY,2023-12-31
10863,43,LU,25,2,0.187305,TRANSPARENCY,2024-03-31
10864,43,LU,26,2,0.164732,TRANSPARENCY,2024-06-30
10865,44,LV,23,2,0.18746,TRANSPARENCY,2023-09-30
10866,44,LV,24,2,0.168572,TRANSPARENCY,2023-12-31
10867,44,LV,25,2,0.167589,TRANSPARENCY,2024-03-31
10868,44,LV,26,2,0.208229,TRANSPARENCY,2024-06-30
10869,45,MT,23,2,0.20043,TRANSPARENCY,2023-09-30
10870,45,MT,24,2,0.144397,TRANSPARENCY,2023-12-31
10871,45,MT,25,2,0.147639,TRANSPARENCY,2024-03-31
10872,45,MT,26,2,0.17909,TRANSPARENCY,2024-06-30
10873,46,NL,23,2,0.210935,TRANSPARENCY,2023-09-30
10874,46,NL,24,2,0.136534,TRANSPARENCY,2023-12-31
10875,46,NL,25,2,0.197336,TRANSPARENCY,2024-03-31
10876,46,NL,26,2,0.160659,TRANSPARENCY,2024-06-30
10877,47,NL,23,2,0.201512,TRANSPARENCY,2023-09-30
10878,47,NL,24,2,0.148489,TRANSPARENCY,2023-12-31
10879,47,NL,25,2,0.215101,TRANSPARENCY,2024-03-31
10880,47,NL,26,2,0.215974,TRANSPARENCY,2024-06-30
10881,48,NL,23,2,0.153126,TRANSPARENCY,2023-09-30
10882,48,NL,24,2,0.176729,TRANSPARENCY,2023-12-31
10883,48,NL,25,2,0.145016,TRANSPARENCY,2024-03-31
10884,48,NL,26,2,0.145932,TRANSPARENCY,2024-06-30
10885,49,NO,23,2,0.174574,TRANSPARENCY,2023-09-30
10886,49,NO,24,2,0.171567,TRANSPARENCY,2023-12-31
10887,49,NO,25,2,0.140329,TRANSPARENCY,2024-03-31
10888,49,NO,26,2,0.139709,TRANSPARENCY,2024-06-30
10889,50,PL,23,2,0.192332,TRANSPARENCY,2023-09-30
10890,50,PL,24,2,0.147056,TRANSPARENCY,2023-12-31
10891,50,PL,25,2,0.185253,TRANSPARENCY,2024-03-31
10892,50,PL,26,2,0.1973,TRANSPARENCY,2024-06-30
10893,51,PL,23,2,0.141278,TRANSPARENCY,2023-09-30
10894,51,PL,24,2,0.194088,TRANSPARENCY,2023-12-31
10895,51,PL,25,2,0.169433,TRANSPARENCY,2024-03-31
10896,51,PL,26,2,0.17825,TRANSPARENCY,2024-06-30
10897,52,PL,23,2,0.176973,TRANSPARENCY,2023-09-30
10898,52,PL,24,2,0.148924,TRANSPARENCY,2023-12-31
10899,52,PL,25,2,0.201227,TRANSPARENCY,2024-03-31
10900,52,PL,26,2,0.186555,TRANSPARENCY,2024-06-30
10901,53,PT,23,2,0.193844,TRANSPARENCY,2023-09-30
10902,53,PT,24,2,0.21526,TRANSPARENCY,2023-12-31
10903,53,PT,25,2,0.149562,TRANSPARENCY,2024-03-31
10904,53,PT,26,2,0.15511,TRANSPARENCY,2024-06-30
10905,54,PT,23,2,0.157947,TRANSPARENCY,2023-09-30
10906,54,PT,24,2,0.188028,TRANSPARENCY,2023-12-31
10907,54,PT,25,2,0.151737,TRANSPARENCY,2024-03-31
10908,54,PT,26,2,0.211907,TRANSPARENCY,2024-06-30
10909,55,RO,23,2,0.175835,TRANSPARENCY,2023-09-30
10910,55,RO,24,2,0.166835,TRANSPARENCY,2023-12-31
10911,55,RO,25,2,0.212537,TRANSPARENCY,2024-03-31
10912,55,RO,26,2,0.150541,TRANSPARENCY,2024-06-30
10913,56,SE,23,2,0.187249,TRANSPARENCY,2023-09-30
10914,56,SE,24,2,0.211842,TRANSPARENCY,2023-12-31
10915,56,SE,25,2,0.183241,TRANSPARENCY,2024-03-31
10916,56,SE,26,2,0.209497,TRANSPARENCY,2024-06-30
10917,57,SE,23,2,0.154997,TRANSPARENCY,2023-09-30
10918,57,SE,24,2,0.220037,TRANSPARENCY,2023-12-31
10919,57,SE,25,2,0.187204,TRANSPARENCY,2024-03-31
10920,57,SE,26,2,0.148657,TRANSPARENCY,2024-06-30
10921,58,SE,23,2,0.183199,TRANSPARENCY,2023-09-30
10922,58,SE,24,2,0.173244,TRANSPARENCY,2023-12-31
10923,58,SE,25,2,0.206428,TRANSPARENCY,2024-03-31
10924,58,SE,26,2,0.177776,TRANSPARENCY,2024-06-30
10925,59,SE,23,2,0.172688,TRANSPARENCY,2023-09-30
10926,59,SE,24,2,0.186374,TRANSPARENCY,2023-12-31
10927,59,SE,25,2,0.188629,TRANSPARENCY,2024-03-31
10928,59,SE,26,2,0.164302,TRANSPARENCY,2024-06-30
10929,60,SI,23,2,0.183126,TRANSPARENCY,2023-09-30
10930,60,SI,24,2,0.202151,TRANSPARENCY,2023-12-31
10931,60,SI,25,2,0.187276,TRANSPARENCY,2024-03-31
10932,60,SI,26,2,0.141837,TRANSPARENCY,2024-06-30
10933,61,SK,23,2,0.156764,TRANSPARENCY,2023-09-30
10934,61,SK,24,2,0.174757,TRANSPARENCY,2023-12-31
10935,61,SK,25,2,0.173892,TRANSPARENCY,2024-03-31
10936,61,SK,26,2,0.214952,TRANSPARENCY,2024-06-30
10937,1,AT,23,3,0.224778,TRANSPARENCY,2023-09-30
10938,1,AT,24,3,0.190658,TRANSPARENCY,2023-12-31
10939,1,AT,25,3,0.229851,TRANSPARENCY,2024-03-31
10940,1,AT,26,3,0.207195,TRANSPARENCY,2024-06-30
10941,2,AT,23,3,0.215866,TRANSPARENCY,2023-09-30
10942,2,AT,24,3,0.181948,TRANSPARENCY,2023-12-31
10943,2,AT,25,3,0.222678,TRANSPARENCY,2024-03-31
10944,2,AT,26,3,0.201756,TRANSPARENCY,2024-06-30
10945,3,BE,23,3,0.226636,TRANSPARENCY,2023-09-30
10946,3,BE,24,3,0.182331,TRANSPARENCY,2023-12-31
10947,3,BE,25,3,0.186247,TRANSPARENCY,2024-03-31
10948,3,BE,26,3,0.228644,TRANSPARENCY,2024-06-30
10949,4,BE,23,3,0.235891,TRANSPARENCY,2023-09-30
10950,4,BE,24,3,0.162233,TRANSPARENCY,2023-12-31
10951,4,BE,25,3,0.162975,TRANSPARENCY,2024-03-31
10952,4,BE,26,3,0.198315,TRANSPARENCY,2024-06-30
10953,5,BG,23,3,0.175339,TRANSPARENCY,2023-09-30
10954,5,BG,24,3,0.174274,TRANSPARENCY,2023-12-31
10955,5,BG,25,3,0.21569,TRANSPARENCY,2024-03-31
10956,5,BG,26,3,0.199526,TRANSPARENCY,2024-06-30
10957,6,CY,23,3,0.22153,TRANSPARENCY,2023-09-30
10958,6,CY,24,3,0.184863,TRANSPARENCY,2023-12-31
10959,6,CY,25,3,0.233473,TRANSPARENCY,2024-03-31
10960,6,CY,26,3,0.204635,TRANSPARENCY,2024-06-30
10961,7,CZ,23,3,0.158636,TRANSPARENCY,2023-09-30
10962,7,CZ,24,3,0.174369,TRANSPARENCY,2023-12-31
10963,7,CZ,25,3,0.214329,TRANSPARENCY,2024-03-31
10964,7,CZ,26,3,0.225968,TRANSPARENCY,2024-06-30
10965,8,DE,23,3,0.195484,TRANSPARENCY,2023-09-30
10966,8,DE,24,3,0.232503,TRANSPARENCY,2023-12-31
10967,8,DE,25,3,0.214142,TRANSPARENCY,2024-03-31
10968,8,DE,26,3,0.218885,TRANSPARENCY,2024-06-30
10969,9,DE,23,3,0.159919,TRANSPARENCY,2023-09-30
10970,9,DE,24,3,0.190885,TRANSPARENCY,2023-12-31
10971,9,DE,25,3,0.193403,TRANSPARENCY,2024-03-31
10972,9,DE,26,3,0.166889,TRANSPARENCY,2024-06-30
10973,10,DE,23,3,0.206879,TRANSPARENCY,2023-09-30
10974,10,DE,24,3,0.176501,TRANSPARENCY,2023-12-31
10975,10,DE,25,3,0.186241,TRANSPARENCY,2024-03-31
10976,10,DE,26,3,0.170584,TRANSPARENCY,2024-06-30
10977,11,DE,23,3,0.233516,TRANSPARENCY,2023-09-30
10978,11,DE,24,3,0.170719,TRANSPARENCY,2023-12-31
10979,11,DE,25,3,0.16281,TRANSPARENCY,2024-03-31
10980,11,DE,26,3,0.185338,TRANSPARENCY,2024-06-30
10981,12,DE,23,3,0.183827,TRANSPARENCY,2023-09-30
10982,12,DE,24,3,0.197786,TRANSPARENCY,2023-12-31
10983,12,DE,25,3,0.161774,TRANSPARENCY,2024-03-31
10984,12,DE,26,3,0.162183,TRANSPARENCY,2024-06-30
10985,13,DE,23,3,0.213248,TRANSPARENCY,2023-09-30
10986,13,DE,24,3,0.172594,TRANSPARENCY,2023-12-31
10987,13,DE,25,3,0.202062,TRANSPARENCY,2024-03-31
10988,13,DE,26,3,0.184332,TRANSPARENCY,2024-06-30
10989,14,DK,23,3,0.159026,TRANSPARENCY,2023-09-30
10990,14,DK,24,3,0.19781,TRANSPARENCY,2023-12-31
10991,14,DK,25,3,0.164,TRANSPARENCY,2024-03-31
10992,14,DK,26,3,0.210169,TRANSPARENCY,2024-06-30
10993,15,DK,23,3,0.208903,TRANSPARENCY,2023-09-30
10994,15,DK,24,3,0.218654,TRANSPARENCY,2023-12-31
10995,15,DK,25,3,0.213247,TRANSPARENCY,2024-03-31
10996,15,DK,26,3,0.229344,TRANSPARENCY,2024-06-30
10997,16,EE,23,3,0.195346,TRANSPARENCY,2023-09-30
10998,16,EE,24,3,0.192703,TRANSPARENCY,2023-12-31
10999,16,EE,25,3,0.22659,TRANSPARENCY,2024-03-31
11000,16,EE,26,3,0.220148,TRANSPARENCY,2024-06-30
11001,17,ES,23,3,0.195356,TRANSPARENCY,2023-09-30
11002,17,ES,24,3,0.226429,TRANSPARENCY,2023-12-31
11003,17,ES,25,3,0.221642,TRANSPARENCY,2024-03-31
11004,17,ES,26,3,0.203173,TRANSPARENCY,2024-06-30
11005,18,ES,23,3,0.20798,TRANSPARENCY,2023-09-30
11006,18,ES,24,3,0.21763,TRANSPARENCY,2023-12-31
11007,18,ES,25,3,0.16113,TRANSPARENCY,2024-03-31
11008,18,ES,26,3,0.183708,TRANSPARENCY,2024-06-30
11009,19,ES,23,3,0.221421,TRANSPARENCY,2023-09-30
11010,19,ES,24,3,0.2113,TRANSPARENCY,2023-12-31
11011,19,ES,25,3,0.167291,TRANSPARENCY,2024-03-31
11012,19,ES,26,3,0.18998,TRANSPARENCY,2024-06-30
11013,20,ES,23,3,0.237495,TRANSPARENCY,2023-09-30
11014,20,ES,24,3,0.163884,TRANSPARENCY,2023-12-31
11015,20,ES,25,3,0.232794,TRANSPARENCY,2024-03-31
11016,20,ES,26,3,0.182708,TRANSPARENCY,2024-06-30
11017,21,FI,23,3,0.170175,TRANSPARENCY,2023-09-30
11018,21,FI,24,3,0.228125,TRANSPARENCY,2023-12-31
11019,21,FI,25,3,0.168312,TRANSPARENCY,2024-03-31
11020,21,FI,26,3,0.224953,TRANSPARENCY,2024-06-30
11021,22,FR,23,3,0.172922,TRANSPARENCY,2023-09-30
11022,22,FR,24,3,0.179433,TRANSPARENCY,2023-12-31
11023,22,FR,25,3,0.18124,TRANSPARENCY,2024-03-31
11024,22,FR,26,3,0.232422,TRANSPARENCY,2024-06-30
11025,23,FR,23,3,0.187411,TRANSPARENCY,2023-09-30
11026,23,FR,24,3,0.233268,TRANSPARENCY,2023-12-31
11027,23,FR,25,3,0.211561,TRANSPARENCY,2024-03-31
11028,23,FR,26,3,0.226735,TRANSPARENCY,2024-06-30
11029,24,FR,23,3,0.202128,TRANSPARENCY,2023-09-30
11030,24,FR,24,3,0.242774,TRANSPARENCY,2023-12-31
11031,24,FR,25,3,0.227563,TRANSPARENCY,2024-03-31
11032,24,FR,26,3,0.208096,TRANSPARENCY,2024-06-30
11033,25,FR,23,3,0.174914,TRANSPARENCY,2023-09-30
11034,25,FR,24,3,0.170647,TRANSPARENCY,2023-12-31
11035,25,FR,25,3,0.176536,TRANSPARENCY,2024-03-31
11036,25,FR,26,3,0.234358,TRANSPARENCY,2024-06-30
11037,26,FR,23,3,0.193437,TRANSPARENCY,2023-09-30
11038,26,FR,24,3,0.237776,TRANSPARENCY,2023-12-31
11039,26,FR,25,3,0.167583,TRANSPARENCY,2024-03-31
11040,26,FR,26,3,0.197028,TRANSPARENCY,2024-06-30
11041,27,GR,23,3,0.173549,TRANSPARENCY,2023-09-30
11042,27,GR,24,3,0.172623,TRANSPARENCY,2023-12-31
11043,27,GR,25,3,0.2379,TRANSPARENCY,2024-03-31
11044,27,GR,26,3,0.235231,TRANSPARENCY,2024-06-30
11045,28,GR,23,3,0.209417,TRANSPARENCY,2023-09-30
11046,28,GR,24,3,0.192205,TRANSPARENCY,2023-12-31
11047,28,GR,25,3,0.174358,TRANSPARENCY,2024-03-31
11048,28,GR,26,3,0.225148,TRANSPARENCY,2024-06-30
11049,29,GR,23,3,0.219222,TRANSPARENCY,2023-09-30
11050,29,GR,24,3,0.181435,TRANSPARENCY,2023-12-31
11051,29,GR,25,3,0.223075,TRANSPARENCY,2024-03-31
11052,29,GR,26,3,0.226627,TRANSPARENCY,2024-06-30
11053,30,GR,23,3,0.182515,TRANSPARENCY,2023-09-30
11054,30,GR,24,3,0.231488,TRANSPARENCY,2023-12-31
11055,30,GR,25,3,0.172462,TRANSPARENCY,2024-03-31
11056,30,GR,26,3,0.184927,TRANSPARENCY,2024-06-30
11057,31,HR,23,3,0.233306,TRANSPARENCY,2023-09-30
11058,31,HR,24,3,0.207304,TRANSPARENCY,2023-12-31
11059,31,HR,25,3,0.166967,TRANSPARENCY,2024-03-31
11060,31,HR,26,3,0.23556,TRANSPARENCY,2024-06-30
11061,32,HU,23,3,0.23659,TRANSPARENCY,2023-09-30
11062,32,HU,24,3,0.177664,TRANSPARENCY,2023-12-31
11063,32,HU,25,3,0.166406,TRANSPARENCY,2024-03-31
11064,32,HU,26,3,0.188656,TRANSPARENCY,2024-06-30
11065,33,IE,23,3,0.19295,TRANSPARENCY,2023-09-30
11066,33,IE,24,3,0.233735,TRANSPARENCY,2023-12-31
11067,33,IE,25,3,0.208145,TRANSPARENCY,2024-03-31
11068,33,IE,26,3,0.173641,TRANSPARENCY,2024-06-30
11069,34,IE,23,3,0.172972,TRANSPARENCY,2023-09-30
11070,34,IE,24,3,0.230212,TRANSPARENCY,2023-12-31
11071,34,IE,25,3,0.210384,TRANSPARENCY,2024-03-31
11072,34,IE,26,3,0.209354,TRANSPARENCY,2024-06-30
11073,35,IS,23,3,0.174143,TRANSPARENCY,2023-09-30
11074,35,IS,24,3,0.171634,TRANSPARENCY,2023-12-31
11075,35,IS,25,3,0.168287,TRANSPARENCY,2024-03-31
11076,35,IS,26,3,0.228729,TRANSPARENCY,2024-06-30
11077,36,IT,23,3,0.215305,TRANSPARENCY,2023-09-30
11078,36,IT,24,3,0.188169,TRANSPARENCY,2023-12-31
11079,36,IT,25,3,0.177395,TRANSPARENCY,2024-03-31
11080,36,IT,26,3,0.202243,TRANSPARENCY,2024-06-30
11081,37,IT,23,3,0.187783,TRANSPARENCY,2023-09-30
11082,37,IT,24,3,0.167909,TRANSPARENCY,2023-12-31
11083,37,IT,25,3,0.18678,TRANSPARENCY,2024-03-31
11084,37,IT,26,3,0.232584,TRANSPARENCY,2024-06-30
11085,38,IT,23,3,0.199333,TRANSPARENCY,2023-09-30
11086,38,IT,24,3,0.213616,TRANSPARENCY,2023-12-31
11087,38,IT,25,3,0.163426,TRANSPARENCY,2024-03-31
11088,38,IT,26,3,0.186791,TRANSPARENCY,2024-06-30
11089,39,IT,23,3,0.160351,TRANSPARENCY,2023-09-30
11090,39,IT,24,3,0.174081,TRANSPARENCY,2023-12-31
11091,39,IT,25,3,0.173662,TRANSPARENCY,2024-03-31
11092,39,IT,26,3,0.186261,TRANSPARENCY,2024-06-30
11093,40,IT,23,3,0.230797,TRANSPARENCY,2023-09-30
11094,40,IT,24,3,0.19937,TRANSPARENCY,2023-12-31
11095,40,IT,25,3,0.24038,TRANSPARENCY,2024-03-31
11096,40,IT,26,3,0.226603,TRANSPARENCY,2024-06-30
11097,41,LI,23,3,0.199683,TRANSPARENCY,2023-09-30
11098,41,LI,24,3,0.206283,TRANSPARENCY,2023-12-31
11099,41,LI,25,3,0.1661,TRANSPARENCY,2024-03-31
11100,41,LI,26,3,0.186009,TRANSPARENCY,2024-06-30
11101,42,LT,23,3,0.216414,TRANSPARENCY,2023-09-30
11102,42,LT,24,3,0.165976,TRANSPARENCY,2023-12-31
11103,42,LT,25,3,0.185212,TRANSPARENCY,2024-03-31
11104,42,LT,26,3,0.237491,TRANSPARENCY,2024-06-30
11105,43,LU,23,3,0.218114,TRANSPARENCY,2023-09-30
11106,43,LU,24,3,0.222102,TRANSPARENCY,2023-12-31
11107,43,LU,25,3,0.237855,TRANSPARENCY,2024-03-31
11108,43,LU,26,3,0.214596,TRANSPARENCY,2024-06-30
11109,44,LV,23,3,0.189437,TRANSPARENCY,2023-09-30
11110,44,LV,24,3,0.195486,TRANSPARENCY,2023-12-31
11111,44,LV,25,3,0.204596,TRANSPARENCY,2024-03-31
11112,44,LV,26,3,0.195481,TRANSPARENCY,2024-06-30
11113,45,MT,23,3,0.190186,TRANSPARENCY,2023-09-30
11114,45,MT,24,3,0.230602,TRANSPARENCY,2023-12-31
11115,45,MT,25,3,0.218616,TRANSPARENCY,2024-03-31
11116,45,MT,26,3,0.200021,TRANSPARENCY,2024-06-30
11117,46,NL,23,3,0.164381,TRANSPARENCY,2023-09-30
11118,46,NL,24,3,0.228838,TRANSPARENCY,2023-12-31
11119,46,NL,25,3,0.177126,TRANSPARENCY,2024-03-31
11120,46,NL,26,3,0.180226,TRANSPARENCY,2024-06-30
11121,47,NL,23,3,0.219389,TRANSPARENCY,2023-09-30
11122,47,NL,24,3,0.221822,TRANSPARENCY,2023-12-31
11123,47,NL,25,3,0.225244,TRANSPARENCY,2024-03-31
11124,47,NL,26,3,0.180406,TRANSPARENCY,2024-06-30
11125,48,NL,23,3,0.231906,TRANSPARENCY,2023-09-30
11126,48,NL,24,3,0.177502,TRANSPARENCY,2023-12-31
11127,48,NL,25,3,0.204297,TRANSPARENCY,2024-03-31
11128,48,NL,26,3,0.200572,TRANSPARENCY,2024-06-30
11129,49,NO,23,3,0.160063,TRANSPARENCY,2023-09-30
11130,49,NO,24,3,0.199852,TRANSPARENCY,2023-12-31
11131,49,NO,25,3,0.226883,TRANSPARENCY,2024-03-31
11132,49,NO,26,3,0.172229,TRANSPARENCY,2024-06-30
11133,50,PL,23,3,0.207304,TRANSPARENCY,2023-09-30
11134,50,PL,24,3,0.238316,TRANSPARENCY,2023-12-31
11135,50,PL,25,3,0.19156,TRANSPARENCY,2024-03-31
11136,50,PL,26,3,0.236366,TRANSPARENCY,2024-06-30
11137,51,PL,23,3,0.197655,TRANSPARENCY,2023-09-30
11138,51,PL,24,3,0.169136,TRANSPARENCY,2023-12-31
11139,51,PL,25,3,0.207505,TRANSPARENCY,2024-03-31
11140,51,PL,26,3,0.206526,TRANSPARENCY,2024-06-30
11141,52,PL,23,3,0.177641,TRANSPARENCY,2023-09-30
11142,52,PL,24,3,0.177531,TRANSPARENCY,2023-12-31
11143,52,PL,25,3,0.20466,TRANSPARENCY,2024-03-31
11144,52,PL,26,3,0.232609,TRANSPARENCY,2024-06-30
11145,53,PT,23,3,0.175634,TRANSPARENCY,2023-09-30
11146,53,PT,24,3,0.193304,TRANSPARENCY,2023-12-31
11147,53,PT,25,3,0.178246,TRANSPARENCY,2024-03-31
11148,53,PT,26,3,0.208384,TRANSPARENCY,2024-06-30
11149,54,PT,23,3,0.189791,TRANSPARENCY,2023-09-30
11150,54,PT,24,3,0.228474,TRANSPARENCY,2023-12-31
11151,54,PT,25,3,0.193018,TRANSPARENCY,2024-03-31
11152,54,PT,26,3,0.195854,TRANSPARENCY,2024-06-30
11153,55,RO,23,3,0.210676,TRANSPARENCY,2023-09-30
11154,55,RO,24,3,0.160657,TRANSPARENCY,2023-12-31
11155,55,RO,25,3,0.201176,TRANSPARENCY,2024-03-31
11156,55,RO,26,3,0.209691,TRANSPARENCY,2024-06-30
11157,56,SE,23,3,0.221718,TRANSPARENCY,2023-09-30
11158,56,SE,24,3,0.180241,TRANSPARENCY,2023-12-31
11159,56,SE,25,3,0.229042,TRANSPARENCY,2024-03-31
11160,56,SE,26,3,0.208946,TRANSPARENCY,2024-06-30
11161,57,SE,23,3,0.207855,TRANSPARENCY,2023-09-30
11162,57,SE,24,3,0.19624,TRANSPARENCY,2023-12-31
11163,57,SE,25,3,0.217654,TRANSPARENCY,2024-03-31
11164,57,SE,26,3,0.213478,TRANSPARENCY,2024-06-30
11165,58,SE,23,3,0.216962,TRANSPARENCY,2023-09-30
11166,58,SE,24,3,0.200377,TRANSPARENCY,2023-12-31
11167,58,SE,25,3,0.204052,TRANSPARENCY,2024-03-31
11168,58,SE,26,3,0.161404,TRANSPARENCY,2024-06-30
11169,59,SE,23,3,0.215359,TRANSPARENCY,2023-09-30
11170,59,SE,24,3,0.180202,TRANSPARENCY,2023-12-31
11171,59,SE,25,3,0.186616,TRANSPARENCY,2024-03-31
11172,59,SE,26,3,0.215457,TRANSPARENCY,2024-06-30
11173,60,SI,23,3,0.177024,TRANSPARENCY,2023-09-30
11174,60,SI,24,3,0.228413,TRANSPARENCY,2023-12-31
11175,60,SI,25,3,0.179451,TRANSPARENCY,2024-03-31
11176,60,SI,26,3,0.240256,TRANSPARENCY,2024-06-30
11177,61,SK,23,3,0.21715,TRANSPARENCY,2023-09-30
11178,61,SK,24,3,0.229484,TRANSPARENCY,2023-12-31
11179,61,SK,25,3,0.237724,TRANSPARENCY,2024-03-31
11180,61,SK,26,3,0.201702,TRANSPARENCY,2024-06-30
