COUNTRY_CODE,INDICATOR_CODE,REFERENCE_DATE,YEAR_QUARTER,VALUE
AT,CET1_FL,2018-03-31,2018-Q1,0.154182
AT,CET1_FL,2018-06-30,2018-Q2,0.1846
AT,CET1_FL,2018-09-30,2018-Q3,0.132951
AT,CET1_FL,2018-12-31,2018-Q4,0.155706
AT,CET1_FL,2019-03-31,2019-Q1,0.188116
AT,CET1_FL,2019-06-30,2019-Q2,0.192709
AT,CET1_FL,2019-09-30,2019-Q3,0.147296
AT,CET1_FL,2019-12-31,2019-Q4,0.176989
AT,CET1_FL,2020-03-31,2020-Q1,0.177374
AT,CET1_FL,2020-06-30,2020-Q2,0.199951
AT,CET1_FL,2020-09-30,2020-Q3,0.153287
AT,CET1_FL,2020-12-31,2020-Q4,0.19614
AT,CET1_FL,2021-03-31,2021-Q1,0.149803
AT,CET1_FL,2021-06-30,2021-Q2,0.152471
AT,CET1_FL,2021-09-30,2021-Q3,0.208764
AT,CET1_FL,2021-12-31,2021-Q4,0.21077
AT,CET1_FL,2022-03-31,2022-Q1,0.159849
AT,CET1_FL,2022-06-30,2022-Q2,0.186756
AT,CET1_FL,2022-09-30,2022-Q3,0.169482
AT,CET1_FL,2022-12-31,2022-Q4,0.18721
AT,CET1_FL,2023-03-31,2023-Q1,0.194962
AT,CET1_FL,2023-06-30,2023-Q2,0.198443
AT,CET1_FL,2023-09-30,2023-Q3,0.183359
AT,CET1_FL,2023-12-31,2023-Q4,0.176387
AT,CET1_FL,2024-03-31,2024-Q1,0.199368
AT,CET1_FL,2024-06-30,2024-Q2,0.220858
AT,CET1_FL,2024-09-30,2024-Q3,0.217651
AT,CET1_FL,2024-12-31,2024-Q4,0.226384
BE,CET1_FL,2018-03-31,2018-Q1,0.142247
BE,CET1_FL,2018-06-30,2018-Q2,0.144551
BE,CET1_FL,2018-09-30,2018-Q3,0.14187
BE,CET1_FL,2018-12-31,2018-Q4,0.164001
BE,CET1_FL,2019-03-31,2019-Q1,0.12329
BE,CET1_FL,2019-06-30,2019-Q2,0.135986
BE,CET1_FL,2019-09-30,2019-Q3,0.138121
BE,CET1_FL,2019-12-31,2019-Q4,0.161593
BE,CET1_FL,2020-03-31,2020-Q1,0.178238
BE,CET1_FL,2020-06-30,2020-Q2,0.155781
BE,CET1_FL,2020-09-30,2020-Q3,0.174569
BE,CET1_FL,2020-12-31,2020-Q4,0.163889
BE,CET1_FL,2021-03-31,2021-Q1,0.184129
BE,CET1_FL,2021-06-30,2021-Q2,0.148308
BE,CET1_FL,2021-09-30,2021-Q3,0.157843
BE,CET1_FL,2021-12-31,2021-Q4,0.164982
BE,CET1_FL,2022-03-31,2022-Q1,0.181038
BE,CET1_FL,2022-06-30,2022-Q2,0.185894
BE,CET1_FL,2022-09-30,2022-Q3,0.184392
BE,CET1_FL,2022-12-31,2022-Q4,0.18479
BE,CET1_FL,2023-03-31,2023-Q1,0.162264
BE,CET1_FL,2023-06-30,2023-Q2,0.156708
BE,CET1_FL,2023-09-30,2023-Q3,0.196505
BE,CET1_FL,2023-12-31,2023-Q4,0.161704
BE,CET1_FL,2024-03-31,2024-Q1,0.20157
BE,CET1_FL,2024-06-30,2024-Q2,0.181383
BE,CET1_FL,2024-09-30,2024-Q3,0.203173
BE,CET1_FL,2024-12-31,2024-Q4,0.189685
CY,CET1_FL,2018-03-31,2018-Q1,0.134154
CY,CET1_FL,2018-06-30,2018-Q2,0.164292
CY,CET1_FL,2018-09-30,2018-Q3,0.154731
CY,CET1_FL,2018-12-31,2018-Q4,0.119336
CY,CET1_FL,2019-03-31,2019-Q1,0.158143
CY,CET1_FL,2019-06-30,2019-Q2,0.160881
CY,CET1_FL,2019-09-30,2019-Q3,0.121014
CY,CET1_FL,2019-12-31,2019-Q4,0.148862
CY,CET1_FL,2020-03-31,2020-Q1,0.131199
CY,CET1_FL,2020-06-30,2020-Q2,0.150341
CY,CET1_FL,2020-09-30,2020-Q3,0.177871
CY,CET1_FL,2020-12-31,2020-Q4,0.176509
CY,CET1_FL,2021-03-31,2021-Q1,0.145026
CY,CET1_FL,2021-06-30,2021-Q2,0.170608
CY,CET1_FL,2021-09-30,2021-Q3,0.149937
CY,CET1_FL,2021-12-31,2021-Q4,0.190942
CY,CET1_FL,2022-03-31,2022-Q1,0.148077
CY,CET1_FL,2022-06-30,2022-Q2,0.145927
CY,CET1_FL,2022-09-30,2022-Q3,0.161687
CY,CET1_FL,2022-12-31,2022-Q4,0.169218
CY,CET1_FL,2023-03-31,2023-Q1,0.148948
CY,CET1_FL,2023-06-30,2023-Q2,0.175734
CY,CET1_FL,2023-09-30,2023-Q3,0.18607
CY,CET1_FL,2023-12-31,2023-Q4,0.157813
CY,CET1_FL,2024-03-31,2024-Q1,0.190578
CY,CET1_FL,2024-06-30,2024-Q2,0.1595
CY,CET1_FL,2024-09-30,2024-Q3,0.173936
CY,CET1_FL,2024-12-31,2024-Q4,0.174007
DE,CET1_FL,2018-03-31,2018-Q1,0.13496
DE,CET1_FL,2018-06-30,2018-Q2,0.1347
DE,CET1_FL,2018-09-30,2018-Q3,0.143186
DE,CET1_FL,2018-12-31,2018-Q4,0.175168
DE,CET1_FL,2019-03-31,2019-Q1,0.164046
DE,CET1_FL,2019-06-30,2019-Q2,0.152025
DE,CET1_FL,2019-09-30,2019-Q3,0.170353
DE,CET1_FL,2019-12-31,2019-Q4,0.154596
DE,CET1_FL,2020-03-31,2020-Q1,0.153179
DE,CET1_FL,2020-06-30,2020-Q2,0.181744
DE,CET1_FL,2020-09-30,2020-Q3,0.188787
DE,CET1_FL,2020-12-31,2020-Q4,0.179387
DE,CET1_FL,2021-03-31,2021-Q1,0.174702
DE,CET1_FL,2021-06-30,2021-Q2,0.203902
DE,CET1_FL,2021-09-30,2021-Q3,0.16074
DE,CET1_FL,2021-12-31,2021-Q4,0.165645
DE,CET1_FL,2022-03-31,2022-Q1,0.174499
DE,CET1_FL,2022-06-30,2022-Q2,0.213095
DE,CET1_FL,2022-09-30,2022-Q3,0.157688
DE,CET1_FL,2022-12-31,2022-Q4,0.164334
DE,CET1_FL,2023-03-31,2023-Q1,0.211027
DE,CET1_FL,2023-06-30,2023-Q2,0.175541
DE,CET1_FL,2023-09-30,2023-Q3,0.174068
DE,CET1_FL,2023-12-31,2023-Q4,0.201941
DE,CET1_FL,2024-03-31,2024-Q1,0.198109
DE,CET1_FL,2024-06-30,2024-Q2,0.204069
DE,CET1_FL,2024-09-30,2024-Q3,0.178854
DE,CET1_FL,2024-12-31,2024-Q4,0.185061
DK,CET1_FL,2018-03-31,2018-Q1,0.199185
DK,CET1_FL,2018-06-30,2018-Q2,0.173604
DK,CET1_FL,2018-09-30,2018-Q3,0.155173
DK,CET1_FL,2018-12-31,2018-Q4,0.167421
DK,CET1_FL,2019-03-31,2019-Q1,0.190581
DK,CET1_FL,2019-06-30,2019-Q2,0.200088
DK,CET1_FL,2019-09-30,2019-Q3,0.206816
DK,CET1_FL,2019-12-31,2019-Q4,0.171473
DK,CET1_FL,2020-03-31,2020-Q1,0.167473
DK,CET1_FL,2020-06-30,2020-Q2,0.204182
DK,CET1_FL,2020-09-30,2020-Q3,0.21397
DK,CET1_FL,2020-12-31,2020-Q4,0.158886
DK,CET1_FL,2021-03-31,2021-Q1,0.177755
DK,CET1_FL,2021-06-30,2021-Q2,0.172159
DK,CET1_FL,2021-09-30,2021-Q3,0.207042
DK,CET1_FL,2021-12-31,2021-Q4,0.211656
DK,CET1_FL,2022-03-31,2022-Q1,0.177011
DK,CET1_FL,2022-06-30,2022-Q2,0.186894
DK,CET1_FL,2022-09-30,2022-Q3,0.221507
DK,CET1_FL,2022-12-31,2022-Q4,0.18336
DK,CET1_FL,2023-03-31,2023-Q1,0.171893
DK,CET1_FL,2023-06-30,2023-Q2,0.180521
DK,CET1_FL,2023-09-30,2023-Q3,0.221371
DK,CET1_FL,2023-12-31,2023-Q4,0.201509
DK,CET1_FL,2024-03-31,2024-Q1,0.184586
DK,CET1_FL,2024-06-30,2024-Q2,0.18592
DK,CET1_FL,2024-09-30,2024-Q3,0.185127
DK,CET1_FL,2024-12-31,2024-Q4,0.198596
ES,CET1_FL,2018-03-31,2018-Q1,0.142176
ES,CET1_FL,2018-06-30,2018-Q2,0.191363
ES,CET1_FL,2018-09-30,2018-Q3,0.14425
ES,CET1_FL,2018-12-31,2018-Q4,0.18661
ES,CET1_FL,2019-03-31,2019-Q1,0.146925
ES,CET1_FL,2019-06-30,2019-Q2,0.143126
ES,CET1_FL,2019-09-30,2019-Q3,0.158817
ES,CET1_FL,2019-12-31,2019-Q4,0.187907
ES,CET1_FL,2020-03-31,2020-Q1,0.176236
ES,CET1_FL,2020-06-30,2020-Q2,0.15301
ES,CET1_FL,2020-09-30,2020-Q3,0.170326
ES,CET1_FL,2020-12-31,2020-Q4,0.203063
ES,CET1_FL,2021-03-31,2021-Q1,0.189234
ES,CET1_FL,2021-06-30,2021-Q2,0.193269
ES,CET1_FL,2021-09-30,2021-Q3,0.20936
ES,CET1_FL,2021-12-31,2021-Q4,0.208812
ES,CET1_FL,2022-03-31,2022-Q1,0.159244
ES,CET1_FL,2022-06-30,2022-Q2,0.204914
ES,CET1_FL,2022-09-30,2022-Q3,0.195829
ES,CET1_FL,2022-12-31,2022-Q4,0.166545
ES,CET1_FL,2023-03-31,2023-Q1,0.198677
ES,CET1_FL,2023-06-30,2023-Q2,0.223373
ES,CET1_FL,2023-09-30,2023-Q3,0.187534
ES,CET1_FL,2023-12-31,2023-Q4,0.179873
ES,CET1_FL,2024-03-31,2024-Q1,0.204347
ES,CET1_FL,2024-06-30,2024-Q2,0.211585
ES,CET1_FL,2024-09-30,2024-Q3,0.195643
ES,CET1_FL,2024-12-31,2024-Q4,0.230385
EU,CET1_FL,2018-03-31,2018-Q1,0.136503
EU,CET1_FL,2018-06-30,2018-Q2,0.12709
EU,CET1_FL,2018-09-30,2018-Q3,0.17924
EU,CET1_FL,2018-12-31,2018-Q4,0.141243
EU,CET1_FL,2019-03-31,2019-Q1,0.187103
EU,CET1_FL,2019-06-30,2019-Q2,0.172601
EU,CET1_FL,2019-09-30,2019-Q3,0.143591
EU,CET1_FL,2019-12-31,2019-Q4,0.152364
EU,CET1_FL,2020-03-31,2020-Q1,0.183415
EU,CET1_FL,2020-06-30,2020-Q2,0.152452
EU,CET1_FL,2020-09-30,2020-Q3,0.189237
EU,CET1_FL,2020-12-31,2020-Q4,0.190605
EU,CET1_FL,2021-03-31,2021-Q1,0.161475
EU,CET1_FL,2021-06-30,2021-Q2,0.180822
EU,CET1_FL,2021-09-30,2021-Q3,0.166901
EU,CET1_FL,2021-12-31,2021-Q4,0.193805
EU,CET1_FL,2022-03-31,2022-Q1,0.184463
EU,CET1_FL,2022-06-30,2022-Q2,0.167001
EU,CET1_FL,2022-09-30,2022-Q3,0.207916
EU,CET1_FL,2022-12-31,2022-Q4,0.168352
EU,CET1_FL,2023-03-31,2023-Q1,0.205483
EU,CET1_FL,2023-06-30,2023-Q2,0.212429
EU,CET1_FL,2023-09-30,2023-Q3,0.211664
EU,CET1_FL,2023-12-31,2023-Q4,0.162673
EU,CET1_FL,2024-03-31,2024-Q1,0.212908
EU,CET1_FL,2024-06-30,2024-Q2,0.17524
EU,CET1_FL,2024-09-30,2024-Q3,0.164891
EU,CET1_FL,2024-12-31,2024-Q4,0.180509
FI,CET1_FL,2018-03-31,2018-Q1,0.161904
FI,CET1_FL,2018-06-30,2018-Q2,0.165277
FI,CET1_FL,2018-09-30,2018-Q3,0.16083
FI,CET1_FL,2018-12-31,2018-Q4,0.17397
FI,CET1_FL,2019-03-31,2019-Q1,0.170838
FI,CET1_FL,2019-06-30,2019-Q2,0.147496
FI,CET1_FL,2019-09-30,2019-Q3,0.183947
FI,CET1_FL,2019-12-31,2019-Q4,0.147268
FI,CET1_FL,2020-03-31,2020-Q1,0.170592
FI,CET1_FL,2020-06-30,2020-Q2,0.186604
FI,CET1_FL,2020-09-30,2020-Q3,0.157184
FI,CET1_FL,2020-12-31,2020-Q4,0.166348
FI,CET1_FL,2021-03-31,2021-Q1,0.195975
FI,CET1_FL,2021-06-30,2021-Q2,0.166412
FI,CET1_FL,2021-09-30,2021-Q3,0.2098
FI,CET1_FL,2021-12-31,2021-Q4,0.19026
FI,CET1_FL,2022-03-31,2022-Q1,0.202083
FI,CET1_FL,2022-06-30,2022-Q2,0.172455
FI,CET1_FL,2022-09-30,2022-Q3,0.19818
FI,CET1_FL,2022-12-31,2022-Q4,0.192272
FI,CET1_FL,2023-03-31,2023-Q1,0.22415
FI,CET1_FL,2023-06-30,2023-Q2,0.209586
FI,CET1_FL,2023-09-30,2023-Q3,0.173751
FI,CET1_FL,2023-12-31,2023-Q4,0.195147
FI,CET1_FL,2024-03-31,2024-Q1,0.191849
FI,CET1_FL,2024-06-30,2024-Q2,0.194
FI,CET1_FL,2024-09-30,2024-Q3,0.18984
FI,CET1_FL,2024-12-31,2024-Q4,0.218725
FR,CET1_FL,2018-03-31,2018-Q1,0.142233
FR,CET1_FL,2018-06-30,2018-Q2,0.159982
FR,CET1_FL,2018-09-30,2018-Q3,0.114953
FR,CET1_FL,2018-12-31,2018-Q4,0.132422
FR,CET1_FL,2019-03-31,2019-Q1,0.163329
FR,CET1_FL,2019-06-30,2019-Q2,0.172364
FR,CET1_FL,2019-09-30,2019-Q3,0.123047
FR,CET1_FL,2019-12-31,2019-Q4,0.161456
FR,CET1_FL,2020-03-31,2020-Q1,0.18038
FR,CET1_FL,2020-06-30,2020-Q2,0.136827
FR,CET1_FL,2020-09-30,2020-Q3,0.147402
FR,CET1_FL,2020-12-31,2020-Q4,0.166701
FR,CET1_FL,2021-03-31,2021-Q1,0.150648
FR,CET1_FL,2021-06-30,2021-Q2,0.175915
FR,CET1_FL,2021-09-30,2021-Q3,0.135007
FR,CET1_FL,2021-12-31,2021-Q4,0.164037
FR,CET1_FL,2022-03-31,2022-Q1,0.155021
FR,CET1_FL,2022-06-30,2022-Q2,0.143784
FR,CET1_FL,2022-09-30,2022-Q3,0.149639
FR,CET1_FL,2022-12-31,2022-Q4,0.179543
FR,CET1_FL,2023-03-31,2023-Q1,0.155634
FR,CET1_FL,2023-06-30,2023-Q2,0.175931
FR,CET1_FL,2023-09-30,2023-Q3,0.143842
FR,CET1_FL,2023-12-31,2023-Q4,0.143967
FR,CET1_FL,2024-03-31,2024-Q1,0.20298
FR,CET1_FL,2024-06-30,2024-Q2,0.165326
FR,CET1_FL,2024-09-30,2024-Q3,0.204379
FR,CET1_FL,2024-12-31,2024-Q4,0.151462
GR,CET1_FL,2018-03-31,2018-Q1,0.145093
GR,CET1_FL,2018-06-30,2018-Q2,0.198888
GR,CET1_FL,2018-09-30,2018-Q3,0.177545
GR,CET1_FL,2018-12-31,2018-Q4,0.189167
GR,CET1_FL,2019-03-31,2019-Q1,0.186956
GR,CET1_FL,2019-06-30,2019-Q2,0.150321
GR,CET1_FL,2019-09-30,2019-Q3,0.149497
GR,CET1_FL,2019-12-31,2019-Q4,0.201607
GR,CET1_FL,2020-03-31,2020-Q1,0.154045
GR,CET1_FL,2020-06-30,2020-Q2,0.16695
GR,CET1_FL,2020-09-30,2020-Q3,0.162358
GR,CET1_FL,2020-12-31,2020-Q4,0.211982
GR,CET1_FL,2021-03-31,2021-Q1,0.185516
GR,CET1_FL,2021-06-30,2021-Q2,0.183159
GR,CET1_FL,2021-09-30,2021-Q3,0.193294
GR,CET1_FL,2021-12-31,2021-Q4,0.169655
GR,CET1_FL,2022-03-31,2022-Q1,0.220473
GR,CET1_FL,2022-06-30,2022-Q2,0.197404
GR,CET1_FL,2022-09-30,2022-Q3,0.202865
GR,CET1_FL,2022-12-31,2022-Q4,0.190099
GR,CET1_FL,2023-03-31,2023-Q1,0.184693
GR,CET1_FL,2023-06-30,2023-Q2,0.198052
GR,CET1_FL,2023-09-30,2023-Q3,0.213134
GR,CET1_FL,2023-12-31,2023-Q4,0.232687
GR,CET1_FL,2024-03-31,2024-Q1,0.194045
GR,CET1_FL,2024-06-30,2024-Q2,0.222577
GR,CET1_FL,2024-09-30,2024-Q3,0.208281
GR,CET1_FL,2024-12-31,2024-Q4,0.221865
HR,CET1_FL,2018-03-31,2018-Q1,0.164274
HR,CET1_FL,2018-06-30,2018-Q2,0.132478
HR,CET1_FL,2018-09-30,2018-Q3,0.158586
HR,CET1_FL,2018-12-31,2018-Q4,0.170233
HR,CET1_FL,2019-03-31,2019-Q1,0.135778
HR,CET1_FL,2019-06-30,2019-Q2,0.158715
HR,CET1_FL,2019-09-30,2019-Q3,0.118964
HR,CET1_FL,2019-12-31,2019-Q4,0.15001
HR,CET1_FL,2020-03-31,2020-Q1,0.17315
HR,CET1_FL,2020-06-30,2020-Q2,0.133942
HR,CET1_FL,2020-09-30,2020-Q3,0.179968
HR,CET1_FL,2020-12-31,2020-Q4,0.139672
HR,CET1_FL,2021-03-31,2021-Q1,0.17415
HR,CET1_FL,2021-06-30,2021-Q2,0.178504
HR,CET1_FL,2021-09-30,2021-Q3,0.175991
HR,CET1_FL,2021-12-31,2021-Q4,0.133721
HR,CET1_FL,2022-03-31,2022-Q1,0.173823
HR,CET1_FL,2022-06-30,2022-Q2,0.152359
HR,CET1_FL,2022-09-30,2022-Q3,0.171165
HR,CET1_FL,2022-12-31,2022-Q4,0.166018
HR,CET1_FL,2023-03-31,2023-Q1,0.19541
HR,CET1_FL,2023-06-30,2023-Q2,0.149935
HR,CET1_FL,2023-09-30,2023-Q3,0.151685
HR,CET1_FL,2023-12-31,2023-Q4,0.196427
HR,CET1_FL,2024-03-31,2024-Q1,0.199696
HR,CET1_FL,2024-06-30,2024-Q2,0.168257
HR,CET1_FL,2024-09-30,2024-Q3,0.184197
HR,CET1_FL,2024-12-31,2024-Q4,0.205849
HU,CET1_FL,2018-03-31,2018-Q1,0.176551
HU,CET1_FL,2018-06-30,2018-Q2,0.19006
HU,CET1_FL,2018-09-30,2018-Q3,0.180397
HU,CET1_FL,2018-12-31,2018-Q4,0.144168
HU,CET1_FL,2019-03-31,2019-Q1,0.136925
HU,CET1_FL,2019-06-30,2019-Q2,0.193454
HU,CET1_FL,2019-09-30,2019-Q3,0.148429
HU,CET1_FL,2019-12-31,2019-Q4,0.155003
HU,CET1_FL,2020-03-31,2020-Q1,0.170034
HU,CET1_FL,2020-06-30,2020-Q2,0.194059
HU,CET1_FL,2020-09-30,2020-Q3,0.146405
HU,CET1_FL,2020-12-31,2020-Q4,0.173527
HU,CET1_FL,2021-03-31,2021-Q1,0.170544
HU,CET1_FL,2021-06-30,2021-Q2,0.185251
HU,CET1_FL,2021-09-30,2021-Q3,0.167494
HU,CET1_FL,2021-12-31,2021-Q4,0.164449
HU,CET1_FL,2022-03-31,2022-Q1,0.207584
HU,CET1_FL,2022-06-30,2022-Q2,0.185543
HU,CET1_FL,2022-09-30,2022-Q3,0.176588
HU,CET1_FL,2022-12-31,2022-Q4,0.205594
HU,CET1_FL,2023-03-31,2023-Q1,0.206942
HU,CET1_FL,2023-06-30,2023-Q2,0.172668
HU,CET1_FL,2023-09-30,2023-Q3,0.1708
HU,CET1_FL,2023-12-31,2023-Q4,0.196526
HU,CET1_FL,2024-03-31,2024-Q1,0.210613
HU,CET1_FL,2024-06-30,2024-Q2,0.212748
HU,CET1_FL,2024-09-30,2024-Q3,0.181505
HU,CET1_FL,2024-12-31,2024-Q4,0.210953
IE,CET1_FL,2018-03-31,2018-Q1,0.143181
IE,CET1_FL,2018-06-30,2018-Q2,0.198634
IE,CET1_FL,2018-09-30,2018-Q3,0.201211
IE,CET1_FL,2018-12-31,2018-Q4,0.151787
IE,CET1_FL,2019-03-31,2019-Q1,0.153221
IE,CET1_FL,2019-06-30,2019-Q2,0.191296
IE,CET1_FL,2019-09-30,2019-Q3,0.176762
IE,CET1_FL,2019-12-31,2019-Q4,0.166932
IE,CET1_FL,2020-03-31,2020-Q1,0.20991
IE,CET1_FL,2020-06-30,2020-Q2,0.169364
IE,CET1_FL,2020-09-30,2020-Q3,0.209903
IE,CET1_FL,2020-12-31,2020-Q4,0.213257
IE,CET1_FL,2021-03-31,2021-Q1,0.187456
IE,CET1_FL,2021-06-30,2021-Q2,0.191948
IE,CET1_FL,2021-09-30,2021-Q3,0.202124
IE,CET1_FL,2021-12-31,2021-Q4,0.200508
IE,CET1_FL,2022-03-31,2022-Q1,0.20573
IE,CET1_FL,2022-06-30,2022-Q2,0.190928
IE,CET1_FL,2022-09-30,2022-Q3,0.206878
IE,CET1_FL,2022-12-31,2022-Q4,0.173991
IE,CET1_FL,2023-03-31,2023-Q1,0.186917
IE,CET1_FL,2023-06-30,2023-Q2,0.188952
IE,CET1_FL,2023-09-30,2023-Q3,0.199908
IE,CET1_FL,2023-12-31,2023-Q4,0.198286
IE,CET1_FL,2024-03-31,2024-Q1,0.193805
IE,CET1_FL,2024-06-30,2024-Q2,0.182594
IE,CET1_FL,2024-09-30,2024-Q3,0.219293
IE,CET1_FL,2024-12-31,2024-Q4,0.212785
IT,CET1_FL,2018-03-31,2018-Q1,0.16526
IT,CET1_FL,2018-06-30,2018-Q2,0.19345
IT,CET1_FL,2018-09-30,2018-Q3,0.182088
IT,CET1_FL,2018-12-31,2018-Q4,0.155263
IT,CET1_FL,2019-03-31,2019-Q1,0.187828
IT,CET1_FL,2019-06-30,2019-Q2,0.197729
IT,CET1_FL,2019-09-30,2019-Q3,0.155888
IT,CET1_FL,2019-12-31,2019-Q4,0.209562
IT,CET1_FL,2020-03-31,2020-Q1,0.171604
IT,CET1_FL,2020-06-30,2020-Q2,0.161742
IT,CET1_FL,2020-09-30,2020-Q3,0.180222
IT,CET1_FL,2020-12-31,2020-Q4,0.199025
IT,CET1_FL,2021-03-31,2021-Q1,0.185135
IT,CET1_FL,2021-06-30,2021-Q2,0.201357
IT,CET1_FL,2021-09-30,2021-Q3,0.18718
IT,CET1_FL,2021-12-31,2021-Q4,0.179796
IT,CET1_FL,2022-03-31,2022-Q1,0.214875
IT,CET1_FL,2022-06-30,2022-Q2,0.21816
IT,CET1_FL,2022-09-30,2022-Q3,0.193931
IT,CET1_FL,2022-12-31,2022-Q4,0.200036
IT,CET1_FL,2023-03-31,2023-Q1,0.215114
IT,CET1_FL,2023-06-30,2023-Q2,0.190672
IT,CET1_FL,2023-09-30,2023-Q3,0.192586
IT,CET1_FL,2023-12-31,2023-Q4,0.211984
IT,CET1_FL,2024-03-31,2024-Q1,0.222298
IT,CET1_FL,2024-06-30,2024-Q2,0.234618
IT,CET1_FL,2024-09-30,2024-Q3,0.226033
IT,CET1_FL,2024-12-31,2024-Q4,0.208226
LT,CET1_FL,2018-03-31,2018-Q1,0.171361
LT,CET1_FL,2018-06-30,2018-Q2,0.163341
LT,CET1_FL,2018-09-30,2018-Q3,0.159325
LT,CET1_FL,2018-12-31,2018-Q4,0.155793
LT,CET1_FL,2019-03-31,2019-Q1,0.189408
LT,CET1_FL,2019-06-30,2019-Q2,0.187159
LT,CET1_FL,2019-09-30,2019-Q3,0.199087
LT,CET1_FL,2019-12-31,2019-Q4,0.176865
LT,CET1_FL,2020-03-31,2020-Q1,0.20276
LT,CET1_FL,2020-06-30,2020-Q2,0.179948
LT,CET1_FL,2020-09-30,2020-Q3,0.182668
LT,CET1_FL,2020-12-31,2020-Q4,0.184477
LT,CET1_FL,2021-03-31,2021-Q1,0.192953
LT,CET1_FL,2021-06-30,2021-Q2,0.208493
LT,CET1_FL,2021-09-30,2021-Q3,0.174103
LT,CET1_FL,2021-12-31,2021-Q4,0.159449
LT,CET1_FL,2022-03-31,2022-Q1,0.196439
LT,CET1_FL,2022-06-30,2022-Q2,0.203327
LT,CET1_FL,2022-09-30,2022-Q3,0.193103
LT,CET1_FL,2022-12-31,2022-Q4,0.197256
LT,CET1_FL,2023-03-31,2023-Q1,0.19162
LT,CET1_FL,2023-06-30,2023-Q2,0.226118
LT,CET1_FL,2023-09-30,2023-Q3,0.177311
LT,CET1_FL,2023-12-31,2023-Q4,0.184927
LT,CET1_FL,2024-03-31,2024-Q1,0.180121
LT,CET1_FL,2024-06-30,2024-Q2,0.204883
LT,CET1_FL,2024-09-30,2024-Q3,0.203612
LT,CET1_FL,2024-12-31,2024-Q4,0.217569
LU,CET1_FL,2018-03-31,2018-Q1,0.117469
LU,CET1_FL,2018-06-30,2018-Q2,0.146168
LU,CET1_FL,2018-09-30,2018-Q3,0.112645
LU,CET1_FL,2018-12-31,2018-Q4,0.154115
LU,CET1_FL,2019-03-31,2019-Q1,0.138221
LU,CET1_FL,2019-06-30,2019-Q2,0.171054
LU,CET1_FL,2019-09-30,2019-Q3,0.125668
LU,CET1_FL,2019-12-31,2019-Q4,0.134418
LU,CET1_FL,2020-03-31,2020-Q1,0.173623
LU,CET1_FL,2020-06-30,2020-Q2,0.137897
LU,CET1_FL,2020-09-30,2020-Q3,0.176206
LU,CET1_FL,2020-12-31,2020-Q4,0.136001
LU,CET1_FL,2021-03-31,2021-Q1,0.178117
LU,CET1_FL,2021-06-30,2021-Q2,0.167516
LU,CET1_FL,2021-09-30,2021-Q3,0.154261
LU,CET1_FL,2021-12-31,2021-Q4,0.182863
LU,CET1_FL,2022-03-31,2022-Q1,0.170297
LU,CET1_FL,2022-06-30,2022-Q2,0.1657
LU,CET1_FL,2022-09-30,2022-Q3,0.154639
LU,CET1_FL,2022-12-31,2022-Q4,0.192019
LU,CET1_FL,2023-03-31,2023-Q1,0.183283
LU,CET1_FL,2023-06-30,2023-Q2,0.174473
LU,CET1_FL,2023-09-30,2023-Q3,0.179129
LU,CET1_FL,2023-12-31,2023-Q4,0.181898
LU,CET1_FL,2024-03-31,2024-Q1,0.185282
LU,CET1_FL,2024-06-30,2024-Q2,0.155264
LU,CET1_FL,2024-09-30,2024-Q3,0.200782
LU,CET1_FL,2024-12-31,2024-Q4,0.199776
LV,CET1_FL,2018-03-31,2018-Q1,0.133077
LV,CET1_FL,2018-06-30,2018-Q2,0.13773
LV,CET1_FL,2018-09-30,2018-Q3,0.181042
LV,CET1_FL,2018-12-31,2018-Q4,0.17689
LV,CET1_FL,2019-03-31,2019-Q1,0.193365
LV,CET1_FL,2019-06-30,2019-Q2,0.167198
LV,CET1_FL,2019-09-30,2019-Q3,0.182361
LV,CET1_FL,2019-12-31,2019-Q4,0.156047
LV,CET1_FL,2020-03-31,2020-Q1,0.198285
LV,CET1_FL,2020-06-30,2020-Q2,0.200596
LV,CET1_FL,2020-09-30,2020-Q3,0.147972
LV,CET1_FL,2020-12-31,2020-Q4,0.182041
LV,CET1_FL,2021-03-31,2021-Q1,0.186317
LV,CET1_FL,2021-06-30,2021-Q2,0.190514
LV,CET1_FL,2021-09-30,2021-Q3,0.169856
LV,CET1_FL,2021-12-31,2021-Q4,0.159993
LV,CET1_FL,2022-03-31,2022-Q1,0.183002
LV,CET1_FL,2022-06-30,2022-Q2,0.174794
LV,CET1_FL,2022-09-30,2022-Q3,0.184727
LV,CET1_FL,2022-12-31,2022-Q4,0.200986
LV,CET1_FL,2023-03-31,2023-Q1,0.209452
LV,CET1_FL,2023-06-30,2023-Q2,0.164598
LV,CET1_FL,2023-09-30,2023-Q3,0.219734
LV,CET1_FL,2023-12-31,2023-Q4,0.191189
LV,CET1_FL,2024-03-31,2024-Q1,0.193705
LV,CET1_FL,2024-06-30,2024-Q2,0.184085
LV,CET1_FL,2024-09-30,2024-Q3,0.199692
LV,CET1_FL,2024-12-31,2024-Q4,0.175535
MT,CET1_FL,2018-03-31,2018-Q1,0.147674
MT,CET1_FL,2018-06-30,2018-Q2,0.178435
MT,CET1_FL,2018-09-30,2018-Q3,0.186116
MT,CET1_FL,2018-12-31,2018-Q4,0.136402
MT,CET1_FL,2019-03-31,2019-Q1,0.179827
MT,CET1_FL,2019-06-30,2019-Q2,0.15488
MT,CET1_FL,2019-09-30,2019-Q3,0.183464
MT,CET1_FL,2019-12-31,2019-Q4,0.19279
MT,CET1_FL,2020-03-31,2020-Q1,0.171023
MT,CET1_FL,2020-06-30,2020-Q2,0.174175
MT,CET1_FL,2020-09-30,2020-Q3,0.168378
MT,CET1_FL,2020-12-31,2020-Q4,0.20173
MT,CET1_FL,2021-03-31,2021-Q1,0.149896
MT,CET1_FL,2021-06-30,2021-Q2,0.187875
MT,CET1_FL,2021-09-30,2021-Q3,0.183771
MT,CET1_FL,2021-12-31,2021-Q4,0.195402
MT,CET1_FL,2022-03-31,2022-Q1,0.209913
MT,CET1_FL,2022-06-30,2022-Q2,0.194529
MT,CET1_FL,2022-09-30,2022-Q3,0.161616
MT,CET1_FL,2022-12-31,2022-Q4,0.178996
MT,CET1_FL,2023-03-31,2023-Q1,0.21272
MT,CET1_FL,2023-06-30,2023-Q2,0.195988
MT,CET1_FL,2023-09-30,2023-Q3,0.2002
MT,CET1_FL,2023-12-31,2023-Q4,0.192065
MT,CET1_FL,2024-03-31,2024-Q1,0.182546
MT,CET1_FL,2024-06-30,2024-Q2,0.171743
MT,CET1_FL,2024-09-30,2024-Q3,0.216073
MT,CET1_FL,2024-12-31,2024-Q4,0.218879
NL,CET1_FL,2018-03-31,2018-Q1,0.150012
NL,CET1_FL,2018-06-30,2018-Q2,0.159279
NL,CET1_FL,2018-09-30,2018-Q3,0.180503
NL,CET1_FL,2018-12-31,2018-Q4,0.16677
NL,CET1_FL,2019-03-31,2019-Q1,0.159659
NL,CET1_FL,2019-06-30,2019-Q2,0.17395
NL,CET1_FL,2019-09-30,2019-Q3,0.181804
NL,CET1_FL,2019-12-31,2019-Q4,0.183521
NL,CET1_FL,2020-03-31,2020-Q1,0.177491
NL,CET1_FL,2020-06-30,2020-Q2,0.196945
NL,CET1_FL,2020-09-30,2020-Q3,0.184284
NL,CET1_FL,2020-12-31,2020-Q4,0.202431
NL,CET1_FL,2021-03-31,2021-Q1,0.160364
NL,CET1_FL,2021-06-30,2021-Q2,0.180374
NL,CET1_FL,2021-09-30,2021-Q3,0.198056
NL,CET1_FL,2021-12-31,2021-Q4,0.197521
NL,CET1_FL,2022-03-31,2022-Q1,0.217445
NL,CET1_FL,2022-06-30,2022-Q2,0.201231
NL,CET1_FL,2022-09-30,2022-Q3,0.174838
NL,CET1_FL,2022-12-31,2022-Q4,0.223205
NL,CET1_FL,2023-03-31,2023-Q1,0.1759
NL,CET1_FL,2023-06-30,2023-Q2,0.198544
NL,CET1_FL,2023-09-30,2023-Q3,0.206477
NL,CET1_FL,2023-12-31,2023-Q4,0.221525
NL,CET1_FL,2024-03-31,2024-Q1,0.193479
NL,CET1_FL,2024-06-30,2024-Q2,0.234982
NL,CET1_FL,2024-09-30,2024-Q3,0.18459
NL,CET1_FL,2024-12-31,2024-Q4,0.195229
NO,CET1_FL,2018-03-31,2018-Q1,0.153438
NO,CET1_FL,2018-06-30,2018-Q2,0.150346
NO,CET1_FL,2018-09-30,2018-Q3,0.133707
NO,CET1_FL,2018-12-31,2018-Q4,0.156655
NO,CET1_FL,2019-03-31,2019-Q1,0.153746
NO,CET1_FL,2019-06-30,2019-Q2,0.144247
NO,CET1_FL,2019-09-30,2019-Q3,0.152106
NO,CET1_FL,2019-12-31,2019-Q4,0.1633
NO,CET1_FL,2020-03-31,2020-Q1,0.140299
NO,CET1_FL,2020-06-30,2020-Q2,0.177137
NO,CET1_FL,2020-09-30,2020-Q3,0.181767
NO,CET1_FL,2020-12-31,2020-Q4,0.135551
NO,CET1_FL,2021-03-31,2021-Q1,0.188921
NO,CET1_FL,2021-06-30,2021-Q2,0.134138
NO,CET1_FL,2021-09-30,2021-Q3,0.162619
NO,CET1_FL,2021-12-31,2021-Q4,0.153258
NO,CET1_FL,2022-03-31,2022-Q1,0.175302
NO,CET1_FL,2022-06-30,2022-Q2,0.160054
NO,CET1_FL,2022-09-30,2022-Q3,0.19337
NO,CET1_FL,2022-12-31,2022-Q4,0.169849
NO,CET1_FL,2023-03-31,2023-Q1,0.168189
NO,CET1_FL,2023-06-30,2023-Q2,0.163449
NO,CET1_FL,2023-09-30,2023-Q3,0.156426
NO,CET1_FL,2023-12-31,2023-Q4,0.185908
NO,CET1_FL,2024-03-31,2024-Q1,0.199645
NO,CET1_FL,2024-06-30,2024-Q2,0.199313
NO,CET1_FL,2024-09-30,2024-Q3,0.182125
NO,CET1_FL,2024-12-31,2024-Q4,0.181521
PL,CET1_FL,2018-03-31,2018-Q1,0.170515
PL,CET1_FL,2018-06-30,2018-Q2,0.164663
PL,CET1_FL,2018-09-30,2018-Q3,0.172633
PL,CET1_FL,2018-12-31,2018-Q4,0.154299
PL,CET1_FL,2019-03-31,2019-Q1,0.130719
PL,CET1_FL,2019-06-30,2019-Q2,0.155035
PL,CET1_FL,2019-09-30,2019-Q3,0.14942
PL,CET1_FL,2019-12-31,2019-Q4,0.181592
PL,CET1_FL,2020-03-31,2020-Q1,0.152726
PL,CET1_FL,2020-06-30,2020-Q2,0.178559
PL,CET1_FL,2020-09-30,2020-Q3,0.192392
PL,CET1_FL,2020-12-31,2020-Q4,0.191153
PL,CET1_FL,2021-03-31,2021-Q1,0.177566
PL,CET1_FL,2021-06-30,2021-Q2,0.159254
PL,CET1_FL,2021-09-30,2021-Q3,0.167233
PL,CET1_FL,2021-12-31,2021-Q4,0.180872
PL,CET1_FL,2022-03-31,2022-Q1,0.172505
PL,CET1_FL,2022-06-30,2022-Q2,0.192979
PL,CET1_FL,2022-09-30,2022-Q3,0.178487
PL,CET1_FL,2022-12-31,2022-Q4,0.182466
PL,CET1_FL,2023-03-31,2023-Q1,0.171452
PL,CET1_FL,2023-06-30,2023-Q2,0.186048
PL,CET1_FL,2023-09-30,2023-Q3,0.198567
PL,CET1_FL,2023-12-31,2023-Q4,0.193985
PL,CET1_FL,2024-03-31,2024-Q1,0.201039
PL,CET1_FL,2024-06-30,2024-Q2,0.216272
PL,CET1_FL,2024-09-30,2024-Q3,0.208001
PL,CET1_FL,2024-12-31,2024-Q4,0.212085
PT,CET1_FL,2018-03-31,2018-Q1,0.173279
PT,CET1_FL,2018-06-30,2018-Q2,0.191609
PT,CET1_FL,2018-09-30,2018-Q3,0.199893
PT,CET1_FL,2018-12-31,2018-Q4,0.167019
PT,CET1_FL,2019-03-31,2019-Q1,0.166413
PT,CET1_FL,2019-06-30,2019-Q2,0.167434
PT,CET1_FL,2019-09-30,2019-Q3,0.169018
PT,CET1_FL,2019-12-31,2019-Q4,0.197639
PT,CET1_FL,2020-03-31,2020-Q1,0.175878
PT,CET1_FL,2020-06-30,2020-Q2,0.200338
PT,CET1_FL,2020-09-30,2020-Q3,0.19435
PT,CET1_FL,2020-12-31,2020-Q4,0.157697
PT,CET1_FL,2021-03-31,2021-Q1,0.170943
PT,CET1_FL,2021-06-30,2021-Q2,0.200829
PT,CET1_FL,2021-09-30,2021-Q3,0.214964
PT,CET1_FL,2021-12-31,2021-Q4,0.162248
PT,CET1_FL,2022-03-31,2022-Q1,0.165687
PT,CET1_FL,2022-06-30,2022-Q2,0.16604
PT,CET1_FL,2022-09-30,2022-Q3,0.204011
PT,CET1_FL,2022-12-31,2022-Q4,0.207142
PT,CET1_FL,2023-03-31,2023-Q1,0.207637
PT,CET1_FL,2023-06-30,2023-Q2,0.173766
PT,CET1_FL,2023-09-30,2023-Q3,0.189155
PT,CET1_FL,2023-12-31,2023-Q4,0.204428
PT,CET1_FL,2024-03-31,2024-Q1,0.194575
PT,CET1_FL,2024-06-30,2024-Q2,0.202582
PT,CET1_FL,2024-09-30,2024-Q3,0.219517
PT,CET1_FL,2024-12-31,2024-Q4,0.235649
RO,CET1_FL,2018-03-31,2018-Q1,0.180885
RO,CET1_FL,2018-06-30,2018-Q2,0.155615
RO,CET1_FL,2018-09-30,2018-Q3,0.144899
RO,CET1_FL,2018-12-31,2018-Q4,0.191034
RO,CET1_FL,2019-03-31,2019-Q1,0.199934
RO,CET1_FL,2019-06-30,2019-Q2,0.186371
RO,CET1_FL,2019-09-30,2019-Q3,0.172359
RO,CET1_FL,2019-12-31,2019-Q4,0.186142
RO,CET1_FL,2020-03-31,2020-Q1,0.161655
RO,CET1_FL,2020-06-30,2020-Q2,0.181972
RO,CET1_FL,2020-09-30,2020-Q3,0.16868
RO,CET1_FL,2020-12-31,2020-Q4,0.161526
RO,CET1_FL,2021-03-31,2021-Q1,0.184901
RO,CET1_FL,2021-06-30,2021-Q2,0.201226
RO,CET1_FL,2021-09-30,2021-Q3,0.182192
RO,CET1_FL,2021-12-31,2021-Q4,0.194461
RO,CET1_FL,2022-03-31,2022-Q1,0.174791
RO,CET1_FL,2022-06-30,2022-Q2,0.218569
RO,CET1_FL,2022-09-30,2022-Q3,0.201406
RO,CET1_FL,2022-12-31,2022-Q4,0.225456
RO,CET1_FL,2023-03-31,2023-Q1,0.197765
RO,CET1_FL,2023-06-30,2023-Q2,0.218588
RO,CET1_FL,2023-09-30,2023-Q3,0.210247
RO,CET1_FL,2023-12-31,2023-Q4,0.190662
RO,CET1_FL,2024-03-31,2024-Q1,0.181422
RO,CET1_FL,2024-06-30,2024-Q2,0.225817
RO,CET1_FL,2024-09-30,2024-Q3,0.236743
RO,CET1_FL,2024-12-31,2024-Q4,0.24012
SE,CET1_FL,2018-03-31,2018-Q1,0.170657
SE,CET1_FL,2018-06-30,2018-Q2,0.125549
SE,CET1_FL,2018-09-30,2018-Q3,0.173193
SE,CET1_FL,2018-12-31,2018-Q4,0.139187
SE,CET1_FL,2019-03-31,2019-Q1,0.151599
SE,CET1_FL,2019-06-30,2019-Q2,0.148762
SE,CET1_FL,2019-09-30,2019-Q3,0.134551
SE,CET1_FL,2019-12-31,2019-Q4,0.147771
SE,CET1_FL,2020-03-31,2020-Q1,0.167794
SE,CET1_FL,2020-06-30,2020-Q2,0.161745
SE,CET1_FL,2020-09-30,2020-Q3,0.156816
SE,CET1_FL,2020-12-31,2020-Q4,0.153923
SE,CET1_FL,2021-03-31,2021-Q1,0.152866
SE,CET1_FL,2021-06-30,2021-Q2,0.160467
SE,CET1_FL,2021-09-30,2021-Q3,0.144211
SE,CET1_FL,2021-12-31,2021-Q4,0.174163
SE,CET1_FL,2022-03-31,2022-Q1,0.14351
SE,CET1_FL,2022-06-30,2022-Q2,0.158919
SE,CET1_FL,2022-09-30,2022-Q3,0.20283
SE,CET1_FL,2022-12-31,2022-Q4,0.188295
SE,CET1_FL,2023-03-31,2023-Q1,0.206245
SE,CET1_FL,2023-06-30,2023-Q2,0.179516
SE,CET1_FL,2023-09-30,2023-Q3,0.181913
SE,CET1_FL,2023-12-31,2023-Q4,0.201678
SE,CET1_FL,2024-03-31,2024-Q1,0.195094
SE,CET1_FL,2024-06-30,2024-Q2,0.16302
SE,CET1_FL,2024-09-30,2024-Q3,0.178253
SE,CET1_FL,2024-12-31,2024-Q4,0.204904
SI,CET1_FL,2018-03-31,2018-Q1,0.132313
SI,CET1_FL,2018-06-30,2018-Q2,0.149114
SI,CET1_FL,2018-09-30,2018-Q3,0.16726
SI,CET1_FL,2018-12-31,2018-Q4,0.176014
SI,CET1_FL,2019-03-31,2019-Q1,0.130249
SI,CET1_FL,2019-06-30,2019-Q2,0.157945
SI,CET1_FL,2019-09-30,2019-Q3,0.148774
SI,CET1_FL,2019-12-31,2019-Q4,0.159051
SI,CET1_FL,2020-03-31,2020-Q1,0.140402
SI,CET1_FL,2020-06-30,2020-Q2,0.164642
SI,CET1_FL,2020-09-30,2020-Q3,0.169591
SI,CET1_FL,2020-12-31,2020-Q4,0.141869
SI,CET1_FL,2021-03-31,2021-Q1,0.179586
SI,CET1_FL,2021-06-30,2021-Q2,0.187414
SI,CET1_FL,2021-09-30,2021-Q3,0.192949
SI,CET1_FL,2021-12-31,2021-Q4,0.184817
SI,CET1_FL,2022-03-31,2022-Q1,0.195029
SI,CET1_FL,2022-06-30,2022-Q2,0.206045
SI,CET1_FL,2022-09-30,2022-Q3,0.195409
SI,CET1_FL,2022-12-31,2022-Q4,0.199954
SI,CET1_FL,2023-03-31,2023-Q1,0.153801
SI,CET1_FL,2023-06-30,2023-Q2,0.171316
SI,CET1_FL,2023-09-30,2023-Q3,0.179708
SI,CET1_FL,2023-12-31,2023-Q4,0.170289
SI,CET1_FL,2024-03-31,2024-Q1,0.160608
SI,CET1_FL,2024-06-30,2024-Q2,0.210457
SI,CET1_FL,2024-09-30,2024-Q3,0.186791
SI,CET1_FL,2024-12-31,2024-Q4,0.222224
SK,CET1_FL,2018-03-31,2018-Q1,0.164092
SK,CET1_FL,2018-06-30,2018-Q2,0.157493
SK,CET1_FL,2018-09-30,2018-Q3,0.137653
SK,CET1_FL,2018-12-31,2018-Q4,0.133907
SK,CET1_FL,2019-03-31,2019-Q1,0.14973
SK,CET1_FL,2019-06-30,2019-Q2,0.131938
SK,CET1_FL,2019-09-30,2019-Q3,0.1737
SK,CET1_FL,2019-12-31,2019-Q4,0.17981
SK,CET1_FL,2020-03-31,2020-Q1,0.178068
SK,CET1_FL,2020-06-30,2020-Q2,0.140269
SK,CET1_FL,2020-09-30,2020-Q3,0.189379
SK,CET1_FL,2020-12-31,2020-Q4,0.151382
SK,CET1_FL,2021-03-31,2021-Q1,0.163262
SK,CET1_FL,2021-06-30,2021-Q2,0.187353
SK,CET1_FL,2021-09-30,2021-Q3,0.158508
SK,CET1_FL,2021-12-31,2021-Q4,0.166452
SK,CET1_FL,2022-03-31,2022-Q1,0.18279
SK,CET1_FL,2022-06-30,2022-Q2,0.156918
SK,CET1_FL,2022-09-30,2022-Q3,0.189604
SK,CET1_FL,2022-12-31,2022-Q4,0.175476
SK,CET1_FL,2023-03-31,2023-Q1,0.150695
SK,CET1_FL,2023-06-30,2023-Q2,0.19515
SK,CET1_FL,2023-09-30,2023-Q3,0.170814
SK,CET1_FL,2023-12-31,2023-Q4,0.154824
SK,CET1_FL,2024-03-31,2024-Q1,0.170148
SK,CET1_FL,2024-06-30,2024-Q2,0.169879
SK,CET1_FL,2024-09-30,2024-Q3,0.178747
SK,CET1_FL,2024-12-31,2024-Q4,0.203313
AT,CTI,2018-03-31,2018-Q1,0.55063
AT,CTI,2018-06-30,2018-Q2,0.562307
AT,CTI,2018-09-30,2018-Q3,0.596253
AT,CTI,2018-12-31,2018-Q4,0.605323
AT,CTI,2019-03-31,2019-Q1,0.614172
AT,CTI,2019-06-30,2019-Q2,0.534684
AT,CTI,2019-09-30,2019-Q3,0.605855
AT,CTI,2019-12-31,2019-Q4,0.604812
AT,CTI,2020-03-31,2020-Q1,0.593376
AT,CTI,2020-06-30,2020-Q2,0.590284
AT,CTI,2020-09-30,2020-Q3,0.546662
AT,CTI,2020-12-31,2020-Q4,0.616821
AT,CTI,2021-03-31,2021-Q1,0.597483
AT,CTI,2021-06-30,2021-Q2,0.582452
AT,CTI,2021-09-30,2021-Q3,0.560505
AT,CTI,2021-12-31,2021-Q4,0.633505
AT,CTI,2022-03-31,2022-Q1,0.551803
AT,CTI,2022-06-30,2022-Q2,0.596475
AT,CTI,2022-09-30,2022-Q3,0.6107
AT,CTI,2022-12-31,2022-Q4,0.573756
AT,CTI,2023-03-31,2023-Q1,0.605483
AT,CTI,2023-06-30,2023-Q2,0.56178
AT,CTI,2023-09-30,2023-Q3,0.624199
AT,CTI,2023-12-31,2023-Q4,0.564965
AT,CTI,2024-03-31,2024-Q1,0.572024
AT,CTI,2024-06-30,2024-Q2,0.573621
AT,CTI,2024-09-30,2024-Q3,0.637737
AT,CTI,2024-12-31,2024-Q4,0.53339
BE,CTI,2018-03-31,2018-Q1,0.597662
BE,CTI,2018-06-30,2018-Q2,0.569031
BE,CTI,2018-09-30,2018-Q3,0.592663
BE,CTI,2018-12-31,2018-Q4,0.592487
BE,CTI,2019-03-31,2019-Q1,0.573756
BE,CTI,2019-06-30,2019-Q2,0.545975
BE,CTI,2019-09-30,2019-Q3,0.590612
BE,CTI,2019-12-31,2019-Q4,0.554574
BE,CTI,2020-03-31,2020-Q1,0.617644
BE,CTI,2020-06-30,2020-Q2,0.558788
BE,CTI,2020-09-30,2020-Q3,0.538097
BE,CTI,2020-12-31,2020-Q4,0.556491
BE,CTI,2021-03-31,2021-Q1,0.584303
BE,CTI,2021-06-30,2021-Q2,0.550148
BE,CTI,2021-09-30,2021-Q3,0.546599
BE,CTI,2021-12-31,2021-Q4,0.570338
BE,CTI,2022-03-31,2022-Q1,0.568251
BE,CTI,2022-06-30,2022-Q2,0.533841
BE,CTI,2022-09-30,2022-Q3,0.609862
BE,CTI,2022-12-31,2022-Q4,0.560913
BE,CTI,2023-03-31,2023-Q1,0.632808
BE,CTI,2023-06-30,2023-Q2,0.607942
BE,CTI,2023-09-30,2023-Q3,0.534701
BE,CTI,2023-12-31,2023-Q4,0.516479
BE,CTI,2024-03-31,2024-Q1,0.560846
BE,CTI,2024-06-30,2024-Q2,0.558659
BE,CTI,2024-09-30,2024-Q3,0.581802
BE,CTI,2024-12-31,2024-Q4,0.534736
CY,CTI,2018-03-31,2018-Q1,0.602044
CY,CTI,2018-06-30,2018-Q2,0.540225
CY,CTI,2018-09-30,2018-Q3,0.609476
CY,CTI,2018-12-31,2018-Q4,0.55631
CY,CTI,2019-03-31,2019-Q1,0.533361
CY,CTI,2019-06-30,2019-Q2,0.516283
CY,CTI,2019-09-30,2019-Q3,0.565075
CY,CTI,2019-12-31,2019-Q4,0.589875
CY,CTI,2020-03-31,2020-Q1,0.561591
CY,CTI,2020-06-30,2020-Q2,0.511612
CY,CTI,2020-09-30,2020-Q3,0.542696
CY,CTI,2020-12-31,2020-Q4,0.61587
CY,CTI,2021-03-31,2021-Q1,0.607765
CY,CTI,2021-06-30,2021-Q2,0.602265
CY,CTI,2021-09-30,2021-Q3,0.569482
CY,CTI,2021-12-31,2021-Q4,0.589513
CY,CTI,2022-03-31,2022-Q1,0.583514
CY,CTI,2022-06-30,2022-Q2,0.614176
CY,CTI,2022-09-30,2022-Q3,0.526503
CY,CTI,2022-12-31,2022-Q4,0.626656
CY,CTI,2023-03-31,2023-Q1,0.595752
CY,CTI,2023-06-30,2023-Q2,0.513352
CY,CTI,2023-09-30,2023-Q3,0.596738
CY,CTI,2023-12-31,2023-Q4,0.543043
CY,CTI,2024-03-31,2024-Q1,0.62348
CY,CTI,2024-06-30,2024-Q2,0.60521
CY,CTI,2024-09-30,2024-Q3,0.514061
CY,CTI,2024-12-31,2024-Q4,0.548513
DE,CTI,2018-03-31,2018-Q1,0.632687
DE,CTI,2018-06-30,2018-Q2,0.612812
DE,CTI,2018-09-30,2018-Q3,0.589555
DE,CTI,2018-12-31,2018-Q4,0.589073
DE,CTI,2019-03-31,2019-Q1,0.630012
DE,CTI,2019-06-30,2019-Q2,0.545798
DE,CTI,2019-09-30,2019-Q3,0.625424
DE,CTI,2019-12-31,2019-Q4,0.559536
DE,CTI,2020-03-31,2020-Q1,0.643225
DE,CTI,2020-06-30,2020-Q2,0.535367
DE,CTI,2020-09-30,2020-Q3,0.620068
DE,CTI,2020-12-31,2020-Q4,0.531582
DE,CTI,2021-03-31,2021-Q1,0.574172
DE,CTI,2021-06-30,2021-Q2,0.612559
DE,CTI,2021-09-30,2021-Q3,0.638397
DE,CTI,2021-12-31,2021-Q4,0.578749
DE,CTI,2022-03-31,2022-Q1,0.62836
DE,CTI,2022-06-30,2022-Q2,0.603984
DE,CTI,2022-09-30,2022-Q3,0.608008
DE,CTI,2022-12-31,2022-Q4,0.622163
DE,CTI,2023-03-31,2023-Q1,0.641345
DE,CTI,2023-06-30,2023-Q2,0.619435
DE,CTI,2023-09-30,2023-Q3,0.587381
DE,CTI,2023-12-31,2023-Q4,0.589736
DE,CTI,2024-03-31,2024-Q1,0.63417
DE,CTI,2024-06-30,2024-Q2,0.626756
DE,CTI,2024-09-30,2024-Q3,0.64855
DE,CTI,2024-12-31,2024-Q4,0.639668
DK,CTI,2018-03-31,2018-Q1,0.654784
DK,CTI,2018-06-30,2018-Q2,0.587663
DK,CTI,2018-09-30,2018-Q3,0.648294
DK,CTI,2018-12-31,2018-Q4,0.65679
DK,CTI,2019-03-31,2019-Q1,0.549538
DK,CTI,2019-06-30,2019-Q2,0.615314
DK,CTI,2019-09-30,2019-Q3,0.559994
DK,CTI,2019-12-31,2019-Q4,0.576955
DK,CTI,2020-03-31,2020-Q1,0.609122
DK,CTI,2020-06-30,2020-Q2,0.647549
DK,CTI,2020-09-30,2020-Q3,0.59458
DK,CTI,2020-12-31,2020-Q4,0.547611
DK,CTI,2021-03-31,2021-Q1,0.558406
DK,CTI,2021-06-30,2021-Q2,0.557511
DK,CTI,2021-09-30,2021-Q3,0.569385
DK,CTI,2021-12-31,2021-Q4,0.603529
DK,CTI,2022-03-31,2022-Q1,0.55426
DK,CTI,2022-06-30,2022-Q2,0.591555
DK,CTI,2022-09-30,2022-Q3,0.642878
DK,CTI,2022-12-31,2022-Q4,0.564183
DK,CTI,2023-03-31,2023-Q1,0.596916
DK,CTI,2023-06-30,2023-Q2,0.650922
DK,CTI,2023-09-30,2023-Q3,0.656364
DK,CTI,2023-12-31,2023-Q4,0.601189
DK,CTI,2024-03-31,2024-Q1,0.649788
DK,CTI,2024-06-30,2024-Q2,0.547194
DK,CTI,2024-09-30,2024-Q3,0.5983
DK,CTI,2024-12-31,2024-Q4,0.60246
ES,CTI,2018-03-31,2018-Q1,0.590521
ES,CTI,2018-06-30,2018-Q2,0.565647
ES,CTI,2018-09-30,2018-Q3,0.611043
ES,CTI,2018-12-31,2018-Q4,0.553706
ES,CTI,2019-03-31,2019-Q1,0.612981
ES,CTI,2019-06-30,2019-Q2,0.600062
ES,CTI,2019-09-30,2019-Q3,0.632351
ES,CTI,2019-12-31,2019-Q4,0.62543
ES,CTI,2020-03-31,2020-Q1,0.540337
ES,CTI,2020-06-30,2020-Q2,0.593219
ES,CTI,2020-09-30,2020-Q3,0.615339
ES,CTI,2020-12-31,2020-Q4,0.538177
ES,CTI,2021-03-31,2021-Q1,0.575674
ES,CTI,2021-06-30,2021-Q2,0.64453
ES,CTI,2021-09-30,2021-Q3,0.560319
ES,CTI,2021-12-31,2021-Q4,0.596396
ES,CTI,2022-03-31,2022-Q1,0.615728
ES,CTI,2022-06-30,2022-Q2,0.565791
ES,CTI,2022-09-30,2022-Q3,0.642051
ES,CTI,2022-12-31,2022-Q4,0.647933
ES,CTI,2023-03-31,2023-Q1,0.632315
ES,CTI,2023-06-30,2023-Q2,0.584864
ES,CTI,2023-09-30,2023-Q3,0.622392
ES,CTI,2023-12-31,2023-Q4,0.54357
ES,CTI,2024-03-31,2024-Q1,0.633966
ES,CTI,2024-06-30,2024-Q2,0.586894
ES,CTI,2024-09-30,2024-Q3,0.548074
ES,CTI,2024-12-31,2024-Q4,0.626394
EU,CTI,2018-03-31,2018-Q1,0.586406
EU,CTI,2018-06-30,2018-Q2,0.613292
EU,CTI,2018-09-30,2018-Q3,0.58367
EU,CTI,2018-12-31,2018-Q4,0.641564
EU,CTI,2019-03-31,2019-Q1,0.551685
EU,CTI,2019-06-30,2019-Q2,0.57214
EU,CTI,2019-09-30,2019-Q3,0.552497
EU,CTI,2019-12-31,2019-Q4,0.548377
EU,CTI,2020-03-31,2020-Q1,0.630442
EU,CTI,2020-06-30,2020-Q2,0.524206
EU,CTI,2020-09-30,2020-Q3,0.544428
EU,CTI,2020-12-31,2020-Q4,0.637773
EU,CTI,2021-03-31,2021-Q1,0.527881
EU,CTI,2021-06-30,2021-Q2,0.590271
EU,CTI,2021-09-30,2021-Q3,0.54343
EU,CTI,2021-12-31,2021-Q4,0.555517
EU,CTI,2022-03-31,2022-Q1,0.571299
EU,CTI,2022-06-30,2022-Q2,0.596862
EU,CTI,2022-09-30,2022-Q3,0.627585
EU,CTI,2022-12-31,2022-Q4,0.556155
EU,CTI,2023-03-31,2023-Q1,0.597933
EU,CTI,2023-06-30,2023-Q2,0.532152
EU,CTI,2023-09-30,2023-Q3,0.590016
EU,CTI,2023-12-31,2023-Q4,0.594343
EU,CTI,2024-03-31,2024-Q1,0.56132
EU,CTI,2024-06-30,2024-Q2,0.64289
EU,CTI,2024-09-30,2024-Q3,0.637404
EU,CTI,2024-12-31,2024-Q4,0.565418
FI,CTI,2018-03-31,2018-Q1,0.570102
FI,CTI,2018-06-30,2018-Q2,0.62135
FI,CTI,2018-09-30,2018-Q3,0.612739
FI,CTI,2018-12-31,2018-Q4,0.571149
FI,CTI,2019-03-31,2019-Q1,0.561771
FI,CTI,2019-06-30,2019-Q2,0.588734
FI,CTI,2019-09-30,2019-Q3,0.630001
FI,CTI,2019-12-31,2019-Q4,0.555989
FI,CTI,2020-03-31,2020-Q1,0.578944
FI,CTI,2020-06-30,2020-Q2,0.63276
FI,CTI,2020-09-30,2020-Q3,0.550756
FI,CTI,2020-12-31,2020-Q4,0.584536
FI,CTI,2021-03-31,2021-Q1,0.609383
FI,CTI,2021-06-30,2021-Q2,0.643611
FI,CTI,2021-09-30,2021-Q3,0.545094
FI,CTI,2021-12-31,2021-Q4,0.600154
FI,CTI,2022-03-31,2022-Q1,0.634026
FI,CTI,2022-06-30,2022-Q2,0.597105
FI,CTI,2022-09-30,2022-Q3,0.620658
FI,CTI,2022-12-31,2022-Q4,0.621983
FI,CTI,2023-03-31,2023-Q1,0.6332
FI,CTI,2023-06-30,2023-Q2,0.576872
FI,CTI,2023-09-30,2023-Q3,0.562763
FI,CTI,2023-12-31,2023-Q4,0.640957
FI,CTI,2024-03-31,2024-Q1,0.627333
FI,CTI,2024-06-30,2024-Q2,0.557975
FI,CTI,2024-09-30,2024-Q3,0.599958
FI,CTI,2024-12-31,2024-Q4,0.610795
FR,CTI,2018-03-31,2018-Q1,0.554594
FR,CTI,2018-06-30,2018-Q2,0.57596
FR,CTI,2018-09-30,2018-Q3,0.55522
FR,CTI,2018-12-31,2018-Q4,0.590336
FR,CTI,2019-03-31,2019-Q1,0.543963
FR,CTI,2019-06-30,2019-Q2,0.623932
FR,CTI,2019-09-30,2019-Q3,0.568927
FR,CTI,2019-12-31,2019-Q4,0.598967
FR,CTI,2020-03-31,2020-Q1,0.620297
FR,CTI,2020-06-30,2020-Q2,0.517008
FR,CTI,2020-09-30,2020-Q3,0.533739
FR,CTI,2020-12-31,2020-Q4,0.590739
FR,CTI,2021-03-31,2021-Q1,0.570412
FR,CTI,2021-06-30,2021-Q2,0.624404
FR,CTI,2021-09-30,2021-Q3,0.581679
FR,CTI,2021-12-31,2021-Q4,0.550365
FR,CTI,2022-03-31,2022-Q1,0.568637
FR,CTI,2022-06-30,2022-Q2,0.5347
FR,CTI,2022-09-30,2022-Q3,0.619656
FR,CTI,2022-12-31,2022-Q4,0.564214
FR,CTI,2023-03-31,2023-Q1,0.509606
FR,CTI,2023-06-30,2023-Q2,0.579652
FR,CTI,2023-09-30,2023-Q3,0.560111
FR,CTI,2023-12-31,2023-Q4,0.528158
FR,CTI,2024-03-31,2024-Q1,0.574903
FR,CTI,2024-06-30,2024-Q2,0.552334
FR,CTI,2024-09-30,2024-Q3,0.561609
FR,CTI,2024-12-31,2024-Q4,0.61651
GR,CTI,2018-03-31,2018-Q1,0.607195
GR,CTI,2018-06-30,2018-Q2,0.625064
GR,CTI,2018-09-30,2018-Q3,0.65498
GR,CTI,2018-12-31,2018-Q4,0.640536
GR,CTI,2019-03-31,2019-Q1,0.648763
GR,CTI,2019-06-30,2019-Q2,0.657243
GR,CTI,2019-09-30,2019-Q3,0.573974
GR,CTI,2019-12-31,2019-Q4,0.620272
GR,CTI,2020-03-31,2020-Q1,0.635064
GR,CTI,2020-06-30,2020-Q2,0.541534
GR,CTI,2020-09-30,2020-Q3,0.597491
GR,CTI,2020-12-31,2020-Q4,0.624977
GR,CTI,2021-03-31,2021-Q1,0.597041
GR,CTI,2021-06-30,2021-Q2,0.579093
GR,CTI,2021-09-30,2021-Q3,0.616614
GR,CTI,2021-12-31,2021-Q4,0.633205
GR,CTI,2022-03-31,2022-Q1,0.652128
GR,CTI,2022-06-30,2022-Q2,0.576703
GR,CTI,2022-09-30,2022-Q3,0.648419
GR,CTI,2022-12-31,2022-Q4,0.622144
GR,CTI,2023-03-31,2023-Q1,0.569422
GR,CTI,2023-06-30,2023-Q2,0.562172
GR,CTI,2023-09-30,2023-Q3,0.600683
GR,CTI,2023-12-31,2023-Q4,0.600683
GR,CTI,2024-03-31,2024-Q1,0.651186
GR,CTI,2024-06-30,2024-Q2,0.626809
GR,CTI,2024-09-30,2024-Q3,0.650397
GR,CTI,2024-12-31,2024-Q4,0.621631
HR,CTI,2018-03-31,2018-Q1,0.559249
HR,CTI,2018-06-30,2018-Q2,0.589801
HR,CTI,2018-09-30,2018-Q3,0.592726
HR,CTI,2018-12-31,2018-Q4,0.547347
HR,CTI,2019-03-31,2019-Q1,0.624702
HR,CTI,2019-06-30,2019-Q2,0.516735
HR,CTI,2019-09-30,2019-Q3,0.613369
HR,CTI,2019-12-31,2019-Q4,0.571912
HR,CTI,2020-03-31,2020-Q1,0.599559
HR,CTI,2020-06-30,2020-Q2,0.581827
HR,CTI,2020-09-30,2020-Q3,0.523013
HR,CTI,2020-12-31,2020-Q4,0.537834
HR,CTI,2021-03-31,2021-Q1,0.559265
HR,CTI,2021-06-30,2021-Q2,0.60171
HR,CTI,2021-09-30,2021-Q3,0.603467
HR,CTI,2021-12-31,2021-Q4,0.51981
HR,CTI,2022-03-31,2022-Q1,0.527761
HR,CTI,2022-06-30,2022-Q2,0.585537
HR,CTI,2022-09-30,2022-Q3,0.520059
HR,CTI,2022-12-31,2022-Q4,0.566314
HR,CTI,2023-03-31,2023-Q1,0.593291
HR,CTI,2023-06-30,2023-Q2,0.612685
HR,CTI,2023-09-30,2023-Q3,0.59528
HR,CTI,2023-12-31,2023-Q4,0.595299
HR,CTI,2024-03-31,2024-Q1,0.528545
HR,CTI,2024-06-30,2024-Q2,0.53469
HR,CTI,2024-09-30,2024-Q3,0.556915
HR,CTI,2024-12-31,2024-Q4,0.534026
HU,CTI,2018-03-31,2018-Q1,0.575502
HU,CTI,2018-06-30,2018-Q2,0.54869
HU,CTI,2018-09-30,2018-Q3,0.536198
HU,CTI,2018-12-31,2018-Q4,0.615481
HU,CTI,2019-03-31,2019-Q1,0.546953
HU,CTI,2019-06-30,2019-Q2,0.589689
HU,CTI,2019-09-30,2019-Q3,0.586873
HU,CTI,2019-12-31,2019-Q4,0.558364
HU,CTI,2020-03-31,2020-Q1,0.577546
HU,CTI,2020-06-30,2020-Q2,0.585273
HU,CTI,2020-09-30,2020-Q3,0.584678
HU,CTI,2020-12-31,2020-Q4,0.626931
HU,CTI,2021-03-31,2021-Q1,0.626545
HU,CTI,2021-06-30,2021-Q2,0.557718
HU,CTI,2021-09-30,2021-Q3,0.633215
HU,CTI,2021-12-31,2021-Q4,0.575544
HU,CTI,2022-03-31,2022-Q1,0.553133
HU,CTI,2022-06-30,2022-Q2,0.643364
HU,CTI,2022-09-30,2022-Q3,0.556296
HU,CTI,2022-12-31,2022-Q4,0.580187
HU,CTI,2023-03-31,2023-Q1,0.594265
HU,CTI,2023-06-30,2023-Q2,0.649811
HU,CTI,2023-09-30,2023-Q3,0.644509
HU,CTI,2023-12-31,2023-Q4,0.647477
HU,CTI,2024-03-31,2024-Q1,0.644255
HU,CTI,2024-06-30,2024-Q2,0.594817
HU,CTI,2024-09-30,2024-Q3,0.588383
HU,CTI,2024-12-31,2024-Q4,0.595921
IE,CTI,2018-03-31,2018-Q1,0.582292
IE,CTI,2018-06-30,2018-Q2,0.612643
IE,CTI,2018-09-30,2018-Q3,0.637793
IE,CTI,2018-12-31,2018-Q4,0.548201
IE,CTI,2019-03-31,2019-Q1,0.636369
IE,CTI,2019-06-30,2019-Q2,0.590703
IE,CTI,2019-09-30,2019-Q3,0.581347
IE,CTI,2019-12-31,2019-Q4,0.598911
IE,CTI,2020-03-31,2020-Q1,0.577455
IE,CTI,2020-06-30,2020-Q2,0.571296
IE,CTI,2020-09-30,2020-Q3,0.632534
IE,CTI,2020-12-31,2020-Q4,0.626374
IE,CTI,2021-03-31,2021-Q1,0.658912
IE,CTI,2021-06-30,2021-Q2,0.659942
IE,CTI,2021-09-30,2021-Q3,0.65097
IE,CTI,2021-12-31,2021-Q4,0.557741
IE,CTI,2022-03-31,2022-Q1,0.607025
IE,CTI,2022-06-30,2022-Q2,0.566974
IE,CTI,2022-09-30,2022-Q3,0.591962
IE,CTI,2022-12-31,2022-Q4,0.573502
IE,CTI,2023-03-31,2023-Q1,0.561534
IE,CTI,2023-06-30,2023-Q2,0.640741
IE,CTI,2023-09-30,2023-Q3,0.605598
IE,CTI,2023-12-31,2023-Q4,0.5889
IE,CTI,2024-03-31,2024-Q1,0.603818
IE,CTI,2024-06-30,2024-Q2,0.559482
IE,CTI,2024-09-30,2024-Q3,0.636476
IE,CTI,2024-12-31,2024-Q4,0.577511
IT,CTI,2018-03-31,2018-Q1,0.556946
IT,CTI,2018-06-30,2018-Q2,0.65029
IT,CTI,2018-09-30,2018-Q3,0.550279
IT,CTI,2018-12-31,2018-Q4,0.564158
IT,CTI,2019-03-31,2019-Q1,0.604266
IT,CTI,2019-06-30,2019-Q2,0.589487
IT,CTI,2019-09-30,2019-Q3,0.606878
IT,CTI,2019-12-31,2019-Q4,0.565515
IT,CTI,2020-03-31,2020-Q1,0.621866
IT,CTI,2020-06-30,2020-Q2,0.583508
IT,CTI,2020-09-30,2020-Q3,0.621887
IT,CTI,2020-12-31,2020-Q4,0.640187
IT,CTI,2021-03-31,2021-Q1,0.647103
IT,CTI,2021-06-30,2021-Q2,0.585591
IT,CTI,2021-09-30,2021-Q3,0.5535
IT,CTI,2021-12-31,2021-Q4,0.54138
IT,CTI,2022-03-31,2022-Q1,0.596086
IT,CTI,2022-06-30,2022-Q2,0.542922
IT,CTI,2022-09-30,2022-Q3,0.629127
IT,CTI,2022-12-31,2022-Q4,0.656077
IT,CTI,2023-03-31,2023-Q1,0.618952
IT,CTI,2023-06-30,2023-Q2,0.641415
IT,CTI,2023-09-30,2023-Q3,0.550766
IT,CTI,2023-12-31,2023-Q4,0.542718
IT,CTI,2024-03-31,2024-Q1,0.581963
IT,CTI,2024-06-30,2024-Q2,0.58786
IT,CTI,2024-09-30,2024-Q3,0.590524
IT,CTI,2024-12-31,2024-Q4,0.636996
LT,CTI,2018-03-31,2018-Q1,0.605266
LT,CTI,2018-06-30,2018-Q2,0.544698
LT,CTI,2018-09-30,2018-Q3,0.620001
LT,CTI,2018-12-31,2018-Q4,0.640102
LT,CTI,2019-03-31,2019-Q1,0.556115
LT,CTI,2019-06-30,2019-Q2,0.59883
LT,CTI,2019-09-30,2019-Q3,0.581689
LT,CTI,2019-12-31,2019-Q4,0.551635
LT,CTI,2020-03-31,2020-Q1,0.540079
LT,CTI,2020-06-30,2020-Q2,0.539007
LT,CTI,2020-09-30,2020-Q3,0.6529
LT,CTI,2020-12-31,2020-Q4,0.604145
LT,CTI,2021-03-31,2021-Q1,0.571384
LT,CTI,2021-06-30,2021-Q2,0.548132
LT,CTI,2021-09-30,2021-Q3,0.647257
LT,CTI,2021-12-31,2021-Q4,0.651947
LT,CTI,2022-03-31,2022-Q1,0.589407
LT,CTI,2022-06-30,2022-Q2,0.574615
LT,CTI,2022-09-30,2022-Q3,0.612274
LT,CTI,2022-12-31,2022-Q4,0.64797
LT,CTI,2023-03-31,2023-Q1,0.551026
LT,CTI,2023-06-30,2023-Q2,0.542912
LT,CTI,2023-09-30,2023-Q3,0.546483
LT,CTI,2023-12-31,2023-Q4,0.561908
LT,CTI,2024-03-31,2024-Q1,0.609436
LT,CTI,2024-06-30,2024-Q2,0.609839
LT,CTI,2024-09-30,2024-Q3,0.55034
LT,CTI,2024-12-31,2024-Q4,0.647733
LU,CTI,2018-03-31,2018-Q1,0.526427
LU,CTI,2018-06-30,2018-Q2,0.526046
LU,CTI,2018-09-30,2018-Q3,0.593984
LU,CTI,2018-12-31,2018-Q4,0.548287
LU,CTI,2019-03-31,2019-Q1,0.61046
LU,CTI,2019-06-30,2019-Q2,0.544334
LU,CTI,2019-09-30,2019-Q3,0.524801
LU,CTI,2019-12-31,2019-Q4,0.609264
LU,CTI,2020-03-31,2020-Q1,0.549912
LU,CTI,2020-06-30,2020-Q2,0.550966
LU,CTI,2020-09-30,2020-Q3,0.594653
LU,CTI,2020-12-31,2020-Q4,0.571763
LU,CTI,2021-03-31,2021-Q1,0.606645
LU,CTI,2021-06-30,2021-Q2,0.535905
LU,CTI,2021-09-30,2021-Q3,0.567634
LU,CTI,2021-12-31,2021-Q4,0.599532
LU,CTI,2022-03-31,2022-Q1,0.571572
LU,CTI,2022-06-30,2022-Q2,0.6137
LU,CTI,2022-09-30,2022-Q3,0.513064
LU,CTI,2022-12-31,2022-Q4,0.608562
LU,CTI,2023-03-31,2023-Q1,0.625958
LU,CTI,2023-06-30,2023-Q2,0.606921
LU,CTI,2023-09-30,2023-Q3,0.59444
LU,CTI,2023-12-31,2023-Q4,0.561045
LU,CTI,2024-03-31,2024-Q1,0.538075
LU,CTI,2024-06-30,2024-Q2,0.601917
LU,CTI,2024-09-30,2024-Q3,0.556509
LU,CTI,2024-12-31,2024-Q4,0.52604
LV,CTI,2018-03-31,2018-Q1,0.579162
LV,CTI,2018-06-30,2018-Q2,0.56597
LV,CTI,2018-09-30,2018-Q3,0.554049
LV,CTI,2018-12-31,2018-Q4,0.615233
LV,CTI,2019-03-31,2019-Q1,0.566366
LV,CTI,2019-06-30,2019-Q2,0.646822
LV,CTI,2019-09-30,2019-Q3,0.591134
LV,CTI,2019-12-31,2019-Q4,0.543906
LV,CTI,2020-03-31,2020-Q1,0.5435
LV,CTI,2020-06-30,2020-Q2,0.62323
LV,CTI,2020-09-30,2020-Q3,0.63572
LV,CTI,2020-12-31,2020-Q4,0.646636
LV,CTI,2021-03-31,2021-Q1,0.647342
LV,CTI,2021-06-30,2021-Q2,0.532135
LV,CTI,2021-09-30,2021-Q3,0.64414
LV,CTI,2021-12-31,2021-Q4,0.558442
LV,CTI,2022-03-31,2022-Q1,0.591712
LV,CTI,2022-06-30,2022-Q2,0.631442
LV,CTI,2022-09-30,2022-Q3,0.639593
LV,CTI,2022-12-31,2022-Q4,0.540099
LV,CTI,2023-03-31,2023-Q1,0.558713
LV,CTI,2023-06-30,2023-Q2,0.572858
LV,CTI,2023-09-30,2023-Q3,0.543886
LV,CTI,2023-12-31,2023-Q4,0.568967
LV,CTI,2024-03-31,2024-Q1,0.605334
LV,CTI,2024-06-30,2024-Q2,0.60535
LV,CTI,2024-09-30,2024-Q3,0.594352
LV,CTI,2024-12-31,2024-Q4,0.578555
MT,CTI,2018-03-31,2018-Q1,0.555538
MT,CTI,2018-06-30,2018-Q2,0.632078
MT,CTI,2018-09-30,2018-Q3,0.546301
MT,CTI,2018-12-31,2018-Q4,0.590784
MT,CTI,2019-03-31,2019-Q1,0.593822
MT,CTI,2019-06-30,2019-Q2,0.543351
MT,CTI,2019-09-30,2019-Q3,0.616801
MT,CTI,2019-12-31,2019-Q4,0.537884
MT,CTI,2020-03-31,2020-Q1,0.572147
MT,CTI,2020-06-30,2020-Q2,0.547354
MT,CTI,2020-09-30,2020-Q3,0.584681
MT,CTI,2020-12-31,2020-Q4,0.644944
MT,CTI,2021-03-31,2021-Q1,0.570065
MT,CTI,2021-06-30,2021-Q2,0.589327
MT,CTI,2021-09-30,2021-Q3,0.594379
MT,CTI,2021-12-31,2021-Q4,0.630541
MT,CTI,2022-03-31,2022-Q1,0.586103
MT,CTI,2022-06-30,2022-Q2,0.607322
MT,CTI,2022-09-30,2022-Q3,0.615139
MT,CTI,2022-12-31,2022-Q4,0.556699
MT,CTI,2023-03-31,2023-Q1,0.553995
MT,CTI,2023-06-30,2023-Q2,0.540687
MT,CTI,2023-09-30,2023-Q3,0.570346
MT,CTI,2023-12-31,2023-Q4,0.596001
MT,CTI,2024-03-31,2024-Q1,0.631003
MT,CTI,2024-06-30,2024-Q2,0.595565
MT,CTI,2024-09-30,2024-Q3,0.533849
MT,CTI,2024-12-31,2024-Q4,0.586537
NL,CTI,2018-03-31,2018-Q1,0.623341
NL,CTI,2018-06-30,2018-Q2,0.602225
NL,CTI,2018-09-30,2018-Q3,0.589752
NL,CTI,2018-12-31,2018-Q4,0.632297
NL,CTI,2019-03-31,2019-Q1,0.561338
NL,CTI,2019-06-30,2019-Q2,0.655112
NL,CTI,2019-09-30,2019-Q3,0.554383
NL,CTI,2019-12-31,2019-Q4,0.652764
NL,CTI,2020-03-31,2020-Q1,0.566372
NL,CTI,2020-06-30,2020-Q2,0.561182
NL,CTI,2020-09-30,2020-Q3,0.630905
NL,CTI,2020-12-31,2020-Q4,0.648394
NL,CTI,2021-03-31,2021-Q1,0.636829
NL,CTI,2021-06-30,2021-Q2,0.582542
NL,CTI,2021-09-30,2021-Q3,0.556433
NL,CTI,2021-12-31,2021-Q4,0.548555
NL,CTI,2022-03-31,2022-Q1,0.589398
NL,CTI,2022-06-30,2022-Q2,0.599151
NL,CTI,2022-09-30,2022-Q3,0.581118
NL,CTI,2022-12-31,2022-Q4,0.609225
NL,CTI,2023-03-31,2023-Q1,0.545377
NL,CTI,2023-06-30,2023-Q2,0.575931
NL,CTI,2023-09-30,2023-Q3,0.610546
NL,CTI,2023-12-31,2023-Q4,0.556767
NL,CTI,2024-03-31,2024-Q1,0.557875
NL,CTI,2024-06-30,2024-Q2,0.60672
NL,CTI,2024-09-30,2024-Q3,0.657266
NL,CTI,2024-12-31,2024-Q4,0.638441
NO,CTI,2018-03-31,2018-Q1,0.618974
NO,CTI,2018-06-30,2018-Q2,0.621701
NO,CTI,2018-09-30,2018-Q3,0.588383
NO,CTI,2018-12-31,2018-Q4,0.60626
NO,CTI,2019-03-31,2019-Q1,0.62991
NO,CTI,2019-06-30,2019-Q2,0.575503
NO,CTI,2019-09-30,2019-Q3,0.525007
NO,CTI,2019-12-31,2019-Q4,0.61573
NO,CTI,2020-03-31,2020-Q1,0.590598
NO,CTI,2020-06-30,2020-Q2,0.522881
NO,CTI,2020-09-30,2020-Q3,0.632512
NO,CTI,2020-12-31,2020-Q4,0.562682
NO,CTI,2021-03-31,2021-Q1,0.589994
NO,CTI,2021-06-30,2021-Q2,0.630316
NO,CTI,2021-09-30,2021-Q3,0.589961
NO,CTI,2021-12-31,2021-Q4,0.52133
NO,CTI,2022-03-31,2022-Q1,0.593179
NO,CTI,2022-06-30,2022-Q2,0.545172
NO,CTI,2022-09-30,2022-Q3,0.529519
NO,CTI,2022-12-31,2022-Q4,0.605489
NO,CTI,2023-03-31,2023-Q1,0.528145
NO,CTI,2023-06-30,2023-Q2,0.621962
NO,CTI,2023-09-30,2023-Q3,0.580161
NO,CTI,2023-12-31,2023-Q4,0.599924
NO,CTI,2024-03-31,2024-Q1,0.559412
NO,CTI,2024-06-30,2024-Q2,0.616871
NO,CTI,2024-09-30,2024-Q3,0.519703
NO,CTI,2024-12-31,2024-Q4,0.53949
PL,CTI,2018-03-31,2018-Q1,0.555715
PL,CTI,2018-06-30,2018-Q2,0.603147
PL,CTI,2018-09-30,2018-Q3,0.561166
PL,CTI,2018-12-31,2018-Q4,0.612491
PL,CTI,2019-03-31,2019-Q1,0.603635
PL,CTI,2019-06-30,2019-Q2,0.522132
PL,CTI,2019-09-30,2019-Q3,0.584904
PL,CTI,2019-12-31,2019-Q4,0.588481
PL,CTI,2020-03-31,2020-Q1,0.575583
PL,CTI,2020-06-30,2020-Q2,0.615447
PL,CTI,2020-09-30,2020-Q3,0.537094
PL,CTI,2020-12-31,2020-Q4,0.582362
PL,CTI,2021-03-31,2021-Q1,0.58911
PL,CTI,2021-06-30,2021-Q2,0.610195
PL,CTI,2021-09-30,2021-Q3,0.620589
PL,CTI,2021-12-31,2021-Q4,0.563951
PL,CTI,2022-03-31,2022-Q1,0.545416
PL,CTI,2022-06-30,2022-Q2,0.557669
PL,CTI,2022-09-30,2022-Q3,0.558318
PL,CTI,2022-12-31,2022-Q4,0.616575
PL,CTI,2023-03-31,2023-Q1,0.572325
PL,CTI,2023-06-30,2023-Q2,0.566519
PL,CTI,2023-09-30,2023-Q3,0.615952
PL,CTI,2023-12-31,2023-Q4,0.590078
PL,CTI,2024-03-31,2024-Q1,0.596816
PL,CTI,2024-06-30,2024-Q2,0.591562
PL,CTI,2024-09-30,2024-Q3,0.636575
PL,CTI,2024-12-31,2024-Q4,0.574516
PT,CTI,2018-03-31,2018-Q1,0.575863
PT,CTI,2018-06-30,2018-Q2,0.643204
PT,CTI,2018-09-30,2018-Q3,0.545664
PT,CTI,2018-12-31,2018-Q4,0.539103
PT,CTI,2019-03-31,2019-Q1,0.621515
PT,CTI,2019-06-30,2019-Q2,0.568107
PT,CTI,2019-09-30,2019-Q3,0.611864
PT,CTI,2019-12-31,2019-Q4,0.559681
PT,CTI,2020-03-31,2020-Q1,0.653593
PT,CTI,2020-06-30,2020-Q2,0.539853
PT,CTI,2020-09-30,2020-Q3,0.633342
PT,CTI,2020-12-31,2020-Q4,0.619323
PT,CTI,2021-03-31,2021-Q1,0.642521
PT,CTI,2021-06-30,2021-Q2,0.647002
PT,CTI,2021-09-30,2021-Q3,0.657581
PT,CTI,2021-12-31,2021-Q4,0.543853
PT,CTI,2022-03-31,2022-Q1,0.551734
PT,CTI,2022-06-30,2022-Q2,0.539108
PT,CTI,2022-09-30,2022-Q3,0.557614
PT,CTI,2022-12-31,2022-Q4,0.618155
PT,CTI,2023-03-31,2023-Q1,0.602315
PT,CTI,2023-06-30,2023-Q2,0.553945
PT,CTI,2023-09-30,2023-Q3,0.627027
PT,CTI,2023-12-31,2023-Q4,0.612541
PT,CTI,2024-03-31,2024-Q1,0.558582
PT,CTI,2024-06-30,2024-Q2,0.600732
PT,CTI,2024-09-30,2024-Q3,0.59682
PT,CTI,2024-12-31,2024-Q4,0.567696
RO,CTI,2018-03-31,2018-Q1,0.608442
RO,CTI,2018-06-30,2018-Q2,0.569133
RO,CTI,2018-09-30,2018-Q3,0.658336
RO,CTI,2018-12-31,2018-Q4,0.607311
RO,CTI,2019-03-31,2019-Q1,0.626855
RO,CTI,2019-06-30,2019-Q2,0.557467
RO,CTI,2019-09-30,2019-Q3,0.65959
RO,CTI,2019-12-31,2019-Q4,0.582307
RO,CTI,2020-03-31,2020-Q1,0.650551
RO,CTI,2020-06-30,2020-Q2,0.573715
RO,CTI,2020-09-30,2020-Q3,0.576566
RO,CTI,2020-12-31,2020-Q4,0.545288
RO,CTI,2021-03-31,2021-Q1,0.563586
RO,CTI,2021-06-30,2021-Q2,0.634246
RO,CTI,2021-09-30,2021-Q3,0.599602
RO,CTI,2021-12-31,2021-Q4,0.580844
RO,CTI,2022-03-31,2022-Q1,0.57508
RO,CTI,2022-06-30,2022-Q2,0.658945
RO,CTI,2022-09-30,2022-Q3,0.62984
RO,CTI,2022-12-31,2022-Q4,0.575783
RO,CTI,2023-03-31,2023-Q1,0.646306
RO,CTI,2023-06-30,2023-Q2,0.62381
RO,CTI,2023-09-30,2023-Q3,0.610441
RO,CTI,2023-12-31,2023-Q4,0.652003
RO,CTI,2024-03-31,2024-Q1,0.643295
RO,CTI,2024-06-30,2024-Q2,0.640859
RO,CTI,2024-09-30,2024-Q3,0.647808
RO,CTI,2024-12-31,2024-Q4,0.60725
SE,CTI,2018-03-31,2018-Q1,0.541164
SE,CTI,2018-06-30,2018-Q2,0.520016
SE,CTI,2018-09-30,2018-Q3,0.574204
SE,CTI,2018-12-31,2018-Q4,0.52181
SE,CTI,2019-03-31,2019-Q1,0.571781
SE,CTI,2019-06-30,2019-Q2,0.553482
SE,CTI,2019-09-30,2019-Q3,0.61031
SE,CTI,2019-12-31,2019-Q4,0.583587
SE,CTI,2020-03-31,2020-Q1,0.519053
SE,CTI,2020-06-30,2020-Q2,0.528911
SE,CTI,2020-09-30,2020-Q3,0.583969
SE,CTI,2020-12-31,2020-Q4,0.550576
SE,CTI,2021-03-31,2021-Q1,0.54795
SE,CTI,2021-06-30,2021-Q2,0.595528
SE,CTI,2021-09-30,2021-Q3,0.591612
SE,CTI,2021-12-31,2021-Q4,0.530087
SE,CTI,2022-03-31,2022-Q1,0.553089
SE,CTI,2022-06-30,2022-Q2,0.524776
SE,CTI,2022-09-30,2022-Q3,0.607754
SE,CTI,2022-12-31,2022-Q4,0.519977
SE,CTI,2023-03-31,2023-Q1,0.587314
SE,CTI,2023-06-30,2023-Q2,0.584624
SE,CTI,2023-09-30,2023-Q3,0.561882
SE,CTI,2023-12-31,2023-Q4,0.525104
SE,CTI,2024-03-31,2024-Q1,0.528976
SE,CTI,2024-06-30,2024-Q2,0.59956
SE,CTI,2024-09-30,2024-Q3,0.543817
SE,CTI,2024-12-31,2024-Q4,0.542891
SI,CTI,2018-03-31,2018-Q1,0.609257
SI,CTI,2018-06-30,2018-Q2,0.552469
SI,CTI,2018-09-30,2018-Q3,0.633016
SI,CTI,2018-12-31,2018-Q4,0.602124
SI,CTI,2019-03-31,2019-Q1,0.55562
SI,CTI,2019-06-30,2019-Q2,0.550898
SI,CTI,2019-09-30,2019-Q3,0.623612
SI,CTI,2019-12-31,2019-Q4,0.614519
SI,CTI,2020-03-31,2020-Q1,0.558082
SI,CTI,2020-06-30,2020-Q2,0.603685
SI,CTI,2020-09-30,2020-Q3,0.552756
SI,CTI,2020-12-31,2020-Q4,0.634628
SI,CTI,2021-03-31,2021-Q1,0.584836
SI,CTI,2021-06-30,2021-Q2,0.549456
SI,CTI,2021-09-30,2021-Q3,0.525755
SI,CTI,2021-12-31,2021-Q4,0.614539
SI,CTI,2022-03-31,2022-Q1,0.589732
SI,CTI,2022-06-30,2022-Q2,0.536893
SI,CTI,2022-09-30,2022-Q3,0.639519
SI,CTI,2022-12-31,2022-Q4,0.581818
SI,CTI,2023-03-31,2023-Q1,0.566014
SI,CTI,2023-06-30,2023-Q2,0.550604
SI,CTI,2023-09-30,2023-Q3,0.618557
SI,CTI,2023-12-31,2023-Q4,0.61501
SI,CTI,2024-03-31,2024-Q1,0.631348
SI,CTI,2024-06-30,2024-Q2,0.544072
SI,CTI,2024-09-30,2024-Q3,0.597076
SI,CTI,2024-12-31,2024-Q4,0.600777
SK,CTI,2018-03-31,2018-Q1,0.614914
SK,CTI,2018-06-30,2018-Q2,0.586265
SK,CTI,2018-09-30,2018-Q3,0.57601
SK,CTI,2018-12-31,2018-Q4,0.620853
SK,CTI,2019-03-31,2019-Q1,0.616557
SK,CTI,2019-06-30,2019-Q2,0.628987
SK,CTI,2019-09-30,2019-Q3,0.627901
SK,CTI,2019-12-31,2019-Q4,0.564198
SK,CTI,2020-03-31,2020-Q1,0.632682
SK,CTI,2020-06-30,2020-Q2,0.578133
SK,CTI,2020-09-30,2020-Q3,0.600732
SK,CTI,2020-12-31,2020-Q4,0.572436
SK,CTI,2021-03-31,2021-Q1,0.560208
SK,CTI,2021-06-30,2021-Q2,0.6137
SK,CTI,2021-09-30,2021-Q3,0.536321
SK,CTI,2021-12-31,2021-Q4,0.594402
SK,CTI,2022-03-31,2022-Q1,0.524421
SK,CTI,2022-06-30,2022-Q2,0.6382
SK,CTI,2022-09-30,2022-Q3,0.571107
SK,CTI,2022-12-31,2022-Q4,0.533849
SK,CTI,2023-03-31,2023-Q1,0.519289
SK,CTI,2023-06-30,2023-Q2,0.580126
SK,CTI,2023-09-30,2023-Q3,0.630147
SK,CTI,2023-12-31,2023-Q4,0.610918
SK,CTI,2024-03-31,2024-Q1,0.523139
SK,CTI,2024-06-30,2024-Q2,0.52331
SK,CTI,2024-09-30,2024-Q3,0.558409
SK,CTI,2024-12-31,2024-Q4,0.622324
AT,LCR,2018-03-31,2018-Q1,1.567481
AT,LCR,2018-06-30,2018-Q2,1.497517
AT,LCR,2018-09-30,2018-Q3,1.473876
AT,LCR,2018-12-31,2018-Q4,1.627838
AT,LCR,2019-03-31,2019-Q1,1.632606
AT,LCR,2019-06-30,2019-Q2,1.750612
AT,LCR,2019-09-30,2019-Q3,1.364831
AT,LCR,2019-12-31,2019-Q4,1.629554
AT,LCR,2020-03-31,2020-Q1,1.674232
AT,LCR,2020-06-30,2020-Q2,1.452644
AT,LCR,2020-09-30,2020-Q3,1.803323
AT,LCR,2020-12-31,2020-Q4,1.439864
AT,LCR,2021-03-31,2021-Q1,1.615677
AT,LCR,2021-06-30,2021-Q2,1.876378
AT,LCR,2021-09-30,2021-Q3,1.850925
AT,LCR,2021-12-31,2021-Q4,1.626651
AT,LCR,2022-03-31,2022-Q1,1.809885
AT,LCR,2022-06-30,2022-Q2,1.751494
AT,LCR,2022-09-30,2022-Q3,1.57212
AT,LCR,2022-12-31,2022-Q4,1.65927
AT,LCR,2023-03-31,2023-Q1,1.476231
AT,LCR,2023-06-30,2023-Q2,1.516124
AT,LCR,2023-09-30,2023-Q3,1.693829
AT,LCR,2023-12-31,2023-Q4,1.373519
AT,LCR,2024-03-31,2024-Q1,1.629319
AT,LCR,2024-06-30,2024-Q2,1.30535
AT,LCR,2024-09-30,2024-Q3,1.365563
AT,LCR,2024-12-31,2024-Q4,1.360919
BE,LCR,2018-03-31,2018-Q1,1.400486
BE,LCR,2018-06-30,2018-Q2,1.478506
BE,LCR,2018-09-30,2018-Q3,1.471618
BE,LCR,2018-12-31,2018-Q4,1.615918
BE,LCR,2019-03-31,2019-Q1,1.853676
BE,LCR,2019-06-30,2019-Q2,1.631716
BE,LCR,2019-09-30,2019-Q3,1.641147
BE,LCR,2019-12-31,2019-Q4,1.39662
BE,LCR,2020-03-31,2020-Q1,1.778499
BE,LCR,2020-06-30,2020-Q2,1.576984
BE,LCR,2020-09-30,2020-Q3,1.497771
BE,LCR,2020-12-31,2020-Q4,1.544166
BE,LCR,2021-03-31,2021-Q1,1.840874
BE,LCR,2021-06-30,2021-Q2,1.493649
BE,LCR,2021-09-30,2021-Q3,1.322011
BE,LCR,2021-12-31,2021-Q4,1.479661
BE,LCR,2022-03-31,2022-Q1,1.690469
BE,LCR,2022-06-30,2022-Q2,1.67201
BE,LCR,2022-09-30,2022-Q3,1.301433
BE,LCR,2022-12-31,2022-Q4,1.659308
BE,LCR,2023-03-31,2023-Q1,1.407599
BE,LCR,2023-06-30,2023-Q2,1.741788
BE,LCR,2023-09-30,2023-Q3,1.605639
BE,LCR,2023-12-31,2023-Q4,1.686986
BE,LCR,2024-03-31,2024-Q1,1.41487
BE,LCR,2024-06-30,2024-Q2,1.701548
BE,LCR,2024-09-30,2024-Q3,1.407208
BE,LCR,2024-12-31,2024-Q4,1.578653
CY,LCR,2018-03-31,2018-Q1,1.677357
CY,LCR,2018-06-30,2018-Q2,1.406151
CY,LCR,2018-09-30,2018-Q3,1.558591
CY,LCR,2018-12-31,2018-Q4,1.719377
CY,LCR,2019-03-31,2019-Q1,1.562948
CY,LCR,2019-06-30,2019-Q2,1.433212
CY,LCR,2019-09-30,2019-Q3,1.432784
CY,LCR,2019-12-31,2019-Q4,1.430369
CY,LCR,2020-03-31,2020-Q1,1.71597
CY,LCR,2020-06-30,2020-Q2,1.400485
CY,LCR,2020-09-30,2020-Q3,1.646088
CY,LCR,2020-12-31,2020-Q4,1.416789
CY,LCR,2021-03-31,2021-Q1,1.28648
CY,LCR,2021-06-30,2021-Q2,1.788042
CY,LCR,2021-09-30,2021-Q3,1.357089
CY,LCR,2021-12-31,2021-Q4,1.503709
CY,LCR,2022-03-31,2022-Q1,1.302495
CY,LCR,2022-06-30,2022-Q2,1.790934
CY,LCR,2022-09-30,2022-Q3,1.823905
CY,LCR,2022-12-31,2022-Q4,1.316462
CY,LCR,2023-03-31,2023-Q1,1.387594
CY,LCR,2023-06-30,2023-Q2,1.460692
CY,LCR,2023-09-30,2023-Q3,1.433815
CY,LCR,2023-12-31,2023-Q4,1.319083
CY,LCR,2024-03-31,2024-Q1,1.745042
CY,LCR,2024-06-30,2024-Q2,1.692246
CY,LCR,2024-09-30,2024-Q3,1.601557
CY,LCR,2024-12-31,2024-Q4,1.606719
DE,LCR,2018-03-31,2018-Q1,1.876337
DE,LCR,2018-06-30,2018-Q2,1.853784
DE,LCR,2018-09-30,2018-Q3,1.579395
DE,LCR,2018-12-31,2018-Q4,1.376779
DE,LCR,2019-03-31,2019-Q1,1.446615
DE,LCR,2019-06-30,2019-Q2,1.576894
DE,LCR,2019-09-30,2019-Q3,1.332681
DE,LCR,2019-12-31,2019-Q4,1.558167
DE,LCR,2020-03-31,2020-Q1,1.879673
DE,LCR,2020-06-30,2020-Q2,1.387909
DE,LCR,2020-09-30,2020-Q3,1.62142
DE,LCR,2020-12-31,2020-Q4,1.708846
DE,LCR,2021-03-31,2021-Q1,1.452076
DE,LCR,2021-06-30,2021-Q2,1.337048
DE,LCR,2021-09-30,2021-Q3,1.578774
DE,LCR,2021-12-31,2021-Q4,1.888887
DE,LCR,2022-03-31,2022-Q1,1.615626
DE,LCR,2022-06-30,2022-Q2,1.344705
DE,LCR,2022-09-30,2022-Q3,1.390484
DE,LCR,2022-12-31,2022-Q4,1.333465
DE,LCR,2023-03-31,2023-Q1,1.643622
DE,LCR,2023-06-30,2023-Q2,1.815193
DE,LCR,2023-09-30,2023-Q3,1.460836
DE,LCR,2023-12-31,2023-Q4,1.647556
DE,LCR,2024-03-31,2024-Q1,1.565838
DE,LCR,2024-06-30,2024-Q2,1.676336
DE,LCR,2024-09-30,2024-Q3,1.372364
DE,LCR,2024-12-31,2024-Q4,1.817222
DK,LCR,2018-03-31,2018-Q1,1.791706
DK,LCR,2018-06-30,2018-Q2,1.658273
DK,LCR,2018-09-30,2018-Q3,1.476366
DK,LCR,2018-12-31,2018-Q4,1.746967
DK,LCR,2019-03-31,2019-Q1,1.409562
DK,LCR,2019-06-30,2019-Q2,1.834892
DK,LCR,2019-09-30,2019-Q3,1.353903
DK,LCR,2019-12-31,2019-Q4,1.7726
DK,LCR,2020-03-31,2020-Q1,1.446526
DK,LCR,2020-06-30,2020-Q2,1.473596
DK,LCR,2020-09-30,2020-Q3,1.646597
DK,LCR,2020-12-31,2020-Q4,1.497082
DK,LCR,2021-03-31,2021-Q1,1.341358
DK,LCR,2021-06-30,2021-Q2,1.639443
DK,LCR,2021-09-30,2021-Q3,1.544148
DK,LCR,2021-12-31,2021-Q4,1.742737
DK,LCR,2022-03-31,2022-Q1,1.693406
DK,LCR,2022-06-30,2022-Q2,1.676643
DK,LCR,2022-09-30,2022-Q3,1.605523
DK,LCR,2022-12-31,2022-Q4,1.732778
DK,LCR,2023-03-31,2023-Q1,1.898588
DK,LCR,2023-06-30,2023-Q2,1.907833
DK,LCR,2023-09-30,2023-Q3,1.533871
DK,LCR,2023-12-31,2023-Q4,1.414503
DK,LCR,2024-03-31,2024-Q1,1.78946
DK,LCR,2024-06-30,2024-Q2,1.686223
DK,LCR,2024-09-30,2024-Q3,1.757454
DK,LCR,2024-12-31,2024-Q4,1.575744
ES,LCR,2018-03-31,2018-Q1,1.8332
ES,LCR,2018-06-30,2018-Q2,1.780513
ES,LCR,2018-09-30,2018-Q3,1.514867
ES,LCR,2018-12-31,2018-Q4,1.521766
ES,LCR,2019-03-31,2019-Q1,1.512909
ES,LCR,2019-06-30,2019-Q2,1.428352
ES,LCR,2019-09-30,2019-Q3,1.859851
ES,LCR,2019-12-31,2019-Q4,1.381742
ES,LCR,2020-03-31,2020-Q1,1.55456
ES,LCR,2020-06-30,2020-Q2,1.70082
ES,LCR,2020-09-30,2020-Q3,1.896782
ES,LCR,2020-12-31,2020-Q4,1.486276
ES,LCR,2021-03-31,2021-Q1,1.714153
ES,LCR,2021-06-30,2021-Q2,1.36007
ES,LCR,2021-09-30,2021-Q3,1.695058
ES,LCR,2021-12-31,2021-Q4,1.879512
ES,LCR,2022-03-31,2022-Q1,1.666289
ES,LCR,2022-06-30,2022-Q2,1.743601
ES,LCR,2022-09-30,2022-Q3,1.821504
ES,LCR,2022-12-31,2022-Q4,1.391755
ES,LCR,2023-03-31,2023-Q1,1.811914
ES,LCR,2023-06-30,2023-Q2,1.587213
ES,LCR,2023-09-30,2023-Q3,1.725328
ES,LCR,2023-12-31,2023-Q4,1.386346
ES,LCR,2024-03-31,2024-Q1,1.339106
ES,LCR,2024-06-30,2024-Q2,1.332803
ES,LCR,2024-09-30,2024-Q3,1.828467
ES,LCR,2024-12-31,2024-Q4,1.838123
EU,LCR,2018-03-31,2018-Q1,1.366214
EU,LCR,2018-06-30,2018-Q2,1.729107
EU,LCR,2018-09-30,2018-Q3,1.514717
EU,LCR,2018-12-31,2018-Q4,1.430809
EU,LCR,2019-03-31,2019-Q1,1.568523
EU,LCR,2019-06-30,2019-Q2,1.655382
EU,LCR,2019-09-30,2019-Q3,1.611
EU,LCR,2019-12-31,2019-Q4,1.54345
EU,LCR,2020-03-31,2020-Q1,1.58949
EU,LCR,2020-06-30,2020-Q2,1.591486
EU,LCR,2020-09-30,2020-Q3,1.609416
EU,LCR,2020-12-31,2020-Q4,1.783237
EU,LCR,2021-03-31,2021-Q1,1.661665
EU,LCR,2021-06-30,2021-Q2,1.734257
EU,LCR,2021-09-30,2021-Q3,1.624625
EU,LCR,2021-12-31,2021-Q4,1.30312
EU,LCR,2022-03-31,2022-Q1,1.444522
EU,LCR,2022-06-30,2022-Q2,1.491702
EU,LCR,2022-09-30,2022-Q3,1.445356
EU,LCR,2022-12-31,2022-Q4,1.830606
EU,LCR,2023-03-31,2023-Q1,1.52785
EU,LCR,2023-06-30,2023-Q2,1.309025
EU,LCR,2023-09-30,2023-Q3,1.462655
EU,LCR,2023-12-31,2023-Q4,1.664655
EU,LCR,2024-03-31,2024-Q1,1.795484
EU,LCR,2024-06-30,2024-Q2,1.439129
EU,LCR,2024-09-30,2024-Q3,1.671494
EU,LCR,2024-12-31,2024-Q4,1.437545
FI,LCR,2018-03-31,2018-Q1,1.639944
FI,LCR,2018-06-30,2018-Q2,1.552885
FI,LCR,2018-09-30,2018-Q3,1.699509
FI,LCR,2018-12-31,2018-Q4,1.446555
FI,LCR,2019-03-31,2019-Q1,1.675272
FI,LCR,2019-06-30,2019-Q2,1.670937
FI,LCR,2019-09-30,2019-Q3,1.601101
FI,LCR,2019-12-31,2019-Q4,1.86355
FI,LCR,2020-03-31,2020-Q1,1.427497
FI,LCR,2020-06-30,2020-Q2,1.858542
FI,LCR,2020-09-30,2020-Q3,1.646047
FI,LCR,2020-12-31,2020-Q4,1.488683
FI,LCR,2021-03-31,2021-Q1,1.341371
FI,LCR,2021-06-30,2021-Q2,1.78606
FI,LCR,2021-09-30,2021-Q3,1.673129
FI,LCR,2021-12-31,2021-Q4,1.721392
FI,LCR,2022-03-31,2022-Q1,1.338022
FI,LCR,2022-06-30,2022-Q2,1.684253
FI,LCR,2022-09-30,2022-Q3,1.51069
FI,LCR,2022-12-31,2022-Q4,1.452681
FI,LCR,2023-03-31,2023-Q1,1.76912
FI,LCR,2023-06-30,2023-Q2,1.845298
FI,LCR,2023-09-30,2023-Q3,1.349952
FI,LCR,2023-12-31,2023-Q4,1.686881
FI,LCR,2024-03-31,2024-Q1,1.846719
FI,LCR,2024-06-30,2024-Q2,1.379115
FI,LCR,2024-09-30,2024-Q3,1.814196
FI,LCR,2024-12-31,2024-Q4,1.886584
FR,LCR,2018-03-31,2018-Q1,1.309724
FR,LCR,2018-06-30,2018-Q2,1.578091
FR,LCR,2018-09-30,2018-Q3,1.604044
FR,LCR,2018-12-31,2018-Q4,1.745668
FR,LCR,2019-03-31,2019-Q1,1.689845
FR,LCR,2019-06-30,2019-Q2,1.544004
FR,LCR,2019-09-30,2019-Q3,1.617601
FR,LCR,2019-12-31,2019-Q4,1.759101
FR,LCR,2020-03-31,2020-Q1,1.382445
FR,LCR,2020-06-30,2020-Q2,1.566487
FR,LCR,2020-09-30,2020-Q3,1.531017
FR,LCR,2020-12-31,2020-Q4,1.547872
FR,LCR,2021-03-31,2021-Q1,1.471771
FR,LCR,2021-06-30,2021-Q2,1.851818
FR,LCR,2021-09-30,2021-Q3,1.567466
FR,LCR,2021-12-31,2021-Q4,1.498714
FR,LCR,2022-03-31,2022-Q1,1.596339
FR,LCR,2022-06-30,2022-Q2,1.617303
FR,LCR,2022-09-30,2022-Q3,1.802085
FR,LCR,2022-12-31,2022-Q4,1.551045
FR,LCR,2023-03-31,2023-Q1,1.869182
FR,LCR,2023-06-30,2023-Q2,1.63858
FR,LCR,2023-09-30,2023-Q3,1.693925
FR,LCR,2023-12-31,2023-Q4,1.608661
FR,LCR,2024-03-31,2024-Q1,1.322036
FR,LCR,2024-06-30,2024-Q2,1.49989
FR,LCR,2024-09-30,2024-Q3,1.703222
FR,LCR,2024-12-31,2024-Q4,1.375207
GR,LCR,2018-03-31,2018-Q1,1.82804
GR,LCR,2018-06-30,2018-Q2,1.341407
GR,LCR,2018-09-30,2018-Q3,1.465372
GR,LCR,2018-12-31,2018-Q4,1.322477
GR,LCR,2019-03-31,2019-Q1,1.904599
GR,LCR,2019-06-30,2019-Q2,1.895918
GR,LCR,2019-09-30,2019-Q3,1.580627
GR,LCR,2019-12-31,2019-Q4,1.68174
GR,LCR,2020-03-31,2020-Q1,1.429807
GR,LCR,2020-06-30,2020-Q2,1.788757
GR,LCR,2020-09-30,2020-Q3,1.345258
GR,LCR,2020-12-31,2020-Q4,1.451078
GR,LCR,2021-03-31,2021-Q1,1.811011
GR,LCR,2021-06-30,2021-Q2,1.559756
GR,LCR,2021-09-30,2021-Q3,1.574477
GR,LCR,2021-12-31,2021-Q4,1.442761
GR,LCR,2022-03-31,2022-Q1,1.890613
GR,LCR,2022-06-30,2022-Q2,1.739596
GR,LCR,2022-09-30,2022-Q3,1.627843
GR,LCR,2022-12-31,2022-Q4,1.754011
GR,LCR,2023-03-31,2023-Q1,1.544078
GR,LCR,2023-06-30,2023-Q2,1.466776
GR,LCR,2023-09-30,2023-Q3,1.556665
GR,LCR,2023-12-31,2023-Q4,1.596431
GR,LCR,2024-03-31,2024-Q1,1.845845
GR,LCR,2024-06-30,2024-Q2,1.562648
GR,LCR,2024-09-30,2024-Q3,1.671736
GR,LCR,2024-12-31,2024-Q4,1.609649
HR,LCR,2018-03-31,2018-Q1,1.683955
HR,LCR,2018-06-30,2018-Q2,1.454592
HR,LCR,2018-09-30,2018-Q3,1.853151
HR,LCR,2018-12-31,2018-Q4,1.810144
HR,LCR,2019-03-31,2019-Q1,1.549651
HR,LCR,2019-06-30,2019-Q2,1.4235
HR,LCR,2019-09-30,2019-Q3,1.291758
HR,LCR,2019-12-31,2019-Q4,1.830778
HR,LCR,2020-03-31,2020-Q1,1.812795
HR,LCR,2020-06-30,2020-Q2,1.31988
HR,LCR,2020-09-30,2020-Q3,1.767474
HR,LCR,2020-12-31,2020-Q4,1.711789
HR,LCR,2021-03-31,2021-Q1,1.679232
HR,LCR,2021-06-30,2021-Q2,1.771565
HR,LCR,2021-09-30,2021-Q3,1.399288
HR,LCR,2021-12-31,2021-Q4,1.687996
HR,LCR,2022-03-31,2022-Q1,1.763946
HR,LCR,2022-06-30,2022-Q2,1.779038
HR,LCR,2022-09-30,2022-Q3,1.592276
HR,LCR,2022-12-31,2022-Q4,1.659968
HR,LCR,2023-03-31,2023-Q1,1.837612
HR,LCR,2023-06-30,2023-Q2,1.666152
HR,LCR,2023-09-30,2023-Q3,1.364483
HR,LCR,2023-12-31,2023-Q4,1.473035
HR,LCR,2024-03-31,2024-Q1,1.790946
HR,LCR,2024-06-30,2024-Q2,1.604587
HR,LCR,2024-09-30,2024-Q3,1.535727
HR,LCR,2024-12-31,2024-Q4,1.793606
HU,LCR,2018-03-31,2018-Q1,1.742657
HU,LCR,2018-06-30,2018-Q2,1.310655
HU,LCR,2018-09-30,2018-Q3,1.698233
HU,LCR,2018-12-31,2018-Q4,1.441677
HU,LCR,2019-03-31,2019-Q1,1.588788
HU,LCR,2019-06-30,2019-Q2,1.600674
HU,LCR,2019-09-30,2019-Q3,1.500827
HU,LCR,2019-12-31,2019-Q4,1.412436
HU,LCR,2020-03-31,2020-Q1,1.513524
HU,LCR,2020-06-30,2020-Q2,1.629647
HU,LCR,2020-09-30,2020-Q3,1.514551
HU,LCR,2020-12-31,2020-Q4,1.770445
HU,LCR,2021-03-31,2021-Q1,1.638508
HU,LCR,2021-06-30,2021-Q2,1.869644
HU,LCR,2021-09-30,2021-Q3,1.620605
HU,LCR,2021-12-31,2021-Q4,1.701694
HU,LCR,2022-03-31,2022-Q1,1.559308
HU,LCR,2022-06-30,2022-Q2,1.886492
HU,LCR,2022-09-30,2022-Q3,1.306821
HU,LCR,2022-12-31,2022-Q4,1.674556
HU,LCR,2023-03-31,2023-Q1,1.618711
HU,LCR,2023-06-30,2023-Q2,1.617456
HU,LCR,2023-09-30,2023-Q3,1.386699
HU,LCR,2023-12-31,2023-Q4,1.405259
HU,LCR,2024-03-31,2024-Q1,1.573351
HU,LCR,2024-06-30,2024-Q2,1.529605
HU,LCR,2024-09-30,2024-Q3,1.686603
HU,LCR,2024-12-31,2024-Q4,1.839151
IE,LCR,2018-03-31,2018-Q1,1.787419
IE,LCR,2018-06-30,2018-Q2,1.74719
IE,LCR,2018-09-30,2018-Q3,1.524825
IE,LCR,2018-12-31,2018-Q4,1.834686
IE,LCR,2019-03-31,2019-Q1,1.558949
IE,LCR,2019-06-30,2019-Q2,1.644009
IE,LCR,2019-09-30,2019-Q3,1.775926
IE,LCR,2019-12-31,2019-Q4,1.793245
IE,LCR,2020-03-31,2020-Q1,1.729738
IE,LCR,2020-06-30,2020-Q2,1.651944
IE,LCR,2020-09-30,2020-Q3,1.595007
IE,LCR,2020-12-31,2020-Q4,1.347435
IE,LCR,2021-03-31,2021-Q1,1.568808
IE,LCR,2021-06-30,2021-Q2,1.796338
IE,LCR,2021-09-30,2021-Q3,1.623774
IE,LCR,2021-12-31,2021-Q4,1.840338
IE,LCR,2022-03-31,2022-Q1,1.485088
IE,LCR,2022-06-30,2022-Q2,1.666529
IE,LCR,2022-09-30,2022-Q3,1.67572
IE,LCR,2022-12-31,2022-Q4,1.576888
IE,LCR,2023-03-31,2023-Q1,1.463056
IE,LCR,2023-06-30,2023-Q2,1.578759
IE,LCR,2023-09-30,2023-Q3,1.351189
IE,LCR,2023-12-31,2023-Q4,1.465506
IE,LCR,2024-03-31,2024-Q1,1.66061
IE,LCR,2024-06-30,2024-Q2,1.560963
IE,LCR,2024-09-30,2024-Q3,1.450303
IE,LCR,2024-12-31,2024-Q4,1.49674
IT,LCR,2018-03-31,2018-Q1,1.69514
IT,LCR,2018-06-30,2018-Q2,1.518763
IT,LCR,2018-09-30,2018-Q3,1.542121
IT,LCR,2018-12-31,2018-Q4,1.593854
IT,LCR,2019-03-31,2019-Q1,1.889829
IT,LCR,2019-06-30,2019-Q2,1.435816
IT,LCR,2019-09-30,2019-Q3,1.445034
IT,LCR,2019-12-31,2019-Q4,1.579712
IT,LCR,2020-03-31,2020-Q1,1.355575
IT,LCR,2020-06-30,2020-Q2,1.472118
IT,LCR,2020-09-30,2020-Q3,1.346077
IT,LCR,2020-12-31,2020-Q4,1.415707
IT,LCR,2021-03-31,2021-Q1,1.500562
IT,LCR,2021-06-30,2021-Q2,1.599655
IT,LCR,2021-09-30,2021-Q3,1.721198
IT,LCR,2021-12-31,2021-Q4,1.336549
IT,LCR,2022-03-31,2022-Q1,1.824081
IT,LCR,2022-06-30,2022-Q2,1.523136
IT,LCR,2022-09-30,2022-Q3,1.423628
IT,LCR,2022-12-31,2022-Q4,1.441055
IT,LCR,2023-03-31,2023-Q1,1.390422
IT,LCR,2023-06-30,2023-Q2,1.764967
IT,LCR,2023-09-30,2023-Q3,1.868087
IT,LCR,2023-12-31,2023-Q4,1.395937
IT,LCR,2024-03-31,2024-Q1,1.655692
IT,LCR,2024-06-30,2024-Q2,1.526078
IT,LCR,2024-09-30,2024-Q3,1.483653
IT,LCR,2024-12-31,2024-Q4,1.793392
LT,LCR,2018-03-31,2018-Q1,1.629034
LT,LCR,2018-06-30,2018-Q2,1.470951
LT,LCR,2018-09-30,2018-Q3,1.727927
LT,LCR,2018-12-31,2018-Q4,1.362265
LT,LCR,2019-03-31,2019-Q1,1.600825
LT,LCR,2019-06-30,2019-Q2,1.724329
LT,LCR,2019-09-30,2019-Q3,1.514312
LT,LCR,2019-12-31,2019-Q4,1.804338
LT,LCR,2020-03-31,2020-Q1,1.872061
LT,LCR,2020-06-30,2020-Q2,1.522237
LT,LCR,2020-09-30,2020-Q3,1.895687
LT,LCR,2020-12-31,2020-Q4,1.778809
LT,LCR,2021-03-31,2021-Q1,1.772231
LT,LCR,2021-06-30,2021-Q2,1.322084
LT,LCR,2021-09-30,2021-Q3,1.830953
LT,LCR,2021-12-31,2021-Q4,1.693565
LT,LCR,2022-03-31,2022-Q1,1.608023
LT,LCR,2022-06-30,2022-Q2,1.458059
LT,LCR,2022-09-30,2022-Q3,1.559342
LT,LCR,2022-12-31,2022-Q4,1.847729
LT,LCR,2023-03-31,2023-Q1,1.481827
LT,LCR,2023-06-30,2023-Q2,1.385813
LT,LCR,2023-09-30,2023-Q3,1.60607
LT,LCR,2023-12-31,2023-Q4,1.541001
LT,LCR,2024-03-31,2024-Q1,1.441963
LT,LCR,2024-06-30,2024-Q2,1.55826
LT,LCR,2024-09-30,2024-Q3,1.871256
LT,LCR,2024-12-31,2024-Q4,1.580871
LU,LCR,2018-03-31,2018-Q1,1.533827
LU,LCR,2018-06-30,2018-Q2,1.749458
LU,LCR,2018-09-30,2018-Q3,1.767475
LU,LCR,2018-12-31,2018-Q4,1.708315
LU,LCR,2019-03-31,2019-Q1,1.425508
LU,LCR,2019-06-30,2019-Q2,1.294358
LU,LCR,2019-09-30,2019-Q3,1.726084
LU,LCR,2019-12-31,2019-Q4,1.54535
LU,LCR,2020-03-31,2020-Q1,1.599279
LU,LCR,2020-06-30,2020-Q2,1.657378
LU,LCR,2020-09-30,2020-Q3,1.323214
LU,LCR,2020-12-31,2020-Q4,1.60473
LU,LCR,2021-03-31,2021-Q1,1.789649
LU,LCR,2021-06-30,2021-Q2,1.335201
LU,LCR,2021-09-30,2021-Q3,1.622062
LU,LCR,2021-12-31,2021-Q4,1.293484
LU,LCR,2022-03-31,2022-Q1,1.386965
LU,LCR,2022-06-30,2022-Q2,1.338291
LU,LCR,2022-09-30,2022-Q3,1.352758
LU,LCR,2022-12-31,2022-Q4,1.704799
LU,LCR,2023-03-31,2023-Q1,1.840412
LU,LCR,2023-06-30,2023-Q2,1.514455
LU,LCR,2023-09-30,2023-Q3,1.413041
LU,LCR,2023-12-31,2023-Q4,1.332786
LU,LCR,2024-03-31,2024-Q1,1.468648
LU,LCR,2024-06-30,2024-Q2,1.735744
LU,LCR,2024-09-30,2024-Q3,1.46847
LU,LCR,2024-12-31,2024-Q4,1.607697
LV,LCR,2018-03-31,2018-Q1,1.403434
LV,LCR,2018-06-30,2018-Q2,1.433825
LV,LCR,2018-09-30,2018-Q3,1.7265
LV,LCR,2018-12-31,2018-Q4,1.887764
LV,LCR,2019-03-31,2019-Q1,1.730659
LV,LCR,2019-06-30,2019-Q2,1.795555
LV,LCR,2019-09-30,2019-Q3,1.500549
LV,LCR,2019-12-31,2019-Q4,1.439496
LV,LCR,2020-03-31,2020-Q1,1.355234
LV,LCR,2020-06-30,2020-Q2,1.363243
LV,LCR,2020-09-30,2020-Q3,1.497862
LV,LCR,2020-12-31,2020-Q4,1.331026
LV,LCR,2021-03-31,2021-Q1,1.604604
LV,LCR,2021-06-30,2021-Q2,1.743669
LV,LCR,2021-09-30,2021-Q3,1.761163
LV,LCR,2021-12-31,2021-Q4,1.461248
LV,LCR,2022-03-31,2022-Q1,1.798393
LV,LCR,2022-06-30,2022-Q2,1.639139
LV,LCR,2022-09-30,2022-Q3,1.572365
LV,LCR,2022-12-31,2022-Q4,1.640159
LV,LCR,2023-03-31,2023-Q1,1.620785
LV,LCR,2023-06-30,2023-Q2,1.397963
LV,LCR,2023-09-30,2023-Q3,1.48635
LV,LCR,2023-12-31,2023-Q4,1.408874
LV,LCR,2024-03-31,2024-Q1,1.874751
LV,LCR,2024-06-30,2024-Q2,1.34415
LV,LCR,2024-09-30,2024-Q3,1.777279
LV,LCR,2024-12-31,2024-Q4,1.590805
MT,LCR,2018-03-31,2018-Q1,1.871925
MT,LCR,2018-06-30,2018-Q2,1.744231
MT,LCR,2018-09-30,2018-Q3,1.515544
MT,LCR,2018-12-31,2018-Q4,1.437708
MT,LCR,2019-03-31,2019-Q1,1.573392
MT,LCR,2019-06-30,2019-Q2,1.823544
MT,LCR,2019-09-30,2019-Q3,1.742085
MT,LCR,2019-12-31,2019-Q4,1.544093
MT,LCR,2020-03-31,2020-Q1,1.496059
MT,LCR,2020-06-30,2020-Q2,1.400832
MT,LCR,2020-09-30,2020-Q3,1.497896
MT,LCR,2020-12-31,2020-Q4,1.44259
MT,LCR,2021-03-31,2021-Q1,1.662139
MT,LCR,2021-06-30,2021-Q2,1.560192
MT,LCR,2021-09-30,2021-Q3,1.327301
MT,LCR,2021-12-31,2021-Q4,1.759447
MT,LCR,2022-03-31,2022-Q1,1.629621
MT,LCR,2022-06-30,2022-Q2,1.4948
MT,LCR,2022-09-30,2022-Q3,1.381431
MT,LCR,2022-12-31,2022-Q4,1.725779
MT,LCR,2023-03-31,2023-Q1,1.42997
MT,LCR,2023-06-30,2023-Q2,1.662603
MT,LCR,2023-09-30,2023-Q3,1.837607
MT,LCR,2023-12-31,2023-Q4,1.817063
MT,LCR,2024-03-31,2024-Q1,1.649423
MT,LCR,2024-06-30,2024-Q2,1.471684
MT,LCR,2024-09-30,2024-Q3,1.881483
MT,LCR,2024-12-31,2024-Q4,1.367744
NL,LCR,2018-03-31,2018-Q1,1.457307
NL,LCR,2018-06-30,2018-Q2,1.466055
NL,LCR,2018-09-30,2018-Q3,1.471427
NL,LCR,2018-12-31,2018-Q4,1.840595
NL,LCR,2019-03-31,2019-Q1,1.791796
NL,LCR,2019-06-30,2019-Q2,1.530786
NL,LCR,2019-09-30,2019-Q3,1.862246
NL,LCR,2019-12-31,2019-Q4,1.77281
NL,LCR,2020-03-31,2020-Q1,1.777626
NL,LCR,2020-06-30,2020-Q2,1.837388
NL,LCR,2020-09-30,2020-Q3,1.320439
NL,LCR,2020-12-31,2020-Q4,1.414851
NL,LCR,2021-03-31,2021-Q1,1.449724
NL,LCR,2021-06-30,2021-Q2,1.659542
NL,LCR,2021-09-30,2021-Q3,1.87564
NL,LCR,2021-12-31,2021-Q4,1.657425
NL,LCR,2022-03-31,2022-Q1,1.48345
NL,LCR,2022-06-30,2022-Q2,1.628279
NL,LCR,2022-09-30,2022-Q3,1.342665
NL,LCR,2022-12-31,2022-Q4,1.683827
NL,LCR,2023-03-31,2023-Q1,1.888175
NL,LCR,2023-06-30,2023-Q2,1.658038
NL,LCR,2023-09-30,2023-Q3,1.51689
NL,LCR,2023-12-31,2023-Q4,1.553362
NL,LCR,2024-03-31,2024-Q1,1.690144
NL,LCR,2024-06-30,2024-Q2,1.906322
NL,LCR,2024-09-30,2024-Q3,1.53599
NL,LCR,2024-12-31,2024-Q4,1.870816
NO,LCR,2018-03-31,2018-Q1,1.829798
NO,LCR,2018-06-30,2018-Q2,1.882769
NO,LCR,2018-09-30,2018-Q3,1.72362
NO,LCR,2018-12-31,2018-Q4,1.41221
NO,LCR,2019-03-31,2019-Q1,1.406347
NO,LCR,2019-06-30,2019-Q2,1.74872
NO,LCR,2019-09-30,2019-Q3,1.521691
NO,LCR,2019-12-31,2019-Q4,1.510183
NO,LCR,2020-03-31,2020-Q1,1.462964
NO,LCR,2020-06-30,2020-Q2,1.850841
NO,LCR,2020-09-30,2020-Q3,1.448116
NO,LCR,2020-12-31,2020-Q4,1.465174
NO,LCR,2021-03-31,2021-Q1,1.654471
NO,LCR,2021-06-30,2021-Q2,1.339491
NO,LCR,2021-09-30,2021-Q3,1.779682
NO,LCR,2021-12-31,2021-Q4,1.59415
NO,LCR,2022-03-31,2022-Q1,1.682687
NO,LCR,2022-06-30,2022-Q2,1.599839
NO,LCR,2022-09-30,2022-Q3,1.429658
NO,LCR,2022-12-31,2022-Q4,1.648516
NO,LCR,2023-03-31,2023-Q1,1.34541
NO,LCR,2023-06-30,2023-Q2,1.48685
NO,LCR,2023-09-30,2023-Q3,1.463125
NO,LCR,2023-12-31,2023-Q4,1.564122
NO,LCR,2024-03-31,2024-Q1,1.653298
NO,LCR,2024-06-30,2024-Q2,1.670934
NO,LCR,2024-09-30,2024-Q3,1.62185
NO,LCR,2024-12-31,2024-Q4,1.630447
PL,LCR,2018-03-31,2018-Q1,1.465399
PL,LCR,2018-06-30,2018-Q2,1.582731
PL,LCR,2018-09-30,2018-Q3,1.502243
PL,LCR,2018-12-31,2018-Q4,1.335245
PL,LCR,2019-03-31,2019-Q1,1.559828
PL,LCR,2019-06-30,2019-Q2,1.562294
PL,LCR,2019-09-30,2019-Q3,1.549083
PL,LCR,2019-12-31,2019-Q4,1.818254
PL,LCR,2020-03-31,2020-Q1,1.46247
PL,LCR,2020-06-30,2020-Q2,1.313204
PL,LCR,2020-09-30,2020-Q3,1.393983
PL,LCR,2020-12-31,2020-Q4,1.820816
PL,LCR,2021-03-31,2021-Q1,1.5693
PL,LCR,2021-06-30,2021-Q2,1.562382
PL,LCR,2021-09-30,2021-Q3,1.455159
PL,LCR,2021-12-31,2021-Q4,1.826484
PL,LCR,2022-03-31,2022-Q1,1.822194
PL,LCR,2022-06-30,2022-Q2,1.493693
PL,LCR,2022-09-30,2022-Q3,1.648619
PL,LCR,2022-12-31,2022-Q4,1.60935
PL,LCR,2023-03-31,2023-Q1,1.418631
PL,LCR,2023-06-30,2023-Q2,1.512449
PL,LCR,2023-09-30,2023-Q3,1.857554
PL,LCR,2023-12-31,2023-Q4,1.522435
PL,LCR,2024-03-31,2024-Q1,1.400165
PL,LCR,2024-06-30,2024-Q2,1.747223
PL,LCR,2024-09-30,2024-Q3,1.337067
PL,LCR,2024-12-31,2024-Q4,1.873614
PT,LCR,2018-03-31,2018-Q1,1.902247
PT,LCR,2018-06-30,2018-Q2,1.394734
PT,LCR,2018-09-30,2018-Q3,1.452976
PT,LCR,2018-12-31,2018-Q4,1.333831
PT,LCR,2019-03-31,2019-Q1,1.6095
PT,LCR,2019-06-30,2019-Q2,1.341718
PT,LCR,2019-09-30,2019-Q3,1.694644
PT,LCR,2019-12-31,2019-Q4,1.343889
PT,LCR,2020-03-31,2020-Q1,1.738308
PT,LCR,2020-06-30,2020-Q2,1.459669
PT,LCR,2020-09-30,2020-Q3,1.687815
PT,LCR,2020-12-31,2020-Q4,1.696494
PT,LCR,2021-03-31,2021-Q1,1.848665
PT,LCR,2021-06-30,2021-Q2,1.395207
PT,LCR,2021-09-30,2021-Q3,1.660201
PT,LCR,2021-12-31,2021-Q4,1.490226
PT,LCR,2022-03-31,2022-Q1,1.754459
PT,LCR,2022-06-30,2022-Q2,1.768261
PT,LCR,2022-09-30,2022-Q3,1.419341
PT,LCR,2022-12-31,2022-Q4,1.810671
PT,LCR,2023-03-31,2023-Q1,1.407206
PT,LCR,2023-06-30,2023-Q2,1.373895
PT,LCR,2023-09-30,2023-Q3,1.330149
PT,LCR,2023-12-31,2023-Q4,1.853013
PT,LCR,2024-03-31,2024-Q1,1.355612
PT,LCR,2024-06-30,2024-Q2,1.652904
PT,LCR,2024-09-30,2024-Q3,1.849182
PT,LCR,2024-12-31,2024-Q4,1.879325
RO,LCR,2018-03-31,2018-Q1,1.322004
RO,LCR,2018-06-30,2018-Q2,1.358592
RO,LCR,2018-09-30,2018-Q3,1.600842
RO,LCR,2018-12-31,2018-Q4,1.378243
RO,LCR,2019-03-31,2019-Q1,1.821042
RO,LCR,2019-06-30,2019-Q2,1.347939
RO,LCR,2019-09-30,2019-Q3,1.509058
RO,LCR,2019-12-31,2019-Q4,1.521333
RO,LCR,2020-03-31,2020-Q1,1.375564
RO,LCR,2020-06-30,2020-Q2,1.422215
RO,LCR,2020-09-30,2020-Q3,1.383987
RO,LCR,2020-12-31,2020-Q4,1.512933
RO,LCR,2021-03-31,2021-Q1,1.876671
RO,LCR,2021-06-30,2021-Q2,1.721807
RO,LCR,2021-09-30,2021-Q3,1.338693
RO,LCR,2021-12-31,2021-Q4,1.406656
RO,LCR,2022-03-31,2022-Q1,1.468914
RO,LCR,2022-06-30,2022-Q2,1.891394
RO,LCR,2022-09-30,2022-Q3,1.776287
RO,LCR,2022-12-31,2022-Q4,1.408457
RO,LCR,2023-03-31,2023-Q1,1.744688
RO,LCR,2023-06-30,2023-Q2,1.89982
RO,LCR,2023-09-30,2023-Q3,1.44538
RO,LCR,2023-12-31,2023-Q4,1.387029
RO,LCR,2024-03-31,2024-Q1,1.394225
RO,LCR,2024-06-30,2024-Q2,1.394481
RO,LCR,2024-09-30,2024-Q3,1.578251
RO,LCR,2024-12-31,2024-Q4,1.328114
SE,LCR,2018-03-31,2018-Q1,1.714593
SE,LCR,2018-06-30,2018-Q2,1.567977
SE,LCR,2018-09-30,2018-Q3,1.503462
SE,LCR,2018-12-31,2018-Q4,1.866404
SE,LCR,2019-03-31,2019-Q1,1.75686
SE,LCR,2019-06-30,2019-Q2,1.383007
SE,LCR,2019-09-30,2019-Q3,1.460891
SE,LCR,2019-12-31,2019-Q4,1.563953
SE,LCR,2020-03-31,2020-Q1,1.73244
SE,LCR,2020-06-30,2020-Q2,1.318603
SE,LCR,2020-09-30,2020-Q3,1.369276
SE,LCR,2020-12-31,2020-Q4,1.587446
SE,LCR,2021-03-31,2021-Q1,1.411533
SE,LCR,2021-06-30,2021-Q2,1.408202
SE,LCR,2021-09-30,2021-Q3,1.786127
SE,LCR,2021-12-31,2021-Q4,1.44653
SE,LCR,2022-03-31,2022-Q1,1.678741
SE,LCR,2022-06-30,2022-Q2,1.695961
SE,LCR,2022-09-30,2022-Q3,1.634805
SE,LCR,2022-12-31,2022-Q4,1.396901
SE,LCR,2023-03-31,2023-Q1,1.680313
SE,LCR,2023-06-30,2023-Q2,1.422567
SE,LCR,2023-09-30,2023-Q3,1.595393
SE,LCR,2023-12-31,2023-Q4,1.397146
SE,LCR,2024-03-31,2024-Q1,1.356587
SE,LCR,2024-06-30,2024-Q2,1.30905
SE,LCR,2024-09-30,2024-Q3,1.588325
SE,LCR,2024-12-31,2024-Q4,1.423408
SI,LCR,2018-03-31,2018-Q1,1.389743
SI,LCR,2018-06-30,2018-Q2,1.595676
SI,LCR,2018-09-30,2018-Q3,1.299377
SI,LCR,2018-12-31,2018-Q4,1.756227
SI,LCR,2019-03-31,2019-Q1,1.420705
SI,LCR,2019-06-30,2019-Q2,1.443262
SI,LCR,2019-09-30,2019-Q3,1.385857
SI,LCR,2019-12-31,2019-Q4,1.62112
SI,LCR,2020-03-31,2020-Q1,1.835187
SI,LCR,2020-06-30,2020-Q2,1.536848
SI,LCR,2020-09-30,2020-Q3,1.388726
SI,LCR,2020-12-31,2020-Q4,1.46543
SI,LCR,2021-03-31,2021-Q1,1.313831
SI,LCR,2021-06-30,2021-Q2,1.461081
SI,LCR,2021-09-30,2021-Q3,1.299434
SI,LCR,2021-12-31,2021-Q4,1.69259
SI,LCR,2022-03-31,2022-Q1,1.463238
SI,LCR,2022-06-30,2022-Q2,1.600565
SI,LCR,2022-09-30,2022-Q3,1.822895
SI,LCR,2022-12-31,2022-Q4,1.835098
SI,LCR,2023-03-31,2023-Q1,1.553269
SI,LCR,2023-06-30,2023-Q2,1.552501
SI,LCR,2023-09-30,2023-Q3,1.442551
SI,LCR,2023-12-31,2023-Q4,1.383305
SI,LCR,2024-03-31,2024-Q1,1.621431
SI,LCR,2024-06-30,2024-Q2,1.471
SI,LCR,2024-09-30,2024-Q3,1.31093
SI,LCR,2024-12-31,2024-Q4,1.649262
SK,LCR,2018-03-31,2018-Q1,1.63596
SK,LCR,2018-06-30,2018-Q2,1.701204
SK,LCR,2018-09-30,2018-Q3,1.310563
SK,LCR,2018-12-31,2018-Q4,1.411072
SK,LCR,2019-03-31,2019-Q1,1.558085
SK,LCR,2019-06-30,2019-Q2,1.493957
SK,LCR,2019-09-30,2019-Q3,1.575223
SK,LCR,2019-12-31,2019-Q4,1.63864
SK,LCR,2020-03-31,2020-Q1,1.680315
SK,LCR,2020-06-30,2020-Q2,1.733127
SK,LCR,2020-09-30,2020-Q3,1.664996
SK,LCR,2020-12-31,2020-Q4,1.707163
SK,LCR,2021-03-31,2021-Q1,1.299649
SK,LCR,2021-06-30,2021-Q2,1.875604
SK,LCR,2021-09-30,2021-Q3,1.383849
SK,LCR,2021-12-31,2021-Q4,1.889167
SK,LCR,2022-03-31,2022-Q1,1.302738
SK,LCR,2022-06-30,2022-Q2,1.722875
SK,LCR,2022-09-30,2022-Q3,1.873775
SK,LCR,2022-12-31,2022-Q4,1.502912
SK,LCR,2023-03-31,2023-Q1,1.816919
SK,LCR,2023-06-30,2023-Q2,1.707832
SK,LCR,2023-09-30,2023-Q3,1.619199
SK,LCR,2023-12-31,2023-Q4,1.445213
SK,LCR,2024-03-31,2024-Q1,1.694032
SK,LCR,2024-06-30,2024-Q2,1.619429
SK,LCR,2024-09-30,2024-Q3,1.816019
SK,LCR,2024-12-31,2024-Q4,1.505985
AT,LEV_RATIO,2018-03-31,2018-Q1,0.056352
AT,LEV_RATIO,2018-06-30,2018-Q2,0.066071
AT,LEV_RATIO,2018-09-30,2018-Q3,0.049038
AT,LEV_RATIO,2018-12-31,2018-Q4,0.068777
AT,LEV_RATIO,2019-03-31,2019-Q1,0.053884
AT,LEV_RATIO,2019-06-30,2019-Q2,0.070358
AT,LEV_RATIO,2019-09-30,2019-Q3,0.062812
AT,LEV_RATIO,2019-12-31,2019-Q4,0.055457
AT,LEV_RATIO,2020-03-31,2020-Q1,0.068271
AT,LEV_RATIO,2020-06-30,2020-Q2,0.061234
AT,LEV_RATIO,2020-09-30,2020-Q3,0.060723
AT,LEV_RATIO,2020-12-31,2020-Q4,0.056344
AT,LEV_RATIO,2021-03-31,2021-Q1,0.061818
AT,LEV_RATIO,2021-06-30,2021-Q2,0.069981
AT,LEV_RATIO,2021-09-30,2021-Q3,0.051457
AT,LEV_RATIO,2021-12-31,2021-Q4,0.060639
AT,LEV_RATIO,2022-03-31,2022-Q1,0.064151
AT,LEV_RATIO,2022-06-30,2022-Q2,0.054608
AT,LEV_RATIO,2022-09-30,2022-Q3,0.071041
AT,LEV_RATIO,2022-12-31,2022-Q4,0.06213
AT,LEV_RATIO,2023-03-31,2023-Q1,0.07024
AT,LEV_RATIO,2023-06-30,2023-Q2,0.069166
AT,LEV_RATIO,2023-09-30,2023-Q3,0.050552
AT,LEV_RATIO,2023-12-31,2023-Q4,0.054337
AT,LEV_RATIO,2024-03-31,2024-Q1,0.063432
AT,LEV_RATIO,2024-06-30,2024-Q2,0.052462
AT,LEV_RATIO,2024-09-30,2024-Q3,0.048901
AT,LEV_RATIO,2024-12-31,2024-Q4,0.060735
BE,LEV_RATIO,2018-03-31,2018-Q1,0.042722
BE,LEV_RATIO,2018-06-30,2018-Q2,0.039569
BE,LEV_RATIO,2018-09-30,2018-Q3,0.039058
BE,LEV_RATIO,2018-12-31,2018-Q4,0.045582
BE,LEV_RATIO,2019-03-31,2019-Q1,0.046516
BE,LEV_RATIO,2019-06-30,2019-Q2,0.041644
BE,LEV_RATIO,2019-09-30,2019-Q3,0.056084
BE,LEV_RATIO,2019-12-31,2019-Q4,0.048118
BE,LEV_RATIO,2020-03-31,2020-Q1,0.050322
BE,LEV_RATIO,2020-06-30,2020-Q2,0.051102
BE,LEV_RATIO,2020-09-30,2020-Q3,0.038465
BE,LEV_RATIO,2020-12-31,2020-Q4,0.035743
BE,LEV_RATIO,2021-03-31,2021-Q1,0.036427
BE,LEV_RATIO,2021-06-30,2021-Q2,0.052131
BE,LEV_RATIO,2021-09-30,2021-Q3,0.057017
BE,LEV_RATIO,2021-12-31,2021-Q4,0.044691
BE,LEV_RATIO,2022-03-31,2022-Q1,0.03816
BE,LEV_RATIO,2022-06-30,2022-Q2,0.047885
BE,LEV_RATIO,2022-09-30,2022-Q3,0.04745
BE,LEV_RATIO,2022-12-31,2022-Q4,0.040572
BE,LEV_RATIO,2023-03-31,2023-Q1,0.036016
BE,LEV_RATIO,2023-06-30,2023-Q2,0.054775
BE,LEV_RATIO,2023-09-30,2023-Q3,0.046125
BE,LEV_RATIO,2023-12-31,2023-Q4,0.03693
BE,LEV_RATIO,2024-03-31,2024-Q1,0.034296
BE,LEV_RATIO,2024-06-30,2024-Q2,0.054653
BE,LEV_RATIO,2024-09-30,2024-Q3,0.036891
BE,LEV_RATIO,2024-12-31,2024-Q4,0.036899
CY,LEV_RATIO,2018-03-31,2018-Q1,0.048575
CY,LEV_RATIO,2018-06-30,2018-Q2,0.028974
CY,LEV_RATIO,2018-09-30,2018-Q3,0.051497
CY,LEV_RATIO,2018-12-31,2018-Q4,0.047942
CY,LEV_RATIO,2019-03-31,2019-Q1,0.037987
CY,LEV_RATIO,2019-06-30,2019-Q2,0.038454
CY,LEV_RATIO,2019-09-30,2019-Q3,0.033749
CY,LEV_RATIO,2019-12-31,2019-Q4,0.037326
CY,LEV_RATIO,2020-03-31,2020-Q1,0.033737
CY,LEV_RATIO,2020-06-30,2020-Q2,0.046011
CY,LEV_RATIO,2020-09-30,2020-Q3,0.03137
CY,LEV_RATIO,2020-12-31,2020-Q4,0.04414
CY,LEV_RATIO,2021-03-31,2021-Q1,0.039352
CY,LEV_RATIO,2021-06-30,2021-Q2,0.038977
CY,LEV_RATIO,2021-09-30,2021-Q3,0.03072
CY,LEV_RATIO,2021-12-31,2021-Q4,0.046253
CY,LEV_RATIO,2022-03-31,2022-Q1,0.051262
CY,LEV_RATIO,2022-06-30,2022-Q2,0.051616
CY,LEV_RATIO,2022-09-30,2022-Q3,0.036421
CY,LEV_RATIO,2022-12-31,2022-Q4,0.045822
CY,LEV_RATIO,2023-03-31,2023-Q1,0.036096
CY,LEV_RATIO,2023-06-30,2023-Q2,0.032036
CY,LEV_RATIO,2023-09-30,2023-Q3,0.049869
CY,LEV_RATIO,2023-12-31,2023-Q4,0.039584
CY,LEV_RATIO,2024-03-31,2024-Q1,0.044202
CY,LEV_RATIO,2024-06-30,2024-Q2,0.052133
CY,LEV_RATIO,2024-09-30,2024-Q3,0.043971
CY,LEV_RATIO,2024-12-31,2024-Q4,0.044819
DE,LEV_RATIO,2018-03-31,2018-Q1,0.053218
DE,LEV_RATIO,2018-06-30,2018-Q2,0.060509
DE,LEV_RATIO,2018-09-30,2018-Q3,0.06063
DE,LEV_RATIO,2018-12-31,2018-Q4,0.068886
DE,LEV_RATIO,2019-03-31,2019-Q1,0.068639
DE,LEV_RATIO,2019-06-30,2019-Q2,0.070101
DE,LEV_RATIO,2019-09-30,2019-Q3,0.054492
DE,LEV_RATIO,2019-12-31,2019-Q4,0.059244
DE,LEV_RATIO,2020-03-31,2020-Q1,0.057836
DE,LEV_RATIO,2020-06-30,2020-Q2,0.073095
DE,LEV_RATIO,2020-09-30,2020-Q3,0.056501
DE,LEV_RATIO,2020-12-31,2020-Q4,0.058875
DE,LEV_RATIO,2021-03-31,2021-Q1,0.060323
DE,LEV_RATIO,2021-06-30,2021-Q2,0.059975
DE,LEV_RATIO,2021-09-30,2021-Q3,0.061601
DE,LEV_RATIO,2021-12-31,2021-Q4,0.067533
DE,LEV_RATIO,2022-03-31,2022-Q1,0.061948
DE,LEV_RATIO,2022-06-30,2022-Q2,0.067417
DE,LEV_RATIO,2022-09-30,2022-Q3,0.052161
DE,LEV_RATIO,2022-12-31,2022-Q4,0.05026
DE,LEV_RATIO,2023-03-31,2023-Q1,0.072308
DE,LEV_RATIO,2023-06-30,2023-Q2,0.064091
DE,LEV_RATIO,2023-09-30,2023-Q3,0.051077
DE,LEV_RATIO,2023-12-31,2023-Q4,0.063037
DE,LEV_RATIO,2024-03-31,2024-Q1,0.051426
DE,LEV_RATIO,2024-06-30,2024-Q2,0.06588
DE,LEV_RATIO,2024-09-30,2024-Q3,0.053073
DE,LEV_RATIO,2024-12-31,2024-Q4,0.06086
DK,LEV_RATIO,2018-03-31,2018-Q1,0.077895
DK,LEV_RATIO,2018-06-30,2018-Q2,0.080514
DK,LEV_RATIO,2018-09-30,2018-Q3,0.083413
DK,LEV_RATIO,2018-12-31,2018-Q4,0.082316
DK,LEV_RATIO,2019-03-31,2019-Q1,0.077673
DK,LEV_RATIO,2019-06-30,2019-Q2,0.067825
DK,LEV_RATIO,2019-09-30,2019-Q3,0.080931
DK,LEV_RATIO,2019-12-31,2019-Q4,0.073464
DK,LEV_RATIO,2020-03-31,2020-Q1,0.076646
DK,LEV_RATIO,2020-06-30,2020-Q2,0.077848
DK,LEV_RATIO,2020-09-30,2020-Q3,0.083341
DK,LEV_RATIO,2020-12-31,2020-Q4,0.076629
DK,LEV_RATIO,2021-03-31,2021-Q1,0.075484
DK,LEV_RATIO,2021-06-30,2021-Q2,0.077643
DK,LEV_RATIO,2021-09-30,2021-Q3,0.080998
DK,LEV_RATIO,2021-12-31,2021-Q4,0.072421
DK,LEV_RATIO,2022-03-31,2022-Q1,0.071997
DK,LEV_RATIO,2022-06-30,2022-Q2,0.062153
DK,LEV_RATIO,2022-09-30,2022-Q3,0.075989
DK,LEV_RATIO,2022-12-31,2022-Q4,0.066244
DK,LEV_RATIO,2023-03-31,2023-Q1,0.063931
DK,LEV_RATIO,2023-06-30,2023-Q2,0.068772
DK,LEV_RATIO,2023-09-30,2023-Q3,0.080667
DK,LEV_RATIO,2023-12-31,2023-Q4,0.082522
DK,LEV_RATIO,2024-03-31,2024-Q1,0.078237
DK,LEV_RATIO,2024-06-30,2024-Q2,0.083629
DK,LEV_RATIO,2024-09-30,2024-Q3,0.075093
DK,LEV_RATIO,2024-12-31,2024-Q4,0.082914
ES,LEV_RATIO,2018-03-31,2018-Q1,0.068726
ES,LEV_RATIO,2018-06-30,2018-Q2,0.07648
ES,LEV_RATIO,2018-09-30,2018-Q3,0.07677
ES,LEV_RATIO,2018-12-31,2018-Q4,0.054511
ES,LEV_RATIO,2019-03-31,2019-Q1,0.054571
ES,LEV_RATIO,2019-06-30,2019-Q2,0.070091
ES,LEV_RATIO,2019-09-30,2019-Q3,0.05674
ES,LEV_RATIO,2019-12-31,2019-Q4,0.076016
ES,LEV_RATIO,2020-03-31,2020-Q1,0.058078
ES,LEV_RATIO,2020-06-30,2020-Q2,0.069705
ES,LEV_RATIO,2020-09-30,2020-Q3,0.075975
ES,LEV_RATIO,2020-12-31,2020-Q4,0.054756
ES,LEV_RATIO,2021-03-31,2021-Q1,0.054181
ES,LEV_RATIO,2021-06-30,2021-Q2,0.067036
ES,LEV_RATIO,2021-09-30,2021-Q3,0.075248
ES,LEV_RATIO,2021-12-31,2021-Q4,0.061997
ES,LEV_RATIO,2022-03-31,2022-Q1,0.072414
ES,LEV_RATIO,2022-06-30,2022-Q2,0.070285
ES,LEV_RATIO,2022-09-30,2022-Q3,0.054247
ES,LEV_RATIO,2022-12-31,2022-Q4,0.067903
ES,LEV_RATIO,2023-03-31,2023-Q1,0.053563
ES,LEV_RATIO,2023-06-30,2023-Q2,0.057838
ES,LEV_RATIO,2023-09-30,2023-Q3,0.059774
ES,LEV_RATIO,2023-12-31,2023-Q4,0.055285
ES,LEV_RATIO,2024-03-31,2024-Q1,0.075198
ES,LEV_RATIO,2024-06-30,2024-Q2,0.057332
ES,LEV_RATIO,2024-09-30,2024-Q3,0.059239
ES,LEV_RATIO,2024-12-31,2024-Q4,0.071027
EU,LEV_RATIO,2018-03-31,2018-Q1,0.064075
EU,LEV_RATIO,2018-06-30,2018-Q2,0.057819
EU,LEV_RATIO,2018-09-30,2018-Q3,0.050445
EU,LEV_RATIO,2018-12-31,2018-Q4,0.066748
EU,LEV_RATIO,2019-03-31,2019-Q1,0.052174
EU,LEV_RATIO,2019-06-30,2019-Q2,0.058072
EU,LEV_RATIO,2019-09-30,2019-Q3,0.051695
EU,LEV_RATIO,2019-12-31,2019-Q4,0.050252
EU,LEV_RATIO,2020-03-31,2020-Q1,0.054149
EU,LEV_RATIO,2020-06-30,2020-Q2,0.064234
EU,LEV_RATIO,2020-09-30,2020-Q3,0.0589
EU,LEV_RATIO,2020-12-31,2020-Q4,0.050278
EU,LEV_RATIO,2021-03-31,2021-Q1,0.060701
EU,LEV_RATIO,2021-06-30,2021-Q2,0.065571
EU,LEV_RATIO,2021-09-30,2021-Q3,0.051317
EU,LEV_RATIO,2021-12-31,2021-Q4,0.065006
EU,LEV_RATIO,2022-03-31,2022-Q1,0.055208
EU,LEV_RATIO,2022-06-30,2022-Q2,0.059504
EU,LEV_RATIO,2022-09-30,2022-Q3,0.043765
EU,LEV_RATIO,2022-12-31,2022-Q4,0.050997
EU,LEV_RATIO,2023-03-31,2023-Q1,0.066734
EU,LEV_RATIO,2023-06-30,2023-Q2,0.052403
EU,LEV_RATIO,2023-09-30,2023-Q3,0.052947
EU,LEV_RATIO,2023-12-31,2023-Q4,0.061411
EU,LEV_RATIO,2024-03-31,2024-Q1,0.047016
EU,LEV_RATIO,2024-06-30,2024-Q2,0.05056
EU,LEV_RATIO,2024-09-30,2024-Q3,0.060383
EU,LEV_RATIO,2024-12-31,2024-Q4,0.053967
FI,LEV_RATIO,2018-03-31,2018-Q1,0.061764
FI,LEV_RATIO,2018-06-30,2018-Q2,0.077733
FI,LEV_RATIO,2018-09-30,2018-Q3,0.06624
FI,LEV_RATIO,2018-12-31,2018-Q4,0.057041
FI,LEV_RATIO,2019-03-31,2019-Q1,0.060121
FI,LEV_RATIO,2019-06-30,2019-Q2,0.07698
FI,LEV_RATIO,2019-09-30,2019-Q3,0.063804
FI,LEV_RATIO,2019-12-31,2019-Q4,0.07956
FI,LEV_RATIO,2020-03-31,2020-Q1,0.056662
FI,LEV_RATIO,2020-06-30,2020-Q2,0.064438
FI,LEV_RATIO,2020-09-30,2020-Q3,0.064304
FI,LEV_RATIO,2020-12-31,2020-Q4,0.06071
FI,LEV_RATIO,2021-03-31,2021-Q1,0.072968
FI,LEV_RATIO,2021-06-30,2021-Q2,0.062281
FI,LEV_RATIO,2021-09-30,2021-Q3,0.05982
FI,LEV_RATIO,2021-12-31,2021-Q4,0.056393
FI,LEV_RATIO,2022-03-31,2022-Q1,0.072517
FI,LEV_RATIO,2022-06-30,2022-Q2,0.073005
FI,LEV_RATIO,2022-09-30,2022-Q3,0.056012
FI,LEV_RATIO,2022-12-31,2022-Q4,0.067545
FI,LEV_RATIO,2023-03-31,2023-Q1,0.066543
FI,LEV_RATIO,2023-06-30,2023-Q2,0.060812
FI,LEV_RATIO,2023-09-30,2023-Q3,0.076157
FI,LEV_RATIO,2023-12-31,2023-Q4,0.07413
FI,LEV_RATIO,2024-03-31,2024-Q1,0.075056
FI,LEV_RATIO,2024-06-30,2024-Q2,0.060735
FI,LEV_RATIO,2024-09-30,2024-Q3,0.068194
FI,LEV_RATIO,2024-12-31,2024-Q4,0.070337
FR,LEV_RATIO,2018-03-31,2018-Q1,0.042339
FR,LEV_RATIO,2018-06-30,2018-Q2,0.044126
FR,LEV_RATIO,2018-09-30,2018-Q3,0.035847
FR,LEV_RATIO,2018-12-31,2018-Q4,0.048783
FR,LEV_RATIO,2019-03-31,2019-Q1,0.035868
FR,LEV_RATIO,2019-06-30,2019-Q2,0.052793
FR,LEV_RATIO,2019-09-30,2019-Q3,0.031323
FR,LEV_RATIO,2019-12-31,2019-Q4,0.038385
FR,LEV_RATIO,2020-03-31,2020-Q1,0.031248
FR,LEV_RATIO,2020-06-30,2020-Q2,0.042041
FR,LEV_RATIO,2020-09-30,2020-Q3,0.043782
FR,LEV_RATIO,2020-12-31,2020-Q4,0.050029
FR,LEV_RATIO,2021-03-31,2021-Q1,0.032649
FR,LEV_RATIO,2021-06-30,2021-Q2,0.045351
FR,LEV_RATIO,2021-09-30,2021-Q3,0.042219
FR,LEV_RATIO,2021-12-31,2021-Q4,0.030223
FR,LEV_RATIO,2022-03-31,2022-Q1,0.028855
FR,LEV_RATIO,2022-06-30,2022-Q2,0.050072
FR,LEV_RATIO,2022-09-30,2022-Q3,0.052648
FR,LEV_RATIO,2022-12-31,2022-Q4,0.043268
FR,LEV_RATIO,2023-03-31,2023-Q1,0.045797
FR,LEV_RATIO,2023-06-30,2023-Q2,0.043207
FR,LEV_RATIO,2023-09-30,2023-Q3,0.047508
FR,LEV_RATIO,2023-12-31,2023-Q4,0.043891
FR,LEV_RATIO,2024-03-31,2024-Q1,0.048629
FR,LEV_RATIO,2024-06-30,2024-Q2,0.035002
FR,LEV_RATIO,2024-09-30,2024-Q3,0.044426
FR,LEV_RATIO,2024-12-31,2024-Q4,0.031378
GR,LEV_RATIO,2018-03-31,2018-Q1,0.073846
GR,LEV_RATIO,2018-06-30,2018-Q2,0.074989
GR,LEV_RATIO,2018-09-30,2018-Q3,0.061562
GR,LEV_RATIO,2018-12-31,2018-Q4,0.066675
GR,LEV_RATIO,2019-03-31,2019-Q1,0.076454
GR,LEV_RATIO,2019-06-30,2019-Q2,0.08196
GR,LEV_RATIO,2019-09-30,2019-Q3,0.058982
GR,LEV_RATIO,2019-12-31,2019-Q4,0.061704
GR,LEV_RATIO,2020-03-31,2020-Q1,0.065894
GR,LEV_RATIO,2020-06-30,2020-Q2,0.065229
GR,LEV_RATIO,2020-09-30,2020-Q3,0.070931
GR,LEV_RATIO,2020-12-31,2020-Q4,0.073981
GR,LEV_RATIO,2021-03-31,2021-Q1,0.063591
GR,LEV_RATIO,2021-06-30,2021-Q2,0.072895
GR,LEV_RATIO,2021-09-30,2021-Q3,0.06652
GR,LEV_RATIO,2021-12-31,2021-Q4,0.081285
GR,LEV_RATIO,2022-03-31,2022-Q1,0.077392
GR,LEV_RATIO,2022-06-30,2022-Q2,0.065808
GR,LEV_RATIO,2022-09-30,2022-Q3,0.069225
GR,LEV_RATIO,2022-12-31,2022-Q4,0.081243
GR,LEV_RATIO,2023-03-31,2023-Q1,0.074793
GR,LEV_RATIO,2023-06-30,2023-Q2,0.060565
GR,LEV_RATIO,2023-09-30,2023-Q3,0.070136
GR,LEV_RATIO,2023-12-31,2023-Q4,0.061975
GR,LEV_RATIO,2024-03-31,2024-Q1,0.074833
GR,LEV_RATIO,2024-06-30,2024-Q2,0.064848
GR,LEV_RATIO,2024-09-30,2024-Q3,0.069006
GR,LEV_RATIO,2024-12-31,2024-Q4,0.072486
HR,LEV_RATIO,2018-03-31,2018-Q1,0.037244
HR,LEV_RATIO,2018-06-30,2018-Q2,0.043412
HR,LEV_RATIO,2018-09-30,2018-Q3,0.040851
HR,LEV_RATIO,2018-12-31,2018-Q4,0.049412
HR,LEV_RATIO,2019-03-31,2019-Q1,0.034761
HR,LEV_RATIO,2019-06-30,2019-Q2,0.028691
HR,LEV_RATIO,2019-09-30,2019-Q3,0.048852
HR,LEV_RATIO,2019-12-31,2019-Q4,0.04251
HR,LEV_RATIO,2020-03-31,2020-Q1,0.0405
HR,LEV_RATIO,2020-06-30,2020-Q2,0.045794
HR,LEV_RATIO,2020-09-30,2020-Q3,0.026291
HR,LEV_RATIO,2020-12-31,2020-Q4,0.043594
HR,LEV_RATIO,2021-03-31,2021-Q1,0.029605
HR,LEV_RATIO,2021-06-30,2021-Q2,0.034615
HR,LEV_RATIO,2021-09-30,2021-Q3,0.032354
HR,LEV_RATIO,2021-12-31,2021-Q4,0.043846
HR,LEV_RATIO,2022-03-31,2022-Q1,0.043603
HR,LEV_RATIO,2022-06-30,2022-Q2,0.043131
HR,LEV_RATIO,2022-09-30,2022-Q3,0.026042
HR,LEV_RATIO,2022-12-31,2022-Q4,0.030063
HR,LEV_RATIO,2023-03-31,2023-Q1,0.039196
HR,LEV_RATIO,2023-06-30,2023-Q2,0.040774
HR,LEV_RATIO,2023-09-30,2023-Q3,0.029836
HR,LEV_RATIO,2023-12-31,2023-Q4,0.039065
HR,LEV_RATIO,2024-03-31,2024-Q1,0.047414
HR,LEV_RATIO,2024-06-30,2024-Q2,0.042246
HR,LEV_RATIO,2024-09-30,2024-Q3,0.026015
HR,LEV_RATIO,2024-12-31,2024-Q4,0.030353
HU,LEV_RATIO,2018-03-31,2018-Q1,0.069391
HU,LEV_RATIO,2018-06-30,2018-Q2,0.052582
HU,LEV_RATIO,2018-09-30,2018-Q3,0.05507
HU,LEV_RATIO,2018-12-31,2018-Q4,0.051578
HU,LEV_RATIO,2019-03-31,2019-Q1,0.063508
HU,LEV_RATIO,2019-06-30,2019-Q2,0.054906
HU,LEV_RATIO,2019-09-30,2019-Q3,0.062696
HU,LEV_RATIO,2019-12-31,2019-Q4,0.057397
HU,LEV_RATIO,2020-03-31,2020-Q1,0.057539
HU,LEV_RATIO,2020-06-30,2020-Q2,0.061552
HU,LEV_RATIO,2020-09-30,2020-Q3,0.070323
HU,LEV_RATIO,2020-12-31,2020-Q4,0.050321
HU,LEV_RATIO,2021-03-31,2021-Q1,0.061846
HU,LEV_RATIO,2021-06-30,2021-Q2,0.070829
HU,LEV_RATIO,2021-09-30,2021-Q3,0.064091
HU,LEV_RATIO,2021-12-31,2021-Q4,0.067843
HU,LEV_RATIO,2022-03-31,2022-Q1,0.061309
HU,LEV_RATIO,2022-06-30,2022-Q2,0.058648
HU,LEV_RATIO,2022-09-30,2022-Q3,0.064087
HU,LEV_RATIO,2022-12-31,2022-Q4,0.062121
HU,LEV_RATIO,2023-03-31,2023-Q1,0.052542
HU,LEV_RATIO,2023-06-30,2023-Q2,0.054845
HU,LEV_RATIO,2023-09-30,2023-Q3,0.050439
HU,LEV_RATIO,2023-12-31,2023-Q4,0.064515
HU,LEV_RATIO,2024-03-31,2024-Q1,0.059248
HU,LEV_RATIO,2024-06-30,2024-Q2,0.063207
HU,LEV_RATIO,2024-09-30,2024-Q3,0.050594
HU,LEV_RATIO,2024-12-31,2024-Q4,0.062707
IE,LEV_RATIO,2018-03-31,2018-Q1,0.076745
IE,LEV_RATIO,2018-06-30,2018-Q2,0.063229
IE,LEV_RATIO,2018-09-30,2018-Q3,0.079205
IE,LEV_RATIO,2018-12-31,2018-Q4,0.073003
IE,LEV_RATIO,2019-03-31,2019-Q1,0.074066
IE,LEV_RATIO,2019-06-30,2019-Q2,0.067084
IE,LEV_RATIO,2019-09-30,2019-Q3,0.085394
IE,LEV_RATIO,2019-12-31,2019-Q4,0.081407
IE,LEV_RATIO,2020-03-31,2020-Q1,0.078541
IE,LEV_RATIO,2020-06-30,2020-Q2,0.064387
IE,LEV_RATIO,2020-09-30,2020-Q3,0.073414
IE,LEV_RATIO,2020-12-31,2020-Q4,0.064649
IE,LEV_RATIO,2021-03-31,2021-Q1,0.072062
IE,LEV_RATIO,2021-06-30,2021-Q2,0.078949
IE,LEV_RATIO,2021-09-30,2021-Q3,0.084067
IE,LEV_RATIO,2021-12-31,2021-Q4,0.080715
IE,LEV_RATIO,2022-03-31,2022-Q1,0.066268
IE,LEV_RATIO,2022-06-30,2022-Q2,0.083006
IE,LEV_RATIO,2022-09-30,2022-Q3,0.067153
IE,LEV_RATIO,2022-12-31,2022-Q4,0.085892
IE,LEV_RATIO,2023-03-31,2023-Q1,0.072716
IE,LEV_RATIO,2023-06-30,2023-Q2,0.066467
IE,LEV_RATIO,2023-09-30,2023-Q3,0.066352
IE,LEV_RATIO,2023-12-31,2023-Q4,0.0731
IE,LEV_RATIO,2024-03-31,2024-Q1,0.069682
IE,LEV_RATIO,2024-06-30,2024-Q2,0.070639
IE,LEV_RATIO,2024-09-30,2024-Q3,0.065878
IE,LEV_RATIO,2024-12-31,2024-Q4,0.075297
IT,LEV_RATIO,2018-03-31,2018-Q1,0.065468
IT,LEV_RATIO,2018-06-30,2018-Q2,0.07913
IT,LEV_RATIO,2018-09-30,2018-Q3,0.074073
IT,LEV_RATIO,2018-12-31,2018-Q4,0.083092
IT,LEV_RATIO,2019-03-31,2019-Q1,0.078029
IT,LEV_RATIO,2019-06-30,2019-Q2,0.079239
IT,LEV_RATIO,2019-09-30,2019-Q3,0.081475
IT,LEV_RATIO,2019-12-31,2019-Q4,0.065853
IT,LEV_RATIO,2020-03-31,2020-Q1,0.081442
IT,LEV_RATIO,2020-06-30,2020-Q2,0.075724
IT,LEV_RATIO,2020-09-30,2020-Q3,0.075317
IT,LEV_RATIO,2020-12-31,2020-Q4,0.066191
IT,LEV_RATIO,2021-03-31,2021-Q1,0.070071
IT,LEV_RATIO,2021-06-30,2021-Q2,0.066308
IT,LEV_RATIO,2021-09-30,2021-Q3,0.06457
IT,LEV_RATIO,2021-12-31,2021-Q4,0.083365
IT,LEV_RATIO,2022-03-31,2022-Q1,0.070005
IT,LEV_RATIO,2022-06-30,2022-Q2,0.062395
IT,LEV_RATIO,2022-09-30,2022-Q3,0.076764
IT,LEV_RATIO,2022-12-31,2022-Q4,0.084339
IT,LEV_RATIO,2023-03-31,2023-Q1,0.070385
IT,LEV_RATIO,2023-06-30,2023-Q2,0.061348
IT,LEV_RATIO,2023-09-30,2023-Q3,0.066274
IT,LEV_RATIO,2023-12-31,2023-Q4,0.08004
IT,LEV_RATIO,2024-03-31,2024-Q1,0.066946
IT,LEV_RATIO,2024-06-30,2024-Q2,0.079031
IT,LEV_RATIO,2024-09-30,2024-Q3,0.068608
IT,LEV_RATIO,2024-12-31,2024-Q4,0.064898
LT,LEV_RATIO,2018-03-31,2018-Q1,0.072802
LT,LEV_RATIO,2018-06-30,2018-Q2,0.080439
LT,LEV_RATIO,2018-09-30,2018-Q3,0.061934
LT,LEV_RATIO,2018-12-31,2018-Q4,0.07461
LT,LEV_RATIO,2019-03-31,2019-Q1,0.0747
LT,LEV_RATIO,2019-06-30,2019-Q2,0.073083
LT,LEV_RATIO,2019-09-30,2019-Q3,0.078327
LT,LEV_RATIO,2019-12-31,2019-Q4,0.057554
LT,LEV_RATIO,2020-03-31,2020-Q1,0.063956
LT,LEV_RATIO,2020-06-30,2020-Q2,0.067076
LT,LEV_RATIO,2020-09-30,2020-Q3,0.07871
LT,LEV_RATIO,2020-12-31,2020-Q4,0.062815
LT,LEV_RATIO,2021-03-31,2021-Q1,0.059729
LT,LEV_RATIO,2021-06-30,2021-Q2,0.066112
LT,LEV_RATIO,2021-09-30,2021-Q3,0.06761
LT,LEV_RATIO,2021-12-31,2021-Q4,0.077793
LT,LEV_RATIO,2022-03-31,2022-Q1,0.058141
LT,LEV_RATIO,2022-06-30,2022-Q2,0.062933
LT,LEV_RATIO,2022-09-30,2022-Q3,0.063869
LT,LEV_RATIO,2022-12-31,2022-Q4,0.065745
LT,LEV_RATIO,2023-03-31,2023-Q1,0.05858
LT,LEV_RATIO,2023-06-30,2023-Q2,0.063444
LT,LEV_RATIO,2023-09-30,2023-Q3,0.078324
LT,LEV_RATIO,2023-12-31,2023-Q4,0.071151
LT,LEV_RATIO,2024-03-31,2024-Q1,0.07537
LT,LEV_RATIO,2024-06-30,2024-Q2,0.065071
LT,LEV_RATIO,2024-09-30,2024-Q3,0.059307
LT,LEV_RATIO,2024-12-31,2024-Q4,0.077368
LU,LEV_RATIO,2018-03-31,2018-Q1,0.027324
LU,LEV_RATIO,2018-06-30,2018-Q2,0.040362
LU,LEV_RATIO,2018-09-30,2018-Q3,0.044558
LU,LEV_RATIO,2018-12-31,2018-Q4,0.047829
LU,LEV_RATIO,2019-03-31,2019-Q1,0.036742
LU,LEV_RATIO,2019-06-30,2019-Q2,0.049131
LU,LEV_RATIO,2019-09-30,2019-Q3,0.048842
LU,LEV_RATIO,2019-12-31,2019-Q4,0.040219
LU,LEV_RATIO,2020-03-31,2020-Q1,0.030717
LU,LEV_RATIO,2020-06-30,2020-Q2,0.04683
LU,LEV_RATIO,2020-09-30,2020-Q3,0.048501
LU,LEV_RATIO,2020-12-31,2020-Q4,0.033292
LU,LEV_RATIO,2021-03-31,2021-Q1,0.033611
LU,LEV_RATIO,2021-06-30,2021-Q2,0.02832
LU,LEV_RATIO,2021-09-30,2021-Q3,0.028597
LU,LEV_RATIO,2021-12-31,2021-Q4,0.046308
LU,LEV_RATIO,2022-03-31,2022-Q1,0.046214
LU,LEV_RATIO,2022-06-30,2022-Q2,0.031627
LU,LEV_RATIO,2022-09-30,2022-Q3,0.038741
LU,LEV_RATIO,2022-12-31,2022-Q4,0.045835
LU,LEV_RATIO,2023-03-31,2023-Q1,0.031834
LU,LEV_RATIO,2023-06-30,2023-Q2,0.036908
LU,LEV_RATIO,2023-09-30,2023-Q3,0.027546
LU,LEV_RATIO,2023-12-31,2023-Q4,0.042357
LU,LEV_RATIO,2024-03-31,2024-Q1,0.050204
LU,LEV_RATIO,2024-06-30,2024-Q2,0.042396
LU,LEV_RATIO,2024-09-30,2024-Q3,0.049937
LU,LEV_RATIO,2024-12-31,2024-Q4,0.048104
LV,LEV_RATIO,2018-03-31,2018-Q1,0.065432
LV,LEV_RATIO,2018-06-30,2018-Q2,0.073052
LV,LEV_RATIO,2018-09-30,2018-Q3,0.067966
LV,LEV_RATIO,2018-12-31,2018-Q4,0.055428
LV,LEV_RATIO,2019-03-31,2019-Q1,0.067582
LV,LEV_RATIO,2019-06-30,2019-Q2,0.074613
LV,LEV_RATIO,2019-09-30,2019-Q3,0.058289
LV,LEV_RATIO,2019-12-31,2019-Q4,0.051687
LV,LEV_RATIO,2020-03-31,2020-Q1,0.066867
LV,LEV_RATIO,2020-06-30,2020-Q2,0.062342
LV,LEV_RATIO,2020-09-30,2020-Q3,0.055655
LV,LEV_RATIO,2020-12-31,2020-Q4,0.0659
LV,LEV_RATIO,2021-03-31,2021-Q1,0.053251
LV,LEV_RATIO,2021-06-30,2021-Q2,0.058008
LV,LEV_RATIO,2021-09-30,2021-Q3,0.051636
LV,LEV_RATIO,2021-12-31,2021-Q4,0.058413
LV,LEV_RATIO,2022-03-31,2022-Q1,0.053042
LV,LEV_RATIO,2022-06-30,2022-Q2,0.057833
LV,LEV_RATIO,2022-09-30,2022-Q3,0.0666
LV,LEV_RATIO,2022-12-31,2022-Q4,0.069859
LV,LEV_RATIO,2023-03-31,2023-Q1,0.057757
LV,LEV_RATIO,2023-06-30,2023-Q2,0.074345
LV,LEV_RATIO,2023-09-30,2023-Q3,0.066927
LV,LEV_RATIO,2023-12-31,2023-Q4,0.074188
LV,LEV_RATIO,2024-03-31,2024-Q1,0.067984
LV,LEV_RATIO,2024-06-30,2024-Q2,0.059309
LV,LEV_RATIO,2024-09-30,2024-Q3,0.053768
LV,LEV_RATIO,2024-12-31,2024-Q4,0.0648
MT,LEV_RATIO,2018-03-31,2018-Q1,0.060267
MT,LEV_RATIO,2018-06-30,2018-Q2,0.060074
MT,LEV_RATIO,2018-09-30,2018-Q3,0.064007
MT,LEV_RATIO,2018-12-31,2018-Q4,0.070775
MT,LEV_RATIO,2019-03-31,2019-Q1,0.068769
MT,LEV_RATIO,2019-06-30,2019-Q2,0.058487
MT,LEV_RATIO,2019-09-30,2019-Q3,0.073608
MT,LEV_RATIO,2019-12-31,2019-Q4,0.0541
MT,LEV_RATIO,2020-03-31,2020-Q1,0.063894
MT,LEV_RATIO,2020-06-30,2020-Q2,0.066253
MT,LEV_RATIO,2020-09-30,2020-Q3,0.07473
MT,LEV_RATIO,2020-12-31,2020-Q4,0.062522
MT,LEV_RATIO,2021-03-31,2021-Q1,0.069748
MT,LEV_RATIO,2021-06-30,2021-Q2,0.068624
MT,LEV_RATIO,2021-09-30,2021-Q3,0.073455
MT,LEV_RATIO,2021-12-31,2021-Q4,0.061095
MT,LEV_RATIO,2022-03-31,2022-Q1,0.073031
MT,LEV_RATIO,2022-06-30,2022-Q2,0.065019
MT,LEV_RATIO,2022-09-30,2022-Q3,0.061039
MT,LEV_RATIO,2022-12-31,2022-Q4,0.070297
MT,LEV_RATIO,2023-03-31,2023-Q1,0.072668
MT,LEV_RATIO,2023-06-30,2023-Q2,0.061859
MT,LEV_RATIO,2023-09-30,2023-Q3,0.055925
MT,LEV_RATIO,2023-12-31,2023-Q4,0.07255
MT,LEV_RATIO,2024-03-31,2024-Q1,0.069252
MT,LEV_RATIO,2024-06-30,2024-Q2,0.063871
MT,LEV_RATIO,2024-09-30,2024-Q3,0.060689
MT,LEV_RATIO,2024-12-31,2024-Q4,0.075203
NL,LEV_RATIO,2018-03-31,2018-Q1,0.073647
NL,LEV_RATIO,2018-06-30,2018-Q2,0.071269
NL,LEV_RATIO,2018-09-30,2018-Q3,0.080823
NL,LEV_RATIO,2018-12-31,2018-Q4,0.080416
NL,LEV_RATIO,2019-03-31,2019-Q1,0.071863
NL,LEV_RATIO,2019-06-30,2019-Q2,0.068183
NL,LEV_RATIO,2019-09-30,2019-Q3,0.081557
NL,LEV_RATIO,2019-12-31,2019-Q4,0.064913
NL,LEV_RATIO,2020-03-31,2020-Q1,0.063793
NL,LEV_RATIO,2020-06-30,2020-Q2,0.08549
NL,LEV_RATIO,2020-09-30,2020-Q3,0.067967
NL,LEV_RATIO,2020-12-31,2020-Q4,0.068686
NL,LEV_RATIO,2021-03-31,2021-Q1,0.079164
NL,LEV_RATIO,2021-06-30,2021-Q2,0.081378
NL,LEV_RATIO,2021-09-30,2021-Q3,0.071726
NL,LEV_RATIO,2021-12-31,2021-Q4,0.073116
NL,LEV_RATIO,2022-03-31,2022-Q1,0.071778
NL,LEV_RATIO,2022-06-30,2022-Q2,0.080229
NL,LEV_RATIO,2022-09-30,2022-Q3,0.075835
NL,LEV_RATIO,2022-12-31,2022-Q4,0.070653
NL,LEV_RATIO,2023-03-31,2023-Q1,0.07318
NL,LEV_RATIO,2023-06-30,2023-Q2,0.069584
NL,LEV_RATIO,2023-09-30,2023-Q3,0.075965
NL,LEV_RATIO,2023-12-31,2023-Q4,0.064659
NL,LEV_RATIO,2024-03-31,2024-Q1,0.066728
NL,LEV_RATIO,2024-06-30,2024-Q2,0.062361
NL,LEV_RATIO,2024-09-30,2024-Q3,0.08299
NL,LEV_RATIO,2024-12-31,2024-Q4,0.083891
NO,LEV_RATIO,2018-03-31,2018-Q1,0.036573
NO,LEV_RATIO,2018-06-30,2018-Q2,0.035707
NO,LEV_RATIO,2018-09-30,2018-Q3,0.036391
NO,LEV_RATIO,2018-12-31,2018-Q4,0.048183
NO,LEV_RATIO,2019-03-31,2019-Q1,0.046939
NO,LEV_RATIO,2019-06-30,2019-Q2,0.056137
NO,LEV_RATIO,2019-09-30,2019-Q3,0.054654
NO,LEV_RATIO,2019-12-31,2019-Q4,0.04564
NO,LEV_RATIO,2020-03-31,2020-Q1,0.055801
NO,LEV_RATIO,2020-06-30,2020-Q2,0.037486
NO,LEV_RATIO,2020-09-30,2020-Q3,0.046638
NO,LEV_RATIO,2020-12-31,2020-Q4,0.040343
NO,LEV_RATIO,2021-03-31,2021-Q1,0.055043
NO,LEV_RATIO,2021-06-30,2021-Q2,0.049059
NO,LEV_RATIO,2021-09-30,2021-Q3,0.044033
NO,LEV_RATIO,2021-12-31,2021-Q4,0.034566
NO,LEV_RATIO,2022-03-31,2022-Q1,0.042556
NO,LEV_RATIO,2022-06-30,2022-Q2,0.040718
NO,LEV_RATIO,2022-09-30,2022-Q3,0.04975
NO,LEV_RATIO,2022-12-31,2022-Q4,0.037673
NO,LEV_RATIO,2023-03-31,2023-Q1,0.044242
NO,LEV_RATIO,2023-06-30,2023-Q2,0.052976
NO,LEV_RATIO,2023-09-30,2023-Q3,0.0493
NO,LEV_RATIO,2023-12-31,2023-Q4,0.052136
NO,LEV_RATIO,2024-03-31,2024-Q1,0.049708
NO,LEV_RATIO,2024-06-30,2024-Q2,0.042114
NO,LEV_RATIO,2024-09-30,2024-Q3,0.037575
NO,LEV_RATIO,2024-12-31,2024-Q4,0.033806
PL,LEV_RATIO,2018-03-31,2018-Q1,0.053689
PL,LEV_RATIO,2018-06-30,2018-Q2,0.05695
PL,LEV_RATIO,2018-09-30,2018-Q3,0.046501
PL,LEV_RATIO,2018-12-31,2018-Q4,0.062576
PL,LEV_RATIO,2019-03-31,2019-Q1,0.054361
PL,LEV_RATIO,2019-06-30,2019-Q2,0.061933
PL,LEV_RATIO,2019-09-30,2019-Q3,0.052918
PL,LEV_RATIO,2019-12-31,2019-Q4,0.061813
PL,LEV_RATIO,2020-03-31,2020-Q1,0.054134
PL,LEV_RATIO,2020-06-30,2020-Q2,0.044988
PL,LEV_RATIO,2020-09-30,2020-Q3,0.057889
PL,LEV_RATIO,2020-12-31,2020-Q4,0.047905
PL,LEV_RATIO,2021-03-31,2021-Q1,0.05548
PL,LEV_RATIO,2021-06-30,2021-Q2,0.040666
PL,LEV_RATIO,2021-09-30,2021-Q3,0.046934
PL,LEV_RATIO,2021-12-31,2021-Q4,0.042945
PL,LEV_RATIO,2022-03-31,2022-Q1,0.05626
PL,LEV_RATIO,2022-06-30,2022-Q2,0.048196
PL,LEV_RATIO,2022-09-30,2022-Q3,0.041466
PL,LEV_RATIO,2022-12-31,2022-Q4,0.060849
PL,LEV_RATIO,2023-03-31,2023-Q1,0.060163
PL,LEV_RATIO,2023-06-30,2023-Q2,0.040888
PL,LEV_RATIO,2023-09-30,2023-Q3,0.041594
PL,LEV_RATIO,2023-12-31,2023-Q4,0.041969
PL,LEV_RATIO,2024-03-31,2024-Q1,0.043024
PL,LEV_RATIO,2024-06-30,2024-Q2,0.043722
PL,LEV_RATIO,2024-09-30,2024-Q3,0.047082
PL,LEV_RATIO,2024-12-31,2024-Q4,0.059589
PT,LEV_RATIO,2018-03-31,2018-Q1,0.074364
PT,LEV_RATIO,2018-06-30,2018-Q2,0.064118
PT,LEV_RATIO,2018-09-30,2018-Q3,0.064576
PT,LEV_RATIO,2018-12-31,2018-Q4,0.074238
PT,LEV_RATIO,2019-03-31,2019-Q1,0.074524
PT,LEV_RATIO,2019-06-30,2019-Q2,0.077397
PT,LEV_RATIO,2019-09-30,2019-Q3,0.074702
PT,LEV_RATIO,2019-12-31,2019-Q4,0.079495
PT,LEV_RATIO,2020-03-31,2020-Q1,0.07615
PT,LEV_RATIO,2020-06-30,2020-Q2,0.069374
PT,LEV_RATIO,2020-09-30,2020-Q3,0.058352
PT,LEV_RATIO,2020-12-31,2020-Q4,0.071211
PT,LEV_RATIO,2021-03-31,2021-Q1,0.06789
PT,LEV_RATIO,2021-06-30,2021-Q2,0.05819
PT,LEV_RATIO,2021-09-30,2021-Q3,0.064395
PT,LEV_RATIO,2021-12-31,2021-Q4,0.058916
PT,LEV_RATIO,2022-03-31,2022-Q1,0.065292
PT,LEV_RATIO,2022-06-30,2022-Q2,0.068514
PT,LEV_RATIO,2022-09-30,2022-Q3,0.062415
PT,LEV_RATIO,2022-12-31,2022-Q4,0.073041
PT,LEV_RATIO,2023-03-31,2023-Q1,0.069295
PT,LEV_RATIO,2023-06-30,2023-Q2,0.074561
PT,LEV_RATIO,2023-09-30,2023-Q3,0.070335
PT,LEV_RATIO,2023-12-31,2023-Q4,0.068749
PT,LEV_RATIO,2024-03-31,2024-Q1,0.064575
PT,LEV_RATIO,2024-06-30,2024-Q2,0.069776
PT,LEV_RATIO,2024-09-30,2024-Q3,0.063079
PT,LEV_RATIO,2024-12-31,2024-Q4,0.061868
RO,LEV_RATIO,2018-03-31,2018-Q1,0.06557
RO,LEV_RATIO,2018-06-30,2018-Q2,0.082313
RO,LEV_RATIO,2018-09-30,2018-Q3,0.080852
RO,LEV_RATIO,2018-12-31,2018-Q4,0.07555
RO,LEV_RATIO,2019-03-31,2019-Q1,0.061758
RO,LEV_RATIO,2019-06-30,2019-Q2,0.068335
RO,LEV_RATIO,2019-09-30,2019-Q3,0.070329
RO,LEV_RATIO,2019-12-31,2019-Q4,0.077829
RO,LEV_RATIO,2020-03-31,2020-Q1,0.0674
RO,LEV_RATIO,2020-06-30,2020-Q2,0.073056
RO,LEV_RATIO,2020-09-30,2020-Q3,0.067451
RO,LEV_RATIO,2020-12-31,2020-Q4,0.064232
RO,LEV_RATIO,2021-03-31,2021-Q1,0.081486
RO,LEV_RATIO,2021-06-30,2021-Q2,0.077198
RO,LEV_RATIO,2021-09-30,2021-Q3,0.071959
RO,LEV_RATIO,2021-12-31,2021-Q4,0.07937
RO,LEV_RATIO,2022-03-31,2022-Q1,0.06623
RO,LEV_RATIO,2022-06-30,2022-Q2,0.062452
RO,LEV_RATIO,2022-09-30,2022-Q3,0.081816
RO,LEV_RATIO,2022-12-31,2022-Q4,0.062083
RO,LEV_RATIO,2023-03-31,2023-Q1,0.06177
RO,LEV_RATIO,2023-06-30,2023-Q2,0.083172
RO,LEV_RATIO,2023-09-30,2023-Q3,0.076179
RO,LEV_RATIO,2023-12-31,2023-Q4,0.07032
RO,LEV_RATIO,2024-03-31,2024-Q1,0.076581
RO,LEV_RATIO,2024-06-30,2024-Q2,0.065694
RO,LEV_RATIO,2024-09-30,2024-Q3,0.075087
RO,LEV_RATIO,2024-12-31,2024-Q4,0.066346
SE,LEV_RATIO,2018-03-31,2018-Q1,0.036898
SE,LEV_RATIO,2018-06-30,2018-Q2,0.042291
SE,LEV_RATIO,2018-09-30,2018-Q3,0.048893
SE,LEV_RATIO,2018-12-31,2018-Q4,0.049902
SE,LEV_RATIO,2019-03-31,2019-Q1,0.053966
SE,LEV_RATIO,2019-06-30,2019-Q2,0.052759
SE,LEV_RATIO,2019-09-30,2019-Q3,0.04904
SE,LEV_RATIO,2019-12-31,2019-Q4,0.040072
SE,LEV_RATIO,2020-03-31,2020-Q1,0.046419
SE,LEV_RATIO,2020-06-30,2020-Q2,0.053652
SE,LEV_RATIO,2020-09-30,2020-Q3,0.051547
SE,LEV_RATIO,2020-12-31,2020-Q4,0.037219
SE,LEV_RATIO,2021-03-31,2021-Q1,0.051051
SE,LEV_RATIO,2021-06-30,2021-Q2,0.043867
SE,LEV_RATIO,2021-09-30,2021-Q3,0.06016
SE,LEV_RATIO,2021-12-31,2021-Q4,0.046412
SE,LEV_RATIO,2022-03-31,2022-Q1,0.055702
SE,LEV_RATIO,2022-06-30,2022-Q2,0.051979
SE,LEV_RATIO,2022-09-30,2022-Q3,0.060121
SE,LEV_RATIO,2022-12-31,2022-Q4,0.044216
SE,LEV_RATIO,2023-03-31,2023-Q1,0.042194
SE,LEV_RATIO,2023-06-30,2023-Q2,0.05713
SE,LEV_RATIO,2023-09-30,2023-Q3,0.054146
SE,LEV_RATIO,2023-12-31,2023-Q4,0.039276
SE,LEV_RATIO,2024-03-31,2024-Q1,0.052348
SE,LEV_RATIO,2024-06-30,2024-Q2,0.03857
SE,LEV_RATIO,2024-09-30,2024-Q3,0.037282
SE,LEV_RATIO,2024-12-31,2024-Q4,0.04554
SI,LEV_RATIO,2018-03-31,2018-Q1,0.054909
SI,LEV_RATIO,2018-06-30,2018-Q2,0.056247
SI,LEV_RATIO,2018-09-30,2018-Q3,0.045457
SI,LEV_RATIO,2018-12-31,2018-Q4,0.064065
SI,LEV_RATIO,2019-03-31,2019-Q1,0.061877
SI,LEV_RATIO,2019-06-30,2019-Q2,0.057287
SI,LEV_RATIO,2019-09-30,2019-Q3,0.047296
SI,LEV_RATIO,2019-12-31,2019-Q4,0.0623
SI,LEV_RATIO,2020-03-31,2020-Q1,0.066514
SI,LEV_RATIO,2020-06-30,2020-Q2,0.057501
SI,LEV_RATIO,2020-09-30,2020-Q3,0.059151
SI,LEV_RATIO,2020-12-31,2020-Q4,0.046222
SI,LEV_RATIO,2021-03-31,2021-Q1,0.053428
SI,LEV_RATIO,2021-06-30,2021-Q2,0.057694
SI,LEV_RATIO,2021-09-30,2021-Q3,0.060596
SI,LEV_RATIO,2021-12-31,2021-Q4,0.061939
SI,LEV_RATIO,2022-03-31,2022-Q1,0.062661
SI,LEV_RATIO,2022-06-30,2022-Q2,0.052457
SI,LEV_RATIO,2022-09-30,2022-Q3,0.046761
SI,LEV_RATIO,2022-12-31,2022-Q4,0.059206
SI,LEV_RATIO,2023-03-31,2023-Q1,0.044132
SI,LEV_RATIO,2023-06-30,2023-Q2,0.057168
SI,LEV_RATIO,2023-09-30,2023-Q3,0.052202
SI,LEV_RATIO,2023-12-31,2023-Q4,0.044685
SI,LEV_RATIO,2024-03-31,2024-Q1,0.058355
SI,LEV_RATIO,2024-06-30,2024-Q2,0.054217
SI,LEV_RATIO,2024-09-30,2024-Q3,0.064117
SI,LEV_RATIO,2024-12-31,2024-Q4,0.062359
SK,LEV_RATIO,2018-03-31,2018-Q1,0.047138
SK,LEV_RATIO,2018-06-30,2018-Q2,0.052712
SK,LEV_RATIO,2018-09-30,2018-Q3,0.062
SK,LEV_RATIO,2018-12-31,2018-Q4,0.048047
SK,LEV_RATIO,2019-03-31,2019-Q1,0.040676
SK,LEV_RATIO,2019-06-30,2019-Q2,0.054438
SK,LEV_RATIO,2019-09-30,2019-Q3,0.055164
SK,LEV_RATIO,2019-12-31,2019-Q4,0.047362
SK,LEV_RATIO,2020-03-31,2020-Q1,0.047325
SK,LEV_RATIO,2020-06-30,2020-Q2,0.062709
SK,LEV_RATIO,2020-09-30,2020-Q3,0.045565
SK,LEV_RATIO,2020-12-31,2020-Q4,0.043342
SK,LEV_RATIO,2021-03-31,2021-Q1,0.059414
SK,LEV_RATIO,2021-06-30,2021-Q2,0.059816
SK,LEV_RATIO,2021-09-30,2021-Q3,0.039272
SK,LEV_RATIO,2021-12-31,2021-Q4,0.048662
SK,LEV_RATIO,2022-03-31,2022-Q1,0.062356
SK,LEV_RATIO,2022-06-30,2022-Q2,0.043622
SK,LEV_RATIO,2022-09-30,2022-Q3,0.055636
SK,LEV_RATIO,2022-12-31,2022-Q4,0.04594
SK,LEV_RATIO,2023-03-31,2023-Q1,0.051354
SK,LEV_RATIO,2023-06-30,2023-Q2,0.043679
SK,LEV_RATIO,2023-09-30,2023-Q3,0.046034
SK,LEV_RATIO,2023-12-31,2023-Q4,0.044906
SK,LEV_RATIO,2024-03-31,2024-Q1,0.062969
SK,LEV_RATIO,2024-06-30,2024-Q2,0.057956
SK,LEV_RATIO,2024-09-30,2024-Q3,0.060971
SK,LEV_RATIO,2024-12-31,2024-Q4,0.046423
AT,NPL_COVERAGE,2018-03-31,2018-Q1,0.459815
AT,NPL_COVERAGE,2018-06-30,2018-Q2,0.431232
AT,NPL_COVERAGE,2018-09-30,2018-Q3,0.410775
AT,NPL_COVERAGE,2018-12-31,2018-Q4,0.401846
AT,NPL_COVERAGE,2019-03-31,2019-Q1,0.427712
AT,NPL_COVERAGE,2019-06-30,2019-Q2,0.455974
AT,NPL_COVERAGE,2019-09-30,2019-Q3,0.418395
AT,NPL_COVERAGE,2019-12-31,2019-Q4,0.429602
AT,NPL_COVERAGE,2020-03-31,2020-Q1,0.411682
AT,NPL_COVERAGE,2020-06-30,2020-Q2,0.399684
AT,NPL_COVERAGE,2020-09-30,2020-Q3,0.433037
AT,NPL_COVERAGE,2020-12-31,2020-Q4,0.468765
AT,NPL_COVERAGE,2021-03-31,2021-Q1,0.443168
AT,NPL_COVERAGE,2021-06-30,2021-Q2,0.459147
AT,NPL_COVERAGE,2021-09-30,2021-Q3,0.403065
AT,NPL_COVERAGE,2021-12-31,2021-Q4,0.471583
AT,NPL_COVERAGE,2022-03-31,2022-Q1,0.434025
AT,NPL_COVERAGE,2022-06-30,2022-Q2,0.45433
AT,NPL_COVERAGE,2022-09-30,2022-Q3,0.475322
AT,NPL_COVERAGE,2022-12-31,2022-Q4,0.458347
AT,NPL_COVERAGE,2023-03-31,2023-Q1,0.418473
AT,NPL_COVERAGE,2023-06-30,2023-Q2,0.451054
AT,NPL_COVERAGE,2023-09-30,2023-Q3,0.457731
AT,NPL_COVERAGE,2023-12-31,2023-Q4,0.42754
AT,NPL_COVERAGE,2024-03-31,2024-Q1,0.44174
AT,NPL_COVERAGE,2024-06-30,2024-Q2,0.467005
AT,NPL_COVERAGE,2024-09-30,2024-Q3,0.437687
AT,NPL_COVERAGE,2024-12-31,2024-Q4,0.442292
BE,NPL_COVERAGE,2018-03-31,2018-Q1,0.445561
BE,NPL_COVERAGE,2018-06-30,2018-Q2,0.432428
BE,NPL_COVERAGE,2018-09-30,2018-Q3,0.422288
BE,NPL_COVERAGE,2018-12-31,2018-Q4,0.442975
BE,NPL_COVERAGE,2019-03-31,2019-Q1,0.384219
BE,NPL_COVERAGE,2019-06-30,2019-Q2,0.435326
BE,NPL_COVERAGE,2019-09-30,2019-Q3,0.433204
BE,NPL_COVERAGE,2019-12-31,2019-Q4,0.393974
BE,NPL_COVERAGE,2020-03-31,2020-Q1,0.403993
BE,NPL_COVERAGE,2020-06-30,2020-Q2,0.407872
BE,NPL_COVERAGE,2020-09-30,2020-Q3,0.439914
BE,NPL_COVERAGE,2020-12-31,2020-Q4,0.45386
BE,NPL_COVERAGE,2021-03-31,2021-Q1,0.442825
BE,NPL_COVERAGE,2021-06-30,2021-Q2,0.420973
BE,NPL_COVERAGE,2021-09-30,2021-Q3,0.386497
BE,NPL_COVERAGE,2021-12-31,2021-Q4,0.458888
BE,NPL_COVERAGE,2022-03-31,2022-Q1,0.422631
BE,NPL_COVERAGE,2022-06-30,2022-Q2,0.44567
BE,NPL_COVERAGE,2022-09-30,2022-Q3,0.430209
BE,NPL_COVERAGE,2022-12-31,2022-Q4,0.423896
BE,NPL_COVERAGE,2023-03-31,2023-Q1,0.404509
BE,NPL_COVERAGE,2023-06-30,2023-Q2,0.425345
BE,NPL_COVERAGE,2023-09-30,2023-Q3,0.392867
BE,NPL_COVERAGE,2023-12-31,2023-Q4,0.390521
BE,NPL_COVERAGE,2024-03-31,2024-Q1,0.44268
BE,NPL_COVERAGE,2024-06-30,2024-Q2,0.450779
BE,NPL_COVERAGE,2024-09-30,2024-Q3,0.43634
BE,NPL_COVERAGE,2024-12-31,2024-Q4,0.418418
CY,NPL_COVERAGE,2018-03-31,2018-Q1,0.449382
CY,NPL_COVERAGE,2018-06-30,2018-Q2,0.420856
CY,NPL_COVERAGE,2018-09-30,2018-Q3,0.445807
CY,NPL_COVERAGE,2018-12-31,2018-Q4,0.423405
CY,NPL_COVERAGE,2019-03-31,2019-Q1,0.425116
CY,NPL_COVERAGE,2019-06-30,2019-Q2,0.393888
CY,NPL_COVERAGE,2019-09-30,2019-Q3,0.396654
CY,NPL_COVERAGE,2019-12-31,2019-Q4,0.421232
CY,NPL_COVERAGE,2020-03-31,2020-Q1,0.447865
CY,NPL_COVERAGE,2020-06-30,2020-Q2,0.38473
CY,NPL_COVERAGE,2020-09-30,2020-Q3,0.440276
CY,NPL_COVERAGE,2020-12-31,2020-Q4,0.446588
CY,NPL_COVERAGE,2021-03-31,2021-Q1,0.440197
CY,NPL_COVERAGE,2021-06-30,2021-Q2,0.381875
CY,NPL_COVERAGE,2021-09-30,2021-Q3,0.402374
CY,NPL_COVERAGE,2021-12-31,2021-Q4,0.396748
CY,NPL_COVERAGE,2022-03-31,2022-Q1,0.456631
CY,NPL_COVERAGE,2022-06-30,2022-Q2,0.435643
CY,NPL_COVERAGE,2022-09-30,2022-Q3,0.391424
CY,NPL_COVERAGE,2022-12-31,2022-Q4,0.392899
CY,NPL_COVERAGE,2023-03-31,2023-Q1,0.427199
CY,NPL_COVERAGE,2023-06-30,2023-Q2,0.417888
CY,NPL_COVERAGE,2023-09-30,2023-Q3,0.434727
CY,NPL_COVERAGE,2023-12-31,2023-Q4,0.399708
CY,NPL_COVERAGE,2024-03-31,2024-Q1,0.438894
CY,NPL_COVERAGE,2024-06-30,2024-Q2,0.443504
CY,NPL_COVERAGE,2024-09-30,2024-Q3,0.422786
CY,NPL_COVERAGE,2024-12-31,2024-Q4,0.384188
DE,NPL_COVERAGE,2018-03-31,2018-Q1,0.416798
DE,NPL_COVERAGE,2018-06-30,2018-Q2,0.437245
DE,NPL_COVERAGE,2018-09-30,2018-Q3,0.418076
DE,NPL_COVERAGE,2018-12-31,2018-Q4,0.436649
DE,NPL_COVERAGE,2019-03-31,2019-Q1,0.429451
DE,NPL_COVERAGE,2019-06-30,2019-Q2,0.420817
DE,NPL_COVERAGE,2019-09-30,2019-Q3,0.432233
DE,NPL_COVERAGE,2019-12-31,2019-Q4,0.450838
DE,NPL_COVERAGE,2020-03-31,2020-Q1,0.45684
DE,NPL_COVERAGE,2020-06-30,2020-Q2,0.454769
DE,NPL_COVERAGE,2020-09-30,2020-Q3,0.401765
DE,NPL_COVERAGE,2020-12-31,2020-Q4,0.440025
DE,NPL_COVERAGE,2021-03-31,2021-Q1,0.451736
DE,NPL_COVERAGE,2021-06-30,2021-Q2,0.425717
DE,NPL_COVERAGE,2021-09-30,2021-Q3,0.4559
DE,NPL_COVERAGE,2021-12-31,2021-Q4,0.426412
DE,NPL_COVERAGE,2022-03-31,2022-Q1,0.423808
DE,NPL_COVERAGE,2022-06-30,2022-Q2,0.416154
DE,NPL_COVERAGE,2022-09-30,2022-Q3,0.47047
DE,NPL_COVERAGE,2022-12-31,2022-Q4,0.437658
DE,NPL_COVERAGE,2023-03-31,2023-Q1,0.450986
DE,NPL_COVERAGE,2023-06-30,2023-Q2,0.420718
DE,NPL_COVERAGE,2023-09-30,2023-Q3,0.449465
DE,NPL_COVERAGE,2023-12-31,2023-Q4,0.432561
DE,NPL_COVERAGE,2024-03-31,2024-Q1,0.431465
DE,NPL_COVERAGE,2024-06-30,2024-Q2,0.43337
DE,NPL_COVERAGE,2024-09-30,2024-Q3,0.47565
DE,NPL_COVERAGE,2024-12-31,2024-Q4,0.419365
DK,NPL_COVERAGE,2018-03-31,2018-Q1,0.477133
DK,NPL_COVERAGE,2018-06-30,2018-Q2,0.433936
DK,NPL_COVERAGE,2018-09-30,2018-Q3,0.485869
DK,NPL_COVERAGE,2018-12-31,2018-Q4,0.462551
DK,NPL_COVERAGE,2019-03-31,2019-Q1,0.449778
DK,NPL_COVERAGE,2019-06-30,2019-Q2,0.447932
DK,NPL_COVERAGE,2019-09-30,2019-Q3,0.476811
DK,NPL_COVERAGE,2019-12-31,2019-Q4,0.411539
DK,NPL_COVERAGE,2020-03-31,2020-Q1,0.41633
DK,NPL_COVERAGE,2020-06-30,2020-Q2,0.44305
DK,NPL_COVERAGE,2020-09-30,2020-Q3,0.465549
DK,NPL_COVERAGE,2020-12-31,2020-Q4,0.487948
DK,NPL_COVERAGE,2021-03-31,2021-Q1,0.411609
DK,NPL_COVERAGE,2021-06-30,2021-Q2,0.468015
DK,NPL_COVERAGE,2021-09-30,2021-Q3,0.440948
DK,NPL_COVERAGE,2021-12-31,2021-Q4,0.422068
DK,NPL_COVERAGE,2022-03-31,2022-Q1,0.420161
DK,NPL_COVERAGE,2022-06-30,2022-Q2,0.438198
DK,NPL_COVERAGE,2022-09-30,2022-Q3,0.434108
DK,NPL_COVERAGE,2022-12-31,2022-Q4,0.425905
DK,NPL_COVERAGE,2023-03-31,2023-Q1,0.455676
DK,NPL_COVERAGE,2023-06-30,2023-Q2,0.457543
DK,NPL_COVERAGE,2023-09-30,2023-Q3,0.476876
DK,NPL_COVERAGE,2023-12-31,2023-Q4,0.481273
DK,NPL_COVERAGE,2024-03-31,2024-Q1,0.470331
DK,NPL_COVERAGE,2024-06-30,2024-Q2,0.439134
DK,NPL_COVERAGE,2024-09-30,2024-Q3,0.488127
DK,NPL_COVERAGE,2024-12-31,2024-Q4,0.442337
ES,NPL_COVERAGE,2018-03-31,2018-Q1,0.442865
ES,NPL_COVERAGE,2018-06-30,2018-Q2,0.436636
ES,NPL_COVERAGE,2018-09-30,2018-Q3,0.480965
ES,NPL_COVERAGE,2018-12-31,2018-Q4,0.447429
ES,NPL_COVERAGE,2019-03-31,2019-Q1,0.456023
ES,NPL_COVERAGE,2019-06-30,2019-Q2,0.425995
ES,NPL_COVERAGE,2019-09-30,2019-Q3,0.436295
ES,NPL_COVERAGE,2019-12-31,2019-Q4,0.476137
ES,NPL_COVERAGE,2020-03-31,2020-Q1,0.43381
ES,NPL_COVERAGE,2020-06-30,2020-Q2,0.449993
ES,NPL_COVERAGE,2020-09-30,2020-Q3,0.462537
ES,NPL_COVERAGE,2020-12-31,2020-Q4,0.475769
ES,NPL_COVERAGE,2021-03-31,2021-Q1,0.414188
ES,NPL_COVERAGE,2021-06-30,2021-Q2,0.480396
ES,NPL_COVERAGE,2021-09-30,2021-Q3,0.403179
ES,NPL_COVERAGE,2021-12-31,2021-Q4,0.425321
ES,NPL_COVERAGE,2022-03-31,2022-Q1,0.478667
ES,NPL_COVERAGE,2022-06-30,2022-Q2,0.468197
ES,NPL_COVERAGE,2022-09-30,2022-Q3,0.430042
ES,NPL_COVERAGE,2022-12-31,2022-Q4,0.443172
ES,NPL_COVERAGE,2023-03-31,2023-Q1,0.44765
ES,NPL_COVERAGE,2023-06-30,2023-Q2,0.447609
ES,NPL_COVERAGE,2023-09-30,2023-Q3,0.452221
ES,NPL_COVERAGE,2023-12-31,2023-Q4,0.480477
ES,NPL_COVERAGE,2024-03-31,2024-Q1,0.472808
ES,NPL_COVERAGE,2024-06-30,2024-Q2,0.45217
ES,NPL_COVERAGE,2024-09-30,2024-Q3,0.409748
ES,NPL_COVERAGE,2024-12-31,2024-Q4,0.437601
EU,NPL_COVERAGE,2018-03-31,2018-Q1,0.462778
EU,NPL_COVERAGE,2018-06-30,2018-Q2,0.438198
EU,NPL_COVERAGE,2018-09-30,2018-Q3,0.44551
EU,NPL_COVERAGE,2018-12-31,2018-Q4,0.460889
EU,NPL_COVERAGE,2019-03-31,2019-Q1,0.462486
EU,NPL_COVERAGE,2019-06-30,2019-Q2,0.419568
EU,NPL_COVERAGE,2019-09-30,2019-Q3,0.463855
EU,NPL_COVERAGE,2019-12-31,2019-Q4,0.468987
EU,NPL_COVERAGE,2020-03-31,2020-Q1,0.468258
EU,NPL_COVERAGE,2020-06-30,2020-Q2,0.466137
EU,NPL_COVERAGE,2020-09-30,2020-Q3,0.412821
EU,NPL_COVERAGE,2020-12-31,2020-Q4,0.459702
EU,NPL_COVERAGE,2021-03-31,2021-Q1,0.414954
EU,NPL_COVERAGE,2021-06-30,2021-Q2,0.405532
EU,NPL_COVERAGE,2021-09-30,2021-Q3,0.427237
EU,NPL_COVERAGE,2021-12-31,2021-Q4,0.430287
EU,NPL_COVERAGE,2022-03-31,2022-Q1,0.399227
EU,NPL_COVERAGE,2022-06-30,2022-Q2,0.470721
EU,NPL_COVERAGE,2022-09-30,2022-Q3,0.403942
EU,NPL_COVERAGE,2022-12-31,2022-Q4,0.468613
EU,NPL_COVERAGE,2023-03-31,2023-Q1,0.462928
EU,NPL_COVERAGE,2023-06-30,2023-Q2,0.403683
EU,NPL_COVERAGE,2023-09-30,2023-Q3,0.469171
EU,NPL_COVERAGE,2023-12-31,2023-Q4,0.471537
EU,NPL_COVERAGE,2024-03-31,2024-Q1,0.4216
EU,NPL_COVERAGE,2024-06-30,2024-Q2,0.440325
EU,NPL_COVERAGE,2024-09-30,2024-Q3,0.404546
EU,NPL_COVERAGE,2024-12-31,2024-Q4,0.407267
FI,NPL_COVERAGE,2018-03-31,2018-Q1,0.455087
FI,NPL_COVERAGE,2018-06-30,2018-Q2,0.418979
FI,NPL_COVERAGE,2018-09-30,2018-Q3,0.407679
FI,NPL_COVERAGE,2018-12-31,2018-Q4,0.442567
FI,NPL_COVERAGE,2019-03-31,2019-Q1,0.469392
FI,NPL_COVERAGE,2019-06-30,2019-Q2,0.472145
FI,NPL_COVERAGE,2019-09-30,2019-Q3,0.475705
FI,NPL_COVERAGE,2019-12-31,2019-Q4,0.437437
FI,NPL_COVERAGE,2020-03-31,2020-Q1,0.435172
FI,NPL_COVERAGE,2020-06-30,2020-Q2,0.432262
FI,NPL_COVERAGE,2020-09-30,2020-Q3,0.407161
FI,NPL_COVERAGE,2020-12-31,2020-Q4,0.427647
FI,NPL_COVERAGE,2021-03-31,2021-Q1,0.41457
FI,NPL_COVERAGE,2021-06-30,2021-Q2,0.421995
FI,NPL_COVERAGE,2021-09-30,2021-Q3,0.437462
FI,NPL_COVERAGE,2021-12-31,2021-Q4,0.444226
FI,NPL_COVERAGE,2022-03-31,2022-Q1,0.433696
FI,NPL_COVERAGE,2022-06-30,2022-Q2,0.451831
FI,NPL_COVERAGE,2022-09-30,2022-Q3,0.418902
FI,NPL_COVERAGE,2022-12-31,2022-Q4,0.467279
FI,NPL_COVERAGE,2023-03-31,2023-Q1,0.463361
FI,NPL_COVERAGE,2023-06-30,2023-Q2,0.451352
FI,NPL_COVERAGE,2023-09-30,2023-Q3,0.460983
FI,NPL_COVERAGE,2023-12-31,2023-Q4,0.476625
FI,NPL_COVERAGE,2024-03-31,2024-Q1,0.443141
FI,NPL_COVERAGE,2024-06-30,2024-Q2,0.466043
FI,NPL_COVERAGE,2024-09-30,2024-Q3,0.411444
FI,NPL_COVERAGE,2024-12-31,2024-Q4,0.414658
FR,NPL_COVERAGE,2018-03-31,2018-Q1,0.430033
FR,NPL_COVERAGE,2018-06-30,2018-Q2,0.412538
FR,NPL_COVERAGE,2018-09-30,2018-Q3,0.406285
FR,NPL_COVERAGE,2018-12-31,2018-Q4,0.432616
FR,NPL_COVERAGE,2019-03-31,2019-Q1,0.417116
FR,NPL_COVERAGE,2019-06-30,2019-Q2,0.398077
FR,NPL_COVERAGE,2019-09-30,2019-Q3,0.412377
FR,NPL_COVERAGE,2019-12-31,2019-Q4,0.43057
FR,NPL_COVERAGE,2020-03-31,2020-Q1,0.406258
FR,NPL_COVERAGE,2020-06-30,2020-Q2,0.434935
FR,NPL_COVERAGE,2020-09-30,2020-Q3,0.40829
FR,NPL_COVERAGE,2020-12-31,2020-Q4,0.385607
FR,NPL_COVERAGE,2021-03-31,2021-Q1,0.407477
FR,NPL_COVERAGE,2021-06-30,2021-Q2,0.393069
FR,NPL_COVERAGE,2021-09-30,2021-Q3,0.44749
FR,NPL_COVERAGE,2021-12-31,2021-Q4,0.384556
FR,NPL_COVERAGE,2022-03-31,2022-Q1,0.431898
FR,NPL_COVERAGE,2022-06-30,2022-Q2,0.386243
FR,NPL_COVERAGE,2022-09-30,2022-Q3,0.397652
FR,NPL_COVERAGE,2022-12-31,2022-Q4,0.392517
FR,NPL_COVERAGE,2023-03-31,2023-Q1,0.402956
FR,NPL_COVERAGE,2023-06-30,2023-Q2,0.378838
FR,NPL_COVERAGE,2023-09-30,2023-Q3,0.400421
FR,NPL_COVERAGE,2023-12-31,2023-Q4,0.396516
FR,NPL_COVERAGE,2024-03-31,2024-Q1,0.397145
FR,NPL_COVERAGE,2024-06-30,2024-Q2,0.440482
FR,NPL_COVERAGE,2024-09-30,2024-Q3,0.405741
FR,NPL_COVERAGE,2024-12-31,2024-Q4,0.399291
GR,NPL_COVERAGE,2018-03-31,2018-Q1,0.481977
GR,NPL_COVERAGE,2018-06-30,2018-Q2,0.42371
GR,NPL_COVERAGE,2018-09-30,2018-Q3,0.48678
GR,NPL_COVERAGE,2018-12-31,2018-Q4,0.439513
GR,NPL_COVERAGE,2019-03-31,2019-Q1,0.462562
GR,NPL_COVERAGE,2019-06-30,2019-Q2,0.476661
GR,NPL_COVERAGE,2019-09-30,2019-Q3,0.48299
GR,NPL_COVERAGE,2019-12-31,2019-Q4,0.480133
GR,NPL_COVERAGE,2020-03-31,2020-Q1,0.469282
GR,NPL_COVERAGE,2020-06-30,2020-Q2,0.463201
GR,NPL_COVERAGE,2020-09-30,2020-Q3,0.429014
GR,NPL_COVERAGE,2020-12-31,2020-Q4,0.432454
GR,NPL_COVERAGE,2021-03-31,2021-Q1,0.429816
GR,NPL_COVERAGE,2021-06-30,2021-Q2,0.410012
GR,NPL_COVERAGE,2021-09-30,2021-Q3,0.483337
GR,NPL_COVERAGE,2021-12-31,2021-Q4,0.460869
GR,NPL_COVERAGE,2022-03-31,2022-Q1,0.485436
GR,NPL_COVERAGE,2022-06-30,2022-Q2,0.468417
GR,NPL_COVERAGE,2022-09-30,2022-Q3,0.464064
GR,NPL_COVERAGE,2022-12-31,2022-Q4,0.469136
GR,NPL_COVERAGE,2023-03-31,2023-Q1,0.483423
GR,NPL_COVERAGE,2023-06-30,2023-Q2,0.463937
GR,NPL_COVERAGE,2023-09-30,2023-Q3,0.429745
GR,NPL_COVERAGE,2023-12-31,2023-Q4,0.417674
GR,NPL_COVERAGE,2024-03-31,2024-Q1,0.461424
GR,NPL_COVERAGE,2024-06-30,2024-Q2,0.464796
GR,NPL_COVERAGE,2024-09-30,2024-Q3,0.479643
GR,NPL_COVERAGE,2024-12-31,2024-Q4,0.444504
HR,NPL_COVERAGE,2018-03-31,2018-Q1,0.407107
HR,NPL_COVERAGE,2018-06-30,2018-Q2,0.422501
HR,NPL_COVERAGE,2018-09-30,2018-Q3,0.376508
HR,NPL_COVERAGE,2018-12-31,2018-Q4,0.422396
HR,NPL_COVERAGE,2019-03-31,2019-Q1,0.405673
HR,NPL_COVERAGE,2019-06-30,2019-Q2,0.407771
HR,NPL_COVERAGE,2019-09-30,2019-Q3,0.389475
HR,NPL_COVERAGE,2019-12-31,2019-Q4,0.445081
HR,NPL_COVERAGE,2020-03-31,2020-Q1,0.451209
HR,NPL_COVERAGE,2020-06-30,2020-Q2,0.390982
HR,NPL_COVERAGE,2020-09-30,2020-Q3,0.449651
HR,NPL_COVERAGE,2020-12-31,2020-Q4,0.39678
HR,NPL_COVERAGE,2021-03-31,2021-Q1,0.432853
HR,NPL_COVERAGE,2021-06-30,2021-Q2,0.416361
HR,NPL_COVERAGE,2021-09-30,2021-Q3,0.452127
HR,NPL_COVERAGE,2021-12-31,2021-Q4,0.418369
HR,NPL_COVERAGE,2022-03-31,2022-Q1,0.392826
HR,NPL_COVERAGE,2022-06-30,2022-Q2,0.416248
HR,NPL_COVERAGE,2022-09-30,2022-Q3,0.42498
HR,NPL_COVERAGE,2022-12-31,2022-Q4,0.396428
HR,NPL_COVERAGE,2023-03-31,2023-Q1,0.420904
HR,NPL_COVERAGE,2023-06-30,2023-Q2,0.452703
HR,NPL_COVERAGE,2023-09-30,2023-Q3,0.409202
HR,NPL_COVERAGE,2023-12-31,2023-Q4,0.422099
HR,NPL_COVERAGE,2024-03-31,2024-Q1,0.406672
HR,NPL_COVERAGE,2024-06-30,2024-Q2,0.428587
HR,NPL_COVERAGE,2024-09-30,2024-Q3,0.405064
HR,NPL_COVERAGE,2024-12-31,2024-Q4,0.437725
HU,NPL_COVERAGE,2018-03-31,2018-Q1,0.417315
HU,NPL_COVERAGE,2018-06-30,2018-Q2,0.431349
HU,NPL_COVERAGE,2018-09-30,2018-Q3,0.426653
HU,NPL_COVERAGE,2018-12-31,2018-Q4,0.478752
HU,NPL_COVERAGE,2019-03-31,2019-Q1,0.404691
HU,NPL_COVERAGE,2019-06-30,2019-Q2,0.4589
HU,NPL_COVERAGE,2019-09-30,2019-Q3,0.419812
HU,NPL_COVERAGE,2019-12-31,2019-Q4,0.447395
HU,NPL_COVERAGE,2020-03-31,2020-Q1,0.468859
HU,NPL_COVERAGE,2020-06-30,2020-Q2,0.458327
HU,NPL_COVERAGE,2020-09-30,2020-Q3,0.451824
HU,NPL_COVERAGE,2020-12-31,2020-Q4,0.46123
HU,NPL_COVERAGE,2021-03-31,2021-Q1,0.411573
HU,NPL_COVERAGE,2021-06-30,2021-Q2,0.432312
HU,NPL_COVERAGE,2021-09-30,2021-Q3,0.452857
HU,NPL_COVERAGE,2021-12-31,2021-Q4,0.470888
HU,NPL_COVERAGE,2022-03-31,2022-Q1,0.473302
HU,NPL_COVERAGE,2022-06-30,2022-Q2,0.421337
HU,NPL_COVERAGE,2022-09-30,2022-Q3,0.454221
HU,NPL_COVERAGE,2022-12-31,2022-Q4,0.405735
HU,NPL_COVERAGE,2023-03-31,2023-Q1,0.460103
HU,NPL_COVERAGE,2023-06-30,2023-Q2,0.433443
HU,NPL_COVERAGE,2023-09-30,2023-Q3,0.459149
HU,NPL_COVERAGE,2023-12-31,2023-Q4,0.411438
HU,NPL_COVERAGE,2024-03-31,2024-Q1,0.465711
HU,NPL_COVERAGE,2024-06-30,2024-Q2,0.472129
HU,NPL_COVERAGE,2024-09-30,2024-Q3,0.412266
HU,NPL_COVERAGE,2024-12-31,2024-Q4,0.476124
IE,NPL_COVERAGE,2018-03-31,2018-Q1,0.476391
IE,NPL_COVERAGE,2018-06-30,2018-Q2,0.448463
IE,NPL_COVERAGE,2018-09-30,2018-Q3,0.429542
IE,NPL_COVERAGE,2018-12-31,2018-Q4,0.442098
IE,NPL_COVERAGE,2019-03-31,2019-Q1,0.455149
IE,NPL_COVERAGE,2019-06-30,2019-Q2,0.450153
IE,NPL_COVERAGE,2019-09-30,2019-Q3,0.433134
IE,NPL_COVERAGE,2019-12-31,2019-Q4,0.433915
IE,NPL_COVERAGE,2020-03-31,2020-Q1,0.44191
IE,NPL_COVERAGE,2020-06-30,2020-Q2,0.438633
IE,NPL_COVERAGE,2020-09-30,2020-Q3,0.443511
IE,NPL_COVERAGE,2020-12-31,2020-Q4,0.47185
IE,NPL_COVERAGE,2021-03-31,2021-Q1,0.485184
IE,NPL_COVERAGE,2021-06-30,2021-Q2,0.413455
IE,NPL_COVERAGE,2021-09-30,2021-Q3,0.462882
IE,NPL_COVERAGE,2021-12-31,2021-Q4,0.464845
IE,NPL_COVERAGE,2022-03-31,2022-Q1,0.447794
IE,NPL_COVERAGE,2022-06-30,2022-Q2,0.465791
IE,NPL_COVERAGE,2022-09-30,2022-Q3,0.48375
IE,NPL_COVERAGE,2022-12-31,2022-Q4,0.424716
IE,NPL_COVERAGE,2023-03-31,2023-Q1,0.459967
IE,NPL_COVERAGE,2023-06-30,2023-Q2,0.487454
IE,NPL_COVERAGE,2023-09-30,2023-Q3,0.427508
IE,NPL_COVERAGE,2023-12-31,2023-Q4,0.458854
IE,NPL_COVERAGE,2024-03-31,2024-Q1,0.427861
IE,NPL_COVERAGE,2024-06-30,2024-Q2,0.453214
IE,NPL_COVERAGE,2024-09-30,2024-Q3,0.431755
IE,NPL_COVERAGE,2024-12-31,2024-Q4,0.414627
IT,NPL_COVERAGE,2018-03-31,2018-Q1,0.489471
IT,NPL_COVERAGE,2018-06-30,2018-Q2,0.41389
IT,NPL_COVERAGE,2018-09-30,2018-Q3,0.44001
IT,NPL_COVERAGE,2018-12-31,2018-Q4,0.41549
IT,NPL_COVERAGE,2019-03-31,2019-Q1,0.443053
IT,NPL_COVERAGE,2019-06-30,2019-Q2,0.411769
IT,NPL_COVERAGE,2019-09-30,2019-Q3,0.445591
IT,NPL_COVERAGE,2019-12-31,2019-Q4,0.47828
IT,NPL_COVERAGE,2020-03-31,2020-Q1,0.414395
IT,NPL_COVERAGE,2020-06-30,2020-Q2,0.421466
IT,NPL_COVERAGE,2020-09-30,2020-Q3,0.463129
IT,NPL_COVERAGE,2020-12-31,2020-Q4,0.435094
IT,NPL_COVERAGE,2021-03-31,2021-Q1,0.454113
IT,NPL_COVERAGE,2021-06-30,2021-Q2,0.464439
IT,NPL_COVERAGE,2021-09-30,2021-Q3,0.441916
IT,NPL_COVERAGE,2021-12-31,2021-Q4,0.447749
IT,NPL_COVERAGE,2022-03-31,2022-Q1,0.448776
IT,NPL_COVERAGE,2022-06-30,2022-Q2,0.416084
IT,NPL_COVERAGE,2022-09-30,2022-Q3,0.416345
IT,NPL_COVERAGE,2022-12-31,2022-Q4,0.43143
IT,NPL_COVERAGE,2023-03-31,2023-Q1,0.464884
IT,NPL_COVERAGE,2023-06-30,2023-Q2,0.439678
IT,NPL_COVERAGE,2023-09-30,2023-Q3,0.474731
IT,NPL_COVERAGE,2023-12-31,2023-Q4,0.476011
IT,NPL_COVERAGE,2024-03-31,2024-Q1,0.464163
IT,NPL_COVERAGE,2024-06-30,2024-Q2,0.430105
IT,NPL_COVERAGE,2024-09-30,2024-Q3,0.447367
IT,NPL_COVERAGE,2024-12-31,2024-Q4,0.457632
LT,NPL_COVERAGE,2018-03-31,2018-Q1,0.412471
LT,NPL_COVERAGE,2018-06-30,2018-Q2,0.410313
LT,NPL_COVERAGE,2018-09-30,2018-Q3,0.427812
LT,NPL_COVERAGE,2018-12-31,2018-Q4,0.456152
LT,NPL_COVERAGE,2019-03-31,2019-Q1,0.421486
LT,NPL_COVERAGE,2019-06-30,2019-Q2,0.432997
LT,NPL_COVERAGE,2019-09-30,2019-Q3,0.482731
LT,NPL_COVERAGE,2019-12-31,2019-Q4,0.484028
LT,NPL_COVERAGE,2020-03-31,2020-Q1,0.409519
LT,NPL_COVERAGE,2020-06-30,2020-Q2,0.454707
LT,NPL_COVERAGE,2020-09-30,2020-Q3,0.486822
LT,NPL_COVERAGE,2020-12-31,2020-Q4,0.484172
LT,NPL_COVERAGE,2021-03-31,2021-Q1,0.444746
LT,NPL_COVERAGE,2021-06-30,2021-Q2,0.453175
LT,NPL_COVERAGE,2021-09-30,2021-Q3,0.439879
LT,NPL_COVERAGE,2021-12-31,2021-Q4,0.485258
LT,NPL_COVERAGE,2022-03-31,2022-Q1,0.416295
LT,NPL_COVERAGE,2022-06-30,2022-Q2,0.414364
LT,NPL_COVERAGE,2022-09-30,2022-Q3,0.48146
LT,NPL_COVERAGE,2022-12-31,2022-Q4,0.427141
LT,NPL_COVERAGE,2023-03-31,2023-Q1,0.440685
LT,NPL_COVERAGE,2023-06-30,2023-Q2,0.463137
LT,NPL_COVERAGE,2023-09-30,2023-Q3,0.408248
LT,NPL_COVERAGE,2023-12-31,2023-Q4,0.407643
LT,NPL_COVERAGE,2024-03-31,2024-Q1,0.47498
LT,NPL_COVERAGE,2024-06-30,2024-Q2,0.472772
LT,NPL_COVERAGE,2024-09-30,2024-Q3,0.441962
LT,NPL_COVERAGE,2024-12-31,2024-Q4,0.446275
LU,NPL_COVERAGE,2018-03-31,2018-Q1,0.448603
LU,NPL_COVERAGE,2018-06-30,2018-Q2,0.394487
LU,NPL_COVERAGE,2018-09-30,2018-Q3,0.452636
LU,NPL_COVERAGE,2018-12-31,2018-Q4,0.426597
LU,NPL_COVERAGE,2019-03-31,2019-Q1,0.449783
LU,NPL_COVERAGE,2019-06-30,2019-Q2,0.391545
LU,NPL_COVERAGE,2019-09-30,2019-Q3,0.38687
LU,NPL_COVERAGE,2019-12-31,2019-Q4,0.411565
LU,NPL_COVERAGE,2020-03-31,2020-Q1,0.424562
LU,NPL_COVERAGE,2020-06-30,2020-Q2,0.410986
LU,NPL_COVERAGE,2020-09-30,2020-Q3,0.383543
LU,NPL_COVERAGE,2020-12-31,2020-Q4,0.381904
LU,NPL_COVERAGE,2021-03-31,2021-Q1,0.397782
LU,NPL_COVERAGE,2021-06-30,2021-Q2,0.404676
LU,NPL_COVERAGE,2021-09-30,2021-Q3,0.415824
LU,NPL_COVERAGE,2021-12-31,2021-Q4,0.413481
LU,NPL_COVERAGE,2022-03-31,2022-Q1,0.393063
LU,NPL_COVERAGE,2022-06-30,2022-Q2,0.43851
LU,NPL_COVERAGE,2022-09-30,2022-Q3,0.447758
LU,NPL_COVERAGE,2022-12-31,2022-Q4,0.435304
LU,NPL_COVERAGE,2023-03-31,2023-Q1,0.411375
LU,NPL_COVERAGE,2023-06-30,2023-Q2,0.391181
LU,NPL_COVERAGE,2023-09-30,2023-Q3,0.389423
LU,NPL_COVERAGE,2023-12-31,2023-Q4,0.44731
LU,NPL_COVERAGE,2024-03-31,2024-Q1,0.422098
LU,NPL_COVERAGE,2024-06-30,2024-Q2,0.455368
LU,NPL_COVERAGE,2024-09-30,2024-Q3,0.410446
LU,NPL_COVERAGE,2024-12-31,2024-Q4,0.387108
LV,NPL_COVERAGE,2018-03-31,2018-Q1,0.452962
LV,NPL_COVERAGE,2018-06-30,2018-Q2,0.436164
LV,NPL_COVERAGE,2018-09-30,2018-Q3,0.437921
LV,NPL_COVERAGE,2018-12-31,2018-Q4,0.456751
LV,NPL_COVERAGE,2019-03-31,2019-Q1,0.440474
LV,NPL_COVERAGE,2019-06-30,2019-Q2,0.468108
LV,NPL_COVERAGE,2019-09-30,2019-Q3,0.433658
LV,NPL_COVERAGE,2019-12-31,2019-Q4,0.44356
LV,NPL_COVERAGE,2020-03-31,2020-Q1,0.453035
LV,NPL_COVERAGE,2020-06-30,2020-Q2,0.405247
LV,NPL_COVERAGE,2020-09-30,2020-Q3,0.442608
LV,NPL_COVERAGE,2020-12-31,2020-Q4,0.451029
LV,NPL_COVERAGE,2021-03-31,2021-Q1,0.435124
LV,NPL_COVERAGE,2021-06-30,2021-Q2,0.420629
LV,NPL_COVERAGE,2021-09-30,2021-Q3,0.428881
LV,NPL_COVERAGE,2021-12-31,2021-Q4,0.405848
LV,NPL_COVERAGE,2022-03-31,2022-Q1,0.449282
LV,NPL_COVERAGE,2022-06-30,2022-Q2,0.403376
LV,NPL_COVERAGE,2022-09-30,2022-Q3,0.431143
LV,NPL_COVERAGE,2022-12-31,2022-Q4,0.468584
LV,NPL_COVERAGE,2023-03-31,2023-Q1,0.403317
LV,NPL_COVERAGE,2023-06-30,2023-Q2,0.413025
LV,NPL_COVERAGE,2023-09-30,2023-Q3,0.4254
LV,NPL_COVERAGE,2023-12-31,2023-Q4,0.47985
LV,NPL_COVERAGE,2024-03-31,2024-Q1,0.416661
LV,NPL_COVERAGE,2024-06-30,2024-Q2,0.429604
LV,NPL_COVERAGE,2024-09-30,2024-Q3,0.461547
LV,NPL_COVERAGE,2024-12-31,2024-Q4,0.448766
MT,NPL_COVERAGE,2018-03-31,2018-Q1,0.40888
MT,NPL_COVERAGE,2018-06-30,2018-Q2,0.454415
MT,NPL_COVERAGE,2018-09-30,2018-Q3,0.428963
MT,NPL_COVERAGE,2018-12-31,2018-Q4,0.475223
MT,NPL_COVERAGE,2019-03-31,2019-Q1,0.416662
MT,NPL_COVERAGE,2019-06-30,2019-Q2,0.451841
MT,NPL_COVERAGE,2019-09-30,2019-Q3,0.442646
MT,NPL_COVERAGE,2019-12-31,2019-Q4,0.468906
MT,NPL_COVERAGE,2020-03-31,2020-Q1,0.41723
MT,NPL_COVERAGE,2020-06-30,2020-Q2,0.454884
MT,NPL_COVERAGE,2020-09-30,2020-Q3,0.402413
MT,NPL_COVERAGE,2020-12-31,2020-Q4,0.454339
MT,NPL_COVERAGE,2021-03-31,2021-Q1,0.458518
MT,NPL_COVERAGE,2021-06-30,2021-Q2,0.432099
MT,NPL_COVERAGE,2021-09-30,2021-Q3,0.448539
MT,NPL_COVERAGE,2021-12-31,2021-Q4,0.442371
MT,NPL_COVERAGE,2022-03-31,2022-Q1,0.453298
MT,NPL_COVERAGE,2022-06-30,2022-Q2,0.471503
MT,NPL_COVERAGE,2022-09-30,2022-Q3,0.426541
MT,NPL_COVERAGE,2022-12-31,2022-Q4,0.403277
MT,NPL_COVERAGE,2023-03-31,2023-Q1,0.428365
MT,NPL_COVERAGE,2023-06-30,2023-Q2,0.427404
MT,NPL_COVERAGE,2023-09-30,2023-Q3,0.401793
MT,NPL_COVERAGE,2023-12-31,2023-Q4,0.474147
MT,NPL_COVERAGE,2024-03-31,2024-Q1,0.444094
MT,NPL_COVERAGE,2024-06-30,2024-Q2,0.406187
MT,NPL_COVERAGE,2024-09-30,2024-Q3,0.408924
MT,NPL_COVERAGE,2024-12-31,2024-Q4,0.456132
NL,NPL_COVERAGE,2018-03-31,2018-Q1,0.462222
NL,NPL_COVERAGE,2018-06-30,2018-Q2,0.427018
NL,NPL_COVERAGE,2018-09-30,2018-Q3,0.46925
NL,NPL_COVERAGE,2018-12-31,2018-Q4,0.447708
NL,NPL_COVERAGE,2019-03-31,2019-Q1,0.415371
NL,NPL_COVERAGE,2019-06-30,2019-Q2,0.423455
NL,NPL_COVERAGE,2019-09-30,2019-Q3,0.491586
NL,NPL_COVERAGE,2019-12-31,2019-Q4,0.412531
NL,NPL_COVERAGE,2020-03-31,2020-Q1,0.44824
NL,NPL_COVERAGE,2020-06-30,2020-Q2,0.488446
NL,NPL_COVERAGE,2020-09-30,2020-Q3,0.436552
NL,NPL_COVERAGE,2020-12-31,2020-Q4,0.428844
NL,NPL_COVERAGE,2021-03-31,2021-Q1,0.456288
NL,NPL_COVERAGE,2021-06-30,2021-Q2,0.443375
NL,NPL_COVERAGE,2021-09-30,2021-Q3,0.435633
NL,NPL_COVERAGE,2021-12-31,2021-Q4,0.415606
NL,NPL_COVERAGE,2022-03-31,2022-Q1,0.48214
NL,NPL_COVERAGE,2022-06-30,2022-Q2,0.473686
NL,NPL_COVERAGE,2022-09-30,2022-Q3,0.420055
NL,NPL_COVERAGE,2022-12-31,2022-Q4,0.491676
NL,NPL_COVERAGE,2023-03-31,2023-Q1,0.446579
NL,NPL_COVERAGE,2023-06-30,2023-Q2,0.490038
NL,NPL_COVERAGE,2023-09-30,2023-Q3,0.489374
NL,NPL_COVERAGE,2023-12-31,2023-Q4,0.447883
NL,NPL_COVERAGE,2024-03-31,2024-Q1,0.43944
NL,NPL_COVERAGE,2024-06-30,2024-Q2,0.455598
NL,NPL_COVERAGE,2024-09-30,2024-Q3,0.465938
NL,NPL_COVERAGE,2024-12-31,2024-Q4,0.4655
NO,NPL_COVERAGE,2018-03-31,2018-Q1,0.451412
NO,NPL_COVERAGE,2018-06-30,2018-Q2,0.409242
NO,NPL_COVERAGE,2018-09-30,2018-Q3,0.410865
NO,NPL_COVERAGE,2018-12-31,2018-Q4,0.453283
NO,NPL_COVERAGE,2019-03-31,2019-Q1,0.45834
NO,NPL_COVERAGE,2019-06-30,2019-Q2,0.441988
NO,NPL_COVERAGE,2019-09-30,2019-Q3,0.432734
NO,NPL_COVERAGE,2019-12-31,2019-Q4,0.413226
NO,NPL_COVERAGE,2020-03-31,2020-Q1,0.388157
NO,NPL_COVERAGE,2020-06-30,2020-Q2,0.462064
NO,NPL_COVERAGE,2020-09-30,2020-Q3,0.418347
NO,NPL_COVERAGE,2020-12-31,2020-Q4,0.453279
NO,NPL_COVERAGE,2021-03-31,2021-Q1,0.412808
NO,NPL_COVERAGE,2021-06-30,2021-Q2,0.399271
NO,NPL_COVERAGE,2021-09-30,2021-Q3,0.397803
NO,NPL_COVERAGE,2021-12-31,2021-Q4,0.436963
NO,NPL_COVERAGE,2022-03-31,2022-Q1,0.452136
NO,NPL_COVERAGE,2022-06-30,2022-Q2,0.399742
NO,NPL_COVERAGE,2022-09-30,2022-Q3,0.406057
NO,NPL_COVERAGE,2022-12-31,2022-Q4,0.410455
NO,NPL_COVERAGE,2023-03-31,2023-Q1,0.41938
NO,NPL_COVERAGE,2023-06-30,2023-Q2,0.405793
NO,NPL_COVERAGE,2023-09-30,2023-Q3,0.446606
NO,NPL_COVERAGE,2023-12-31,2023-Q4,0.42222
NO,NPL_COVERAGE,2024-03-31,2024-Q1,0.385174
NO,NPL_COVERAGE,2024-06-30,2024-Q2,0.435234
NO,NPL_COVERAGE,2024-09-30,2024-Q3,0.409978
NO,NPL_COVERAGE,2024-12-31,2024-Q4,0.431758
PL,NPL_COVERAGE,2018-03-31,2018-Q1,0.464353
PL,NPL_COVERAGE,2018-06-30,2018-Q2,0.419462
PL,NPL_COVERAGE,2018-09-30,2018-Q3,0.443165
PL,NPL_COVERAGE,2018-12-31,2018-Q4,0.435028
PL,NPL_COVERAGE,2019-03-31,2019-Q1,0.430073
PL,NPL_COVERAGE,2019-06-30,2019-Q2,0.452045
PL,NPL_COVERAGE,2019-09-30,2019-Q3,0.459278
PL,NPL_COVERAGE,2019-12-31,2019-Q4,0.457306
PL,NPL_COVERAGE,2020-03-31,2020-Q1,0.464209
PL,NPL_COVERAGE,2020-06-30,2020-Q2,0.449904
PL,NPL_COVERAGE,2020-09-30,2020-Q3,0.44343
PL,NPL_COVERAGE,2020-12-31,2020-Q4,0.431921
PL,NPL_COVERAGE,2021-03-31,2021-Q1,0.458935
PL,NPL_COVERAGE,2021-06-30,2021-Q2,0.390842
PL,NPL_COVERAGE,2021-09-30,2021-Q3,0.417139
PL,NPL_COVERAGE,2021-12-31,2021-Q4,0.416704
PL,NPL_COVERAGE,2022-03-31,2022-Q1,0.41018
PL,NPL_COVERAGE,2022-06-30,2022-Q2,0.453861
PL,NPL_COVERAGE,2022-09-30,2022-Q3,0.395571
PL,NPL_COVERAGE,2022-12-31,2022-Q4,0.405327
PL,NPL_COVERAGE,2023-03-31,2023-Q1,0.438423
PL,NPL_COVERAGE,2023-06-30,2023-Q2,0.444058
PL,NPL_COVERAGE,2023-09-30,2023-Q3,0.416496
PL,NPL_COVERAGE,2023-12-31,2023-Q4,0.440706
PL,NPL_COVERAGE,2024-03-31,2024-Q1,0.43908
PL,NPL_COVERAGE,2024-06-30,2024-Q2,0.465237
PL,NPL_COVERAGE,2024-09-30,2024-Q3,0.448725
PL,NPL_COVERAGE,2024-12-31,2024-Q4,0.430825
PT,NPL_COVERAGE,2018-03-31,2018-Q1,0.466166
PT,NPL_COVERAGE,2018-06-30,2018-Q2,0.442974
PT,NPL_COVERAGE,2018-09-30,2018-Q3,0.481185
PT,NPL_COVERAGE,2018-12-31,2018-Q4,0.45346
PT,NPL_COVERAGE,2019-03-31,2019-Q1,0.416872
PT,NPL_COVERAGE,2019-06-30,2019-Q2,0.479062
PT,NPL_COVERAGE,2019-09-30,2019-Q3,0.475038
PT,NPL_COVERAGE,2019-12-31,2019-Q4,0.412592
PT,NPL_COVERAGE,2020-03-31,2020-Q1,0.423069
PT,NPL_COVERAGE,2020-06-30,2020-Q2,0.466744
PT,NPL_COVERAGE,2020-09-30,2020-Q3,0.468614
PT,NPL_COVERAGE,2020-12-31,2020-Q4,0.458125
PT,NPL_COVERAGE,2021-03-31,2021-Q1,0.424955
PT,NPL_COVERAGE,2021-06-30,2021-Q2,0.456587
PT,NPL_COVERAGE,2021-09-30,2021-Q3,0.425739
PT,NPL_COVERAGE,2021-12-31,2021-Q4,0.421723
PT,NPL_COVERAGE,2022-03-31,2022-Q1,0.475051
PT,NPL_COVERAGE,2022-06-30,2022-Q2,0.445802
PT,NPL_COVERAGE,2022-09-30,2022-Q3,0.416224
PT,NPL_COVERAGE,2022-12-31,2022-Q4,0.481039
PT,NPL_COVERAGE,2023-03-31,2023-Q1,0.42545
PT,NPL_COVERAGE,2023-06-30,2023-Q2,0.483442
PT,NPL_COVERAGE,2023-09-30,2023-Q3,0.484802
PT,NPL_COVERAGE,2023-12-31,2023-Q4,0.479244
PT,NPL_COVERAGE,2024-03-31,2024-Q1,0.429522
PT,NPL_COVERAGE,2024-06-30,2024-Q2,0.467162
PT,NPL_COVERAGE,2024-09-30,2024-Q3,0.45145
PT,NPL_COVERAGE,2024-12-31,2024-Q4,0.469365
RO,NPL_COVERAGE,2018-03-31,2018-Q1,0.423232
RO,NPL_COVERAGE,2018-06-30,2018-Q2,0.441508
RO,NPL_COVERAGE,2018-09-30,2018-Q3,0.454217
RO,NPL_COVERAGE,2018-12-31,2018-Q4,0.454617
RO,NPL_COVERAGE,2019-03-31,2019-Q1,0.448801
RO,NPL_COVERAGE,2019-06-30,2019-Q2,0.486183
RO,NPL_COVERAGE,2019-09-30,2019-Q3,0.464089
RO,NPL_COVERAGE,2019-12-31,2019-Q4,0.487415
RO,NPL_COVERAGE,2020-03-31,2020-Q1,0.444441
RO,NPL_COVERAGE,2020-06-30,2020-Q2,0.419134
RO,NPL_COVERAGE,2020-09-30,2020-Q3,0.452474
RO,NPL_COVERAGE,2020-12-31,2020-Q4,0.420812
RO,NPL_COVERAGE,2021-03-31,2021-Q1,0.459959
RO,NPL_COVERAGE,2021-06-30,2021-Q2,0.474527
RO,NPL_COVERAGE,2021-09-30,2021-Q3,0.474237
RO,NPL_COVERAGE,2021-12-31,2021-Q4,0.454856
RO,NPL_COVERAGE,2022-03-31,2022-Q1,0.420471
RO,NPL_COVERAGE,2022-06-30,2022-Q2,0.485139
RO,NPL_COVERAGE,2022-09-30,2022-Q3,0.49004
RO,NPL_COVERAGE,2022-12-31,2022-Q4,0.438047
RO,NPL_COVERAGE,2023-03-31,2023-Q1,0.410704
RO,NPL_COVERAGE,2023-06-30,2023-Q2,0.446137
RO,NPL_COVERAGE,2023-09-30,2023-Q3,0.442619
RO,NPL_COVERAGE,2023-12-31,2023-Q4,0.479873
RO,NPL_COVERAGE,2024-03-31,2024-Q1,0.419949
RO,NPL_COVERAGE,2024-06-30,2024-Q2,0.415319
RO,NPL_COVERAGE,2024-09-30,2024-Q3,0.441525
RO,NPL_COVERAGE,2024-12-31,2024-Q4,0.414335
SE,NPL_COVERAGE,2018-03-31,2018-Q1,0.441125
SE,NPL_COVERAGE,2018-06-30,2018-Q2,0.408651
SE,NPL_COVERAGE,2018-09-30,2018-Q3,0.417137
SE,NPL_COVERAGE,2018-12-31,2018-Q4,0.441567
SE,NPL_COVERAGE,2019-03-31,2019-Q1,0.441283
SE,NPL_COVERAGE,2019-06-30,2019-Q2,0.416035
SE,NPL_COVERAGE,2019-09-30,2019-Q3,0.454626
SE,NPL_COVERAGE,2019-12-31,2019-Q4,0.417015
SE,NPL_COVERAGE,2020-03-31,2020-Q1,0.417144
SE,NPL_COVERAGE,2020-06-30,2020-Q2,0.430554
SE,NPL_COVERAGE,2020-09-30,2020-Q3,0.387619
SE,NPL_COVERAGE,2020-12-31,2020-Q4,0.401135
SE,NPL_COVERAGE,2021-03-31,2021-Q1,0.447066
SE,NPL_COVERAGE,2021-06-30,2021-Q2,0.388424
SE,NPL_COVERAGE,2021-09-30,2021-Q3,0.398998
SE,NPL_COVERAGE,2021-12-31,2021-Q4,0.445891
SE,NPL_COVERAGE,2022-03-31,2022-Q1,0.447016
SE,NPL_COVERAGE,2022-06-30,2022-Q2,0.423697
SE,NPL_COVERAGE,2022-09-30,2022-Q3,0.458035
SE,NPL_COVERAGE,2022-12-31,2022-Q4,0.395964
SE,NPL_COVERAGE,2023-03-31,2023-Q1,0.397063
SE,NPL_COVERAGE,2023-06-30,2023-Q2,0.414594
SE,NPL_COVERAGE,2023-09-30,2023-Q3,0.466522
SE,NPL_COVERAGE,2023-12-31,2023-Q4,0.457721
SE,NPL_COVERAGE,2024-03-31,2024-Q1,0.460122
SE,NPL_COVERAGE,2024-06-30,2024-Q2,0.444896
SE,NPL_COVERAGE,2024-09-30,2024-Q3,0.422627
SE,NPL_COVERAGE,2024-12-31,2024-Q4,0.43131
SI,NPL_COVERAGE,2018-03-31,2018-Q1,0.41016
SI,NPL_COVERAGE,2018-06-30,2018-Q2,0.47018
SI,NPL_COVERAGE,2018-09-30,2018-Q3,0.449451
SI,NPL_COVERAGE,2018-12-31,2018-Q4,0.428416
SI,NPL_COVERAGE,2019-03-31,2019-Q1,0.420283
SI,NPL_COVERAGE,2019-06-30,2019-Q2,0.461747
SI,NPL_COVERAGE,2019-09-30,2019-Q3,0.455508
SI,NPL_COVERAGE,2019-12-31,2019-Q4,0.469728
SI,NPL_COVERAGE,2020-03-31,2020-Q1,0.468832
SI,NPL_COVERAGE,2020-06-30,2020-Q2,0.440748
SI,NPL_COVERAGE,2020-09-30,2020-Q3,0.393578
SI,NPL_COVERAGE,2020-12-31,2020-Q4,0.422216
SI,NPL_COVERAGE,2021-03-31,2021-Q1,0.443496
SI,NPL_COVERAGE,2021-06-30,2021-Q2,0.436738
SI,NPL_COVERAGE,2021-09-30,2021-Q3,0.470623
SI,NPL_COVERAGE,2021-12-31,2021-Q4,0.436077
SI,NPL_COVERAGE,2022-03-31,2022-Q1,0.411193
SI,NPL_COVERAGE,2022-06-30,2022-Q2,0.443358
SI,NPL_COVERAGE,2022-09-30,2022-Q3,0.45749
SI,NPL_COVERAGE,2022-12-31,2022-Q4,0.418699
SI,NPL_COVERAGE,2023-03-31,2023-Q1,0.418323
SI,NPL_COVERAGE,2023-06-30,2023-Q2,0.464801
SI,NPL_COVERAGE,2023-09-30,2023-Q3,0.468667
SI,NPL_COVERAGE,2023-12-31,2023-Q4,0.394705
SI,NPL_COVERAGE,2024-03-31,2024-Q1,0.46474
SI,NPL_COVERAGE,2024-06-30,2024-Q2,0.451435
SI,NPL_COVERAGE,2024-09-30,2024-Q3,0.457178
SI,NPL_COVERAGE,2024-12-31,2024-Q4,0.450269
SK,NPL_COVERAGE,2018-03-31,2018-Q1,0.449818
SK,NPL_COVERAGE,2018-06-30,2018-Q2,0.443084
SK,NPL_COVERAGE,2018-09-30,2018-Q3,0.434717
SK,NPL_COVERAGE,2018-12-31,2018-Q4,0.460921
SK,NPL_COVERAGE,2019-03-31,2019-Q1,0.418791
SK,NPL_COVERAGE,2019-06-30,2019-Q2,0.432602
SK,NPL_COVERAGE,2019-09-30,2019-Q3,0.467207
SK,NPL_COVERAGE,2019-12-31,2019-Q4,0.441789
SK,NPL_COVERAGE,2020-03-31,2020-Q1,0.468882
SK,NPL_COVERAGE,2020-06-30,2020-Q2,0.406082
SK,NPL_COVERAGE,2020-09-30,2020-Q3,0.407378
SK,NPL_COVERAGE,2020-12-31,2020-Q4,0.401637
SK,NPL_COVERAGE,2021-03-31,2021-Q1,0.437578
SK,NPL_COVERAGE,2021-06-30,2021-Q2,0.393717
SK,NPL_COVERAGE,2021-09-30,2021-Q3,0.395328
SK,NPL_COVERAGE,2021-12-31,2021-Q4,0.404075
SK,NPL_COVERAGE,2022-03-31,2022-Q1,0.453697
SK,NPL_COVERAGE,2022-06-30,2022-Q2,0.438401
SK,NPL_COVERAGE,2022-09-30,2022-Q3,0.390935
SK,NPL_COVERAGE,2022-12-31,2022-Q4,0.409663
SK,NPL_COVERAGE,2023-03-31,2023-Q1,0.399027
SK,NPL_COVERAGE,2023-06-30,2023-Q2,0.460918
SK,NPL_COVERAGE,2023-09-30,2023-Q3,0.447138
SK,NPL_COVERAGE,2023-12-31,2023-Q4,0.407855
SK,NPL_COVERAGE,2024-03-31,2024-Q1,0.403366
SK,NPL_COVERAGE,2024-06-30,2024-Q2,0.462486
SK,NPL_COVERAGE,2024-09-30,2024-Q3,0.467962
SK,NPL_COVERAGE,2024-12-31,2024-Q4,0.429714
AT,NPL_RATIO,2018-03-31,2018-Q1,0.040276
AT,NPL_RATIO,2018-06-30,2018-Q2,0.040741
AT,NPL_RATIO,2018-09-30,2018-Q3,0.025838
AT,NPL_RATIO,2018-12-31,2018-Q4,0.017244
AT,NPL_RATIO,2019-03-31,2019-Q1,0.03538
AT,NPL_RATIO,2019-06-30,2019-Q2,0.03821
AT,NPL_RATIO,2019-09-30,2019-Q3,0.026188
AT,NPL_RATIO,2019-12-31,2019-Q4,0.012786
AT,NPL_RATIO,2020-03-31,2020-Q1,0.009242
AT,NPL_RATIO,2020-06-30,2020-Q2,0.024737
AT,NPL_RATIO,2020-09-30,2020-Q3,0.028258
AT,NPL_RATIO,2020-12-31,2020-Q4,0.027567
AT,NPL_RATIO,2021-03-31,2021-Q1,0.039424
AT,NPL_RATIO,2021-06-30,2021-Q2,0.023858
AT,NPL_RATIO,2021-09-30,2021-Q3,0.011324
AT,NPL_RATIO,2021-12-31,2021-Q4,0.012132
AT,NPL_RATIO,2022-03-31,2022-Q1,0.020684
AT,NPL_RATIO,2022-06-30,2022-Q2,0.028256
AT,NPL_RATIO,2022-09-30,2022-Q3,0.019594
AT,NPL_RATIO,2022-12-31,2022-Q4,0.024055
AT,NPL_RATIO,2023-03-31,2023-Q1,0.018531
AT,NPL_RATIO,2023-06-30,2023-Q2,0.043293
AT,NPL_RATIO,2023-09-30,2023-Q3,0.01314
AT,NPL_RATIO,2023-12-31,2023-Q4,0.017701
AT,NPL_RATIO,2024-03-31,2024-Q1,0.048243
AT,NPL_RATIO,2024-06-30,2024-Q2,0.03494
AT,NPL_RATIO,2024-09-30,2024-Q3,0.039353
AT,NPL_RATIO,2024-12-31,2024-Q4,0.047333
BE,NPL_RATIO,2018-03-31,2018-Q1,0.013377
BE,NPL_RATIO,2018-06-30,2018-Q2,0.006998
BE,NPL_RATIO,2018-09-30,2018-Q3,0.0
BE,NPL_RATIO,2018-12-31,2018-Q4,0.0
BE,NPL_RATIO,2019-03-31,2019-Q1,0.031704
BE,NPL_RATIO,2019-06-30,2019-Q2,0.018252
BE,NPL_RATIO,2019-09-30,2019-Q3,0.001752
BE,NPL_RATIO,2019-12-31,2019-Q4,0.0
BE,NPL_RATIO,2020-03-31,2020-Q1,0.009297
BE,NPL_RATIO,2020-06-30,2020-Q2,7.6e-05
BE,NPL_RATIO,2020-09-30,2020-Q3,0.013175
BE,NPL_RATIO,2020-12-31,2020-Q4,0.021842
BE,NPL_RATIO,2021-03-31,2021-Q1,0.015661
BE,NPL_RATIO,2021-06-30,2021-Q2,0.014654
BE,NPL_RATIO,2021-09-30,2021-Q3,0.0
BE,NPL_RATIO,2021-12-31,2021-Q4,0.022365
BE,NPL_RATIO,2022-03-31,2022-Q1,0.017884
BE,NPL_RATIO,2022-06-30,2022-Q2,0.007097
BE,NPL_RATIO,2022-09-30,2022-Q3,0.001571
BE,NPL_RATIO,2022-12-31,2022-Q4,0.005117
BE,NPL_RATIO,2023-03-31,2023-Q1,0.000731
BE,NPL_RATIO,2023-06-30,2023-Q2,0.02653
BE,NPL_RATIO,2023-09-30,2023-Q3,0.0166
BE,NPL_RATIO,2023-12-31,2023-Q4,0.009771
BE,NPL_RATIO,2024-03-31,2024-Q1,0.00116
BE,NPL_RATIO,2024-06-30,2024-Q2,0.026268
BE,NPL_RATIO,2024-09-30,2024-Q3,0.007431
BE,NPL_RATIO,2024-12-31,2024-Q4,0.005667
CY,NPL_RATIO,2018-03-31,2018-Q1,0.0
CY,NPL_RATIO,2018-06-30,2018-Q2,0.021689
CY,NPL_RATIO,2018-09-30,2018-Q3,0.023285
CY,NPL_RATIO,2018-12-31,2018-Q4,0.0
CY,NPL_RATIO,2019-03-31,2019-Q1,0.014135
CY,NPL_RATIO,2019-06-30,2019-Q2,0.009525
CY,NPL_RATIO,2019-09-30,2019-Q3,0.0
CY,NPL_RATIO,2019-12-31,2019-Q4,0.008699
CY,NPL_RATIO,2020-03-31,2020-Q1,0.007551
CY,NPL_RATIO,2020-06-30,2020-Q2,0.020665
CY,NPL_RATIO,2020-09-30,2020-Q3,0.005508
CY,NPL_RATIO,2020-12-31,2020-Q4,0.0
CY,NPL_RATIO,2021-03-31,2021-Q1,0.0
CY,NPL_RATIO,2021-06-30,2021-Q2,0.020131
CY,NPL_RATIO,2021-09-30,2021-Q3,0.0
CY,NPL_RATIO,2021-12-31,2021-Q4,0.016324
CY,NPL_RATIO,2022-03-31,2022-Q1,0.0
CY,NPL_RATIO,2022-06-30,2022-Q2,0.026638
CY,NPL_RATIO,2022-09-30,2022-Q3,0.008999
CY,NPL_RATIO,2022-12-31,2022-Q4,0.007015
CY,NPL_RATIO,2023-03-31,2023-Q1,0.0
CY,NPL_RATIO,2023-06-30,2023-Q2,0.013152
CY,NPL_RATIO,2023-09-30,2023-Q3,0.01295
CY,NPL_RATIO,2023-12-31,2023-Q4,0.0
CY,NPL_RATIO,2024-03-31,2024-Q1,0.02085
CY,NPL_RATIO,2024-06-30,2024-Q2,0.0
CY,NPL_RATIO,2024-09-30,2024-Q3,0.0
CY,NPL_RATIO,2024-12-31,2024-Q4,0.0128
DE,NPL_RATIO,2018-03-31,2018-Q1,0.014553
DE,NPL_RATIO,2018-06-30,2018-Q2,0.011996
DE,NPL_RATIO,2018-09-30,2018-Q3,0.023326
DE,NPL_RATIO,2018-12-31,2018-Q4,0.021683
DE,NPL_RATIO,2019-03-31,2019-Q1,0.010731
DE,NPL_RATIO,2019-06-30,2019-Q2,0.045433
DE,NPL_RATIO,2019-09-30,2019-Q3,0.018273
DE,NPL_RATIO,2019-12-31,2019-Q4,0.013013
DE,NPL_RATIO,2020-03-31,2020-Q1,0.016977
DE,NPL_RATIO,2020-06-30,2020-Q2,0.048035
DE,NPL_RATIO,2020-09-30,2020-Q3,0.028911
DE,NPL_RATIO,2020-12-31,2020-Q4,0.036208
DE,NPL_RATIO,2021-03-31,2021-Q1,0.04713
DE,NPL_RATIO,2021-06-30,2021-Q2,0.030532
DE,NPL_RATIO,2021-09-30,2021-Q3,0.045948
DE,NPL_RATIO,2021-12-31,2021-Q4,0.043707
DE,NPL_RATIO,2022-03-31,2022-Q1,0.04356
DE,NPL_RATIO,2022-06-30,2022-Q2,0.011546
DE,NPL_RATIO,2022-09-30,2022-Q3,0.029012
DE,NPL_RATIO,2022-12-31,2022-Q4,0.029774
DE,NPL_RATIO,2023-03-31,2023-Q1,0.027315
DE,NPL_RATIO,2023-06-30,2023-Q2,0.011254
DE,NPL_RATIO,2023-09-30,2023-Q3,0.016324
DE,NPL_RATIO,2023-12-31,2023-Q4,0.018981
DE,NPL_RATIO,2024-03-31,2024-Q1,0.037185
DE,NPL_RATIO,2024-06-30,2024-Q2,0.012173
DE,NPL_RATIO,2024-09-30,2024-Q3,0.020346
DE,NPL_RATIO,2024-12-31,2024-Q4,0.019345
DK,NPL_RATIO,2018-03-31,2018-Q1,0.047805
DK,NPL_RATIO,2018-06-30,2018-Q2,0.051799
DK,NPL_RATIO,2018-09-30,2018-Q3,0.057511
DK,NPL_RATIO,2018-12-31,2018-Q4,0.038412
DK,NPL_RATIO,2019-03-31,2019-Q1,0.04215
DK,NPL_RATIO,2019-06-30,2019-Q2,0.053777
DK,NPL_RATIO,2019-09-30,2019-Q3,0.052476
DK,NPL_RATIO,2019-12-31,2019-Q4,0.032362
DK,NPL_RATIO,2020-03-31,2020-Q1,0.027147
DK,NPL_RATIO,2020-06-30,2020-Q2,0.030566
DK,NPL_RATIO,2020-09-30,2020-Q3,0.051004
DK,NPL_RATIO,2020-12-31,2020-Q4,0.02199
DK,NPL_RATIO,2021-03-31,2021-Q1,0.043561
DK,NPL_RATIO,2021-06-30,2021-Q2,0.060571
DK,NPL_RATIO,2021-09-30,2021-Q3,0.055507
DK,NPL_RATIO,2021-12-31,2021-Q4,0.031817
DK,NPL_RATIO,2022-03-31,2022-Q1,0.039708
DK,NPL_RATIO,2022-06-30,2022-Q2,0.043417
DK,NPL_RATIO,2022-09-30,2022-Q3,0.029214
DK,NPL_RATIO,2022-12-31,2022-Q4,0.045592
DK,NPL_RATIO,2023-03-31,2023-Q1,0.052814
DK,NPL_RATIO,2023-06-30,2023-Q2,0.043401
DK,NPL_RATIO,2023-09-30,2023-Q3,0.046722
DK,NPL_RATIO,2023-12-31,2023-Q4,0.055072
DK,NPL_RATIO,2024-03-31,2024-Q1,0.031948
DK,NPL_RATIO,2024-06-30,2024-Q2,0.039954
DK,NPL_RATIO,2024-09-30,2024-Q3,0.049707
DK,NPL_RATIO,2024-12-31,2024-Q4,0.03064
ES,NPL_RATIO,2018-03-31,2018-Q1,0.050148
ES,NPL_RATIO,2018-06-30,2018-Q2,0.023308
ES,NPL_RATIO,2018-09-30,2018-Q3,0.0338
ES,NPL_RATIO,2018-12-31,2018-Q4,0.035438
ES,NPL_RATIO,2019-03-31,2019-Q1,0.043434
ES,NPL_RATIO,2019-06-30,2019-Q2,0.03415
ES,NPL_RATIO,2019-09-30,2019-Q3,0.027548
ES,NPL_RATIO,2019-12-31,2019-Q4,0.038448
ES,NPL_RATIO,2020-03-31,2020-Q1,0.038995
ES,NPL_RATIO,2020-06-30,2020-Q2,0.047076
ES,NPL_RATIO,2020-09-30,2020-Q3,0.043633
ES,NPL_RATIO,2020-12-31,2020-Q4,0.025197
ES,NPL_RATIO,2021-03-31,2021-Q1,0.028492
ES,NPL_RATIO,2021-06-30,2021-Q2,0.032192
ES,NPL_RATIO,2021-09-30,2021-Q3,0.01381
ES,NPL_RATIO,2021-12-31,2021-Q4,0.033445
ES,NPL_RATIO,2022-03-31,2022-Q1,0.033521
ES,NPL_RATIO,2022-06-30,2022-Q2,0.016641
ES,NPL_RATIO,2022-09-30,2022-Q3,0.028699
ES,NPL_RATIO,2022-12-31,2022-Q4,0.030826
ES,NPL_RATIO,2023-03-31,2023-Q1,0.024729
ES,NPL_RATIO,2023-06-30,2023-Q2,0.020051
ES,NPL_RATIO,2023-09-30,2023-Q3,0.046181
ES,NPL_RATIO,2023-12-31,2023-Q4,0.040023
ES,NPL_RATIO,2024-03-31,2024-Q1,0.047954
ES,NPL_RATIO,2024-06-30,2024-Q2,0.040221
ES,NPL_RATIO,2024-09-30,2024-Q3,0.039174
ES,NPL_RATIO,2024-12-31,2024-Q4,0.028044
EU,NPL_RATIO,2018-03-31,2018-Q1,0.029523
EU,NPL_RATIO,2018-06-30,2018-Q2,0.017247
EU,NPL_RATIO,2018-09-30,2018-Q3,0.035558
EU,NPL_RATIO,2018-12-31,2018-Q4,0.035568
EU,NPL_RATIO,2019-03-31,2019-Q1,0.009281
EU,NPL_RATIO,2019-06-30,2019-Q2,0.017892
EU,NPL_RATIO,2019-09-30,2019-Q3,0.019928
EU,NPL_RATIO,2019-12-31,2019-Q4,0.038245
EU,NPL_RATIO,2020-03-31,2020-Q1,0.034598
EU,NPL_RATIO,2020-06-30,2020-Q2,0.008498
EU,NPL_RATIO,2020-09-30,2020-Q3,0.013299
EU,NPL_RATIO,2020-12-31,2020-Q4,0.016179
EU,NPL_RATIO,2021-03-31,2021-Q1,0.026929
EU,NPL_RATIO,2021-06-30,2021-Q2,0.039103
EU,NPL_RATIO,2021-09-30,2021-Q3,0.036777
EU,NPL_RATIO,2021-12-31,2021-Q4,0.033904
EU,NPL_RATIO,2022-03-31,2022-Q1,0.021387
EU,NPL_RATIO,2022-06-30,2022-Q2,0.04161
EU,NPL_RATIO,2022-09-30,2022-Q3,0.018099
EU,NPL_RATIO,2022-12-31,2022-Q4,0.027136
EU,NPL_RATIO,2023-03-31,2023-Q1,0.012881
EU,NPL_RATIO,2023-06-30,2023-Q2,0.015734
EU,NPL_RATIO,2023-09-30,2023-Q3,0.028227
EU,NPL_RATIO,2023-12-31,2023-Q4,0.010489
EU,NPL_RATIO,2024-03-31,2024-Q1,0.020291
EU,NPL_RATIO,2024-06-30,2024-Q2,0.016747
EU,NPL_RATIO,2024-09-30,2024-Q3,0.008991
EU,NPL_RATIO,2024-12-31,2024-Q4,0.031772
FI,NPL_RATIO,2018-03-31,2018-Q1,0.01938
FI,NPL_RATIO,2018-06-30,2018-Q2,0.034729
FI,NPL_RATIO,2018-09-30,2018-Q3,0.048001
FI,NPL_RATIO,2018-12-31,2018-Q4,0.051048
FI,NPL_RATIO,2019-03-31,2019-Q1,0.029994
FI,NPL_RATIO,2019-06-30,2019-Q2,0.040346
FI,NPL_RATIO,2019-09-30,2019-Q3,0.020094
FI,NPL_RATIO,2019-12-31,2019-Q4,0.017673
FI,NPL_RATIO,2020-03-31,2020-Q1,0.046396
FI,NPL_RATIO,2020-06-30,2020-Q2,0.020884
FI,NPL_RATIO,2020-09-30,2020-Q3,0.036674
FI,NPL_RATIO,2020-12-31,2020-Q4,0.049203
FI,NPL_RATIO,2021-03-31,2021-Q1,0.04426
FI,NPL_RATIO,2021-06-30,2021-Q2,0.022575
FI,NPL_RATIO,2021-09-30,2021-Q3,0.017867
FI,NPL_RATIO,2021-12-31,2021-Q4,0.041916
FI,NPL_RATIO,2022-03-31,2022-Q1,0.048107
FI,NPL_RATIO,2022-06-30,2022-Q2,0.049634
FI,NPL_RATIO,2022-09-30,2022-Q3,0.052266
FI,NPL_RATIO,2022-12-31,2022-Q4,0.04341
FI,NPL_RATIO,2023-03-31,2023-Q1,0.048966
FI,NPL_RATIO,2023-06-30,2023-Q2,0.052457
FI,NPL_RATIO,2023-09-30,2023-Q3,0.037232
FI,NPL_RATIO,2023-12-31,2023-Q4,0.02197
FI,NPL_RATIO,2024-03-31,2024-Q1,0.033871
FI,NPL_RATIO,2024-06-30,2024-Q2,0.053855
FI,NPL_RATIO,2024-09-30,2024-Q3,0.046744
FI,NPL_RATIO,2024-12-31,2024-Q4,0.049626
FR,NPL_RATIO,2018-03-31,2018-Q1,0.022272
FR,NPL_RATIO,2018-06-30,2018-Q2,0.014232
FR,NPL_RATIO,2018-09-30,2018-Q3,0.000469
FR,NPL_RATIO,2018-12-31,2018-Q4,0.0
FR,NPL_RATIO,2019-03-31,2019-Q1,0.006972
FR,NPL_RATIO,2019-06-30,2019-Q2,0.027197
FR,NPL_RATIO,2019-09-30,2019-Q3,0.010659
FR,NPL_RATIO,2019-12-31,2019-Q4,0.0
FR,NPL_RATIO,2020-03-31,2020-Q1,0.0
FR,NPL_RATIO,2020-06-30,2020-Q2,0.0
FR,NPL_RATIO,2020-09-30,2020-Q3,0.004061
FR,NPL_RATIO,2020-12-31,2020-Q4,0.016767
FR,NPL_RATIO,2021-03-31,2021-Q1,0.0
FR,NPL_RATIO,2021-06-30,2021-Q2,0.0
FR,NPL_RATIO,2021-09-30,2021-Q3,0.021063
FR,NPL_RATIO,2021-12-31,2021-Q4,0.024506
FR,NPL_RATIO,2022-03-31,2022-Q1,0.0
FR,NPL_RATIO,2022-06-30,2022-Q2,0.024289
FR,NPL_RATIO,2022-09-30,2022-Q3,0.001182
FR,NPL_RATIO,2022-12-31,2022-Q4,0.018722
FR,NPL_RATIO,2023-03-31,2023-Q1,0.0
FR,NPL_RATIO,2023-06-30,2023-Q2,0.00176
FR,NPL_RATIO,2023-09-30,2023-Q3,0.017914
FR,NPL_RATIO,2023-12-31,2023-Q4,0.015229
FR,NPL_RATIO,2024-03-31,2024-Q1,0.015694
FR,NPL_RATIO,2024-06-30,2024-Q2,0.0
FR,NPL_RATIO,2024-09-30,2024-Q3,0.004607
FR,NPL_RATIO,2024-12-31,2024-Q4,0.009089
GR,NPL_RATIO,2018-03-31,2018-Q1,0.025339
GR,NPL_RATIO,2018-06-30,2018-Q2,0.030148
GR,NPL_RATIO,2018-09-30,2018-Q3,0.028249
GR,NPL_RATIO,2018-12-31,2018-Q4,0.030468
GR,NPL_RATIO,2019-03-31,2019-Q1,0.029927
GR,NPL_RATIO,2019-06-30,2019-Q2,0.047146
GR,NPL_RATIO,2019-09-30,2019-Q3,0.044072
GR,NPL_RATIO,2019-12-31,2019-Q4,0.031376
GR,NPL_RATIO,2020-03-31,2020-Q1,0.030067
GR,NPL_RATIO,2020-06-30,2020-Q2,0.041539
GR,NPL_RATIO,2020-09-30,2020-Q3,0.049241
GR,NPL_RATIO,2020-12-31,2020-Q4,0.024746
GR,NPL_RATIO,2021-03-31,2021-Q1,0.019972
GR,NPL_RATIO,2021-06-30,2021-Q2,0.052522
GR,NPL_RATIO,2021-09-30,2021-Q3,0.046218
GR,NPL_RATIO,2021-12-31,2021-Q4,0.044383
GR,NPL_RATIO,2022-03-31,2022-Q1,0.046476
GR,NPL_RATIO,2022-06-30,2022-Q2,0.047836
GR,NPL_RATIO,2022-09-30,2022-Q3,0.027867
GR,NPL_RATIO,2022-12-31,2022-Q4,0.02745
GR,NPL_RATIO,2023-03-31,2023-Q1,0.041717
GR,NPL_RATIO,2023-06-30,2023-Q2,0.057242
GR,NPL_RATIO,2023-09-30,2023-Q3,0.035966
GR,NPL_RATIO,2023-12-31,2023-Q4,0.026424
GR,NPL_RATIO,2024-03-31,2024-Q1,0.034231
GR,NPL_RATIO,2024-06-30,2024-Q2,0.022311
GR,NPL_RATIO,2024-09-30,2024-Q3,0.025111
GR,NPL_RATIO,2024-12-31,2024-Q4,0.039699
HR,NPL_RATIO,2018-03-31,2018-Q1,0.0
HR,NPL_RATIO,2018-06-30,2018-Q2,0.017303
HR,NPL_RATIO,2018-09-30,2018-Q3,0.0
HR,NPL_RATIO,2018-12-31,2018-Q4,0.0
HR,NPL_RATIO,2019-03-31,2019-Q1,0.016661
HR,NPL_RATIO,2019-06-30,2019-Q2,0.0
HR,NPL_RATIO,2019-09-30,2019-Q3,0.0
HR,NPL_RATIO,2019-12-31,2019-Q4,0.01832
HR,NPL_RATIO,2020-03-31,2020-Q1,0.0
HR,NPL_RATIO,2020-06-30,2020-Q2,0.022549
HR,NPL_RATIO,2020-09-30,2020-Q3,0.016624
HR,NPL_RATIO,2020-12-31,2020-Q4,0.0
HR,NPL_RATIO,2021-03-31,2021-Q1,0.006292
HR,NPL_RATIO,2021-06-30,2021-Q2,0.0
HR,NPL_RATIO,2021-09-30,2021-Q3,0.0
HR,NPL_RATIO,2021-12-31,2021-Q4,0.0
HR,NPL_RATIO,2022-03-31,2022-Q1,0.025652
HR,NPL_RATIO,2022-06-30,2022-Q2,0.021898
HR,NPL_RATIO,2022-09-30,2022-Q3,0.024982
HR,NPL_RATIO,2022-12-31,2022-Q4,5.2e-05
HR,NPL_RATIO,2023-03-31,2023-Q1,0.0
HR,NPL_RATIO,2023-06-30,2023-Q2,0.0
HR,NPL_RATIO,2023-09-30,2023-Q3,0.003163
HR,NPL_RATIO,2023-12-31,2023-Q4,0.000674
HR,NPL_RATIO,2024-03-31,2024-Q1,0.0258
HR,NPL_RATIO,2024-06-30,2024-Q2,0.0111
HR,NPL_RATIO,2024-09-30,2024-Q3,0.0
HR,NPL_RATIO,2024-12-31,2024-Q4,0.0
HU,NPL_RATIO,2018-03-31,2018-Q1,0.034459
HU,NPL_RATIO,2018-06-30,2018-Q2,0.02577
HU,NPL_RATIO,2018-09-30,2018-Q3,0.01625
HU,NPL_RATIO,2018-12-31,2018-Q4,0.027654
HU,NPL_RATIO,2019-03-31,2019-Q1,0.027257
HU,NPL_RATIO,2019-06-30,2019-Q2,0.035324
HU,NPL_RATIO,2019-09-30,2019-Q3,0.030373
HU,NPL_RATIO,2019-12-31,2019-Q4,0.02937
HU,NPL_RATIO,2020-03-31,2020-Q1,0.010683
HU,NPL_RATIO,2020-06-30,2020-Q2,0.034774
HU,NPL_RATIO,2020-09-30,2020-Q3,0.034681
HU,NPL_RATIO,2020-12-31,2020-Q4,0.030053
HU,NPL_RATIO,2021-03-31,2021-Q1,0.025202
HU,NPL_RATIO,2021-06-30,2021-Q2,0.027331
HU,NPL_RATIO,2021-09-30,2021-Q3,0.019181
HU,NPL_RATIO,2021-12-31,2021-Q4,0.049814
HU,NPL_RATIO,2022-03-31,2022-Q1,0.020202
HU,NPL_RATIO,2022-06-30,2022-Q2,0.010226
HU,NPL_RATIO,2022-09-30,2022-Q3,0.02834
HU,NPL_RATIO,2022-12-31,2022-Q4,0.02383
HU,NPL_RATIO,2023-03-31,2023-Q1,0.048844
HU,NPL_RATIO,2023-06-30,2023-Q2,0.02963
HU,NPL_RATIO,2023-09-30,2023-Q3,0.04351
HU,NPL_RATIO,2023-12-31,2023-Q4,0.021359
HU,NPL_RATIO,2024-03-31,2024-Q1,0.046234
HU,NPL_RATIO,2024-06-30,2024-Q2,0.023978
HU,NPL_RATIO,2024-09-30,2024-Q3,0.017398
HU,NPL_RATIO,2024-12-31,2024-Q4,0.014812
IE,NPL_RATIO,2018-03-31,2018-Q1,0.032427
IE,NPL_RATIO,2018-06-30,2018-Q2,0.032578
IE,NPL_RATIO,2018-09-30,2018-Q3,0.026282
IE,NPL_RATIO,2018-12-31,2018-Q4,0.058948
IE,NPL_RATIO,2019-03-31,2019-Q1,0.034911
IE,NPL_RATIO,2019-06-30,2019-Q2,0.024676
IE,NPL_RATIO,2019-09-30,2019-Q3,0.046429
IE,NPL_RATIO,2019-12-31,2019-Q4,0.043819
IE,NPL_RATIO,2020-03-31,2020-Q1,0.027597
IE,NPL_RATIO,2020-06-30,2020-Q2,0.036883
IE,NPL_RATIO,2020-09-30,2020-Q3,0.036502
IE,NPL_RATIO,2020-12-31,2020-Q4,0.027662
IE,NPL_RATIO,2021-03-31,2021-Q1,0.022838
IE,NPL_RATIO,2021-06-30,2021-Q2,0.030004
IE,NPL_RATIO,2021-09-30,2021-Q3,0.033225
IE,NPL_RATIO,2021-12-31,2021-Q4,0.053428
IE,NPL_RATIO,2022-03-31,2022-Q1,0.05144
IE,NPL_RATIO,2022-06-30,2022-Q2,0.033669
IE,NPL_RATIO,2022-09-30,2022-Q3,0.058097
IE,NPL_RATIO,2022-12-31,2022-Q4,0.026774
IE,NPL_RATIO,2023-03-31,2023-Q1,0.023864
IE,NPL_RATIO,2023-06-30,2023-Q2,0.02725
IE,NPL_RATIO,2023-09-30,2023-Q3,0.052892
IE,NPL_RATIO,2023-12-31,2023-Q4,0.031843
IE,NPL_RATIO,2024-03-31,2024-Q1,0.030861
IE,NPL_RATIO,2024-06-30,2024-Q2,0.024596
IE,NPL_RATIO,2024-09-30,2024-Q3,0.047555
IE,NPL_RATIO,2024-12-31,2024-Q4,0.062084
IT,NPL_RATIO,2018-03-31,2018-Q1,0.027067
IT,NPL_RATIO,2018-06-30,2018-Q2,0.028632
IT,NPL_RATIO,2018-09-30,2018-Q3,0.054496
IT,NPL_RATIO,2018-12-31,2018-Q4,0.038482
IT,NPL_RATIO,2019-03-31,2019-Q1,0.035124
IT,NPL_RATIO,2019-06-30,2019-Q2,0.035249
IT,NPL_RATIO,2019-09-30,2019-Q3,0.038317
IT,NPL_RATIO,2019-12-31,2019-Q4,0.039817
IT,NPL_RATIO,2020-03-31,2020-Q1,0.024928
IT,NPL_RATIO,2020-06-30,2020-Q2,0.042759
IT,NPL_RATIO,2020-09-30,2020-Q3,0.052191
IT,NPL_RATIO,2020-12-31,2020-Q4,0.054453
IT,NPL_RATIO,2021-03-31,2021-Q1,0.059595
IT,NPL_RATIO,2021-06-30,2021-Q2,0.047849
IT,NPL_RATIO,2021-09-30,2021-Q3,0.035378
IT,NPL_RATIO,2021-12-31,2021-Q4,0.021904
IT,NPL_RATIO,2022-03-31,2022-Q1,0.036101
IT,NPL_RATIO,2022-06-30,2022-Q2,0.053695
IT,NPL_RATIO,2022-09-30,2022-Q3,0.055133
IT,NPL_RATIO,2022-12-31,2022-Q4,0.026825
IT,NPL_RATIO,2023-03-31,2023-Q1,0.047431
IT,NPL_RATIO,2023-06-30,2023-Q2,0.051569
IT,NPL_RATIO,2023-09-30,2023-Q3,0.031141
IT,NPL_RATIO,2023-12-31,2023-Q4,0.033482
IT,NPL_RATIO,2024-03-31,2024-Q1,0.052516
IT,NPL_RATIO,2024-06-30,2024-Q2,0.023723
IT,NPL_RATIO,2024-09-30,2024-Q3,0.027325
IT,NPL_RATIO,2024-12-31,2024-Q4,0.051531
LT,NPL_RATIO,2018-03-31,2018-Q1,0.044079
LT,NPL_RATIO,2018-06-30,2018-Q2,0.05231
LT,NPL_RATIO,2018-09-30,2018-Q3,0.017627
LT,NPL_RATIO,2018-12-31,2018-Q4,0.040732
LT,NPL_RATIO,2019-03-31,2019-Q1,0.018799
LT,NPL_RATIO,2019-06-30,2019-Q2,0.022289
LT,NPL_RATIO,2019-09-30,2019-Q3,0.031922
LT,NPL_RATIO,2019-12-31,2019-Q4,0.049819
LT,NPL_RATIO,2020-03-31,2020-Q1,0.038421
LT,NPL_RATIO,2020-06-30,2020-Q2,0.030269
LT,NPL_RATIO,2020-09-30,2020-Q3,0.019354
LT,NPL_RATIO,2020-12-31,2020-Q4,0.049999
LT,NPL_RATIO,2021-03-31,2021-Q1,0.02906
LT,NPL_RATIO,2021-06-30,2021-Q2,0.041617
LT,NPL_RATIO,2021-09-30,2021-Q3,0.033365
LT,NPL_RATIO,2021-12-31,2021-Q4,0.03812
LT,NPL_RATIO,2022-03-31,2022-Q1,0.017994
LT,NPL_RATIO,2022-06-30,2022-Q2,0.038649
LT,NPL_RATIO,2022-09-30,2022-Q3,0.04371
LT,NPL_RATIO,2022-12-31,2022-Q4,0.027623
LT,NPL_RATIO,2023-03-31,2023-Q1,0.045525
LT,NPL_RATIO,2023-06-30,2023-Q2,0.019577
LT,NPL_RATIO,2023-09-30,2023-Q3,0.042142
LT,NPL_RATIO,2023-12-31,2023-Q4,0.039509
LT,NPL_RATIO,2024-03-31,2024-Q1,0.029451
LT,NPL_RATIO,2024-06-30,2024-Q2,0.043167
LT,NPL_RATIO,2024-09-30,2024-Q3,0.051275
LT,NPL_RATIO,2024-12-31,2024-Q4,0.027373
LU,NPL_RATIO,2018-03-31,2018-Q1,0.007317
LU,NPL_RATIO,2018-06-30,2018-Q2,0.02127
LU,NPL_RATIO,2018-09-30,2018-Q3,0.006439
LU,NPL_RATIO,2018-12-31,2018-Q4,0.0
LU,NPL_RATIO,2019-03-31,2019-Q1,0.0
LU,NPL_RATIO,2019-06-30,2019-Q2,0.016032
LU,NPL_RATIO,2019-09-30,2019-Q3,0.0
LU,NPL_RATIO,2019-12-31,2019-Q4,0.0
LU,NPL_RATIO,2020-03-31,2020-Q1,0.0
LU,NPL_RATIO,2020-06-30,2020-Q2,0.026294
LU,NPL_RATIO,2020-09-30,2020-Q3,0.019494
LU,NPL_RATIO,2020-12-31,2020-Q4,0.008441
LU,NPL_RATIO,2021-03-31,2021-Q1,0.013145
LU,NPL_RATIO,2021-06-30,2021-Q2,0.011676
LU,NPL_RATIO,2021-09-30,2021-Q3,0.023654
LU,NPL_RATIO,2021-12-31,2021-Q4,0.023963
LU,NPL_RATIO,2022-03-31,2022-Q1,0.007641
LU,NPL_RATIO,2022-06-30,2022-Q2,0.0
LU,NPL_RATIO,2022-09-30,2022-Q3,0.0
LU,NPL_RATIO,2022-12-31,2022-Q4,0.023308
LU,NPL_RATIO,2023-03-31,2023-Q1,0.0
LU,NPL_RATIO,2023-06-30,2023-Q2,0.018542
LU,NPL_RATIO,2023-09-30,2023-Q3,0.003892
LU,NPL_RATIO,2023-12-31,2023-Q4,0.022382
LU,NPL_RATIO,2024-03-31,2024-Q1,0.0
LU,NPL_RATIO,2024-06-30,2024-Q2,0.0
LU,NPL_RATIO,2024-09-30,2024-Q3,0.0
LU,NPL_RATIO,2024-12-31,2024-Q4,0.0
LV,NPL_RATIO,2018-03-31,2018-Q1,0.027579
LV,NPL_RATIO,2018-06-30,2018-Q2,0.011185
LV,NPL_RATIO,2018-09-30,2018-Q3,0.047868
LV,NPL_RATIO,2018-12-31,2018-Q4,0.049387
LV,NPL_RATIO,2019-03-31,2019-Q1,0.025057
LV,NPL_RATIO,2019-06-30,2019-Q2,0.017072
LV,NPL_RATIO,2019-09-30,2019-Q3,0.01958
LV,NPL_RATIO,2019-12-31,2019-Q4,0.014328
LV,NPL_RATIO,2020-03-31,2020-Q1,0.030969
LV,NPL_RATIO,2020-06-30,2020-Q2,0.049361
LV,NPL_RATIO,2020-09-30,2020-Q3,0.041057
LV,NPL_RATIO,2020-12-31,2020-Q4,0.044107
LV,NPL_RATIO,2021-03-31,2021-Q1,0.02498
LV,NPL_RATIO,2021-06-30,2021-Q2,0.035086
LV,NPL_RATIO,2021-09-30,2021-Q3,0.045444
LV,NPL_RATIO,2021-12-31,2021-Q4,0.027327
LV,NPL_RATIO,2022-03-31,2022-Q1,0.049633
LV,NPL_RATIO,2022-06-30,2022-Q2,0.047992
LV,NPL_RATIO,2022-09-30,2022-Q3,0.047476
LV,NPL_RATIO,2022-12-31,2022-Q4,0.02411
LV,NPL_RATIO,2023-03-31,2023-Q1,0.027888
LV,NPL_RATIO,2023-06-30,2023-Q2,0.01314
LV,NPL_RATIO,2023-09-30,2023-Q3,0.01828
LV,NPL_RATIO,2023-12-31,2023-Q4,0.015761
LV,NPL_RATIO,2024-03-31,2024-Q1,0.050185
LV,NPL_RATIO,2024-06-30,2024-Q2,0.032931
LV,NPL_RATIO,2024-09-30,2024-Q3,0.037854
LV,NPL_RATIO,2024-12-31,2024-Q4,0.024181
MT,NPL_RATIO,2018-03-31,2018-Q1,0.02053
MT,NPL_RATIO,2018-06-30,2018-Q2,0.033695
MT,NPL_RATIO,2018-09-30,2018-Q3,0.032222
MT,NPL_RATIO,2018-12-31,2018-Q4,0.016148
MT,NPL_RATIO,2019-03-31,2019-Q1,0.042582
MT,NPL_RATIO,2019-06-30,2019-Q2,0.039977
MT,NPL_RATIO,2019-09-30,2019-Q3,0.020585
MT,NPL_RATIO,2019-12-31,2019-Q4,0.030837
MT,NPL_RATIO,2020-03-31,2020-Q1,0.040587
MT,NPL_RATIO,2020-06-30,2020-Q2,0.032641
MT,NPL_RATIO,2020-09-30,2020-Q3,0.0139
MT,NPL_RATIO,2020-12-31,2020-Q4,0.016738
MT,NPL_RATIO,2021-03-31,2021-Q1,0.01571
MT,NPL_RATIO,2021-06-30,2021-Q2,0.03173
MT,NPL_RATIO,2021-09-30,2021-Q3,0.013064
MT,NPL_RATIO,2021-12-31,2021-Q4,0.019047
MT,NPL_RATIO,2022-03-31,2022-Q1,0.025132
MT,NPL_RATIO,2022-06-30,2022-Q2,0.034322
MT,NPL_RATIO,2022-09-30,2022-Q3,0.030678
MT,NPL_RATIO,2022-12-31,2022-Q4,0.014449
MT,NPL_RATIO,2023-03-31,2023-Q1,0.025938
MT,NPL_RATIO,2023-06-30,2023-Q2,0.020373
MT,NPL_RATIO,2023-09-30,2023-Q3,0.0133
MT,NPL_RATIO,2023-12-31,2023-Q4,0.021069
MT,NPL_RATIO,2024-03-31,2024-Q1,0.022904
MT,NPL_RATIO,2024-06-30,2024-Q2,0.012091
MT,NPL_RATIO,2024-09-30,2024-Q3,0.032721
MT,NPL_RATIO,2024-12-31,2024-Q4,0.049136
NL,NPL_RATIO,2018-03-31,2018-Q1,0.040446
NL,NPL_RATIO,2018-06-30,2018-Q2,0.049214
NL,NPL_RATIO,2018-09-30,2018-Q3,0.05137
NL,NPL_RATIO,2018-12-31,2018-Q4,0.054359
NL,NPL_RATIO,2019-03-31,2019-Q1,0.031233
NL,NPL_RATIO,2019-06-30,2019-Q2,0.031112
NL,NPL_RATIO,2019-09-30,2019-Q3,0.024032
NL,NPL_RATIO,2019-12-31,2019-Q4,0.025915
NL,NPL_RATIO,2020-03-31,2020-Q1,0.029647
NL,NPL_RATIO,2020-06-30,2020-Q2,0.024828
NL,NPL_RATIO,2020-09-30,2020-Q3,0.043707
NL,NPL_RATIO,2020-12-31,2020-Q4,0.021913
NL,NPL_RATIO,2021-03-31,2021-Q1,0.043829
NL,NPL_RATIO,2021-06-30,2021-Q2,0.033283
NL,NPL_RATIO,2021-09-30,2021-Q3,0.051772
NL,NPL_RATIO,2021-12-31,2021-Q4,0.044611
NL,NPL_RATIO,2022-03-31,2022-Q1,0.030019
NL,NPL_RATIO,2022-06-30,2022-Q2,0.022916
NL,NPL_RATIO,2022-09-30,2022-Q3,0.028363
NL,NPL_RATIO,2022-12-31,2022-Q4,0.037683
NL,NPL_RATIO,2023-03-31,2023-Q1,0.038224
NL,NPL_RATIO,2023-06-30,2023-Q2,0.022796
NL,NPL_RATIO,2023-09-30,2023-Q3,0.044651
NL,NPL_RATIO,2023-12-31,2023-Q4,0.056385
NL,NPL_RATIO,2024-03-31,2024-Q1,0.028136
NL,NPL_RATIO,2024-06-30,2024-Q2,0.049434
NL,NPL_RATIO,2024-09-30,2024-Q3,0.049646
NL,NPL_RATIO,2024-12-31,2024-Q4,0.059499
NO,NPL_RATIO,2018-03-31,2018-Q1,0.015301
NO,NPL_RATIO,2018-06-30,2018-Q2,0.026679
NO,NPL_RATIO,2018-09-30,2018-Q3,0.017775
NO,NPL_RATIO,2018-12-31,2018-Q4,0.023082
NO,NPL_RATIO,2019-03-31,2019-Q1,0.024696
NO,NPL_RATIO,2019-06-30,2019-Q2,0.020209
NO,NPL_RATIO,2019-09-30,2019-Q3,0.023512
NO,NPL_RATIO,2019-12-31,2019-Q4,0.02194
NO,NPL_RATIO,2020-03-31,2020-Q1,0.026204
NO,NPL_RATIO,2020-06-30,2020-Q2,0.0
NO,NPL_RATIO,2020-09-30,2020-Q3,0.02961
NO,NPL_RATIO,2020-12-31,2020-Q4,0.006033
NO,NPL_RATIO,2021-03-31,2021-Q1,0.025438
NO,NPL_RATIO,2021-06-30,2021-Q2,0.014696
NO,NPL_RATIO,2021-09-30,2021-Q3,0.020038
NO,NPL_RATIO,2021-12-31,2021-Q4,0.0
NO,NPL_RATIO,2022-03-31,2022-Q1,0.012921
NO,NPL_RATIO,2022-06-30,2022-Q2,0.024886
NO,NPL_RATIO,2022-09-30,2022-Q3,0.006805
NO,NPL_RATIO,2022-12-31,2022-Q4,0.029859
NO,NPL_RATIO,2023-03-31,2023-Q1,0.013632
NO,NPL_RATIO,2023-06-30,2023-Q2,0.001078
NO,NPL_RATIO,2023-09-30,2023-Q3,0.02091
NO,NPL_RATIO,2023-12-31,2023-Q4,0.031674
NO,NPL_RATIO,2024-03-31,2024-Q1,0.030947
NO,NPL_RATIO,2024-06-30,2024-Q2,0.020666
NO,NPL_RATIO,2024-09-30,2024-Q3,0.008369
NO,NPL_RATIO,2024-12-31,2024-Q4,0.004649
PL,NPL_RATIO,2018-03-31,2018-Q1,0.016762
PL,NPL_RATIO,2018-06-30,2018-Q2,0.002032
PL,NPL_RATIO,2018-09-30,2018-Q3,0.013744
PL,NPL_RATIO,2018-12-31,2018-Q4,0.011033
PL,NPL_RATIO,2019-03-31,2019-Q1,0.008711
PL,NPL_RATIO,2019-06-30,2019-Q2,0.013305
PL,NPL_RATIO,2019-09-30,2019-Q3,0.036861
PL,NPL_RATIO,2019-12-31,2019-Q4,0.034966
PL,NPL_RATIO,2020-03-31,2020-Q1,0.039569
PL,NPL_RATIO,2020-06-30,2020-Q2,0.014281
PL,NPL_RATIO,2020-09-30,2020-Q3,0.001521
PL,NPL_RATIO,2020-12-31,2020-Q4,0.036823
PL,NPL_RATIO,2021-03-31,2021-Q1,0.032259
PL,NPL_RATIO,2021-06-30,2021-Q2,0.000547
PL,NPL_RATIO,2021-09-30,2021-Q3,0.02254
PL,NPL_RATIO,2021-12-31,2021-Q4,0.001862
PL,NPL_RATIO,2022-03-31,2022-Q1,0.030654
PL,NPL_RATIO,2022-06-30,2022-Q2,0.020551
PL,NPL_RATIO,2022-09-30,2022-Q3,0.028035
PL,NPL_RATIO,2022-12-31,2022-Q4,0.017543
PL,NPL_RATIO,2023-03-31,2023-Q1,0.018342
PL,NPL_RATIO,2023-06-30,2023-Q2,0.033664
PL,NPL_RATIO,2023-09-30,2023-Q3,0.000361
PL,NPL_RATIO,2023-12-31,2023-Q4,0.017157
PL,NPL_RATIO,2024-03-31,2024-Q1,0.015903
PL,NPL_RATIO,2024-06-30,2024-Q2,0.019038
PL,NPL_RATIO,2024-09-30,2024-Q3,0.025598
PL,NPL_RATIO,2024-12-31,2024-Q4,0.032709
PT,NPL_RATIO,2018-03-31,2018-Q1,0.028687
PT,NPL_RATIO,2018-06-30,2018-Q2,0.049787
PT,NPL_RATIO,2018-09-30,2018-Q3,0.025229
PT,NPL_RATIO,2018-12-31,2018-Q4,0.041247
PT,NPL_RATIO,2019-03-31,2019-Q1,0.020238
PT,NPL_RATIO,2019-06-30,2019-Q2,0.047089
PT,NPL_RATIO,2019-09-30,2019-Q3,0.055186
PT,NPL_RATIO,2019-12-31,2019-Q4,0.023647
PT,NPL_RATIO,2020-03-31,2020-Q1,0.026162
PT,NPL_RATIO,2020-06-30,2020-Q2,0.043542
PT,NPL_RATIO,2020-09-30,2020-Q3,0.022771
PT,NPL_RATIO,2020-12-31,2020-Q4,0.04067
PT,NPL_RATIO,2021-03-31,2021-Q1,0.033525
PT,NPL_RATIO,2021-06-30,2021-Q2,0.032235
PT,NPL_RATIO,2021-09-30,2021-Q3,0.032827
PT,NPL_RATIO,2021-12-31,2021-Q4,0.04258
PT,NPL_RATIO,2022-03-31,2022-Q1,0.022166
PT,NPL_RATIO,2022-06-30,2022-Q2,0.036198
PT,NPL_RATIO,2022-09-30,2022-Q3,0.034043
PT,NPL_RATIO,2022-12-31,2022-Q4,0.031455
PT,NPL_RATIO,2023-03-31,2023-Q1,0.054613
PT,NPL_RATIO,2023-06-30,2023-Q2,0.036208
PT,NPL_RATIO,2023-09-30,2023-Q3,0.055575
PT,NPL_RATIO,2023-12-31,2023-Q4,0.043535
PT,NPL_RATIO,2024-03-31,2024-Q1,0.029857
PT,NPL_RATIO,2024-06-30,2024-Q2,0.046361
PT,NPL_RATIO,2024-09-30,2024-Q3,0.033357
PT,NPL_RATIO,2024-12-31,2024-Q4,0.040275
RO,NPL_RATIO,2018-03-31,2018-Q1,0.034292
RO,NPL_RATIO,2018-06-30,2018-Q2,0.050938
RO,NPL_RATIO,2018-09-30,2018-Q3,0.025154
RO,NPL_RATIO,2018-12-31,2018-Q4,0.022252
RO,NPL_RATIO,2019-03-31,2019-Q1,0.02472
RO,NPL_RATIO,2019-06-30,2019-Q2,0.054299
RO,NPL_RATIO,2019-09-30,2019-Q3,0.052517
RO,NPL_RATIO,2019-12-31,2019-Q4,0.040552
RO,NPL_RATIO,2020-03-31,2020-Q1,0.033845
RO,NPL_RATIO,2020-06-30,2020-Q2,0.044798
RO,NPL_RATIO,2020-09-30,2020-Q3,0.049935
RO,NPL_RATIO,2020-12-31,2020-Q4,0.030236
RO,NPL_RATIO,2021-03-31,2021-Q1,0.025729
RO,NPL_RATIO,2021-06-30,2021-Q2,0.038277
RO,NPL_RATIO,2021-09-30,2021-Q3,0.034514
RO,NPL_RATIO,2021-12-31,2021-Q4,0.030879
RO,NPL_RATIO,2022-03-31,2022-Q1,0.035073
RO,NPL_RATIO,2022-06-30,2022-Q2,0.026935
RO,NPL_RATIO,2022-09-30,2022-Q3,0.051923
RO,NPL_RATIO,2022-12-31,2022-Q4,0.043757
RO,NPL_RATIO,2023-03-31,2023-Q1,0.055245
RO,NPL_RATIO,2023-06-30,2023-Q2,0.040227
RO,NPL_RATIO,2023-09-30,2023-Q3,0.04089
RO,NPL_RATIO,2023-12-31,2023-Q4,0.055035
RO,NPL_RATIO,2024-03-31,2024-Q1,0.053488
RO,NPL_RATIO,2024-06-30,2024-Q2,0.051451
RO,NPL_RATIO,2024-09-30,2024-Q3,0.025446
RO,NPL_RATIO,2024-12-31,2024-Q4,0.025723
SE,NPL_RATIO,2018-03-31,2018-Q1,0.020996
SE,NPL_RATIO,2018-06-30,2018-Q2,0.02709
SE,NPL_RATIO,2018-09-30,2018-Q3,0.032103
SE,NPL_RATIO,2018-12-31,2018-Q4,0.00071
SE,NPL_RATIO,2019-03-31,2019-Q1,0.034066
SE,NPL_RATIO,2019-06-30,2019-Q2,0.022609
SE,NPL_RATIO,2019-09-30,2019-Q3,0.003455
SE,NPL_RATIO,2019-12-31,2019-Q4,0.030459
SE,NPL_RATIO,2020-03-31,2020-Q1,0.017157
SE,NPL_RATIO,2020-06-30,2020-Q2,0.03677
SE,NPL_RATIO,2020-09-30,2020-Q3,0.0
SE,NPL_RATIO,2020-12-31,2020-Q4,0.010408
SE,NPL_RATIO,2021-03-31,2021-Q1,0.03321
SE,NPL_RATIO,2021-06-30,2021-Q2,0.0
SE,NPL_RATIO,2021-09-30,2021-Q3,0.033957
SE,NPL_RATIO,2021-12-31,2021-Q4,0.032882
SE,NPL_RATIO,2022-03-31,2022-Q1,0.030887
SE,NPL_RATIO,2022-06-30,2022-Q2,0.023744
SE,NPL_RATIO,2022-09-30,2022-Q3,0.009423
SE,NPL_RATIO,2022-12-31,2022-Q4,0.011291
SE,NPL_RATIO,2023-03-31,2023-Q1,0.026145
SE,NPL_RATIO,2023-06-30,2023-Q2,0.009942
SE,NPL_RATIO,2023-09-30,2023-Q3,0.030617
SE,NPL_RATIO,2023-12-31,2023-Q4,0.004871
SE,NPL_RATIO,2024-03-31,2024-Q1,0.024093
SE,NPL_RATIO,2024-06-30,2024-Q2,0.023398
SE,NPL_RATIO,2024-09-30,2024-Q3,0.032233
SE,NPL_RATIO,2024-12-31,2024-Q4,0.009299
SI,NPL_RATIO,2018-03-31,2018-Q1,0.033591
SI,NPL_RATIO,2018-06-30,2018-Q2,0.011559
SI,NPL_RATIO,2018-09-30,2018-Q3,0.011962
SI,NPL_RATIO,2018-12-31,2018-Q4,0.029415
SI,NPL_RATIO,2019-03-31,2019-Q1,0.0284
SI,NPL_RATIO,2019-06-30,2019-Q2,0.042008
SI,NPL_RATIO,2019-09-30,2019-Q3,0.018436
SI,NPL_RATIO,2019-12-31,2019-Q4,0.026548
SI,NPL_RATIO,2020-03-31,2020-Q1,0.023568
SI,NPL_RATIO,2020-06-30,2020-Q2,0.035347
SI,NPL_RATIO,2020-09-30,2020-Q3,0.011187
SI,NPL_RATIO,2020-12-31,2020-Q4,0.005511
SI,NPL_RATIO,2021-03-31,2021-Q1,0.015128
SI,NPL_RATIO,2021-06-30,2021-Q2,0.025318
SI,NPL_RATIO,2021-09-30,2021-Q3,0.033488
SI,NPL_RATIO,2021-12-31,2021-Q4,0.037649
SI,NPL_RATIO,2022-03-31,2022-Q1,0.018604
SI,NPL_RATIO,2022-06-30,2022-Q2,0.026151
SI,NPL_RATIO,2022-09-30,2022-Q3,0.003998
SI,NPL_RATIO,2022-12-31,2022-Q4,0.035282
SI,NPL_RATIO,2023-03-31,2023-Q1,0.006247
SI,NPL_RATIO,2023-06-30,2023-Q2,0.022043
SI,NPL_RATIO,2023-09-30,2023-Q3,0.040098
SI,NPL_RATIO,2023-12-31,2023-Q4,0.019292
SI,NPL_RATIO,2024-03-31,2024-Q1,0.042374
SI,NPL_RATIO,2024-06-30,2024-Q2,0.042844
SI,NPL_RATIO,2024-09-30,2024-Q3,0.02423
SI,NPL_RATIO,2024-12-31,2024-Q4,0.025435
SK,NPL_RATIO,2018-03-31,2018-Q1,0.032101
SK,NPL_RATIO,2018-06-30,2018-Q2,0.014779
SK,NPL_RATIO,2018-09-30,2018-Q3,0.016528
SK,NPL_RATIO,2018-12-31,2018-Q4,0.005534
SK,NPL_RATIO,2019-03-31,2019-Q1,0.033929
SK,NPL_RATIO,2019-06-30,2019-Q2,0.010493
SK,NPL_RATIO,2019-09-30,2019-Q3,0.001745
SK,NPL_RATIO,2019-12-31,2019-Q4,0.009915
SK,NPL_RATIO,2020-03-31,2020-Q1,0.037585
SK,NPL_RATIO,2020-06-30,2020-Q2,0.011679
SK,NPL_RATIO,2020-09-30,2020-Q3,0.025971
SK,NPL_RATIO,2020-12-31,2020-Q4,0.027264
SK,NPL_RATIO,2021-03-31,2021-Q1,0.028195
SK,NPL_RATIO,2021-06-30,2021-Q2,0.001909
SK,NPL_RATIO,2021-09-30,2021-Q3,0.0
SK,NPL_RATIO,2021-12-31,2021-Q4,0.015885
SK,NPL_RATIO,2022-03-31,2022-Q1,0.037261
SK,NPL_RATIO,2022-06-30,2022-Q2,0.003235
SK,NPL_RATIO,2022-09-30,2022-Q3,0.008389
SK,NPL_RATIO,2022-12-31,2022-Q4,0.016584
SK,NPL_RATIO,2023-03-31,2023-Q1,0.010916
SK,NPL_RATIO,2023-06-30,2023-Q2,0.0
SK,NPL_RATIO,2023-09-30,2023-Q3,0.020384
SK,NPL_RATIO,2023-12-31,2023-Q4,0.008842
SK,NPL_RATIO,2024-03-31,2024-Q1,0.004955
SK,NPL_RATIO,2024-06-30,2024-Q2,0.018684
SK,NPL_RATIO,2024-09-30,2024-Q3,0.025327
SK,NPL_RATIO,2024-12-31,2024-Q4,0.004793
AT,NSFR,2018-03-31,2018-Q1,1.338814
AT,NSFR,2018-06-30,2018-Q2,1.184028
AT,NSFR,2018-09-30,2018-Q3,1.36548
AT,NSFR,2018-12-31,2018-Q4,1.330737
AT,NSFR,2019-03-31,2019-Q1,1.232667
AT,NSFR,2019-06-30,2019-Q2,1.265846
AT,NSFR,2019-09-30,2019-Q3,1.233897
AT,NSFR,2019-12-31,2019-Q4,1.262851
AT,NSFR,2020-03-31,2020-Q1,1.328059
AT,NSFR,2020-06-30,2020-Q2,1.255309
AT,NSFR,2020-09-30,2020-Q3,1.245174
AT,NSFR,2020-12-31,2020-Q4,1.182102
AT,NSFR,2021-03-31,2021-Q1,1.22551
AT,NSFR,2021-06-30,2021-Q2,1.200786
AT,NSFR,2021-09-30,2021-Q3,1.175115
AT,NSFR,2021-12-31,2021-Q4,1.336206
AT,NSFR,2022-03-31,2022-Q1,1.176752
AT,NSFR,2022-06-30,2022-Q2,1.187381
AT,NSFR,2022-09-30,2022-Q3,1.199185
AT,NSFR,2022-12-31,2022-Q4,1.206098
AT,NSFR,2023-03-31,2023-Q1,1.319947
AT,NSFR,2023-06-30,2023-Q2,1.373504
AT,NSFR,2023-09-30,2023-Q3,1.372869
AT,NSFR,2023-12-31,2023-Q4,1.343256
AT,NSFR,2024-03-31,2024-Q1,1.275524
AT,NSFR,2024-06-30,2024-Q2,1.286525
AT,NSFR,2024-09-30,2024-Q3,1.371445
AT,NSFR,2024-12-31,2024-Q4,1.196959
BE,NSFR,2018-03-31,2018-Q1,1.164859
BE,NSFR,2018-06-30,2018-Q2,1.178789
BE,NSFR,2018-09-30,2018-Q3,1.341
BE,NSFR,2018-12-31,2018-Q4,1.338828
BE,NSFR,2019-03-31,2019-Q1,1.159783
BE,NSFR,2019-06-30,2019-Q2,1.279738
BE,NSFR,2019-09-30,2019-Q3,1.260295
BE,NSFR,2019-12-31,2019-Q4,1.295485
BE,NSFR,2020-03-31,2020-Q1,1.175919
BE,NSFR,2020-06-30,2020-Q2,1.260919
BE,NSFR,2020-09-30,2020-Q3,1.294595
BE,NSFR,2020-12-31,2020-Q4,1.357625
BE,NSFR,2021-03-31,2021-Q1,1.284923
BE,NSFR,2021-06-30,2021-Q2,1.222055
BE,NSFR,2021-09-30,2021-Q3,1.328187
BE,NSFR,2021-12-31,2021-Q4,1.227217
BE,NSFR,2022-03-31,2022-Q1,1.259074
BE,NSFR,2022-06-30,2022-Q2,1.240735
BE,NSFR,2022-09-30,2022-Q3,1.236118
BE,NSFR,2022-12-31,2022-Q4,1.251284
BE,NSFR,2023-03-31,2023-Q1,1.174699
BE,NSFR,2023-06-30,2023-Q2,1.198442
BE,NSFR,2023-09-30,2023-Q3,1.334533
BE,NSFR,2023-12-31,2023-Q4,1.329185
BE,NSFR,2024-03-31,2024-Q1,1.314221
BE,NSFR,2024-06-30,2024-Q2,1.223741
BE,NSFR,2024-09-30,2024-Q3,1.166615
BE,NSFR,2024-12-31,2024-Q4,1.30645
CY,NSFR,2018-03-31,2018-Q1,1.232903
CY,NSFR,2018-06-30,2018-Q2,1.217068
CY,NSFR,2018-09-30,2018-Q3,1.255155
CY,NSFR,2018-12-31,2018-Q4,1.291509
CY,NSFR,2019-03-31,2019-Q1,1.264496
CY,NSFR,2019-06-30,2019-Q2,1.323173
CY,NSFR,2019-09-30,2019-Q3,1.165153
CY,NSFR,2019-12-31,2019-Q4,1.2974
CY,NSFR,2020-03-31,2020-Q1,1.21967
CY,NSFR,2020-06-30,2020-Q2,1.335566
CY,NSFR,2020-09-30,2020-Q3,1.277421
CY,NSFR,2020-12-31,2020-Q4,1.238534
CY,NSFR,2021-03-31,2021-Q1,1.291014
CY,NSFR,2021-06-30,2021-Q2,1.19825
CY,NSFR,2021-09-30,2021-Q3,1.306607
CY,NSFR,2021-12-31,2021-Q4,1.252906
CY,NSFR,2022-03-31,2022-Q1,1.216652
CY,NSFR,2022-06-30,2022-Q2,1.230621
CY,NSFR,2022-09-30,2022-Q3,1.341723
CY,NSFR,2022-12-31,2022-Q4,1.251046
CY,NSFR,2023-03-31,2023-Q1,1.215684
CY,NSFR,2023-06-30,2023-Q2,1.18788
CY,NSFR,2023-09-30,2023-Q3,1.286357
CY,NSFR,2023-12-31,2023-Q4,1.254699
CY,NSFR,2024-03-31,2024-Q1,1.181777
CY,NSFR,2024-06-30,2024-Q2,1.313753
CY,NSFR,2024-09-30,2024-Q3,1.187942
CY,NSFR,2024-12-31,2024-Q4,1.240921
DE,NSFR,2018-03-31,2018-Q1,1.332478
DE,NSFR,2018-06-30,2018-Q2,1.289257
DE,NSFR,2018-09-30,2018-Q3,1.213136
DE,NSFR,2018-12-31,2018-Q4,1.21701
DE,NSFR,2019-03-31,2019-Q1,1.191793
DE,NSFR,2019-06-30,2019-Q2,1.298597
DE,NSFR,2019-09-30,2019-Q3,1.278572
DE,NSFR,2019-12-31,2019-Q4,1.180155
DE,NSFR,2020-03-31,2020-Q1,1.361724
DE,NSFR,2020-06-30,2020-Q2,1.362866
DE,NSFR,2020-09-30,2020-Q3,1.294606
DE,NSFR,2020-12-31,2020-Q4,1.350527
DE,NSFR,2021-03-31,2021-Q1,1.233579
DE,NSFR,2021-06-30,2021-Q2,1.362549
DE,NSFR,2021-09-30,2021-Q3,1.195489
DE,NSFR,2021-12-31,2021-Q4,1.313752
DE,NSFR,2022-03-31,2022-Q1,1.310303
DE,NSFR,2022-06-30,2022-Q2,1.288267
DE,NSFR,2022-09-30,2022-Q3,1.288477
DE,NSFR,2022-12-31,2022-Q4,1.291134
DE,NSFR,2023-03-31,2023-Q1,1.34559
DE,NSFR,2023-06-30,2023-Q2,1.178181
DE,NSFR,2023-09-30,2023-Q3,1.304926
DE,NSFR,2023-12-31,2023-Q4,1.262134
DE,NSFR,2024-03-31,2024-Q1,1.368541
DE,NSFR,2024-06-30,2024-Q2,1.312414
DE,NSFR,2024-09-30,2024-Q3,1.300472
DE,NSFR,2024-12-31,2024-Q4,1.273951
DK,NSFR,2018-03-31,2018-Q1,1.276261
DK,NSFR,2018-06-30,2018-Q2,1.371627
DK,NSFR,2018-09-30,2018-Q3,1.28363
DK,NSFR,2018-12-31,2018-Q4,1.204783
DK,NSFR,2019-03-31,2019-Q1,1.273035
DK,NSFR,2019-06-30,2019-Q2,1.34383
DK,NSFR,2019-09-30,2019-Q3,1.194879
DK,NSFR,2019-12-31,2019-Q4,1.332209
DK,NSFR,2020-03-31,2020-Q1,1.321572
DK,NSFR,2020-06-30,2020-Q2,1.198118
DK,NSFR,2020-09-30,2020-Q3,1.231266
DK,NSFR,2020-12-31,2020-Q4,1.360853
DK,NSFR,2021-03-31,2021-Q1,1.267563
DK,NSFR,2021-06-30,2021-Q2,1.344713
DK,NSFR,2021-09-30,2021-Q3,1.321152
DK,NSFR,2021-12-31,2021-Q4,1.271689
DK,NSFR,2022-03-31,2022-Q1,1.22786
DK,NSFR,2022-06-30,2022-Q2,1.2446
DK,NSFR,2022-09-30,2022-Q3,1.381122
DK,NSFR,2022-12-31,2022-Q4,1.258124
DK,NSFR,2023-03-31,2023-Q1,1.309424
DK,NSFR,2023-06-30,2023-Q2,1.260491
DK,NSFR,2023-09-30,2023-Q3,1.243188
DK,NSFR,2023-12-31,2023-Q4,1.318553
DK,NSFR,2024-03-31,2024-Q1,1.19617
DK,NSFR,2024-06-30,2024-Q2,1.325717
DK,NSFR,2024-09-30,2024-Q3,1.286093
DK,NSFR,2024-12-31,2024-Q4,1.256718
ES,NSFR,2018-03-31,2018-Q1,1.263662
ES,NSFR,2018-06-30,2018-Q2,1.278142
ES,NSFR,2018-09-30,2018-Q3,1.29473
ES,NSFR,2018-12-31,2018-Q4,1.271466
ES,NSFR,2019-03-31,2019-Q1,1.266276
ES,NSFR,2019-06-30,2019-Q2,1.269822
ES,NSFR,2019-09-30,2019-Q3,1.317601
ES,NSFR,2019-12-31,2019-Q4,1.324338
ES,NSFR,2020-03-31,2020-Q1,1.344378
ES,NSFR,2020-06-30,2020-Q2,1.366825
ES,NSFR,2020-09-30,2020-Q3,1.252412
ES,NSFR,2020-12-31,2020-Q4,1.182296
ES,NSFR,2021-03-31,2021-Q1,1.287764
ES,NSFR,2021-06-30,2021-Q2,1.206568
ES,NSFR,2021-09-30,2021-Q3,1.204256
ES,NSFR,2021-12-31,2021-Q4,1.30423
ES,NSFR,2022-03-31,2022-Q1,1.313943
ES,NSFR,2022-06-30,2022-Q2,1.28931
ES,NSFR,2022-09-30,2022-Q3,1.357402
ES,NSFR,2022-12-31,2022-Q4,1.301344
ES,NSFR,2023-03-31,2023-Q1,1.294193
ES,NSFR,2023-06-30,2023-Q2,1.344624
ES,NSFR,2023-09-30,2023-Q3,1.281504
ES,NSFR,2023-12-31,2023-Q4,1.353773
ES,NSFR,2024-03-31,2024-Q1,1.180305
ES,NSFR,2024-06-30,2024-Q2,1.288261
ES,NSFR,2024-09-30,2024-Q3,1.187414
ES,NSFR,2024-12-31,2024-Q4,1.232701
EU,NSFR,2018-03-31,2018-Q1,1.299817
EU,NSFR,2018-06-30,2018-Q2,1.267591
EU,NSFR,2018-09-30,2018-Q3,1.285839
EU,NSFR,2018-12-31,2018-Q4,1.349676
EU,NSFR,2019-03-31,2019-Q1,1.364281
EU,NSFR,2019-06-30,2019-Q2,1.292242
EU,NSFR,2019-09-30,2019-Q3,1.254844
EU,NSFR,2019-12-31,2019-Q4,1.351709
EU,NSFR,2020-03-31,2020-Q1,1.225602
EU,NSFR,2020-06-30,2020-Q2,1.183838
EU,NSFR,2020-09-30,2020-Q3,1.35053
EU,NSFR,2020-12-31,2020-Q4,1.305141
EU,NSFR,2021-03-31,2021-Q1,1.273598
EU,NSFR,2021-06-30,2021-Q2,1.221139
EU,NSFR,2021-09-30,2021-Q3,1.352042
EU,NSFR,2021-12-31,2021-Q4,1.272854
EU,NSFR,2022-03-31,2022-Q1,1.286633
EU,NSFR,2022-06-30,2022-Q2,1.215326
EU,NSFR,2022-09-30,2022-Q3,1.218391
EU,NSFR,2022-12-31,2022-Q4,1.275576
EU,NSFR,2023-03-31,2023-Q1,1.30965
EU,NSFR,2023-06-30,2023-Q2,1.342439
EU,NSFR,2023-09-30,2023-Q3,1.257437
EU,NSFR,2023-12-31,2023-Q4,1.181701
EU,NSFR,2024-03-31,2024-Q1,1.348611
EU,NSFR,2024-06-30,2024-Q2,1.20443
EU,NSFR,2024-09-30,2024-Q3,1.35645
EU,NSFR,2024-12-31,2024-Q4,1.350522
FI,NSFR,2018-03-31,2018-Q1,1.246809
FI,NSFR,2018-06-30,2018-Q2,1.34244
FI,NSFR,2018-09-30,2018-Q3,1.189064
FI,NSFR,2018-12-31,2018-Q4,1.346697
FI,NSFR,2019-03-31,2019-Q1,1.256657
FI,NSFR,2019-06-30,2019-Q2,1.242288
FI,NSFR,2019-09-30,2019-Q3,1.279487
FI,NSFR,2019-12-31,2019-Q4,1.219203
FI,NSFR,2020-03-31,2020-Q1,1.274834
FI,NSFR,2020-06-30,2020-Q2,1.300902
FI,NSFR,2020-09-30,2020-Q3,1.375084
FI,NSFR,2020-12-31,2020-Q4,1.256623
FI,NSFR,2021-03-31,2021-Q1,1.209718
FI,NSFR,2021-06-30,2021-Q2,1.234604
FI,NSFR,2021-09-30,2021-Q3,1.324009
FI,NSFR,2021-12-31,2021-Q4,1.21079
FI,NSFR,2022-03-31,2022-Q1,1.225474
FI,NSFR,2022-06-30,2022-Q2,1.265617
FI,NSFR,2022-09-30,2022-Q3,1.344574
FI,NSFR,2022-12-31,2022-Q4,1.284199
FI,NSFR,2023-03-31,2023-Q1,1.202927
FI,NSFR,2023-06-30,2023-Q2,1.296799
FI,NSFR,2023-09-30,2023-Q3,1.375898
FI,NSFR,2023-12-31,2023-Q4,1.304134
FI,NSFR,2024-03-31,2024-Q1,1.365057
FI,NSFR,2024-06-30,2024-Q2,1.361462
FI,NSFR,2024-09-30,2024-Q3,1.236526
FI,NSFR,2024-12-31,2024-Q4,1.254865
FR,NSFR,2018-03-31,2018-Q1,1.284416
FR,NSFR,2018-06-30,2018-Q2,1.166854
FR,NSFR,2018-09-30,2018-Q3,1.347503
FR,NSFR,2018-12-31,2018-Q4,1.350675
FR,NSFR,2019-03-31,2019-Q1,1.19418
FR,NSFR,2019-06-30,2019-Q2,1.177386
FR,NSFR,2019-09-30,2019-Q3,1.313407
FR,NSFR,2019-12-31,2019-Q4,1.313247
FR,NSFR,2020-03-31,2020-Q1,1.156462
FR,NSFR,2020-06-30,2020-Q2,1.19869
FR,NSFR,2020-09-30,2020-Q3,1.167604
FR,NSFR,2020-12-31,2020-Q4,1.285752
FR,NSFR,2021-03-31,2021-Q1,1.226264
FR,NSFR,2021-06-30,2021-Q2,1.177275
FR,NSFR,2021-09-30,2021-Q3,1.333949
FR,NSFR,2021-12-31,2021-Q4,1.334644
FR,NSFR,2022-03-31,2022-Q1,1.337946
FR,NSFR,2022-06-30,2022-Q2,1.271792
FR,NSFR,2022-09-30,2022-Q3,1.18406
FR,NSFR,2022-12-31,2022-Q4,1.226402
FR,NSFR,2023-03-31,2023-Q1,1.26489
FR,NSFR,2023-06-30,2023-Q2,1.284332
FR,NSFR,2023-09-30,2023-Q3,1.223039
FR,NSFR,2023-12-31,2023-Q4,1.268678
FR,NSFR,2024-03-31,2024-Q1,1.312724
FR,NSFR,2024-06-30,2024-Q2,1.179244
FR,NSFR,2024-09-30,2024-Q3,1.327273
FR,NSFR,2024-12-31,2024-Q4,1.322751
GR,NSFR,2018-03-31,2018-Q1,1.348157
GR,NSFR,2018-06-30,2018-Q2,1.280799
GR,NSFR,2018-09-30,2018-Q3,1.227673
GR,NSFR,2018-12-31,2018-Q4,1.277644
GR,NSFR,2019-03-31,2019-Q1,1.353659
GR,NSFR,2019-06-30,2019-Q2,1.205841
GR,NSFR,2019-09-30,2019-Q3,1.380643
GR,NSFR,2019-12-31,2019-Q4,1.208251
GR,NSFR,2020-03-31,2020-Q1,1.290722
GR,NSFR,2020-06-30,2020-Q2,1.284948
GR,NSFR,2020-09-30,2020-Q3,1.358141
GR,NSFR,2020-12-31,2020-Q4,1.258566
GR,NSFR,2021-03-31,2021-Q1,1.361931
GR,NSFR,2021-06-30,2021-Q2,1.223492
GR,NSFR,2021-09-30,2021-Q3,1.263093
GR,NSFR,2021-12-31,2021-Q4,1.337047
GR,NSFR,2022-03-31,2022-Q1,1.24319
GR,NSFR,2022-06-30,2022-Q2,1.193196
GR,NSFR,2022-09-30,2022-Q3,1.322515
GR,NSFR,2022-12-31,2022-Q4,1.265472
GR,NSFR,2023-03-31,2023-Q1,1.195556
GR,NSFR,2023-06-30,2023-Q2,1.314971
GR,NSFR,2023-09-30,2023-Q3,1.214863
GR,NSFR,2023-12-31,2023-Q4,1.324468
GR,NSFR,2024-03-31,2024-Q1,1.332211
GR,NSFR,2024-06-30,2024-Q2,1.298495
GR,NSFR,2024-09-30,2024-Q3,1.216448
GR,NSFR,2024-12-31,2024-Q4,1.336237
HR,NSFR,2018-03-31,2018-Q1,1.194501
HR,NSFR,2018-06-30,2018-Q2,1.344713
HR,NSFR,2018-09-30,2018-Q3,1.258496
HR,NSFR,2018-12-31,2018-Q4,1.281774
HR,NSFR,2019-03-31,2019-Q1,1.263635
HR,NSFR,2019-06-30,2019-Q2,1.295353
HR,NSFR,2019-09-30,2019-Q3,1.218675
HR,NSFR,2019-12-31,2019-Q4,1.200648
HR,NSFR,2020-03-31,2020-Q1,1.176136
HR,NSFR,2020-06-30,2020-Q2,1.335164
HR,NSFR,2020-09-30,2020-Q3,1.22814
HR,NSFR,2020-12-31,2020-Q4,1.252369
HR,NSFR,2021-03-31,2021-Q1,1.190272
HR,NSFR,2021-06-30,2021-Q2,1.27205
HR,NSFR,2021-09-30,2021-Q3,1.210335
HR,NSFR,2021-12-31,2021-Q4,1.241895
HR,NSFR,2022-03-31,2022-Q1,1.198088
HR,NSFR,2022-06-30,2022-Q2,1.268059
HR,NSFR,2022-09-30,2022-Q3,1.25582
HR,NSFR,2022-12-31,2022-Q4,1.162848
HR,NSFR,2023-03-31,2023-Q1,1.240109
HR,NSFR,2023-06-30,2023-Q2,1.333937
HR,NSFR,2023-09-30,2023-Q3,1.344932
HR,NSFR,2023-12-31,2023-Q4,1.312925
HR,NSFR,2024-03-31,2024-Q1,1.265182
HR,NSFR,2024-06-30,2024-Q2,1.247594
HR,NSFR,2024-09-30,2024-Q3,1.295635
HR,NSFR,2024-12-31,2024-Q4,1.184658
HU,NSFR,2018-03-31,2018-Q1,1.344531
HU,NSFR,2018-06-30,2018-Q2,1.256431
HU,NSFR,2018-09-30,2018-Q3,1.273618
HU,NSFR,2018-12-31,2018-Q4,1.232494
HU,NSFR,2019-03-31,2019-Q1,1.258799
HU,NSFR,2019-06-30,2019-Q2,1.228645
HU,NSFR,2019-09-30,2019-Q3,1.340571
HU,NSFR,2019-12-31,2019-Q4,1.202125
HU,NSFR,2020-03-31,2020-Q1,1.231094
HU,NSFR,2020-06-30,2020-Q2,1.212409
HU,NSFR,2020-09-30,2020-Q3,1.194932
HU,NSFR,2020-12-31,2020-Q4,1.3416
HU,NSFR,2021-03-31,2021-Q1,1.359683
HU,NSFR,2021-06-30,2021-Q2,1.303955
HU,NSFR,2021-09-30,2021-Q3,1.280522
HU,NSFR,2021-12-31,2021-Q4,1.339585
HU,NSFR,2022-03-31,2022-Q1,1.233101
HU,NSFR,2022-06-30,2022-Q2,1.262313
HU,NSFR,2022-09-30,2022-Q3,1.265476
HU,NSFR,2022-12-31,2022-Q4,1.331742
HU,NSFR,2023-03-31,2023-Q1,1.223237
HU,NSFR,2023-06-30,2023-Q2,1.201532
HU,NSFR,2023-09-30,2023-Q3,1.28858
HU,NSFR,2023-12-31,2023-Q4,1.266364
HU,NSFR,2024-03-31,2024-Q1,1.227248
HU,NSFR,2024-06-30,2024-Q2,1.239106
HU,NSFR,2024-09-30,2024-Q3,1.19699
HU,NSFR,2024-12-31,2024-Q4,1.302035
IE,NSFR,2018-03-31,2018-Q1,1.278797
IE,NSFR,2018-06-30,2018-Q2,1.201751
IE,NSFR,2018-09-30,2018-Q3,1.216005
IE,NSFR,2018-12-31,2018-Q4,1.342132
IE,NSFR,2019-03-31,2019-Q1,1.192298
IE,NSFR,2019-06-30,2019-Q2,1.188604
IE,NSFR,2019-09-30,2019-Q3,1.372219
IE,NSFR,2019-12-31,2019-Q4,1.252288
IE,NSFR,2020-03-31,2020-Q1,1.285945
IE,NSFR,2020-06-30,2020-Q2,1.31763
IE,NSFR,2020-09-30,2020-Q3,1.26352
IE,NSFR,2020-12-31,2020-Q4,1.29453
IE,NSFR,2021-03-31,2021-Q1,1.254835
IE,NSFR,2021-06-30,2021-Q2,1.343375
IE,NSFR,2021-09-30,2021-Q3,1.352352
IE,NSFR,2021-12-31,2021-Q4,1.236401
IE,NSFR,2022-03-31,2022-Q1,1.358974
IE,NSFR,2022-06-30,2022-Q2,1.236612
IE,NSFR,2022-09-30,2022-Q3,1.293193
IE,NSFR,2022-12-31,2022-Q4,1.218127
IE,NSFR,2023-03-31,2023-Q1,1.204985
IE,NSFR,2023-06-30,2023-Q2,1.31902
IE,NSFR,2023-09-30,2023-Q3,1.346572
IE,NSFR,2023-12-31,2023-Q4,1.238208
IE,NSFR,2024-03-31,2024-Q1,1.341733
IE,NSFR,2024-06-30,2024-Q2,1.343219
IE,NSFR,2024-09-30,2024-Q3,1.271284
IE,NSFR,2024-12-31,2024-Q4,1.190162
IT,NSFR,2018-03-31,2018-Q1,1.202536
IT,NSFR,2018-06-30,2018-Q2,1.36791
IT,NSFR,2018-09-30,2018-Q3,1.207651
IT,NSFR,2018-12-31,2018-Q4,1.260703
IT,NSFR,2019-03-31,2019-Q1,1.236567
IT,NSFR,2019-06-30,2019-Q2,1.241574
IT,NSFR,2019-09-30,2019-Q3,1.334447
IT,NSFR,2019-12-31,2019-Q4,1.38178
IT,NSFR,2020-03-31,2020-Q1,1.367447
IT,NSFR,2020-06-30,2020-Q2,1.318359
IT,NSFR,2020-09-30,2020-Q3,1.33472
IT,NSFR,2020-12-31,2020-Q4,1.279854
IT,NSFR,2021-03-31,2021-Q1,1.33381
IT,NSFR,2021-06-30,2021-Q2,1.262838
IT,NSFR,2021-09-30,2021-Q3,1.323574
IT,NSFR,2021-12-31,2021-Q4,1.189299
IT,NSFR,2022-03-31,2022-Q1,1.314781
IT,NSFR,2022-06-30,2022-Q2,1.316818
IT,NSFR,2022-09-30,2022-Q3,1.339043
IT,NSFR,2022-12-31,2022-Q4,1.331598
IT,NSFR,2023-03-31,2023-Q1,1.197617
IT,NSFR,2023-06-30,2023-Q2,1.341117
IT,NSFR,2023-09-30,2023-Q3,1.384529
IT,NSFR,2023-12-31,2023-Q4,1.303008
IT,NSFR,2024-03-31,2024-Q1,1.320648
IT,NSFR,2024-06-30,2024-Q2,1.227047
IT,NSFR,2024-09-30,2024-Q3,1.265222
IT,NSFR,2024-12-31,2024-Q4,1.256941
LT,NSFR,2018-03-31,2018-Q1,1.276572
LT,NSFR,2018-06-30,2018-Q2,1.214526
LT,NSFR,2018-09-30,2018-Q3,1.255722
LT,NSFR,2018-12-31,2018-Q4,1.201405
LT,NSFR,2019-03-31,2019-Q1,1.215441
LT,NSFR,2019-06-30,2019-Q2,1.36524
LT,NSFR,2019-09-30,2019-Q3,1.251279
LT,NSFR,2019-12-31,2019-Q4,1.378239
LT,NSFR,2020-03-31,2020-Q1,1.314231
LT,NSFR,2020-06-30,2020-Q2,1.276128
LT,NSFR,2020-09-30,2020-Q3,1.338291
LT,NSFR,2020-12-31,2020-Q4,1.288745
LT,NSFR,2021-03-31,2021-Q1,1.336336
LT,NSFR,2021-06-30,2021-Q2,1.260471
LT,NSFR,2021-09-30,2021-Q3,1.20119
LT,NSFR,2021-12-31,2021-Q4,1.329295
LT,NSFR,2022-03-31,2022-Q1,1.22357
LT,NSFR,2022-06-30,2022-Q2,1.366414
LT,NSFR,2022-09-30,2022-Q3,1.3072
LT,NSFR,2022-12-31,2022-Q4,1.212551
LT,NSFR,2023-03-31,2023-Q1,1.277537
LT,NSFR,2023-06-30,2023-Q2,1.362587
LT,NSFR,2023-09-30,2023-Q3,1.27346
LT,NSFR,2023-12-31,2023-Q4,1.375213
LT,NSFR,2024-03-31,2024-Q1,1.376931
LT,NSFR,2024-06-30,2024-Q2,1.206256
LT,NSFR,2024-09-30,2024-Q3,1.216015
LT,NSFR,2024-12-31,2024-Q4,1.373871
LU,NSFR,2018-03-31,2018-Q1,1.29728
LU,NSFR,2018-06-30,2018-Q2,1.267275
LU,NSFR,2018-09-30,2018-Q3,1.245571
LU,NSFR,2018-12-31,2018-Q4,1.283337
LU,NSFR,2019-03-31,2019-Q1,1.16894
LU,NSFR,2019-06-30,2019-Q2,1.155795
LU,NSFR,2019-09-30,2019-Q3,1.1838
LU,NSFR,2019-12-31,2019-Q4,1.271415
LU,NSFR,2020-03-31,2020-Q1,1.27469
LU,NSFR,2020-06-30,2020-Q2,1.156643
LU,NSFR,2020-09-30,2020-Q3,1.247156
LU,NSFR,2020-12-31,2020-Q4,1.215834
LU,NSFR,2021-03-31,2021-Q1,1.166008
LU,NSFR,2021-06-30,2021-Q2,1.305881
LU,NSFR,2021-09-30,2021-Q3,1.299333
LU,NSFR,2021-12-31,2021-Q4,1.257862
LU,NSFR,2022-03-31,2022-Q1,1.311952
LU,NSFR,2022-06-30,2022-Q2,1.265557
LU,NSFR,2022-09-30,2022-Q3,1.312356
LU,NSFR,2022-12-31,2022-Q4,1.242059
LU,NSFR,2023-03-31,2023-Q1,1.322896
LU,NSFR,2023-06-30,2023-Q2,1.219771
LU,NSFR,2023-09-30,2023-Q3,1.243688
LU,NSFR,2023-12-31,2023-Q4,1.189416
LU,NSFR,2024-03-31,2024-Q1,1.278619
LU,NSFR,2024-06-30,2024-Q2,1.159292
LU,NSFR,2024-09-30,2024-Q3,1.2417
LU,NSFR,2024-12-31,2024-Q4,1.247867
LV,NSFR,2018-03-31,2018-Q1,1.281239
LV,NSFR,2018-06-30,2018-Q2,1.209734
LV,NSFR,2018-09-30,2018-Q3,1.361115
LV,NSFR,2018-12-31,2018-Q4,1.321799
LV,NSFR,2019-03-31,2019-Q1,1.215746
LV,NSFR,2019-06-30,2019-Q2,1.290805
LV,NSFR,2019-09-30,2019-Q3,1.331804
LV,NSFR,2019-12-31,2019-Q4,1.262256
LV,NSFR,2020-03-31,2020-Q1,1.255697
LV,NSFR,2020-06-30,2020-Q2,1.293243
LV,NSFR,2020-09-30,2020-Q3,1.267909
LV,NSFR,2020-12-31,2020-Q4,1.361051
LV,NSFR,2021-03-31,2021-Q1,1.331203
LV,NSFR,2021-06-30,2021-Q2,1.246819
LV,NSFR,2021-09-30,2021-Q3,1.29008
LV,NSFR,2021-12-31,2021-Q4,1.191057
LV,NSFR,2022-03-31,2022-Q1,1.332174
LV,NSFR,2022-06-30,2022-Q2,1.30511
LV,NSFR,2022-09-30,2022-Q3,1.243795
LV,NSFR,2022-12-31,2022-Q4,1.23714
LV,NSFR,2023-03-31,2023-Q1,1.337819
LV,NSFR,2023-06-30,2023-Q2,1.192016
LV,NSFR,2023-09-30,2023-Q3,1.247211
LV,NSFR,2023-12-31,2023-Q4,1.214891
LV,NSFR,2024-03-31,2024-Q1,1.251838
LV,NSFR,2024-06-30,2024-Q2,1.29207
LV,NSFR,2024-09-30,2024-Q3,1.267597
LV,NSFR,2024-12-31,2024-Q4,1.369162
MT,NSFR,2018-03-31,2018-Q1,1.232163
MT,NSFR,2018-06-30,2018-Q2,1.224917
MT,NSFR,2018-09-30,2018-Q3,1.273657
MT,NSFR,2018-12-31,2018-Q4,1.194535
MT,NSFR,2019-03-31,2019-Q1,1.367038
MT,NSFR,2019-06-30,2019-Q2,1.248051
MT,NSFR,2019-09-30,2019-Q3,1.245642
MT,NSFR,2019-12-31,2019-Q4,1.34522
MT,NSFR,2020-03-31,2020-Q1,1.306759
MT,NSFR,2020-06-30,2020-Q2,1.252931
MT,NSFR,2020-09-30,2020-Q3,1.259645
MT,NSFR,2020-12-31,2020-Q4,1.317895
MT,NSFR,2021-03-31,2021-Q1,1.35667
MT,NSFR,2021-06-30,2021-Q2,1.266791
MT,NSFR,2021-09-30,2021-Q3,1.33262
MT,NSFR,2021-12-31,2021-Q4,1.212124
MT,NSFR,2022-03-31,2022-Q1,1.326489
MT,NSFR,2022-06-30,2022-Q2,1.25656
MT,NSFR,2022-09-30,2022-Q3,1.248011
MT,NSFR,2022-12-31,2022-Q4,1.332739
MT,NSFR,2023-03-31,2023-Q1,1.267576
MT,NSFR,2023-06-30,2023-Q2,1.278033
MT,NSFR,2023-09-30,2023-Q3,1.220709
MT,NSFR,2023-12-31,2023-Q4,1.210215
MT,NSFR,2024-03-31,2024-Q1,1.188135
MT,NSFR,2024-06-30,2024-Q2,1.180677
MT,NSFR,2024-09-30,2024-Q3,1.335961
MT,NSFR,2024-12-31,2024-Q4,1.301483
NL,NSFR,2018-03-31,2018-Q1,1.290219
NL,NSFR,2018-06-30,2018-Q2,1.383102
NL,NSFR,2018-09-30,2018-Q3,1.278734
NL,NSFR,2018-12-31,2018-Q4,1.281832
NL,NSFR,2019-03-31,2019-Q1,1.334862
NL,NSFR,2019-06-30,2019-Q2,1.334231
NL,NSFR,2019-09-30,2019-Q3,1.232522
NL,NSFR,2019-12-31,2019-Q4,1.209768
NL,NSFR,2020-03-31,2020-Q1,1.34834
NL,NSFR,2020-06-30,2020-Q2,1.294412
NL,NSFR,2020-09-30,2020-Q3,1.301025
NL,NSFR,2020-12-31,2020-Q4,1.239254
NL,NSFR,2021-03-31,2021-Q1,1.305128
NL,NSFR,2021-06-30,2021-Q2,1.348967
NL,NSFR,2021-09-30,2021-Q3,1.238954
NL,NSFR,2021-12-31,2021-Q4,1.331993
NL,NSFR,2022-03-31,2022-Q1,1.198841
NL,NSFR,2022-06-30,2022-Q2,1.305433
NL,NSFR,2022-09-30,2022-Q3,1.331569
NL,NSFR,2022-12-31,2022-Q4,1.343115
NL,NSFR,2023-03-31,2023-Q1,1.303693
NL,NSFR,2023-06-30,2023-Q2,1.377443
NL,NSFR,2023-09-30,2023-Q3,1.244265
NL,NSFR,2023-12-31,2023-Q4,1.192434
NL,NSFR,2024-03-31,2024-Q1,1.319333
NL,NSFR,2024-06-30,2024-Q2,1.366212
NL,NSFR,2024-09-30,2024-Q3,1.318172
NL,NSFR,2024-12-31,2024-Q4,1.299419
NO,NSFR,2018-03-31,2018-Q1,1.295759
NO,NSFR,2018-06-30,2018-Q2,1.297092
NO,NSFR,2018-09-30,2018-Q3,1.312831
NO,NSFR,2018-12-31,2018-Q4,1.33375
NO,NSFR,2019-03-31,2019-Q1,1.279259
NO,NSFR,2019-06-30,2019-Q2,1.323723
NO,NSFR,2019-09-30,2019-Q3,1.252512
NO,NSFR,2019-12-31,2019-Q4,1.261086
NO,NSFR,2020-03-31,2020-Q1,1.191573
NO,NSFR,2020-06-30,2020-Q2,1.304744
NO,NSFR,2020-09-30,2020-Q3,1.265185
NO,NSFR,2020-12-31,2020-Q4,1.177439
NO,NSFR,2021-03-31,2021-Q1,1.241571
NO,NSFR,2021-06-30,2021-Q2,1.263981
NO,NSFR,2021-09-30,2021-Q3,1.317195
NO,NSFR,2021-12-31,2021-Q4,1.264361
NO,NSFR,2022-03-31,2022-Q1,1.337268
NO,NSFR,2022-06-30,2022-Q2,1.334256
NO,NSFR,2022-09-30,2022-Q3,1.284688
NO,NSFR,2022-12-31,2022-Q4,1.316053
NO,NSFR,2023-03-31,2023-Q1,1.172147
NO,NSFR,2023-06-30,2023-Q2,1.277315
NO,NSFR,2023-09-30,2023-Q3,1.281375
NO,NSFR,2023-12-31,2023-Q4,1.303054
NO,NSFR,2024-03-31,2024-Q1,1.26253
NO,NSFR,2024-06-30,2024-Q2,1.316172
NO,NSFR,2024-09-30,2024-Q3,1.309097
NO,NSFR,2024-12-31,2024-Q4,1.275824
PL,NSFR,2018-03-31,2018-Q1,1.306099
PL,NSFR,2018-06-30,2018-Q2,1.360911
PL,NSFR,2018-09-30,2018-Q3,1.228816
PL,NSFR,2018-12-31,2018-Q4,1.265808
PL,NSFR,2019-03-31,2019-Q1,1.232783
PL,NSFR,2019-06-30,2019-Q2,1.176491
PL,NSFR,2019-09-30,2019-Q3,1.321609
PL,NSFR,2019-12-31,2019-Q4,1.224927
PL,NSFR,2020-03-31,2020-Q1,1.266151
PL,NSFR,2020-06-30,2020-Q2,1.261672
PL,NSFR,2020-09-30,2020-Q3,1.336273
PL,NSFR,2020-12-31,2020-Q4,1.219685
PL,NSFR,2021-03-31,2021-Q1,1.2257
PL,NSFR,2021-06-30,2021-Q2,1.224983
PL,NSFR,2021-09-30,2021-Q3,1.193965
PL,NSFR,2021-12-31,2021-Q4,1.262001
PL,NSFR,2022-03-31,2022-Q1,1.344454
PL,NSFR,2022-06-30,2022-Q2,1.169907
PL,NSFR,2022-09-30,2022-Q3,1.177517
PL,NSFR,2022-12-31,2022-Q4,1.168916
PL,NSFR,2023-03-31,2023-Q1,1.329107
PL,NSFR,2023-06-30,2023-Q2,1.221835
PL,NSFR,2023-09-30,2023-Q3,1.230888
PL,NSFR,2023-12-31,2023-Q4,1.36351
PL,NSFR,2024-03-31,2024-Q1,1.273053
PL,NSFR,2024-06-30,2024-Q2,1.305849
PL,NSFR,2024-09-30,2024-Q3,1.322427
PL,NSFR,2024-12-31,2024-Q4,1.192605
PT,NSFR,2018-03-31,2018-Q1,1.215795
PT,NSFR,2018-06-30,2018-Q2,1.370639
PT,NSFR,2018-09-30,2018-Q3,1.288595
PT,NSFR,2018-12-31,2018-Q4,1.369113
PT,NSFR,2019-03-31,2019-Q1,1.29756
PT,NSFR,2019-06-30,2019-Q2,1.365816
PT,NSFR,2019-09-30,2019-Q3,1.34664
PT,NSFR,2019-12-31,2019-Q4,1.21997
PT,NSFR,2020-03-31,2020-Q1,1.22341
PT,NSFR,2020-06-30,2020-Q2,1.23551
PT,NSFR,2020-09-30,2020-Q3,1.192523
PT,NSFR,2020-12-31,2020-Q4,1.188031
PT,NSFR,2021-03-31,2021-Q1,1.19669
PT,NSFR,2021-06-30,2021-Q2,1.240369
PT,NSFR,2021-09-30,2021-Q3,1.18361
PT,NSFR,2021-12-31,2021-Q4,1.281507
PT,NSFR,2022-03-31,2022-Q1,1.330736
PT,NSFR,2022-06-30,2022-Q2,1.356322
PT,NSFR,2022-09-30,2022-Q3,1.32693
PT,NSFR,2022-12-31,2022-Q4,1.346002
PT,NSFR,2023-03-31,2023-Q1,1.193289
PT,NSFR,2023-06-30,2023-Q2,1.328846
PT,NSFR,2023-09-30,2023-Q3,1.274435
PT,NSFR,2023-12-31,2023-Q4,1.270051
PT,NSFR,2024-03-31,2024-Q1,1.214857
PT,NSFR,2024-06-30,2024-Q2,1.297639
PT,NSFR,2024-09-30,2024-Q3,1.232587
PT,NSFR,2024-12-31,2024-Q4,1.333057
RO,NSFR,2018-03-31,2018-Q1,1.385129
RO,NSFR,2018-06-30,2018-Q2,1.226038
RO,NSFR,2018-09-30,2018-Q3,1.329859
RO,NSFR,2018-12-31,2018-Q4,1.196982
RO,NSFR,2019-03-31,2019-Q1,1.341899
RO,NSFR,2019-06-30,2019-Q2,1.284356
RO,NSFR,2019-09-30,2019-Q3,1.263226
RO,NSFR,2019-12-31,2019-Q4,1.313072
RO,NSFR,2020-03-31,2020-Q1,1.254566
RO,NSFR,2020-06-30,2020-Q2,1.379095
RO,NSFR,2020-09-30,2020-Q3,1.244783
RO,NSFR,2020-12-31,2020-Q4,1.334424
RO,NSFR,2021-03-31,2021-Q1,1.236584
RO,NSFR,2021-06-30,2021-Q2,1.347021
RO,NSFR,2021-09-30,2021-Q3,1.24482
RO,NSFR,2021-12-31,2021-Q4,1.334617
RO,NSFR,2022-03-31,2022-Q1,1.365619
RO,NSFR,2022-06-30,2022-Q2,1.188495
RO,NSFR,2022-09-30,2022-Q3,1.334398
RO,NSFR,2022-12-31,2022-Q4,1.249184
RO,NSFR,2023-03-31,2023-Q1,1.370116
RO,NSFR,2023-06-30,2023-Q2,1.383262
RO,NSFR,2023-09-30,2023-Q3,1.2917
RO,NSFR,2023-12-31,2023-Q4,1.222515
RO,NSFR,2024-03-31,2024-Q1,1.290075
RO,NSFR,2024-06-30,2024-Q2,1.282943
RO,NSFR,2024-09-30,2024-Q3,1.197287
RO,NSFR,2024-12-31,2024-Q4,1.343077
SE,NSFR,2018-03-31,2018-Q1,1.344406
SE,NSFR,2018-06-30,2018-Q2,1.358288
SE,NSFR,2018-09-30,2018-Q3,1.180624
SE,NSFR,2018-12-31,2018-Q4,1.204787
SE,NSFR,2019-03-31,2019-Q1,1.259929
SE,NSFR,2019-06-30,2019-Q2,1.2446
SE,NSFR,2019-09-30,2019-Q3,1.358631
SE,NSFR,2019-12-31,2019-Q4,1.27522
SE,NSFR,2020-03-31,2020-Q1,1.162083
SE,NSFR,2020-06-30,2020-Q2,1.284396
SE,NSFR,2020-09-30,2020-Q3,1.324576
SE,NSFR,2020-12-31,2020-Q4,1.346313
SE,NSFR,2021-03-31,2021-Q1,1.252869
SE,NSFR,2021-06-30,2021-Q2,1.346936
SE,NSFR,2021-09-30,2021-Q3,1.27939
SE,NSFR,2021-12-31,2021-Q4,1.281564
SE,NSFR,2022-03-31,2022-Q1,1.174627
SE,NSFR,2022-06-30,2022-Q2,1.222741
SE,NSFR,2022-09-30,2022-Q3,1.292933
SE,NSFR,2022-12-31,2022-Q4,1.255797
SE,NSFR,2023-03-31,2023-Q1,1.322282
SE,NSFR,2023-06-30,2023-Q2,1.238269
SE,NSFR,2023-09-30,2023-Q3,1.291636
SE,NSFR,2023-12-31,2023-Q4,1.254161
SE,NSFR,2024-03-31,2024-Q1,1.308533
SE,NSFR,2024-06-30,2024-Q2,1.218047
SE,NSFR,2024-09-30,2024-Q3,1.330078
SE,NSFR,2024-12-31,2024-Q4,1.245641
SI,NSFR,2018-03-31,2018-Q1,1.244692
SI,NSFR,2018-06-30,2018-Q2,1.201534
SI,NSFR,2018-09-30,2018-Q3,1.235129
SI,NSFR,2018-12-31,2018-Q4,1.192399
SI,NSFR,2019-03-31,2019-Q1,1.211226
SI,NSFR,2019-06-30,2019-Q2,1.226422
SI,NSFR,2019-09-30,2019-Q3,1.19479
SI,NSFR,2019-12-31,2019-Q4,1.233059
SI,NSFR,2020-03-31,2020-Q1,1.19183
SI,NSFR,2020-06-30,2020-Q2,1.18401
SI,NSFR,2020-09-30,2020-Q3,1.186984
SI,NSFR,2020-12-31,2020-Q4,1.234723
SI,NSFR,2021-03-31,2021-Q1,1.210161
SI,NSFR,2021-06-30,2021-Q2,1.214886
SI,NSFR,2021-09-30,2021-Q3,1.247842
SI,NSFR,2021-12-31,2021-Q4,1.272261
SI,NSFR,2022-03-31,2022-Q1,1.299677
SI,NSFR,2022-06-30,2022-Q2,1.247271
SI,NSFR,2022-09-30,2022-Q3,1.213338
SI,NSFR,2022-12-31,2022-Q4,1.188626
SI,NSFR,2023-03-31,2023-Q1,1.217717
SI,NSFR,2023-06-30,2023-Q2,1.269525
SI,NSFR,2023-09-30,2023-Q3,1.30829
SI,NSFR,2023-12-31,2023-Q4,1.339016
SI,NSFR,2024-03-31,2024-Q1,1.252168
SI,NSFR,2024-06-30,2024-Q2,1.352398
SI,NSFR,2024-09-30,2024-Q3,1.207197
SI,NSFR,2024-12-31,2024-Q4,1.204941
SK,NSFR,2018-03-31,2018-Q1,1.198909
SK,NSFR,2018-06-30,2018-Q2,1.233504
SK,NSFR,2018-09-30,2018-Q3,1.182796
SK,NSFR,2018-12-31,2018-Q4,1.261069
SK,NSFR,2019-03-31,2019-Q1,1.360155
SK,NSFR,2019-06-30,2019-Q2,1.207358
SK,NSFR,2019-09-30,2019-Q3,1.31175
SK,NSFR,2019-12-31,2019-Q4,1.266243
SK,NSFR,2020-03-31,2020-Q1,1.219268
SK,NSFR,2020-06-30,2020-Q2,1.350116
SK,NSFR,2020-09-30,2020-Q3,1.183019
SK,NSFR,2020-12-31,2020-Q4,1.347183
SK,NSFR,2021-03-31,2021-Q1,1.306505
SK,NSFR,2021-06-30,2021-Q2,1.248206
SK,NSFR,2021-09-30,2021-Q3,1.219076
SK,NSFR,2021-12-31,2021-Q4,1.344911
SK,NSFR,2022-03-31,2022-Q1,1.175756
SK,NSFR,2022-06-30,2022-Q2,1.197446
SK,NSFR,2022-09-30,2022-Q3,1.196687
SK,NSFR,2022-12-31,2022-Q4,1.345438
SK,NSFR,2023-03-31,2023-Q1,1.31888
SK,NSFR,2023-06-30,2023-Q2,1.333877
SK,NSFR,2023-09-30,2023-Q3,1.246783
SK,NSFR,2023-12-31,2023-Q4,1.315379
SK,NSFR,2024-03-31,2024-Q1,1.266418
SK,NSFR,2024-06-30,2024-Q2,1.214193
SK,NSFR,2024-09-30,2024-Q3,1.260027
SK,NSFR,2024-12-31,2024-Q4,1.245913
AT,ROA,2018-03-31,2018-Q1,0.007763
AT,ROA,2018-06-30,2018-Q2,0.011659
AT,ROA,2018-09-30,2018-Q3,0.013583
AT,ROA,2018-12-31,2018-Q4,0.009282
AT,ROA,2019-03-31,2019-Q1,0.008167
AT,ROA,2019-06-30,2019-Q2,0.011147
AT,ROA,2019-09-30,2019-Q3,0.011897
AT,ROA,2019-12-31,2019-Q4,0.013509
AT,ROA,2020-03-31,2020-Q1,0.009304
AT,ROA,2020-06-30,2020-Q2,0.013426
AT,ROA,2020-09-30,2020-Q3,0.013032
AT,ROA,2020-12-31,2020-Q4,0.012873
AT,ROA,2021-03-31,2021-Q1,0.011188
AT,ROA,2021-06-30,2021-Q2,0.009318
AT,ROA,2021-09-30,2021-Q3,0.013567
AT,ROA,2021-12-31,2021-Q4,0.008524
AT,ROA,2022-03-31,2022-Q1,0.012297
AT,ROA,2022-06-30,2022-Q2,0.013612
AT,ROA,2022-09-30,2022-Q3,0.012168
AT,ROA,2022-12-31,2022-Q4,0.011462
AT,ROA,2023-03-31,2023-Q1,0.011303
AT,ROA,2023-06-30,2023-Q2,0.010767
AT,ROA,2023-09-30,2023-Q3,0.011633
AT,ROA,2023-12-31,2023-Q4,0.013043
AT,ROA,2024-03-31,2024-Q1,0.010945
AT,ROA,2024-06-30,2024-Q2,0.010685
AT,ROA,2024-09-30,2024-Q3,0.009612
AT,ROA,2024-12-31,2024-Q4,0.011722
BE,ROA,2018-03-31,2018-Q1,0.0
BE,ROA,2018-06-30,2018-Q2,0.0
BE,ROA,2018-09-30,2018-Q3,0.0
BE,ROA,2018-12-31,2018-Q4,0.0
BE,ROA,2019-03-31,2019-Q1,0.0
BE,ROA,2019-06-30,2019-Q2,0.0
BE,ROA,2019-09-30,2019-Q3,0.0
BE,ROA,2019-12-31,2019-Q4,0.0
BE,ROA,2020-03-31,2020-Q1,0.0
BE,ROA,2020-06-30,2020-Q2,0.0
BE,ROA,2020-09-30,2020-Q3,0.0
BE,ROA,2020-12-31,2020-Q4,0.0
BE,ROA,2021-03-31,2021-Q1,0.0
BE,ROA,2021-06-30,2021-Q2,0.0
BE,ROA,2021-09-30,2021-Q3,0.0
BE,ROA,2021-12-31,2021-Q4,0.0
BE,ROA,2022-03-31,2022-Q1,0.0
BE,ROA,2022-06-30,2022-Q2,0.0
BE,ROA,2022-09-30,2022-Q3,0.0
BE,ROA,2022-12-31,2022-Q4,0.0
BE,ROA,2023-03-31,2023-Q1,0.0
BE,ROA,2023-06-30,2023-Q2,0.0
BE,ROA,2023-09-30,2023-Q3,0.0
BE,ROA,2023-12-31,2023-Q4,0.0
BE,ROA,2024-03-31,2024-Q1,0.0
BE,ROA,2024-06-30,2024-Q2,0.0
BE,ROA,2024-09-30,2024-Q3,0.0
BE,ROA,2024-12-31,2024-Q4,0.0
CY,ROA,2018-03-31,2018-Q1,0.0
CY,ROA,2018-06-30,2018-Q2,0.0
CY,ROA,2018-09-30,2018-Q3,0.0
CY,ROA,2018-12-31,2018-Q4,0.0
CY,ROA,2019-03-31,2019-Q1,0.0
CY,ROA,2019-06-30,2019-Q2,0.0
CY,ROA,2019-09-30,2019-Q3,0.0
CY,ROA,2019-12-31,2019-Q4,0.0
CY,ROA,2020-03-31,2020-Q1,0.0
CY,ROA,2020-06-30,2020-Q2,0.0
CY,ROA,2020-09-30,2020-Q3,0.0
CY,ROA,2020-12-31,2020-Q4,0.0
CY,ROA,2021-03-31,2021-Q1,0.0
CY,ROA,2021-06-30,2021-Q2,0.0
CY,ROA,2021-09-30,2021-Q3,0.0
CY,ROA,2021-12-31,2021-Q4,0.0
CY,ROA,2022-03-31,2022-Q1,0.0
CY,ROA,2022-06-30,2022-Q2,0.0
CY,ROA,2022-09-30,2022-Q3,0.0
CY,ROA,2022-12-31,2022-Q4,0.0
CY,ROA,2023-03-31,2023-Q1,0.0
CY,ROA,2023-06-30,2023-Q2,0.0
CY,ROA,2023-09-30,2023-Q3,0.0
CY,ROA,2023-12-31,2023-Q4,0.0
CY,ROA,2024-03-31,2024-Q1,0.0
CY,ROA,2024-06-30,2024-Q2,0.0
CY,ROA,2024-09-30,2024-Q3,0.0
CY,ROA,2024-12-31,2024-Q4,0.0
DE,ROA,2018-03-31,2018-Q1,0.009644
DE,ROA,2018-06-30,2018-Q2,0.009033
DE,ROA,2018-09-30,2018-Q3,0.010766
DE,ROA,2018-12-31,2018-Q4,0.011986
DE,ROA,2019-03-31,2019-Q1,0.012734
DE,ROA,2019-06-30,2019-Q2,0.010543
DE,ROA,2019-09-30,2019-Q3,0.009227
DE,ROA,2019-12-31,2019-Q4,0.011723
DE,ROA,2020-03-31,2020-Q1,0.009399
DE,ROA,2020-06-30,2020-Q2,0.008783
DE,ROA,2020-09-30,2020-Q3,0.008474
DE,ROA,2020-12-31,2020-Q4,0.011838
DE,ROA,2021-03-31,2021-Q1,0.010874
DE,ROA,2021-06-30,2021-Q2,0.014183
DE,ROA,2021-09-30,2021-Q3,0.013306
DE,ROA,2021-12-31,2021-Q4,0.013336
DE,ROA,2022-03-31,2022-Q1,0.011592
DE,ROA,2022-06-30,2022-Q2,0.011224
DE,ROA,2022-09-30,2022-Q3,0.012647
DE,ROA,2022-12-31,2022-Q4,0.011395
DE,ROA,2023-03-31,2023-Q1,0.011282
DE,ROA,2023-06-30,2023-Q2,0.010528
DE,ROA,2023-09-30,2023-Q3,0.010901
DE,ROA,2023-12-31,2023-Q4,0.010308
DE,ROA,2024-03-31,2024-Q1,0.014242
DE,ROA,2024-06-30,2024-Q2,0.008333
DE,ROA,2024-09-30,2024-Q3,0.013875
DE,ROA,2024-12-31,2024-Q4,0.010667
DK,ROA,2018-03-31,2018-Q1,0.024571
DK,ROA,2018-06-30,2018-Q2,0.025079
DK,ROA,2018-09-30,2018-Q3,0.024533
DK,ROA,2018-12-31,2018-Q4,0.022867
DK,ROA,2019-03-31,2019-Q1,0.02186
DK,ROA,2019-06-30,2019-Q2,0.025511
DK,ROA,2019-09-30,2019-Q3,0.022066
DK,ROA,2019-12-31,2019-Q4,0.021905
DK,ROA,2020-03-31,2020-Q1,0.022644
DK,ROA,2020-06-30,2020-Q2,0.020974
DK,ROA,2020-09-30,2020-Q3,0.021866
DK,ROA,2020-12-31,2020-Q4,0.021171
DK,ROA,2021-03-31,2021-Q1,0.021135
DK,ROA,2021-06-30,2021-Q2,0.022282
DK,ROA,2021-09-30,2021-Q3,0.023152
DK,ROA,2021-12-31,2021-Q4,0.019752
DK,ROA,2022-03-31,2022-Q1,0.023167
DK,ROA,2022-06-30,2022-Q2,0.024928
DK,ROA,2022-09-30,2022-Q3,0.021321
DK,ROA,2022-12-31,2022-Q4,0.023368
DK,ROA,2023-03-31,2023-Q1,0.022691
DK,ROA,2023-06-30,2023-Q2,0.023424
DK,ROA,2023-09-30,2023-Q3,0.021779
DK,ROA,2023-12-31,2023-Q4,0.02281
DK,ROA,2024-03-31,2024-Q1,0.023704
DK,ROA,2024-06-30,2024-Q2,0.020703
DK,ROA,2024-09-30,2024-Q3,0.022426
DK,ROA,2024-12-31,2024-Q4,0.021179
ES,ROA,2018-03-31,2018-Q1,0.017869
ES,ROA,2018-06-30,2018-Q2,0.013117
ES,ROA,2018-09-30,2018-Q3,0.012345
ES,ROA,2018-12-31,2018-Q4,0.013702
ES,ROA,2019-03-31,2019-Q1,0.012407
ES,ROA,2019-06-30,2019-Q2,0.01697
ES,ROA,2019-09-30,2019-Q3,0.014421
ES,ROA,2019-12-31,2019-Q4,0.01676
ES,ROA,2020-03-31,2020-Q1,0.013114
ES,ROA,2020-06-30,2020-Q2,0.017819
ES,ROA,2020-09-30,2020-Q3,0.013505
ES,ROA,2020-12-31,2020-Q4,0.01236
ES,ROA,2021-03-31,2021-Q1,0.014703
ES,ROA,2021-06-30,2021-Q2,0.015633
ES,ROA,2021-09-30,2021-Q3,0.012134
ES,ROA,2021-12-31,2021-Q4,0.01224
ES,ROA,2022-03-31,2022-Q1,0.016037
ES,ROA,2022-06-30,2022-Q2,0.015993
ES,ROA,2022-09-30,2022-Q3,0.015688
ES,ROA,2022-12-31,2022-Q4,0.013485
ES,ROA,2023-03-31,2023-Q1,0.013987
ES,ROA,2023-06-30,2023-Q2,0.01419
ES,ROA,2023-09-30,2023-Q3,0.012903
ES,ROA,2023-12-31,2023-Q4,0.014703
ES,ROA,2024-03-31,2024-Q1,0.01416
ES,ROA,2024-06-30,2024-Q2,0.017674
ES,ROA,2024-09-30,2024-Q3,0.017303
ES,ROA,2024-12-31,2024-Q4,0.014627
EU,ROA,2018-03-31,2018-Q1,0.004073
EU,ROA,2018-06-30,2018-Q2,0.002311
EU,ROA,2018-09-30,2018-Q3,0.004518
EU,ROA,2018-12-31,2018-Q4,0.004129
EU,ROA,2019-03-31,2019-Q1,0.007614
EU,ROA,2019-06-30,2019-Q2,0.008003
EU,ROA,2019-09-30,2019-Q3,0.005104
EU,ROA,2019-12-31,2019-Q4,0.008
EU,ROA,2020-03-31,2020-Q1,0.007833
EU,ROA,2020-06-30,2020-Q2,0.005618
EU,ROA,2020-09-30,2020-Q3,0.003384
EU,ROA,2020-12-31,2020-Q4,0.003217
EU,ROA,2021-03-31,2021-Q1,0.007985
EU,ROA,2021-06-30,2021-Q2,0.007834
EU,ROA,2021-09-30,2021-Q3,0.005894
EU,ROA,2021-12-31,2021-Q4,0.004285
EU,ROA,2022-03-31,2022-Q1,0.006644
EU,ROA,2022-06-30,2022-Q2,0.007878
EU,ROA,2022-09-30,2022-Q3,0.003984
EU,ROA,2022-12-31,2022-Q4,0.004855
EU,ROA,2023-03-31,2023-Q1,0.00457
EU,ROA,2023-06-30,2023-Q2,0.003161
EU,ROA,2023-09-30,2023-Q3,0.002464
EU,ROA,2023-12-31,2023-Q4,0.003329
EU,ROA,2024-03-31,2024-Q1,0.005526
EU,ROA,2024-06-30,2024-Q2,0.008031
EU,ROA,2024-09-30,2024-Q3,0.007097
EU,ROA,2024-12-31,2024-Q4,0.008209
FI,ROA,2018-03-31,2018-Q1,0.020848
FI,ROA,2018-06-30,2018-Q2,0.018634
FI,ROA,2018-09-30,2018-Q3,0.016569
FI,ROA,2018-12-31,2018-Q4,0.016336
FI,ROA,2019-03-31,2019-Q1,0.016201
FI,ROA,2019-06-30,2019-Q2,0.020402
FI,ROA,2019-09-30,2019-Q3,0.018974
FI,ROA,2019-12-31,2019-Q4,0.016642
FI,ROA,2020-03-31,2020-Q1,0.018842
FI,ROA,2020-06-30,2020-Q2,0.020775
FI,ROA,2020-09-30,2020-Q3,0.017806
FI,ROA,2020-12-31,2020-Q4,0.017307
FI,ROA,2021-03-31,2021-Q1,0.015969
FI,ROA,2021-06-30,2021-Q2,0.015222
FI,ROA,2021-09-30,2021-Q3,0.018013
FI,ROA,2021-12-31,2021-Q4,0.018495
FI,ROA,2022-03-31,2022-Q1,0.016965
FI,ROA,2022-06-30,2022-Q2,0.019289
FI,ROA,2022-09-30,2022-Q3,0.019977
FI,ROA,2022-12-31,2022-Q4,0.015261
FI,ROA,2023-03-31,2023-Q1,0.018002
FI,ROA,2023-06-30,2023-Q2,0.019809
FI,ROA,2023-09-30,2023-Q3,0.019293
FI,ROA,2023-12-31,2023-Q4,0.019122
FI,ROA,2024-03-31,2024-Q1,0.020907
FI,ROA,2024-06-30,2024-Q2,0.018927
FI,ROA,2024-09-30,2024-Q3,0.018413
FI,ROA,2024-12-31,2024-Q4,0.019184
FR,ROA,2018-03-31,2018-Q1,0.0
FR,ROA,2018-06-30,2018-Q2,0.0
FR,ROA,2018-09-30,2018-Q3,0.0
FR,ROA,2018-12-31,2018-Q4,0.0
FR,ROA,2019-03-31,2019-Q1,0.0
FR,ROA,2019-06-30,2019-Q2,0.0
FR,ROA,2019-09-30,2019-Q3,0.0
FR,ROA,2019-12-31,2019-Q4,0.0
FR,ROA,2020-03-31,2020-Q1,0.0
FR,ROA,2020-06-30,2020-Q2,0.0
FR,ROA,2020-09-30,2020-Q3,0.0
FR,ROA,2020-12-31,2020-Q4,0.0
FR,ROA,2021-03-31,2021-Q1,0.0
FR,ROA,2021-06-30,2021-Q2,0.0
FR,ROA,2021-09-30,2021-Q3,0.0
FR,ROA,2021-12-31,2021-Q4,0.0
FR,ROA,2022-03-31,2022-Q1,0.0
FR,ROA,2022-06-30,2022-Q2,0.0
FR,ROA,2022-09-30,2022-Q3,0.0
FR,ROA,2022-12-31,2022-Q4,0.0
FR,ROA,2023-03-31,2023-Q1,0.0
FR,ROA,2023-06-30,2023-Q2,0.0
FR,ROA,2023-09-30,2023-Q3,0.0
FR,ROA,2023-12-31,2023-Q4,0.0
FR,ROA,2024-03-31,2024-Q1,0.0
FR,ROA,2024-06-30,2024-Q2,0.0
FR,ROA,2024-09-30,2024-Q3,0.0
FR,ROA,2024-12-31,2024-Q4,0.0
GR,ROA,2018-03-31,2018-Q1,0.021066
GR,ROA,2018-06-30,2018-Q2,0.021345
GR,ROA,2018-09-30,2018-Q3,0.023721
GR,ROA,2018-12-31,2018-Q4,0.020207
GR,ROA,2019-03-31,2019-Q1,0.022143
GR,ROA,2019-06-30,2019-Q2,0.020289
GR,ROA,2019-09-30,2019-Q3,0.022193
GR,ROA,2019-12-31,2019-Q4,0.022583
GR,ROA,2020-03-31,2020-Q1,0.022405
GR,ROA,2020-06-30,2020-Q2,0.021108
GR,ROA,2020-09-30,2020-Q3,0.023636
GR,ROA,2020-12-31,2020-Q4,0.019677
GR,ROA,2021-03-31,2021-Q1,0.018941
GR,ROA,2021-06-30,2021-Q2,0.019752
GR,ROA,2021-09-30,2021-Q3,0.020047
GR,ROA,2021-12-31,2021-Q4,0.023022
GR,ROA,2022-03-31,2022-Q1,0.023412
GR,ROA,2022-06-30,2022-Q2,0.02224
GR,ROA,2022-09-30,2022-Q3,0.020102
GR,ROA,2022-12-31,2022-Q4,0.022299
GR,ROA,2023-03-31,2023-Q1,0.022493
GR,ROA,2023-06-30,2023-Q2,0.023494
GR,ROA,2023-09-30,2023-Q3,0.017766
GR,ROA,2023-12-31,2023-Q4,0.020367
GR,ROA,2024-03-31,2024-Q1,0.019456
GR,ROA,2024-06-30,2024-Q2,0.018377
GR,ROA,2024-09-30,2024-Q3,0.021984
GR,ROA,2024-12-31,2024-Q4,0.022775
HR,ROA,2018-03-31,2018-Q1,0.0
HR,ROA,2018-06-30,2018-Q2,0.0
HR,ROA,2018-09-30,2018-Q3,0.0
HR,ROA,2018-12-31,2018-Q4,0.0
HR,ROA,2019-03-31,2019-Q1,0.0
HR,ROA,2019-06-30,2019-Q2,0.0
HR,ROA,2019-09-30,2019-Q3,0.0
HR,ROA,2019-12-31,2019-Q4,0.0
HR,ROA,2020-03-31,2020-Q1,0.0
HR,ROA,2020-06-30,2020-Q2,0.0
HR,ROA,2020-09-30,2020-Q3,0.0
HR,ROA,2020-12-31,2020-Q4,0.0
HR,ROA,2021-03-31,2021-Q1,0.0
HR,ROA,2021-06-30,2021-Q2,0.0
HR,ROA,2021-09-30,2021-Q3,0.0
HR,ROA,2021-12-31,2021-Q4,0.0
HR,ROA,2022-03-31,2022-Q1,0.0
HR,ROA,2022-06-30,2022-Q2,0.0
HR,ROA,2022-09-30,2022-Q3,0.0
HR,ROA,2022-12-31,2022-Q4,0.0
HR,ROA,2023-03-31,2023-Q1,0.0
HR,ROA,2023-06-30,2023-Q2,0.0
HR,ROA,2023-09-30,2023-Q3,0.0
HR,ROA,2023-12-31,2023-Q4,0.0
HR,ROA,2024-03-31,2024-Q1,0.0
HR,ROA,2024-06-30,2024-Q2,0.0
HR,ROA,2024-09-30,2024-Q3,0.0
HR,ROA,2024-12-31,2024-Q4,0.0
HU,ROA,2018-03-31,2018-Q1,0.014357
HU,ROA,2018-06-30,2018-Q2,0.012888
HU,ROA,2018-09-30,2018-Q3,0.011364
HU,ROA,2018-12-31,2018-Q4,0.009041
HU,ROA,2019-03-31,2019-Q1,0.013707
HU,ROA,2019-06-30,2019-Q2,0.013455
HU,ROA,2019-09-30,2019-Q3,0.013101
HU,ROA,2019-12-31,2019-Q4,0.01258
HU,ROA,2020-03-31,2020-Q1,0.013035
HU,ROA,2020-06-30,2020-Q2,0.012624
HU,ROA,2020-09-30,2020-Q3,0.009406
HU,ROA,2020-12-31,2020-Q4,0.014066
HU,ROA,2021-03-31,2021-Q1,0.014318
HU,ROA,2021-06-30,2021-Q2,0.010138
HU,ROA,2021-09-30,2021-Q3,0.014514
HU,ROA,2021-12-31,2021-Q4,0.014675
HU,ROA,2022-03-31,2022-Q1,0.011965
HU,ROA,2022-06-30,2022-Q2,0.009425
HU,ROA,2022-09-30,2022-Q3,0.014251
HU,ROA,2022-12-31,2022-Q4,0.0127
HU,ROA,2023-03-31,2023-Q1,0.012886
HU,ROA,2023-06-30,2023-Q2,0.013813
HU,ROA,2023-09-30,2023-Q3,0.012807
HU,ROA,2023-12-31,2023-Q4,0.013677
HU,ROA,2024-03-31,2024-Q1,0.012713
HU,ROA,2024-06-30,2024-Q2,0.013745
HU,ROA,2024-09-30,2024-Q3,0.01143
HU,ROA,2024-12-31,2024-Q4,0.014102
IE,ROA,2018-03-31,2018-Q1,0.025667
IE,ROA,2018-06-30,2018-Q2,0.023484
IE,ROA,2018-09-30,2018-Q3,0.023585
IE,ROA,2018-12-31,2018-Q4,0.024521
IE,ROA,2019-03-31,2019-Q1,0.026124
IE,ROA,2019-06-30,2019-Q2,0.02507
IE,ROA,2019-09-30,2019-Q3,0.025455
IE,ROA,2019-12-31,2019-Q4,0.025047
IE,ROA,2020-03-31,2020-Q1,0.023318
IE,ROA,2020-06-30,2020-Q2,0.025051
IE,ROA,2020-09-30,2020-Q3,0.02196
IE,ROA,2020-12-31,2020-Q4,0.022695
IE,ROA,2021-03-31,2021-Q1,0.021874
IE,ROA,2021-06-30,2021-Q2,0.021881
IE,ROA,2021-09-30,2021-Q3,0.025814
IE,ROA,2021-12-31,2021-Q4,0.025038
IE,ROA,2022-03-31,2022-Q1,0.026284
IE,ROA,2022-06-30,2022-Q2,0.02695
IE,ROA,2022-09-30,2022-Q3,0.025781
IE,ROA,2022-12-31,2022-Q4,0.022868
IE,ROA,2023-03-31,2023-Q1,0.022955
IE,ROA,2023-06-30,2023-Q2,0.023547
IE,ROA,2023-09-30,2023-Q3,0.021796
IE,ROA,2023-12-31,2023-Q4,0.024806
IE,ROA,2024-03-31,2024-Q1,0.026314
IE,ROA,2024-06-30,2024-Q2,0.026798
IE,ROA,2024-09-30,2024-Q3,0.022705
IE,ROA,2024-12-31,2024-Q4,0.025509
IT,ROA,2018-03-31,2018-Q1,0.023356
IT,ROA,2018-06-30,2018-Q2,0.025375
IT,ROA,2018-09-30,2018-Q3,0.024775
IT,ROA,2018-12-31,2018-Q4,0.020897
IT,ROA,2019-03-31,2019-Q1,0.023212
IT,ROA,2019-06-30,2019-Q2,0.025059
IT,ROA,2019-09-30,2019-Q3,0.023913
IT,ROA,2019-12-31,2019-Q4,0.024501
IT,ROA,2020-03-31,2020-Q1,0.025314
IT,ROA,2020-06-30,2020-Q2,0.025752
IT,ROA,2020-09-30,2020-Q3,0.023542
IT,ROA,2020-12-31,2020-Q4,0.022315
IT,ROA,2021-03-31,2021-Q1,0.025585
IT,ROA,2021-06-30,2021-Q2,0.021324
IT,ROA,2021-09-30,2021-Q3,0.023437
IT,ROA,2021-12-31,2021-Q4,0.025013
IT,ROA,2022-03-31,2022-Q1,0.024872
IT,ROA,2022-06-30,2022-Q2,0.023279
IT,ROA,2022-09-30,2022-Q3,0.021962
IT,ROA,2022-12-31,2022-Q4,0.020342
IT,ROA,2023-03-31,2023-Q1,0.024392
IT,ROA,2023-06-30,2023-Q2,0.02348
IT,ROA,2023-09-30,2023-Q3,0.025864
IT,ROA,2023-12-31,2023-Q4,0.024881
IT,ROA,2024-03-31,2024-Q1,0.024837
IT,ROA,2024-06-30,2024-Q2,0.024587
IT,ROA,2024-09-30,2024-Q3,0.024557
IT,ROA,2024-12-31,2024-Q4,0.023275
LT,ROA,2018-03-31,2018-Q1,0.016315
LT,ROA,2018-06-30,2018-Q2,0.018183
LT,ROA,2018-09-30,2018-Q3,0.018607
LT,ROA,2018-12-31,2018-Q4,0.021148
LT,ROA,2019-03-31,2019-Q1,0.021145
LT,ROA,2019-06-30,2019-Q2,0.019219
LT,ROA,2019-09-30,2019-Q3,0.019048
LT,ROA,2019-12-31,2019-Q4,0.020718
LT,ROA,2020-03-31,2020-Q1,0.021506
LT,ROA,2020-06-30,2020-Q2,0.018887
LT,ROA,2020-09-30,2020-Q3,0.020769
LT,ROA,2020-12-31,2020-Q4,0.021064
LT,ROA,2021-03-31,2021-Q1,0.016282
LT,ROA,2021-06-30,2021-Q2,0.021475
LT,ROA,2021-09-30,2021-Q3,0.019801
LT,ROA,2021-12-31,2021-Q4,0.019408
LT,ROA,2022-03-31,2022-Q1,0.016433
LT,ROA,2022-06-30,2022-Q2,0.01761
LT,ROA,2022-09-30,2022-Q3,0.020866
LT,ROA,2022-12-31,2022-Q4,0.018195
LT,ROA,2023-03-31,2023-Q1,0.020673
LT,ROA,2023-06-30,2023-Q2,0.0201
LT,ROA,2023-09-30,2023-Q3,0.015952
LT,ROA,2023-12-31,2023-Q4,0.020791
LT,ROA,2024-03-31,2024-Q1,0.017548
LT,ROA,2024-06-30,2024-Q2,0.016771
LT,ROA,2024-09-30,2024-Q3,0.016158
LT,ROA,2024-12-31,2024-Q4,0.021769
LU,ROA,2018-03-31,2018-Q1,0.0
LU,ROA,2018-06-30,2018-Q2,0.0
LU,ROA,2018-09-30,2018-Q3,0.0
LU,ROA,2018-12-31,2018-Q4,0.0
LU,ROA,2019-03-31,2019-Q1,0.0
LU,ROA,2019-06-30,2019-Q2,0.0
LU,ROA,2019-09-30,2019-Q3,0.0
LU,ROA,2019-12-31,2019-Q4,0.0
LU,ROA,2020-03-31,2020-Q1,0.0
LU,ROA,2020-06-30,2020-Q2,0.0
LU,ROA,2020-09-30,2020-Q3,0.0
LU,ROA,2020-12-31,2020-Q4,0.0
LU,ROA,2021-03-31,2021-Q1,0.0
LU,ROA,2021-06-30,2021-Q2,0.0
LU,ROA,2021-09-30,2021-Q3,0.0
LU,ROA,2021-12-31,2021-Q4,0.0
LU,ROA,2022-03-31,2022-Q1,0.0
LU,ROA,2022-06-30,2022-Q2,0.0
LU,ROA,2022-09-30,2022-Q3,0.0
LU,ROA,2022-12-31,2022-Q4,0.0
LU,ROA,2023-03-31,2023-Q1,0.0
LU,ROA,2023-06-30,2023-Q2,0.0
LU,ROA,2023-09-30,2023-Q3,0.0
LU,ROA,2023-12-31,2023-Q4,0.0
LU,ROA,2024-03-31,2024-Q1,0.0
LU,ROA,2024-06-30,2024-Q2,0.0
LU,ROA,2024-09-30,2024-Q3,0.0
LU,ROA,2024-12-31,2024-Q4,0.0
LV,ROA,2018-03-31,2018-Q1,0.013334
LV,ROA,2018-06-30,2018-Q2,0.01011
LV,ROA,2018-09-30,2018-Q3,0.010748
LV,ROA,2018-12-31,2018-Q4,0.012817
LV,ROA,2019-03-31,2019-Q1,0.014917
LV,ROA,2019-06-30,2019-Q2,0.011301
LV,ROA,2019-09-30,2019-Q3,0.013154
LV,ROA,2019-12-31,2019-Q4,0.015732
LV,ROA,2020-03-31,2020-Q1,0.011722
LV,ROA,2020-06-30,2020-Q2,0.013916
LV,ROA,2020-09-30,2020-Q3,0.010434
LV,ROA,2020-12-31,2020-Q4,0.015465
LV,ROA,2021-03-31,2021-Q1,0.014329
LV,ROA,2021-06-30,2021-Q2,0.015609
LV,ROA,2021-09-30,2021-Q3,0.011946
LV,ROA,2021-12-31,2021-Q4,0.013762
LV,ROA,2022-03-31,2022-Q1,0.013523
LV,ROA,2022-06-30,2022-Q2,0.014428
LV,ROA,2022-09-30,2022-Q3,0.011261
LV,ROA,2022-12-31,2022-Q4,0.014282
LV,ROA,2023-03-31,2023-Q1,0.012418
LV,ROA,2023-06-30,2023-Q2,0.01302
LV,ROA,2023-09-30,2023-Q3,0.012891
LV,ROA,2023-12-31,2023-Q4,0.010101
LV,ROA,2024-03-31,2024-Q1,0.014188
LV,ROA,2024-06-30,2024-Q2,0.010725
LV,ROA,2024-09-30,2024-Q3,0.016004
LV,ROA,2024-12-31,2024-Q4,0.012578
MT,ROA,2018-03-31,2018-Q1,0.011647
MT,ROA,2018-06-30,2018-Q2,0.014927
MT,ROA,2018-09-30,2018-Q3,0.012548
MT,ROA,2018-12-31,2018-Q4,0.010508
MT,ROA,2019-03-31,2019-Q1,0.015451
MT,ROA,2019-06-30,2019-Q2,0.015932
MT,ROA,2019-09-30,2019-Q3,0.010462
MT,ROA,2019-12-31,2019-Q4,0.013335
MT,ROA,2020-03-31,2020-Q1,0.010923
MT,ROA,2020-06-30,2020-Q2,0.010634
MT,ROA,2020-09-30,2020-Q3,0.015462
MT,ROA,2020-12-31,2020-Q4,0.010508
MT,ROA,2021-03-31,2021-Q1,0.014029
MT,ROA,2021-06-30,2021-Q2,0.013161
MT,ROA,2021-09-30,2021-Q3,0.012736
MT,ROA,2021-12-31,2021-Q4,0.016223
MT,ROA,2022-03-31,2022-Q1,0.01622
MT,ROA,2022-06-30,2022-Q2,0.011279
MT,ROA,2022-09-30,2022-Q3,0.014684
MT,ROA,2022-12-31,2022-Q4,0.010618
MT,ROA,2023-03-31,2023-Q1,0.011151
MT,ROA,2023-06-30,2023-Q2,0.014525
MT,ROA,2023-09-30,2023-Q3,0.013236
MT,ROA,2023-12-31,2023-Q4,0.015561
MT,ROA,2024-03-31,2024-Q1,0.015846
MT,ROA,2024-06-30,2024-Q2,0.013643
MT,ROA,2024-09-30,2024-Q3,0.015345
MT,ROA,2024-12-31,2024-Q4,0.01189
NL,ROA,2018-03-31,2018-Q1,0.026276
NL,ROA,2018-06-30,2018-Q2,0.026619
NL,ROA,2018-09-30,2018-Q3,0.02591
NL,ROA,2018-12-31,2018-Q4,0.023887
NL,ROA,2019-03-31,2019-Q1,0.026243
NL,ROA,2019-06-30,2019-Q2,0.023555
NL,ROA,2019-09-30,2019-Q3,0.026055
NL,ROA,2019-12-31,2019-Q4,0.026093
NL,ROA,2020-03-31,2020-Q1,0.022296
NL,ROA,2020-06-30,2020-Q2,0.02667
NL,ROA,2020-09-30,2020-Q3,0.021683
NL,ROA,2020-12-31,2020-Q4,0.02089
NL,ROA,2021-03-31,2021-Q1,0.021262
NL,ROA,2021-06-30,2021-Q2,0.022348
NL,ROA,2021-09-30,2021-Q3,0.026017
NL,ROA,2021-12-31,2021-Q4,0.026294
NL,ROA,2022-03-31,2022-Q1,0.021746
NL,ROA,2022-06-30,2022-Q2,0.022545
NL,ROA,2022-09-30,2022-Q3,0.024203
NL,ROA,2022-12-31,2022-Q4,0.021743
NL,ROA,2023-03-31,2023-Q1,0.021594
NL,ROA,2023-06-30,2023-Q2,0.024342
NL,ROA,2023-09-30,2023-Q3,0.02641
NL,ROA,2023-12-31,2023-Q4,0.02529
NL,ROA,2024-03-31,2024-Q1,0.024312
NL,ROA,2024-06-30,2024-Q2,0.025963
NL,ROA,2024-09-30,2024-Q3,0.023711
NL,ROA,2024-12-31,2024-Q4,0.026345
NO,ROA,2018-03-31,2018-Q1,0.0
NO,ROA,2018-06-30,2018-Q2,0.0
NO,ROA,2018-09-30,2018-Q3,0.0
NO,ROA,2018-12-31,2018-Q4,0.0
NO,ROA,2019-03-31,2019-Q1,0.0
NO,ROA,2019-06-30,2019-Q2,0.0
NO,ROA,2019-09-30,2019-Q3,0.0
NO,ROA,2019-12-31,2019-Q4,0.0
NO,ROA,2020-03-31,2020-Q1,0.0
NO,ROA,2020-06-30,2020-Q2,0.0
NO,ROA,2020-09-30,2020-Q3,0.0
NO,ROA,2020-12-31,2020-Q4,0.0
NO,ROA,2021-03-31,2021-Q1,0.0
NO,ROA,2021-06-30,2021-Q2,0.0
NO,ROA,2021-09-30,2021-Q3,0.0
NO,ROA,2021-12-31,2021-Q4,0.0
NO,ROA,2022-03-31,2022-Q1,0.0
NO,ROA,2022-06-30,2022-Q2,0.0
NO,ROA,2022-09-30,2022-Q3,0.0
NO,ROA,2022-12-31,2022-Q4,0.0
NO,ROA,2023-03-31,2023-Q1,0.0
NO,ROA,2023-06-30,2023-Q2,0.0
NO,ROA,2023-09-30,2023-Q3,0.0
NO,ROA,2023-12-31,2023-Q4,0.0
NO,ROA,2024-03-31,2024-Q1,0.0
NO,ROA,2024-06-30,2024-Q2,0.0
NO,ROA,2024-09-30,2024-Q3,0.0
NO,ROA,2024-12-31,2024-Q4,0.0
PL,ROA,2018-03-31,2018-Q1,0.003048
PL,ROA,2018-06-30,2018-Q2,0.004097
PL,ROA,2018-09-30,2018-Q3,0.004097
PL,ROA,2018-12-31,2018-Q4,0.000328
PL,ROA,2019-03-31,2019-Q1,0.0
PL,ROA,2019-06-30,2019-Q2,0.0
PL,ROA,2019-09-30,2019-Q3,0.004659
PL,ROA,2019-12-31,2019-Q4,0.0
PL,ROA,2020-03-31,2020-Q1,0.003708
PL,ROA,2020-06-30,2020-Q2,0.004115
PL,ROA,2020-09-30,2020-Q3,0.0
PL,ROA,2020-12-31,2020-Q4,0.0
PL,ROA,2021-03-31,2021-Q1,0.003733
PL,ROA,2021-06-30,2021-Q2,0.0
PL,ROA,2021-09-30,2021-Q3,0.0
PL,ROA,2021-12-31,2021-Q4,0.000904
PL,ROA,2022-03-31,2022-Q1,0.001746
PL,ROA,2022-06-30,2022-Q2,0.003661
PL,ROA,2022-09-30,2022-Q3,0.002876
PL,ROA,2022-12-31,2022-Q4,0.003088
PL,ROA,2023-03-31,2023-Q1,0.00407
PL,ROA,2023-06-30,2023-Q2,0.000487
PL,ROA,2023-09-30,2023-Q3,0.002265
PL,ROA,2023-12-31,2023-Q4,0.000312
PL,ROA,2024-03-31,2024-Q1,0.003145
PL,ROA,2024-06-30,2024-Q2,0.0
PL,ROA,2024-09-30,2024-Q3,0.0
PL,ROA,2024-12-31,2024-Q4,0.003554
PT,ROA,2018-03-31,2018-Q1,0.018882
PT,ROA,2018-06-30,2018-Q2,0.019753
PT,ROA,2018-09-30,2018-Q3,0.018172
PT,ROA,2018-12-31,2018-Q4,0.017504
PT,ROA,2019-03-31,2019-Q1,0.019017
PT,ROA,2019-06-30,2019-Q2,0.019836
PT,ROA,2019-09-30,2019-Q3,0.017593
PT,ROA,2019-12-31,2019-Q4,0.020719
PT,ROA,2020-03-31,2020-Q1,0.019345
PT,ROA,2020-06-30,2020-Q2,0.022027
PT,ROA,2020-09-30,2020-Q3,0.021448
PT,ROA,2020-12-31,2020-Q4,0.018899
PT,ROA,2021-03-31,2021-Q1,0.021908
PT,ROA,2021-06-30,2021-Q2,0.020431
PT,ROA,2021-09-30,2021-Q3,0.019101
PT,ROA,2021-12-31,2021-Q4,0.018449
PT,ROA,2022-03-31,2022-Q1,0.01948
PT,ROA,2022-06-30,2022-Q2,0.018249
PT,ROA,2022-09-30,2022-Q3,0.021437
PT,ROA,2022-12-31,2022-Q4,0.018355
PT,ROA,2023-03-31,2023-Q1,0.019826
PT,ROA,2023-06-30,2023-Q2,0.0189
PT,ROA,2023-09-30,2023-Q3,0.020053
PT,ROA,2023-12-31,2023-Q4,0.020494
PT,ROA,2024-03-31,2024-Q1,0.018555
PT,ROA,2024-06-30,2024-Q2,0.018251
PT,ROA,2024-09-30,2024-Q3,0.019613
PT,ROA,2024-12-31,2024-Q4,0.018067
RO,ROA,2018-03-31,2018-Q1,0.020122
RO,ROA,2018-06-30,2018-Q2,0.01999
RO,ROA,2018-09-30,2018-Q3,0.023003
RO,ROA,2018-12-31,2018-Q4,0.019919
RO,ROA,2019-03-31,2019-Q1,0.021171
RO,ROA,2019-06-30,2019-Q2,0.022421
RO,ROA,2019-09-30,2019-Q3,0.025195
RO,ROA,2019-12-31,2019-Q4,0.019892
RO,ROA,2020-03-31,2020-Q1,0.021224
RO,ROA,2020-06-30,2020-Q2,0.023683
RO,ROA,2020-09-30,2020-Q3,0.024773
RO,ROA,2020-12-31,2020-Q4,0.020253
RO,ROA,2021-03-31,2021-Q1,0.024154
RO,ROA,2021-06-30,2021-Q2,0.02414
RO,ROA,2021-09-30,2021-Q3,0.021437
RO,ROA,2021-12-31,2021-Q4,0.021742
RO,ROA,2022-03-31,2022-Q1,0.022374
RO,ROA,2022-06-30,2022-Q2,0.019485
RO,ROA,2022-09-30,2022-Q3,0.022735
RO,ROA,2022-12-31,2022-Q4,0.023912
RO,ROA,2023-03-31,2023-Q1,0.020593
RO,ROA,2023-06-30,2023-Q2,0.020733
RO,ROA,2023-09-30,2023-Q3,0.019673
RO,ROA,2023-12-31,2023-Q4,0.022954
RO,ROA,2024-03-31,2024-Q1,0.020318
RO,ROA,2024-06-30,2024-Q2,0.023724
RO,ROA,2024-09-30,2024-Q3,0.020298
RO,ROA,2024-12-31,2024-Q4,0.021219
SE,ROA,2018-03-31,2018-Q1,0.00138
SE,ROA,2018-06-30,2018-Q2,0.000467
SE,ROA,2018-09-30,2018-Q3,0.000497
SE,ROA,2018-12-31,2018-Q4,0.0
SE,ROA,2019-03-31,2019-Q1,0.0
SE,ROA,2019-06-30,2019-Q2,0.0
SE,ROA,2019-09-30,2019-Q3,0.001778
SE,ROA,2019-12-31,2019-Q4,0.001694
SE,ROA,2020-03-31,2020-Q1,0.000136
SE,ROA,2020-06-30,2020-Q2,0.001525
SE,ROA,2020-09-30,2020-Q3,0.00038
SE,ROA,2020-12-31,2020-Q4,0.0
SE,ROA,2021-03-31,2021-Q1,0.0
SE,ROA,2021-06-30,2021-Q2,0.0
SE,ROA,2021-09-30,2021-Q3,0.000294
SE,ROA,2021-12-31,2021-Q4,0.000908
SE,ROA,2022-03-31,2022-Q1,0.0
SE,ROA,2022-06-30,2022-Q2,0.0
SE,ROA,2022-09-30,2022-Q3,0.0
SE,ROA,2022-12-31,2022-Q4,0.0
SE,ROA,2023-03-31,2023-Q1,0.0
SE,ROA,2023-06-30,2023-Q2,0.001274
SE,ROA,2023-09-30,2023-Q3,0.0
SE,ROA,2023-12-31,2023-Q4,0.0
SE,ROA,2024-03-31,2024-Q1,0.0
SE,ROA,2024-06-30,2024-Q2,0.0
SE,ROA,2024-09-30,2024-Q3,0.001413
SE,ROA,2024-12-31,2024-Q4,0.0
SI,ROA,2018-03-31,2018-Q1,0.005717
SI,ROA,2018-06-30,2018-Q2,0.005977
SI,ROA,2018-09-30,2018-Q3,0.003466
SI,ROA,2018-12-31,2018-Q4,0.004786
SI,ROA,2019-03-31,2019-Q1,0.004052
SI,ROA,2019-06-30,2019-Q2,0.00781
SI,ROA,2019-09-30,2019-Q3,0.006151
SI,ROA,2019-12-31,2019-Q4,0.008249
SI,ROA,2020-03-31,2020-Q1,0.004037
SI,ROA,2020-06-30,2020-Q2,0.007664
SI,ROA,2020-09-30,2020-Q3,0.008191
SI,ROA,2020-12-31,2020-Q4,0.004008
SI,ROA,2021-03-31,2021-Q1,0.006688
SI,ROA,2021-06-30,2021-Q2,0.007522
SI,ROA,2021-09-30,2021-Q3,0.007583
SI,ROA,2021-12-31,2021-Q4,0.00644
SI,ROA,2022-03-31,2022-Q1,0.004433
SI,ROA,2022-06-30,2022-Q2,0.007977
SI,ROA,2022-09-30,2022-Q3,0.005049
SI,ROA,2022-12-31,2022-Q4,0.003202
SI,ROA,2023-03-31,2023-Q1,0.00818
SI,ROA,2023-06-30,2023-Q2,0.004674
SI,ROA,2023-09-30,2023-Q3,0.005212
SI,ROA,2023-12-31,2023-Q4,0.005885
SI,ROA,2024-03-31,2024-Q1,0.005015
SI,ROA,2024-06-30,2024-Q2,0.006998
SI,ROA,2024-09-30,2024-Q3,0.003071
SI,ROA,2024-12-31,2024-Q4,0.005693
SK,ROA,2018-03-31,2018-Q1,0.003603
SK,ROA,2018-06-30,2018-Q2,0.0
SK,ROA,2018-09-30,2018-Q3,0.001648
SK,ROA,2018-12-31,2018-Q4,0.000157
SK,ROA,2019-03-31,2019-Q1,0.003003
SK,ROA,2019-06-30,2019-Q2,0.0
SK,ROA,2019-09-30,2019-Q3,0.0
SK,ROA,2019-12-31,2019-Q4,0.00024
SK,ROA,2020-03-31,2020-Q1,0.0
SK,ROA,2020-06-30,2020-Q2,0.003434
SK,ROA,2020-09-30,2020-Q3,0.0
SK,ROA,2020-12-31,2020-Q4,0.0
SK,ROA,2021-03-31,2021-Q1,0.000434
SK,ROA,2021-06-30,2021-Q2,0.001767
SK,ROA,2021-09-30,2021-Q3,0.000338
SK,ROA,2021-12-31,2021-Q4,0.003644
SK,ROA,2022-03-31,2022-Q1,0.0
SK,ROA,2022-06-30,2022-Q2,0.0
SK,ROA,2022-09-30,2022-Q3,0.0
SK,ROA,2022-12-31,2022-Q4,0.003272
SK,ROA,2023-03-31,2023-Q1,0.000974
SK,ROA,2023-06-30,2023-Q2,0.0
SK,ROA,2023-09-30,2023-Q3,0.00306
SK,ROA,2023-12-31,2023-Q4,0.0
SK,ROA,2024-03-31,2024-Q1,0.000666
SK,ROA,2024-06-30,2024-Q2,0.0
SK,ROA,2024-09-30,2024-Q3,0.002962
SK,ROA,2024-12-31,2024-Q4,0.0
AT,ROE,2018-03-31,2018-Q1,0.085057
AT,ROE,2018-06-30,2018-Q2,0.105762
AT,ROE,2018-09-30,2018-Q3,0.094795
AT,ROE,2018-12-31,2018-Q4,0.11585
AT,ROE,2019-03-31,2019-Q1,0.088598
AT,ROE,2019-06-30,2019-Q2,0.114501
AT,ROE,2019-09-30,2019-Q3,0.064746
AT,ROE,2019-12-31,2019-Q4,0.099429
AT,ROE,2020-03-31,2020-Q1,0.06375
AT,ROE,2020-06-30,2020-Q2,0.059311
AT,ROE,2020-09-30,2020-Q3,0.076414
AT,ROE,2020-12-31,2020-Q4,0.07429
AT,ROE,2021-03-31,2021-Q1,0.115168
AT,ROE,2021-06-30,2021-Q2,0.113087
AT,ROE,2021-09-30,2021-Q3,0.067286
AT,ROE,2021-12-31,2021-Q4,0.067431
AT,ROE,2022-03-31,2022-Q1,0.062141
AT,ROE,2022-06-30,2022-Q2,0.094451
AT,ROE,2022-09-30,2022-Q3,0.093042
AT,ROE,2022-12-31,2022-Q4,0.077392
AT,ROE,2023-03-31,2023-Q1,0.093499
AT,ROE,2023-06-30,2023-Q2,0.066761
AT,ROE,2023-09-30,2023-Q3,0.08586
AT,ROE,2023-12-31,2023-Q4,0.094778
AT,ROE,2024-03-31,2024-Q1,0.091785
AT,ROE,2024-06-30,2024-Q2,0.059608
AT,ROE,2024-09-30,2024-Q3,0.089923
AT,ROE,2024-12-31,2024-Q4,0.112682
BE,ROE,2018-03-31,2018-Q1,0.087443
BE,ROE,2018-06-30,2018-Q2,0.09145
BE,ROE,2018-09-30,2018-Q3,0.099529
BE,ROE,2018-12-31,2018-Q4,0.101187
BE,ROE,2019-03-31,2019-Q1,0.059131
BE,ROE,2019-06-30,2019-Q2,0.055722
BE,ROE,2019-09-30,2019-Q3,0.090792
BE,ROE,2019-12-31,2019-Q4,0.057007
BE,ROE,2020-03-31,2020-Q1,0.045775
BE,ROE,2020-06-30,2020-Q2,0.080055
BE,ROE,2020-09-30,2020-Q3,0.087265
BE,ROE,2020-12-31,2020-Q4,0.083787
BE,ROE,2021-03-31,2021-Q1,0.080704
BE,ROE,2021-06-30,2021-Q2,0.085857
BE,ROE,2021-09-30,2021-Q3,0.065309
BE,ROE,2021-12-31,2021-Q4,0.064922
BE,ROE,2022-03-31,2022-Q1,0.102847
BE,ROE,2022-06-30,2022-Q2,0.070109
BE,ROE,2022-09-30,2022-Q3,0.0699
BE,ROE,2022-12-31,2022-Q4,0.049215
BE,ROE,2023-03-31,2023-Q1,0.055458
BE,ROE,2023-06-30,2023-Q2,0.097721
BE,ROE,2023-09-30,2023-Q3,0.092541
BE,ROE,2023-12-31,2023-Q4,0.083886
BE,ROE,2024-03-31,2024-Q1,0.069203
BE,ROE,2024-06-30,2024-Q2,0.077493
BE,ROE,2024-09-30,2024-Q3,0.076968
BE,ROE,2024-12-31,2024-Q4,0.050296
CY,ROE,2018-03-31,2018-Q1,0.084357
CY,ROE,2018-06-30,2018-Q2,0.071168
CY,ROE,2018-09-30,2018-Q3,0.082955
CY,ROE,2018-12-31,2018-Q4,0.056465
CY,ROE,2019-03-31,2019-Q1,0.092383
CY,ROE,2019-06-30,2019-Q2,0.084292
CY,ROE,2019-09-30,2019-Q3,0.08018
CY,ROE,2019-12-31,2019-Q4,0.091307
CY,ROE,2020-03-31,2020-Q1,0.046964
CY,ROE,2020-06-30,2020-Q2,0.095026
CY,ROE,2020-09-30,2020-Q3,0.098491
CY,ROE,2020-12-31,2020-Q4,0.066958
CY,ROE,2021-03-31,2021-Q1,0.045137
CY,ROE,2021-06-30,2021-Q2,0.083625
CY,ROE,2021-09-30,2021-Q3,0.05845
CY,ROE,2021-12-31,2021-Q4,0.065003
CY,ROE,2022-03-31,2022-Q1,0.093549
CY,ROE,2022-06-30,2022-Q2,0.088798
CY,ROE,2022-09-30,2022-Q3,0.044144
CY,ROE,2022-12-31,2022-Q4,0.086488
CY,ROE,2023-03-31,2023-Q1,0.041013
CY,ROE,2023-06-30,2023-Q2,0.047762
CY,ROE,2023-09-30,2023-Q3,0.064946
CY,ROE,2023-12-31,2023-Q4,0.062195
CY,ROE,2024-03-31,2024-Q1,0.075922
CY,ROE,2024-06-30,2024-Q2,0.090657
CY,ROE,2024-09-30,2024-Q3,0.090468
CY,ROE,2024-12-31,2024-Q4,0.088938
DE,ROE,2018-03-31,2018-Q1,0.080244
DE,ROE,2018-06-30,2018-Q2,0.09976
DE,ROE,2018-09-30,2018-Q3,0.076968
DE,ROE,2018-12-31,2018-Q4,0.068181
DE,ROE,2019-03-31,2019-Q1,0.09542
DE,ROE,2019-06-30,2019-Q2,0.086553
DE,ROE,2019-09-30,2019-Q3,0.066083
DE,ROE,2019-12-31,2019-Q4,0.115187
DE,ROE,2020-03-31,2020-Q1,0.10265
DE,ROE,2020-06-30,2020-Q2,0.067519
DE,ROE,2020-09-30,2020-Q3,0.106092
DE,ROE,2020-12-31,2020-Q4,0.117691
DE,ROE,2021-03-31,2021-Q1,0.094196
DE,ROE,2021-06-30,2021-Q2,0.079312
DE,ROE,2021-09-30,2021-Q3,0.078338
DE,ROE,2021-12-31,2021-Q4,0.10228
DE,ROE,2022-03-31,2022-Q1,0.095783
DE,ROE,2022-06-30,2022-Q2,0.062122
DE,ROE,2022-09-30,2022-Q3,0.064265
DE,ROE,2022-12-31,2022-Q4,0.109626
DE,ROE,2023-03-31,2023-Q1,0.107522
DE,ROE,2023-06-30,2023-Q2,0.067391
DE,ROE,2023-09-30,2023-Q3,0.062655
DE,ROE,2023-12-31,2023-Q4,0.115051
DE,ROE,2024-03-31,2024-Q1,0.114967
DE,ROE,2024-06-30,2024-Q2,0.072638
DE,ROE,2024-09-30,2024-Q3,0.114374
DE,ROE,2024-12-31,2024-Q4,0.061881
DK,ROE,2018-03-31,2018-Q1,0.094509
DK,ROE,2018-06-30,2018-Q2,0.102972
DK,ROE,2018-09-30,2018-Q3,0.123733
DK,ROE,2018-12-31,2018-Q4,0.081551
DK,ROE,2019-03-31,2019-Q1,0.115352
DK,ROE,2019-06-30,2019-Q2,0.113354
DK,ROE,2019-09-30,2019-Q3,0.099567
DK,ROE,2019-12-31,2019-Q4,0.123889
DK,ROE,2020-03-31,2020-Q1,0.090034
DK,ROE,2020-06-30,2020-Q2,0.126468
DK,ROE,2020-09-30,2020-Q3,0.100204
DK,ROE,2020-12-31,2020-Q4,0.082012
DK,ROE,2021-03-31,2021-Q1,0.11584
DK,ROE,2021-06-30,2021-Q2,0.072035
DK,ROE,2021-09-30,2021-Q3,0.079902
DK,ROE,2021-12-31,2021-Q4,0.088203
DK,ROE,2022-03-31,2022-Q1,0.103603
DK,ROE,2022-06-30,2022-Q2,0.102877
DK,ROE,2022-09-30,2022-Q3,0.119792
DK,ROE,2022-12-31,2022-Q4,0.105629
DK,ROE,2023-03-31,2023-Q1,0.075457
DK,ROE,2023-06-30,2023-Q2,0.129487
DK,ROE,2023-09-30,2023-Q3,0.087548
DK,ROE,2023-12-31,2023-Q4,0.122533
DK,ROE,2024-03-31,2024-Q1,0.112896
DK,ROE,2024-06-30,2024-Q2,0.071516
DK,ROE,2024-09-30,2024-Q3,0.0726
DK,ROE,2024-12-31,2024-Q4,0.112708
ES,ROE,2018-03-31,2018-Q1,0.100691
ES,ROE,2018-06-30,2018-Q2,0.086322
ES,ROE,2018-09-30,2018-Q3,0.072499
ES,ROE,2018-12-31,2018-Q4,0.113965
ES,ROE,2019-03-31,2019-Q1,0.068534
ES,ROE,2019-06-30,2019-Q2,0.066625
ES,ROE,2019-09-30,2019-Q3,0.106816
ES,ROE,2019-12-31,2019-Q4,0.063217
ES,ROE,2020-03-31,2020-Q1,0.072841
ES,ROE,2020-06-30,2020-Q2,0.073944
ES,ROE,2020-09-30,2020-Q3,0.101109
ES,ROE,2020-12-31,2020-Q4,0.114983
ES,ROE,2021-03-31,2021-Q1,0.113789
ES,ROE,2021-06-30,2021-Q2,0.066029
ES,ROE,2021-09-30,2021-Q3,0.098782
ES,ROE,2021-12-31,2021-Q4,0.096814
ES,ROE,2022-03-31,2022-Q1,0.082443
ES,ROE,2022-06-30,2022-Q2,0.101171
ES,ROE,2022-09-30,2022-Q3,0.073906
ES,ROE,2022-12-31,2022-Q4,0.090893
ES,ROE,2023-03-31,2023-Q1,0.115046
ES,ROE,2023-06-30,2023-Q2,0.074672
ES,ROE,2023-09-30,2023-Q3,0.094405
ES,ROE,2023-12-31,2023-Q4,0.07066
ES,ROE,2024-03-31,2024-Q1,0.111438
ES,ROE,2024-06-30,2024-Q2,0.075878
ES,ROE,2024-09-30,2024-Q3,0.109639
ES,ROE,2024-12-31,2024-Q4,0.080693
EU,ROE,2018-03-31,2018-Q1,0.069351
EU,ROE,2018-06-30,2018-Q2,0.074993
EU,ROE,2018-09-30,2018-Q3,0.082175
EU,ROE,2018-12-31,2018-Q4,0.054089
EU,ROE,2019-03-31,2019-Q1,0.054376
EU,ROE,2019-06-30,2019-Q2,0.070983
EU,ROE,2019-09-30,2019-Q3,0.105462
EU,ROE,2019-12-31,2019-Q4,0.107494
EU,ROE,2020-03-31,2020-Q1,0.087662
EU,ROE,2020-06-30,2020-Q2,0.061506
EU,ROE,2020-09-30,2020-Q3,0.087223
EU,ROE,2020-12-31,2020-Q4,0.062352
EU,ROE,2021-03-31,2021-Q1,0.106882
EU,ROE,2021-06-30,2021-Q2,0.101256
EU,ROE,2021-09-30,2021-Q3,0.073564
EU,ROE,2021-12-31,2021-Q4,0.098452
EU,ROE,2022-03-31,2022-Q1,0.089664
EU,ROE,2022-06-30,2022-Q2,0.09015
EU,ROE,2022-09-30,2022-Q3,0.068527
EU,ROE,2022-12-31,2022-Q4,0.053537
EU,ROE,2023-03-31,2023-Q1,0.10529
EU,ROE,2023-06-30,2023-Q2,0.053344
EU,ROE,2023-09-30,2023-Q3,0.110277
EU,ROE,2023-12-31,2023-Q4,0.061635
EU,ROE,2024-03-31,2024-Q1,0.070856
EU,ROE,2024-06-30,2024-Q2,0.073344
EU,ROE,2024-09-30,2024-Q3,0.059702
EU,ROE,2024-12-31,2024-Q4,0.086501
FI,ROE,2018-03-31,2018-Q1,0.111598
FI,ROE,2018-06-30,2018-Q2,0.120369
FI,ROE,2018-09-30,2018-Q3,0.104197
FI,ROE,2018-12-31,2018-Q4,0.097771
FI,ROE,2019-03-31,2019-Q1,0.091084
FI,ROE,2019-06-30,2019-Q2,0.124475
FI,ROE,2019-09-30,2019-Q3,0.116977
FI,ROE,2019-12-31,2019-Q4,0.104468
FI,ROE,2020-03-31,2020-Q1,0.096615
FI,ROE,2020-06-30,2020-Q2,0.10742
FI,ROE,2020-09-30,2020-Q3,0.065961
FI,ROE,2020-12-31,2020-Q4,0.111315
FI,ROE,2021-03-31,2021-Q1,0.070309
FI,ROE,2021-06-30,2021-Q2,0.111025
FI,ROE,2021-09-30,2021-Q3,0.115269
FI,ROE,2021-12-31,2021-Q4,0.078024
FI,ROE,2022-03-31,2022-Q1,0.123102
FI,ROE,2022-06-30,2022-Q2,0.116517
FI,ROE,2022-09-30,2022-Q3,0.08988
FI,ROE,2022-12-31,2022-Q4,0.101068
FI,ROE,2023-03-31,2023-Q1,0.074826
FI,ROE,2023-06-30,2023-Q2,0.107861
FI,ROE,2023-09-30,2023-Q3,0.087866
FI,ROE,2023-12-31,2023-Q4,0.104331
FI,ROE,2024-03-31,2024-Q1,0.117162
FI,ROE,2024-06-30,2024-Q2,0.088983
FI,ROE,2024-09-30,2024-Q3,0.100194
FI,ROE,2024-12-31,2024-Q4,0.090985
FR,ROE,2018-03-31,2018-Q1,0.069616
FR,ROE,2018-06-30,2018-Q2,0.07974
FR,ROE,2018-09-30,2018-Q3,0.073107
FR,ROE,2018-12-31,2018-Q4,0.076749
FR,ROE,2019-03-31,2019-Q1,0.085281
FR,ROE,2019-06-30,2019-Q2,0.048461
FR,ROE,2019-09-30,2019-Q3,0.048949
FR,ROE,2019-12-31,2019-Q4,0.076069
FR,ROE,2020-03-31,2020-Q1,0.046145
FR,ROE,2020-06-30,2020-Q2,0.093392
FR,ROE,2020-09-30,2020-Q3,0.088249
FR,ROE,2020-12-31,2020-Q4,0.068033
FR,ROE,2021-03-31,2021-Q1,0.083119
FR,ROE,2021-06-30,2021-Q2,0.085948
FR,ROE,2021-09-30,2021-Q3,0.09391
FR,ROE,2021-12-31,2021-Q4,0.067923
FR,ROE,2022-03-31,2022-Q1,0.090029
FR,ROE,2022-06-30,2022-Q2,0.053724
FR,ROE,2022-09-30,2022-Q3,0.070839
FR,ROE,2022-12-31,2022-Q4,0.057124
FR,ROE,2023-03-31,2023-Q1,0.068234
FR,ROE,2023-06-30,2023-Q2,0.066541
FR,ROE,2023-09-30,2023-Q3,0.058244
FR,ROE,2023-12-31,2023-Q4,0.085262
FR,ROE,2024-03-31,2024-Q1,0.054609
FR,ROE,2024-06-30,2024-Q2,0.081167
FR,ROE,2024-09-30,2024-Q3,0.090914
FR,ROE,2024-12-31,2024-Q4,0.083617
GR,ROE,2018-03-31,2018-Q1,0.095926
GR,ROE,2018-06-30,2018-Q2,0.106678
GR,ROE,2018-09-30,2018-Q3,0.120624
GR,ROE,2018-12-31,2018-Q4,0.120537
GR,ROE,2019-03-31,2019-Q1,0.123934
GR,ROE,2019-06-30,2019-Q2,0.123053
GR,ROE,2019-09-30,2019-Q3,0.105091
GR,ROE,2019-12-31,2019-Q4,0.092599
GR,ROE,2020-03-31,2020-Q1,0.127618
GR,ROE,2020-06-30,2020-Q2,0.091059
GR,ROE,2020-09-30,2020-Q3,0.092041
GR,ROE,2020-12-31,2020-Q4,0.083986
GR,ROE,2021-03-31,2021-Q1,0.097086
GR,ROE,2021-06-30,2021-Q2,0.113811
GR,ROE,2021-09-30,2021-Q3,0.118877
GR,ROE,2021-12-31,2021-Q4,0.081385
GR,ROE,2022-03-31,2022-Q1,0.121164
GR,ROE,2022-06-30,2022-Q2,0.081802
GR,ROE,2022-09-30,2022-Q3,0.095911
GR,ROE,2022-12-31,2022-Q4,0.117448
GR,ROE,2023-03-31,2023-Q1,0.103983
GR,ROE,2023-06-30,2023-Q2,0.105969
GR,ROE,2023-09-30,2023-Q3,0.122632
GR,ROE,2023-12-31,2023-Q4,0.104464
GR,ROE,2024-03-31,2024-Q1,0.120392
GR,ROE,2024-06-30,2024-Q2,0.111373
GR,ROE,2024-09-30,2024-Q3,0.07533
GR,ROE,2024-12-31,2024-Q4,0.119061
HR,ROE,2018-03-31,2018-Q1,0.064221
HR,ROE,2018-06-30,2018-Q2,0.086676
HR,ROE,2018-09-30,2018-Q3,0.058205
HR,ROE,2018-12-31,2018-Q4,0.073972
HR,ROE,2019-03-31,2019-Q1,0.087812
HR,ROE,2019-06-30,2019-Q2,0.073688
HR,ROE,2019-09-30,2019-Q3,0.040179
HR,ROE,2019-12-31,2019-Q4,0.072152
HR,ROE,2020-03-31,2020-Q1,0.055882
HR,ROE,2020-06-30,2020-Q2,0.042378
HR,ROE,2020-09-30,2020-Q3,0.088788
HR,ROE,2020-12-31,2020-Q4,0.092761
HR,ROE,2021-03-31,2021-Q1,0.042998
HR,ROE,2021-06-30,2021-Q2,0.059153
HR,ROE,2021-09-30,2021-Q3,0.046898
HR,ROE,2021-12-31,2021-Q4,0.069052
HR,ROE,2022-03-31,2022-Q1,0.037602
HR,ROE,2022-06-30,2022-Q2,0.073372
HR,ROE,2022-09-30,2022-Q3,0.066952
HR,ROE,2022-12-31,2022-Q4,0.049455
HR,ROE,2023-03-31,2023-Q1,0.070335
HR,ROE,2023-06-30,2023-Q2,0.075585
HR,ROE,2023-09-30,2023-Q3,0.036689
HR,ROE,2023-12-31,2023-Q4,0.063722
HR,ROE,2024-03-31,2024-Q1,0.041849
HR,ROE,2024-06-30,2024-Q2,0.037094
HR,ROE,2024-09-30,2024-Q3,0.069665
HR,ROE,2024-12-31,2024-Q4,0.074388
HU,ROE,2018-03-31,2018-Q1,0.097473
HU,ROE,2018-06-30,2018-Q2,0.078507
HU,ROE,2018-09-30,2018-Q3,0.089061
HU,ROE,2018-12-31,2018-Q4,0.109957
HU,ROE,2019-03-31,2019-Q1,0.086626
HU,ROE,2019-06-30,2019-Q2,0.082338
HU,ROE,2019-09-30,2019-Q3,0.100693
HU,ROE,2019-12-31,2019-Q4,0.078346
HU,ROE,2020-03-31,2020-Q1,0.09269
HU,ROE,2020-06-30,2020-Q2,0.112955
HU,ROE,2020-09-30,2020-Q3,0.0871
HU,ROE,2020-12-31,2020-Q4,0.060315
HU,ROE,2021-03-31,2021-Q1,0.096216
HU,ROE,2021-06-30,2021-Q2,0.098766
HU,ROE,2021-09-30,2021-Q3,0.096954
HU,ROE,2021-12-31,2021-Q4,0.073403
HU,ROE,2022-03-31,2022-Q1,0.090755
HU,ROE,2022-06-30,2022-Q2,0.093826
HU,ROE,2022-09-30,2022-Q3,0.093077
HU,ROE,2022-12-31,2022-Q4,0.060032
HU,ROE,2023-03-31,2023-Q1,0.108177
HU,ROE,2023-06-30,2023-Q2,0.088865
HU,ROE,2023-09-30,2023-Q3,0.11721
HU,ROE,2023-12-31,2023-Q4,0.081
HU,ROE,2024-03-31,2024-Q1,0.09198
HU,ROE,2024-06-30,2024-Q2,0.083705
HU,ROE,2024-09-30,2024-Q3,0.074042
HU,ROE,2024-12-31,2024-Q4,0.070401
IE,ROE,2018-03-31,2018-Q1,0.109075
IE,ROE,2018-06-30,2018-Q2,0.093397
IE,ROE,2018-09-30,2018-Q3,0.089182
IE,ROE,2018-12-31,2018-Q4,0.107369
IE,ROE,2019-03-31,2019-Q1,0.085213
IE,ROE,2019-06-30,2019-Q2,0.129765
IE,ROE,2019-09-30,2019-Q3,0.109807
IE,ROE,2019-12-31,2019-Q4,0.110009
IE,ROE,2020-03-31,2020-Q1,0.12858
IE,ROE,2020-06-30,2020-Q2,0.09327
IE,ROE,2020-09-30,2020-Q3,0.105057
IE,ROE,2020-12-31,2020-Q4,0.125754
IE,ROE,2021-03-31,2021-Q1,0.127931
IE,ROE,2021-06-30,2021-Q2,0.100335
IE,ROE,2021-09-30,2021-Q3,0.093916
IE,ROE,2021-12-31,2021-Q4,0.081963
IE,ROE,2022-03-31,2022-Q1,0.072608
IE,ROE,2022-06-30,2022-Q2,0.092189
IE,ROE,2022-09-30,2022-Q3,0.072479
IE,ROE,2022-12-31,2022-Q4,0.131354
IE,ROE,2023-03-31,2023-Q1,0.121095
IE,ROE,2023-06-30,2023-Q2,0.075499
IE,ROE,2023-09-30,2023-Q3,0.090337
IE,ROE,2023-12-31,2023-Q4,0.094102
IE,ROE,2024-03-31,2024-Q1,0.106803
IE,ROE,2024-06-30,2024-Q2,0.077671
IE,ROE,2024-09-30,2024-Q3,0.110198
IE,ROE,2024-12-31,2024-Q4,0.096363
IT,ROE,2018-03-31,2018-Q1,0.106255
IT,ROE,2018-06-30,2018-Q2,0.072744
IT,ROE,2018-09-30,2018-Q3,0.086332
IT,ROE,2018-12-31,2018-Q4,0.115765
IT,ROE,2019-03-31,2019-Q1,0.095741
IT,ROE,2019-06-30,2019-Q2,0.095247
IT,ROE,2019-09-30,2019-Q3,0.101376
IT,ROE,2019-12-31,2019-Q4,0.100976
IT,ROE,2020-03-31,2020-Q1,0.083162
IT,ROE,2020-06-30,2020-Q2,0.076569
IT,ROE,2020-09-30,2020-Q3,0.104076
IT,ROE,2020-12-31,2020-Q4,0.094206
IT,ROE,2021-03-31,2021-Q1,0.097218
IT,ROE,2021-06-30,2021-Q2,0.095813
IT,ROE,2021-09-30,2021-Q3,0.076116
IT,ROE,2021-12-31,2021-Q4,0.076449
IT,ROE,2022-03-31,2022-Q1,0.082298
IT,ROE,2022-06-30,2022-Q2,0.120871
IT,ROE,2022-09-30,2022-Q3,0.072809
IT,ROE,2022-12-31,2022-Q4,0.10409
IT,ROE,2023-03-31,2023-Q1,0.124001
IT,ROE,2023-06-30,2023-Q2,0.105566
IT,ROE,2023-09-30,2023-Q3,0.090899
IT,ROE,2023-12-31,2023-Q4,0.122373
IT,ROE,2024-03-31,2024-Q1,0.087019
IT,ROE,2024-06-30,2024-Q2,0.083797
IT,ROE,2024-09-30,2024-Q3,0.088834
IT,ROE,2024-12-31,2024-Q4,0.100191
LT,ROE,2018-03-31,2018-Q1,0.091489
LT,ROE,2018-06-30,2018-Q2,0.068752
LT,ROE,2018-09-30,2018-Q3,0.086627
LT,ROE,2018-12-31,2018-Q4,0.109632
LT,ROE,2019-03-31,2019-Q1,0.067915
LT,ROE,2019-06-30,2019-Q2,0.095038
LT,ROE,2019-09-30,2019-Q3,0.109198
LT,ROE,2019-12-31,2019-Q4,0.085296
LT,ROE,2020-03-31,2020-Q1,0.092453
LT,ROE,2020-06-30,2020-Q2,0.124096
LT,ROE,2020-09-30,2020-Q3,0.07085
LT,ROE,2020-12-31,2020-Q4,0.089091
LT,ROE,2021-03-31,2021-Q1,0.122483
LT,ROE,2021-06-30,2021-Q2,0.074738
LT,ROE,2021-09-30,2021-Q3,0.068534
LT,ROE,2021-12-31,2021-Q4,0.091045
LT,ROE,2022-03-31,2022-Q1,0.092196
LT,ROE,2022-06-30,2022-Q2,0.078164
LT,ROE,2022-09-30,2022-Q3,0.086564
LT,ROE,2022-12-31,2022-Q4,0.126562
LT,ROE,2023-03-31,2023-Q1,0.116392
LT,ROE,2023-06-30,2023-Q2,0.091848
LT,ROE,2023-09-30,2023-Q3,0.107295
LT,ROE,2023-12-31,2023-Q4,0.108082
LT,ROE,2024-03-31,2024-Q1,0.09079
LT,ROE,2024-06-30,2024-Q2,0.067862
LT,ROE,2024-09-30,2024-Q3,0.078677
LT,ROE,2024-12-31,2024-Q4,0.096793
LU,ROE,2018-03-31,2018-Q1,0.084525
LU,ROE,2018-06-30,2018-Q2,0.059439
LU,ROE,2018-09-30,2018-Q3,0.075638
LU,ROE,2018-12-31,2018-Q4,0.03974
LU,ROE,2019-03-31,2019-Q1,0.059522
LU,ROE,2019-06-30,2019-Q2,0.075933
LU,ROE,2019-09-30,2019-Q3,0.06376
LU,ROE,2019-12-31,2019-Q4,0.056432
LU,ROE,2020-03-31,2020-Q1,0.061149
LU,ROE,2020-06-30,2020-Q2,0.094166
LU,ROE,2020-09-30,2020-Q3,0.060967
LU,ROE,2020-12-31,2020-Q4,0.074617
LU,ROE,2021-03-31,2021-Q1,0.055052
LU,ROE,2021-06-30,2021-Q2,0.086436
LU,ROE,2021-09-30,2021-Q3,0.062844
LU,ROE,2021-12-31,2021-Q4,0.041843
LU,ROE,2022-03-31,2022-Q1,0.056614
LU,ROE,2022-06-30,2022-Q2,0.045464
LU,ROE,2022-09-30,2022-Q3,0.076889
LU,ROE,2022-12-31,2022-Q4,0.091433
LU,ROE,2023-03-31,2023-Q1,0.078701
LU,ROE,2023-06-30,2023-Q2,0.093731
LU,ROE,2023-09-30,2023-Q3,0.075007
LU,ROE,2023-12-31,2023-Q4,0.09024
LU,ROE,2024-03-31,2024-Q1,0.037476
LU,ROE,2024-06-30,2024-Q2,0.080489
LU,ROE,2024-09-30,2024-Q3,0.048868
LU,ROE,2024-12-31,2024-Q4,0.094341
LV,ROE,2018-03-31,2018-Q1,0.107291
LV,ROE,2018-06-30,2018-Q2,0.104062
LV,ROE,2018-09-30,2018-Q3,0.092952
LV,ROE,2018-12-31,2018-Q4,0.113047
LV,ROE,2019-03-31,2019-Q1,0.087535
LV,ROE,2019-06-30,2019-Q2,0.085849
LV,ROE,2019-09-30,2019-Q3,0.108824
LV,ROE,2019-12-31,2019-Q4,0.074661
LV,ROE,2020-03-31,2020-Q1,0.120933
LV,ROE,2020-06-30,2020-Q2,0.102715
LV,ROE,2020-09-30,2020-Q3,0.110762
LV,ROE,2020-12-31,2020-Q4,0.069435
LV,ROE,2021-03-31,2021-Q1,0.119352
LV,ROE,2021-06-30,2021-Q2,0.086713
LV,ROE,2021-09-30,2021-Q3,0.118464
LV,ROE,2021-12-31,2021-Q4,0.063931
LV,ROE,2022-03-31,2022-Q1,0.061975
LV,ROE,2022-06-30,2022-Q2,0.10401
LV,ROE,2022-09-30,2022-Q3,0.102231
LV,ROE,2022-12-31,2022-Q4,0.107753
LV,ROE,2023-03-31,2023-Q1,0.111766
LV,ROE,2023-06-30,2023-Q2,0.069877
LV,ROE,2023-09-30,2023-Q3,0.075288
LV,ROE,2023-12-31,2023-Q4,0.082329
LV,ROE,2024-03-31,2024-Q1,0.064376
LV,ROE,2024-06-30,2024-Q2,0.102078
LV,ROE,2024-09-30,2024-Q3,0.113556
LV,ROE,2024-12-31,2024-Q4,0.071294
MT,ROE,2018-03-31,2018-Q1,0.073094
MT,ROE,2018-06-30,2018-Q2,0.091581
MT,ROE,2018-09-30,2018-Q3,0.115934
MT,ROE,2018-12-31,2018-Q4,0.090732
MT,ROE,2019-03-31,2019-Q1,0.107597
MT,ROE,2019-06-30,2019-Q2,0.082097
MT,ROE,2019-09-30,2019-Q3,0.088079
MT,ROE,2019-12-31,2019-Q4,0.110169
MT,ROE,2020-03-31,2020-Q1,0.080837
MT,ROE,2020-06-30,2020-Q2,0.072508
MT,ROE,2020-09-30,2020-Q3,0.118295
MT,ROE,2020-12-31,2020-Q4,0.09395
MT,ROE,2021-03-31,2021-Q1,0.110345
MT,ROE,2021-06-30,2021-Q2,0.097407
MT,ROE,2021-09-30,2021-Q3,0.106487
MT,ROE,2021-12-31,2021-Q4,0.083362
MT,ROE,2022-03-31,2022-Q1,0.074086
MT,ROE,2022-06-30,2022-Q2,0.097824
MT,ROE,2022-09-30,2022-Q3,0.074439
MT,ROE,2022-12-31,2022-Q4,0.086862
MT,ROE,2023-03-31,2023-Q1,0.063998
MT,ROE,2023-06-30,2023-Q2,0.071354
MT,ROE,2023-09-30,2023-Q3,0.088301
MT,ROE,2023-12-31,2023-Q4,0.091867
MT,ROE,2024-03-31,2024-Q1,0.076076
MT,ROE,2024-06-30,2024-Q2,0.078281
MT,ROE,2024-09-30,2024-Q3,0.083921
MT,ROE,2024-12-31,2024-Q4,0.095213
NL,ROE,2018-03-31,2018-Q1,0.073886
NL,ROE,2018-06-30,2018-Q2,0.09574
NL,ROE,2018-09-30,2018-Q3,0.073898
NL,ROE,2018-12-31,2018-Q4,0.116263
NL,ROE,2019-03-31,2019-Q1,0.095753
NL,ROE,2019-06-30,2019-Q2,0.119455
NL,ROE,2019-09-30,2019-Q3,0.118618
NL,ROE,2019-12-31,2019-Q4,0.091628
NL,ROE,2020-03-31,2020-Q1,0.119164
NL,ROE,2020-06-30,2020-Q2,0.130751
NL,ROE,2020-09-30,2020-Q3,0.090191
NL,ROE,2020-12-31,2020-Q4,0.080872
NL,ROE,2021-03-31,2021-Q1,0.073814
NL,ROE,2021-06-30,2021-Q2,0.126445
NL,ROE,2021-09-30,2021-Q3,0.131522
NL,ROE,2021-12-31,2021-Q4,0.087388
NL,ROE,2022-03-31,2022-Q1,0.119944
NL,ROE,2022-06-30,2022-Q2,0.078445
NL,ROE,2022-09-30,2022-Q3,0.125351
NL,ROE,2022-12-31,2022-Q4,0.101717
NL,ROE,2023-03-31,2023-Q1,0.110363
NL,ROE,2023-06-30,2023-Q2,0.075172
NL,ROE,2023-09-30,2023-Q3,0.119185
NL,ROE,2023-12-31,2023-Q4,0.127646
NL,ROE,2024-03-31,2024-Q1,0.121341
NL,ROE,2024-06-30,2024-Q2,0.08269
NL,ROE,2024-09-30,2024-Q3,0.095625
NL,ROE,2024-12-31,2024-Q4,0.10688
NO,ROE,2018-03-31,2018-Q1,0.084438
NO,ROE,2018-06-30,2018-Q2,0.067076
NO,ROE,2018-09-30,2018-Q3,0.062399
NO,ROE,2018-12-31,2018-Q4,0.044285
NO,ROE,2019-03-31,2019-Q1,0.059475
NO,ROE,2019-06-30,2019-Q2,0.054834
NO,ROE,2019-09-30,2019-Q3,0.084043
NO,ROE,2019-12-31,2019-Q4,0.076465
NO,ROE,2020-03-31,2020-Q1,0.080454
NO,ROE,2020-06-30,2020-Q2,0.098661
NO,ROE,2020-09-30,2020-Q3,0.045104
NO,ROE,2020-12-31,2020-Q4,0.048721
NO,ROE,2021-03-31,2021-Q1,0.098952
NO,ROE,2021-06-30,2021-Q2,0.078161
NO,ROE,2021-09-30,2021-Q3,0.091706
NO,ROE,2021-12-31,2021-Q4,0.101441
NO,ROE,2022-03-31,2022-Q1,0.0689
NO,ROE,2022-06-30,2022-Q2,0.094767
NO,ROE,2022-09-30,2022-Q3,0.075047
NO,ROE,2022-12-31,2022-Q4,0.059593
NO,ROE,2023-03-31,2023-Q1,0.069118
NO,ROE,2023-06-30,2023-Q2,0.078507
NO,ROE,2023-09-30,2023-Q3,0.054778
NO,ROE,2023-12-31,2023-Q4,0.064363
NO,ROE,2024-03-31,2024-Q1,0.091253
NO,ROE,2024-06-30,2024-Q2,0.096882
NO,ROE,2024-09-30,2024-Q3,0.045988
NO,ROE,2024-12-31,2024-Q4,0.046271
PL,ROE,2018-03-31,2018-Q1,0.104687
PL,ROE,2018-06-30,2018-Q2,0.101574
PL,ROE,2018-09-30,2018-Q3,0.089507
PL,ROE,2018-12-31,2018-Q4,0.103068
PL,ROE,2019-03-31,2019-Q1,0.104981
PL,ROE,2019-06-30,2019-Q2,0.080354
PL,ROE,2019-09-30,2019-Q3,0.100688
PL,ROE,2019-12-31,2019-Q4,0.091112
PL,ROE,2020-03-31,2020-Q1,0.070442
PL,ROE,2020-06-30,2020-Q2,0.105688
PL,ROE,2020-09-30,2020-Q3,0.097363
PL,ROE,2020-12-31,2020-Q4,0.061945
PL,ROE,2021-03-31,2021-Q1,0.098931
PL,ROE,2021-06-30,2021-Q2,0.082697
PL,ROE,2021-09-30,2021-Q3,0.105898
PL,ROE,2021-12-31,2021-Q4,0.105658
PL,ROE,2022-03-31,2022-Q1,0.066317
PL,ROE,2022-06-30,2022-Q2,0.072708
PL,ROE,2022-09-30,2022-Q3,0.085442
PL,ROE,2022-12-31,2022-Q4,0.092065
PL,ROE,2023-03-31,2023-Q1,0.05952
PL,ROE,2023-06-30,2023-Q2,0.056504
PL,ROE,2023-09-30,2023-Q3,0.06766
PL,ROE,2023-12-31,2023-Q4,0.093796
PL,ROE,2024-03-31,2024-Q1,0.109364
PL,ROE,2024-06-30,2024-Q2,0.076031
PL,ROE,2024-09-30,2024-Q3,0.090545
PL,ROE,2024-12-31,2024-Q4,0.109607
PT,ROE,2018-03-31,2018-Q1,0.070316
PT,ROE,2018-06-30,2018-Q2,0.11263
PT,ROE,2018-09-30,2018-Q3,0.095221
PT,ROE,2018-12-31,2018-Q4,0.082788
PT,ROE,2019-03-31,2019-Q1,0.071583
PT,ROE,2019-06-30,2019-Q2,0.091499
PT,ROE,2019-09-30,2019-Q3,0.12402
PT,ROE,2019-12-31,2019-Q4,0.082948
PT,ROE,2020-03-31,2020-Q1,0.08577
PT,ROE,2020-06-30,2020-Q2,0.08197
PT,ROE,2020-09-30,2020-Q3,0.092264
PT,ROE,2020-12-31,2020-Q4,0.125668
PT,ROE,2021-03-31,2021-Q1,0.126182
PT,ROE,2021-06-30,2021-Q2,0.086817
PT,ROE,2021-09-30,2021-Q3,0.070215
PT,ROE,2021-12-31,2021-Q4,0.080582
PT,ROE,2022-03-31,2022-Q1,0.106821
PT,ROE,2022-06-30,2022-Q2,0.074941
PT,ROE,2022-09-30,2022-Q3,0.097317
PT,ROE,2022-12-31,2022-Q4,0.126399
PT,ROE,2023-03-31,2023-Q1,0.100564
PT,ROE,2023-06-30,2023-Q2,0.119795
PT,ROE,2023-09-30,2023-Q3,0.126186
PT,ROE,2023-12-31,2023-Q4,0.120942
PT,ROE,2024-03-31,2024-Q1,0.119573
PT,ROE,2024-06-30,2024-Q2,0.086713
PT,ROE,2024-09-30,2024-Q3,0.092519
PT,ROE,2024-12-31,2024-Q4,0.113301
RO,ROE,2018-03-31,2018-Q1,0.117473
RO,ROE,2018-06-30,2018-Q2,0.085688
RO,ROE,2018-09-30,2018-Q3,0.083263
RO,ROE,2018-12-31,2018-Q4,0.072239
RO,ROE,2019-03-31,2019-Q1,0.124521
RO,ROE,2019-06-30,2019-Q2,0.117943
RO,ROE,2019-09-30,2019-Q3,0.099489
RO,ROE,2019-12-31,2019-Q4,0.094654
RO,ROE,2020-03-31,2020-Q1,0.086582
RO,ROE,2020-06-30,2020-Q2,0.10279
RO,ROE,2020-09-30,2020-Q3,0.112061
RO,ROE,2020-12-31,2020-Q4,0.084153
RO,ROE,2021-03-31,2021-Q1,0.085793
RO,ROE,2021-06-30,2021-Q2,0.071658
RO,ROE,2021-09-30,2021-Q3,0.119898
RO,ROE,2021-12-31,2021-Q4,0.081089
RO,ROE,2022-03-31,2022-Q1,0.093637
RO,ROE,2022-06-30,2022-Q2,0.120494
RO,ROE,2022-09-30,2022-Q3,0.123293
RO,ROE,2022-12-31,2022-Q4,0.111836
RO,ROE,2023-03-31,2023-Q1,0.127782
RO,ROE,2023-06-30,2023-Q2,0.122084
RO,ROE,2023-09-30,2023-Q3,0.110382
RO,ROE,2023-12-31,2023-Q4,0.082085
RO,ROE,2024-03-31,2024-Q1,0.073048
RO,ROE,2024-06-30,2024-Q2,0.09598
RO,ROE,2024-09-30,2024-Q3,0.075205
RO,ROE,2024-12-31,2024-Q4,0.123973
SE,ROE,2018-03-31,2018-Q1,0.067975
SE,ROE,2018-06-30,2018-Q2,0.062917
SE,ROE,2018-09-30,2018-Q3,0.098191
SE,ROE,2018-12-31,2018-Q4,0.074999
SE,ROE,2019-03-31,2019-Q1,0.092852
SE,ROE,2019-06-30,2019-Q2,0.073363
SE,ROE,2019-09-30,2019-Q3,0.083802
SE,ROE,2019-12-31,2019-Q4,0.106611
SE,ROE,2020-03-31,2020-Q1,0.088406
SE,ROE,2020-06-30,2020-Q2,0.073156
SE,ROE,2020-09-30,2020-Q3,0.051488
SE,ROE,2020-12-31,2020-Q4,0.064001
SE,ROE,2021-03-31,2021-Q1,0.060735
SE,ROE,2021-06-30,2021-Q2,0.097686
SE,ROE,2021-09-30,2021-Q3,0.103832
SE,ROE,2021-12-31,2021-Q4,0.09927
SE,ROE,2022-03-31,2022-Q1,0.060835
SE,ROE,2022-06-30,2022-Q2,0.098683
SE,ROE,2022-09-30,2022-Q3,0.105265
SE,ROE,2022-12-31,2022-Q4,0.048088
SE,ROE,2023-03-31,2023-Q1,0.07008
SE,ROE,2023-06-30,2023-Q2,0.102104
SE,ROE,2023-09-30,2023-Q3,0.065415
SE,ROE,2023-12-31,2023-Q4,0.093749
SE,ROE,2024-03-31,2024-Q1,0.103815
SE,ROE,2024-06-30,2024-Q2,0.062194
SE,ROE,2024-09-30,2024-Q3,0.06127
SE,ROE,2024-12-31,2024-Q4,0.061917
SI,ROE,2018-03-31,2018-Q1,0.053569
SI,ROE,2018-06-30,2018-Q2,0.083311
SI,ROE,2018-09-30,2018-Q3,0.084708
SI,ROE,2018-12-31,2018-Q4,0.071772
SI,ROE,2019-03-31,2019-Q1,0.078319
SI,ROE,2019-06-30,2019-Q2,0.060311
SI,ROE,2019-09-30,2019-Q3,0.058843
SI,ROE,2019-12-31,2019-Q4,0.09658
SI,ROE,2020-03-31,2020-Q1,0.108765
SI,ROE,2020-06-30,2020-Q2,0.058706
SI,ROE,2020-09-30,2020-Q3,0.066379
SI,ROE,2020-12-31,2020-Q4,0.08423
SI,ROE,2021-03-31,2021-Q1,0.099195
SI,ROE,2021-06-30,2021-Q2,0.069864
SI,ROE,2021-09-30,2021-Q3,0.105144
SI,ROE,2021-12-31,2021-Q4,0.083603
SI,ROE,2022-03-31,2022-Q1,0.0588
SI,ROE,2022-06-30,2022-Q2,0.083515
SI,ROE,2022-09-30,2022-Q3,0.098606
SI,ROE,2022-12-31,2022-Q4,0.104873
SI,ROE,2023-03-31,2023-Q1,0.063085
SI,ROE,2023-06-30,2023-Q2,0.062645
SI,ROE,2023-09-30,2023-Q3,0.053445
SI,ROE,2023-12-31,2023-Q4,0.065212
SI,ROE,2024-03-31,2024-Q1,0.089088
SI,ROE,2024-06-30,2024-Q2,0.10363
SI,ROE,2024-09-30,2024-Q3,0.072551
SI,ROE,2024-12-31,2024-Q4,0.098855
SK,ROE,2018-03-31,2018-Q1,0.049802
SK,ROE,2018-06-30,2018-Q2,0.099175
SK,ROE,2018-09-30,2018-Q3,0.084445
SK,ROE,2018-12-31,2018-Q4,0.064297
SK,ROE,2019-03-31,2019-Q1,0.086418
SK,ROE,2019-06-30,2019-Q2,0.076022
SK,ROE,2019-09-30,2019-Q3,0.099454
SK,ROE,2019-12-31,2019-Q4,0.069864
SK,ROE,2020-03-31,2020-Q1,0.066919
SK,ROE,2020-06-30,2020-Q2,0.083981
SK,ROE,2020-09-30,2020-Q3,0.075805
SK,ROE,2020-12-31,2020-Q4,0.080427
SK,ROE,2021-03-31,2021-Q1,0.100301
SK,ROE,2021-06-30,2021-Q2,0.06463
SK,ROE,2021-09-30,2021-Q3,0.083026
SK,ROE,2021-12-31,2021-Q4,0.083066
SK,ROE,2022-03-31,2022-Q1,0.059414
SK,ROE,2022-06-30,2022-Q2,0.093194
SK,ROE,2022-09-30,2022-Q3,0.109049
SK,ROE,2022-12-31,2022-Q4,0.083505
SK,ROE,2023-03-31,2023-Q1,0.079067
SK,ROE,2023-06-30,2023-Q2,0.099258
SK,ROE,2023-09-30,2023-Q3,0.058196
SK,ROE,2023-12-31,2023-Q4,0.083825
SK,ROE,2024-03-31,2024-Q1,0.085713
SK,ROE,2024-06-30,2024-Q2,0.088125
SK,ROE,2024-09-30,2024-Q3,0.104085
SK,ROE,2024-12-31,2024-Q4,0.092442
AT,TIER1_FL,2018-03-31,2018-Q1,0.20684
AT,TIER1_FL,2018-06-30,2018-Q2,0.187993
AT,TIER1_FL,2018-09-30,2018-Q3,0.180204
AT,TIER1_FL,2018-12-31,2018-Q4,0.15872
AT,TIER1_FL,2019-03-31,2019-Q1,0.182064
AT,TIER1_FL,2019-06-30,2019-Q2,0.170551
AT,TIER1_FL,2019-09-30,2019-Q3,0.172904
AT,TIER1_FL,2019-12-31,2019-Q4,0.19729
AT,TIER1_FL,2020-03-31,2020-Q1,0.188106
AT,TIER1_FL,2020-06-30,2020-Q2,0.207192
AT,TIER1_FL,2020-09-30,2020-Q3,0.17246
AT,TIER1_FL,2020-12-31,2020-Q4,0.185763
AT,TIER1_FL,2021-03-31,2021-Q1,0.153872
AT,TIER1_FL,2021-06-30,2021-Q2,0.181255
AT,TIER1_FL,2021-09-30,2021-Q3,0.182663
AT,TIER1_FL,2021-12-31,2021-Q4,0.198592
AT,TIER1_FL,2022-03-31,2022-Q1,0.15917
AT,TIER1_FL,2022-06-30,2022-Q2,0.15881
AT,TIER1_FL,2022-09-30,2022-Q3,0.1915
AT,TIER1_FL,2022-12-31,2022-Q4,0.178579
AT,TIER1_FL,2023-03-31,2023-Q1,0.178201
AT,TIER1_FL,2023-06-30,2023-Q2,0.172406
AT,TIER1_FL,2023-09-30,2023-Q3,0.168168
AT,TIER1_FL,2023-12-31,2023-Q4,0.199075
AT,TIER1_FL,2024-03-31,2024-Q1,0.183962
AT,TIER1_FL,2024-06-30,2024-Q2,0.151319
AT,TIER1_FL,2024-09-30,2024-Q3,0.167266
AT,TIER1_FL,2024-12-31,2024-Q4,0.165324
BE,TIER1_FL,2018-03-31,2018-Q1,0.1876
BE,TIER1_FL,2018-06-30,2018-Q2,0.169548
BE,TIER1_FL,2018-09-30,2018-Q3,0.187211
BE,TIER1_FL,2018-12-31,2018-Q4,0.182534
BE,TIER1_FL,2019-03-31,2019-Q1,0.169747
BE,TIER1_FL,2019-06-30,2019-Q2,0.171354
BE,TIER1_FL,2019-09-30,2019-Q3,0.186904
BE,TIER1_FL,2019-12-31,2019-Q4,0.148405
BE,TIER1_FL,2020-03-31,2020-Q1,0.154909
BE,TIER1_FL,2020-06-30,2020-Q2,0.149682
BE,TIER1_FL,2020-09-30,2020-Q3,0.189027
BE,TIER1_FL,2020-12-31,2020-Q4,0.160288
BE,TIER1_FL,2021-03-31,2021-Q1,0.191866
BE,TIER1_FL,2021-06-30,2021-Q2,0.178934
BE,TIER1_FL,2021-09-30,2021-Q3,0.169282
BE,TIER1_FL,2021-12-31,2021-Q4,0.156599
BE,TIER1_FL,2022-03-31,2022-Q1,0.152886
BE,TIER1_FL,2022-06-30,2022-Q2,0.185988
BE,TIER1_FL,2022-09-30,2022-Q3,0.182611
BE,TIER1_FL,2022-12-31,2022-Q4,0.18729
BE,TIER1_FL,2023-03-31,2023-Q1,0.171309
BE,TIER1_FL,2023-06-30,2023-Q2,0.175527
BE,TIER1_FL,2023-09-30,2023-Q3,0.169059
BE,TIER1_FL,2023-12-31,2023-Q4,0.143908
BE,TIER1_FL,2024-03-31,2024-Q1,0.173546
BE,TIER1_FL,2024-06-30,2024-Q2,0.146527
BE,TIER1_FL,2024-09-30,2024-Q3,0.184221
BE,TIER1_FL,2024-12-31,2024-Q4,0.153605
CY,TIER1_FL,2018-03-31,2018-Q1,0.137633
CY,TIER1_FL,2018-06-30,2018-Q2,0.142367
CY,TIER1_FL,2018-09-30,2018-Q3,0.138622
CY,TIER1_FL,2018-12-31,2018-Q4,0.181926
CY,TIER1_FL,2019-03-31,2019-Q1,0.180312
CY,TIER1_FL,2019-06-30,2019-Q2,0.153696
CY,TIER1_FL,2019-09-30,2019-Q3,0.14146
CY,TIER1_FL,2019-12-31,2019-Q4,0.161133
CY,TIER1_FL,2020-03-31,2020-Q1,0.134866
CY,TIER1_FL,2020-06-30,2020-Q2,0.17965
CY,TIER1_FL,2020-09-30,2020-Q3,0.168423
CY,TIER1_FL,2020-12-31,2020-Q4,0.174133
CY,TIER1_FL,2021-03-31,2021-Q1,0.174017
CY,TIER1_FL,2021-06-30,2021-Q2,0.177849
CY,TIER1_FL,2021-09-30,2021-Q3,0.16049
CY,TIER1_FL,2021-12-31,2021-Q4,0.177513
CY,TIER1_FL,2022-03-31,2022-Q1,0.144887
CY,TIER1_FL,2022-06-30,2022-Q2,0.16332
CY,TIER1_FL,2022-09-30,2022-Q3,0.174105
CY,TIER1_FL,2022-12-31,2022-Q4,0.173342
CY,TIER1_FL,2023-03-31,2023-Q1,0.181638
CY,TIER1_FL,2023-06-30,2023-Q2,0.164335
CY,TIER1_FL,2023-09-30,2023-Q3,0.173183
CY,TIER1_FL,2023-12-31,2023-Q4,0.179913
CY,TIER1_FL,2024-03-31,2024-Q1,0.130609
CY,TIER1_FL,2024-06-30,2024-Q2,0.169671
CY,TIER1_FL,2024-09-30,2024-Q3,0.135943
CY,TIER1_FL,2024-12-31,2024-Q4,0.170434
DE,TIER1_FL,2018-03-31,2018-Q1,0.182848
DE,TIER1_FL,2018-06-30,2018-Q2,0.158849
DE,TIER1_FL,2018-09-30,2018-Q3,0.156556
DE,TIER1_FL,2018-12-31,2018-Q4,0.166293
DE,TIER1_FL,2019-03-31,2019-Q1,0.188492
DE,TIER1_FL,2019-06-30,2019-Q2,0.152287
DE,TIER1_FL,2019-09-30,2019-Q3,0.16095
DE,TIER1_FL,2019-12-31,2019-Q4,0.156941
DE,TIER1_FL,2020-03-31,2020-Q1,0.203753
DE,TIER1_FL,2020-06-30,2020-Q2,0.161909
DE,TIER1_FL,2020-09-30,2020-Q3,0.19654
DE,TIER1_FL,2020-12-31,2020-Q4,0.164954
DE,TIER1_FL,2021-03-31,2021-Q1,0.175626
DE,TIER1_FL,2021-06-30,2021-Q2,0.180473
DE,TIER1_FL,2021-09-30,2021-Q3,0.152509
DE,TIER1_FL,2021-12-31,2021-Q4,0.180461
DE,TIER1_FL,2022-03-31,2022-Q1,0.154041
DE,TIER1_FL,2022-06-30,2022-Q2,0.198768
DE,TIER1_FL,2022-09-30,2022-Q3,0.163473
DE,TIER1_FL,2022-12-31,2022-Q4,0.171654
DE,TIER1_FL,2023-03-31,2023-Q1,0.208724
DE,TIER1_FL,2023-06-30,2023-Q2,0.208433
DE,TIER1_FL,2023-09-30,2023-Q3,0.186414
DE,TIER1_FL,2023-12-31,2023-Q4,0.178428
DE,TIER1_FL,2024-03-31,2024-Q1,0.188729
DE,TIER1_FL,2024-06-30,2024-Q2,0.189311
DE,TIER1_FL,2024-09-30,2024-Q3,0.160712
DE,TIER1_FL,2024-12-31,2024-Q4,0.149541
DK,TIER1_FL,2018-03-31,2018-Q1,0.193317
DK,TIER1_FL,2018-06-30,2018-Q2,0.163426
DK,TIER1_FL,2018-09-30,2018-Q3,0.161206
DK,TIER1_FL,2018-12-31,2018-Q4,0.174585
DK,TIER1_FL,2019-03-31,2019-Q1,0.202006
DK,TIER1_FL,2019-06-30,2019-Q2,0.182038
DK,TIER1_FL,2019-09-30,2019-Q3,0.190878
DK,TIER1_FL,2019-12-31,2019-Q4,0.185883
DK,TIER1_FL,2020-03-31,2020-Q1,0.206175
DK,TIER1_FL,2020-06-30,2020-Q2,0.204551
DK,TIER1_FL,2020-09-30,2020-Q3,0.197705
DK,TIER1_FL,2020-12-31,2020-Q4,0.211871
DK,TIER1_FL,2021-03-31,2021-Q1,0.169715
DK,TIER1_FL,2021-06-30,2021-Q2,0.168025
DK,TIER1_FL,2021-09-30,2021-Q3,0.211788
DK,TIER1_FL,2021-12-31,2021-Q4,0.188128
DK,TIER1_FL,2022-03-31,2022-Q1,0.199551
DK,TIER1_FL,2022-06-30,2022-Q2,0.164265
DK,TIER1_FL,2022-09-30,2022-Q3,0.218679
DK,TIER1_FL,2022-12-31,2022-Q4,0.201292
DK,TIER1_FL,2023-03-31,2023-Q1,0.174089
DK,TIER1_FL,2023-06-30,2023-Q2,0.162412
DK,TIER1_FL,2023-09-30,2023-Q3,0.204946
DK,TIER1_FL,2023-12-31,2023-Q4,0.172351
DK,TIER1_FL,2024-03-31,2024-Q1,0.195664
DK,TIER1_FL,2024-06-30,2024-Q2,0.186404
DK,TIER1_FL,2024-09-30,2024-Q3,0.172347
DK,TIER1_FL,2024-12-31,2024-Q4,0.17254
ES,TIER1_FL,2018-03-31,2018-Q1,0.155747
ES,TIER1_FL,2018-06-30,2018-Q2,0.183274
ES,TIER1_FL,2018-09-30,2018-Q3,0.210208
ES,TIER1_FL,2018-12-31,2018-Q4,0.201174
ES,TIER1_FL,2019-03-31,2019-Q1,0.189301
ES,TIER1_FL,2019-06-30,2019-Q2,0.194699
ES,TIER1_FL,2019-09-30,2019-Q3,0.164046
ES,TIER1_FL,2019-12-31,2019-Q4,0.194427
ES,TIER1_FL,2020-03-31,2020-Q1,0.208691
ES,TIER1_FL,2020-06-30,2020-Q2,0.187777
ES,TIER1_FL,2020-09-30,2020-Q3,0.179197
ES,TIER1_FL,2020-12-31,2020-Q4,0.158553
ES,TIER1_FL,2021-03-31,2021-Q1,0.175806
ES,TIER1_FL,2021-06-30,2021-Q2,0.168111
ES,TIER1_FL,2021-09-30,2021-Q3,0.173047
ES,TIER1_FL,2021-12-31,2021-Q4,0.196942
ES,TIER1_FL,2022-03-31,2022-Q1,0.154691
ES,TIER1_FL,2022-06-30,2022-Q2,0.17726
ES,TIER1_FL,2022-09-30,2022-Q3,0.190055
ES,TIER1_FL,2022-12-31,2022-Q4,0.172291
ES,TIER1_FL,2023-03-31,2023-Q1,0.197786
ES,TIER1_FL,2023-06-30,2023-Q2,0.166973
ES,TIER1_FL,2023-09-30,2023-Q3,0.203839
ES,TIER1_FL,2023-12-31,2023-Q4,0.176442
ES,TIER1_FL,2024-03-31,2024-Q1,0.157561
ES,TIER1_FL,2024-06-30,2024-Q2,0.210458
ES,TIER1_FL,2024-09-30,2024-Q3,0.174393
ES,TIER1_FL,2024-12-31,2024-Q4,0.169472
EU,TIER1_FL,2018-03-31,2018-Q1,0.19967
EU,TIER1_FL,2018-06-30,2018-Q2,0.19078
EU,TIER1_FL,2018-09-30,2018-Q3,0.177778
EU,TIER1_FL,2018-12-31,2018-Q4,0.189489
EU,TIER1_FL,2019-03-31,2019-Q1,0.197134
EU,TIER1_FL,2019-06-30,2019-Q2,0.147081
EU,TIER1_FL,2019-09-30,2019-Q3,0.15608
EU,TIER1_FL,2019-12-31,2019-Q4,0.157832
EU,TIER1_FL,2020-03-31,2020-Q1,0.196127
EU,TIER1_FL,2020-06-30,2020-Q2,0.171887
EU,TIER1_FL,2020-09-30,2020-Q3,0.178362
EU,TIER1_FL,2020-12-31,2020-Q4,0.170099
EU,TIER1_FL,2021-03-31,2021-Q1,0.159103
EU,TIER1_FL,2021-06-30,2021-Q2,0.144478
EU,TIER1_FL,2021-09-30,2021-Q3,0.166103
EU,TIER1_FL,2021-12-31,2021-Q4,0.20084
EU,TIER1_FL,2022-03-31,2022-Q1,0.173262
EU,TIER1_FL,2022-06-30,2022-Q2,0.195148
EU,TIER1_FL,2022-09-30,2022-Q3,0.153096
EU,TIER1_FL,2022-12-31,2022-Q4,0.154153
EU,TIER1_FL,2023-03-31,2023-Q1,0.170674
EU,TIER1_FL,2023-06-30,2023-Q2,0.182069
EU,TIER1_FL,2023-09-30,2023-Q3,0.159503
EU,TIER1_FL,2023-12-31,2023-Q4,0.16176
EU,TIER1_FL,2024-03-31,2024-Q1,0.143917
EU,TIER1_FL,2024-06-30,2024-Q2,0.187488
EU,TIER1_FL,2024-09-30,2024-Q3,0.169241
EU,TIER1_FL,2024-12-31,2024-Q4,0.188521
FI,TIER1_FL,2018-03-31,2018-Q1,0.197123
FI,TIER1_FL,2018-06-30,2018-Q2,0.211105
FI,TIER1_FL,2018-09-30,2018-Q3,0.196537
FI,TIER1_FL,2018-12-31,2018-Q4,0.1917
FI,TIER1_FL,2019-03-31,2019-Q1,0.202403
FI,TIER1_FL,2019-06-30,2019-Q2,0.163293
FI,TIER1_FL,2019-09-30,2019-Q3,0.182156
FI,TIER1_FL,2019-12-31,2019-Q4,0.177895
FI,TIER1_FL,2020-03-31,2020-Q1,0.213443
FI,TIER1_FL,2020-06-30,2020-Q2,0.200368
FI,TIER1_FL,2020-09-30,2020-Q3,0.169855
FI,TIER1_FL,2020-12-31,2020-Q4,0.179436
FI,TIER1_FL,2021-03-31,2021-Q1,0.195566
FI,TIER1_FL,2021-06-30,2021-Q2,0.205705
FI,TIER1_FL,2021-09-30,2021-Q3,0.170257
FI,TIER1_FL,2021-12-31,2021-Q4,0.190708
FI,TIER1_FL,2022-03-31,2022-Q1,0.176023
FI,TIER1_FL,2022-06-30,2022-Q2,0.159221
FI,TIER1_FL,2022-09-30,2022-Q3,0.21287
FI,TIER1_FL,2022-12-31,2022-Q4,0.200497
FI,TIER1_FL,2023-03-31,2023-Q1,0.167335
FI,TIER1_FL,2023-06-30,2023-Q2,0.160699
FI,TIER1_FL,2023-09-30,2023-Q3,0.176328
FI,TIER1_FL,2023-12-31,2023-Q4,0.166193
FI,TIER1_FL,2024-03-31,2024-Q1,0.188557
FI,TIER1_FL,2024-06-30,2024-Q2,0.161745
FI,TIER1_FL,2024-09-30,2024-Q3,0.18196
FI,TIER1_FL,2024-12-31,2024-Q4,0.199894
FR,TIER1_FL,2018-03-31,2018-Q1,0.137813
FR,TIER1_FL,2018-06-30,2018-Q2,0.151102
FR,TIER1_FL,2018-09-30,2018-Q3,0.146715
FR,TIER1_FL,2018-12-31,2018-Q4,0.176064
FR,TIER1_FL,2019-03-31,2019-Q1,0.176463
FR,TIER1_FL,2019-06-30,2019-Q2,0.168337
FR,TIER1_FL,2019-09-30,2019-Q3,0.140106
FR,TIER1_FL,2019-12-31,2019-Q4,0.160541
FR,TIER1_FL,2020-03-31,2020-Q1,0.178247
FR,TIER1_FL,2020-06-30,2020-Q2,0.184582
FR,TIER1_FL,2020-09-30,2020-Q3,0.185868
FR,TIER1_FL,2020-12-31,2020-Q4,0.144532
FR,TIER1_FL,2021-03-31,2021-Q1,0.168822
FR,TIER1_FL,2021-06-30,2021-Q2,0.176499
FR,TIER1_FL,2021-09-30,2021-Q3,0.150378
FR,TIER1_FL,2021-12-31,2021-Q4,0.141144
FR,TIER1_FL,2022-03-31,2022-Q1,0.163736
FR,TIER1_FL,2022-06-30,2022-Q2,0.183895
FR,TIER1_FL,2022-09-30,2022-Q3,0.185574
FR,TIER1_FL,2022-12-31,2022-Q4,0.17498
FR,TIER1_FL,2023-03-31,2023-Q1,0.141973
FR,TIER1_FL,2023-06-30,2023-Q2,0.175652
FR,TIER1_FL,2023-09-30,2023-Q3,0.165863
FR,TIER1_FL,2023-12-31,2023-Q4,0.175892
FR,TIER1_FL,2024-03-31,2024-Q1,0.176502
FR,TIER1_FL,2024-06-30,2024-Q2,0.163385
FR,TIER1_FL,2024-09-30,2024-Q3,0.185227
FR,TIER1_FL,2024-12-31,2024-Q4,0.142525
GR,TIER1_FL,2018-03-31,2018-Q1,0.206206
GR,TIER1_FL,2018-06-30,2018-Q2,0.214756
GR,TIER1_FL,2018-09-30,2018-Q3,0.178295
GR,TIER1_FL,2018-12-31,2018-Q4,0.181228
GR,TIER1_FL,2019-03-31,2019-Q1,0.170628
GR,TIER1_FL,2019-06-30,2019-Q2,0.205241
GR,TIER1_FL,2019-09-30,2019-Q3,0.182107
GR,TIER1_FL,2019-12-31,2019-Q4,0.191566
GR,TIER1_FL,2020-03-31,2020-Q1,0.159987
GR,TIER1_FL,2020-06-30,2020-Q2,0.199317
GR,TIER1_FL,2020-09-30,2020-Q3,0.204881
GR,TIER1_FL,2020-12-31,2020-Q4,0.168554
GR,TIER1_FL,2021-03-31,2021-Q1,0.197851
GR,TIER1_FL,2021-06-30,2021-Q2,0.19073
GR,TIER1_FL,2021-09-30,2021-Q3,0.193418
GR,TIER1_FL,2021-12-31,2021-Q4,0.18476
GR,TIER1_FL,2022-03-31,2022-Q1,0.213689
GR,TIER1_FL,2022-06-30,2022-Q2,0.182153
GR,TIER1_FL,2022-09-30,2022-Q3,0.218056
GR,TIER1_FL,2022-12-31,2022-Q4,0.196242
GR,TIER1_FL,2023-03-31,2023-Q1,0.181987
GR,TIER1_FL,2023-06-30,2023-Q2,0.165961
GR,TIER1_FL,2023-09-30,2023-Q3,0.174634
GR,TIER1_FL,2023-12-31,2023-Q4,0.210072
GR,TIER1_FL,2024-03-31,2024-Q1,0.158816
GR,TIER1_FL,2024-06-30,2024-Q2,0.186895
GR,TIER1_FL,2024-09-30,2024-Q3,0.186069
GR,TIER1_FL,2024-12-31,2024-Q4,0.169235
HR,TIER1_FL,2018-03-31,2018-Q1,0.136501
HR,TIER1_FL,2018-06-30,2018-Q2,0.181194
HR,TIER1_FL,2018-09-30,2018-Q3,0.144564
HR,TIER1_FL,2018-12-31,2018-Q4,0.177524
HR,TIER1_FL,2019-03-31,2019-Q1,0.179937
HR,TIER1_FL,2019-06-30,2019-Q2,0.164473
HR,TIER1_FL,2019-09-30,2019-Q3,0.152432
HR,TIER1_FL,2019-12-31,2019-Q4,0.156968
HR,TIER1_FL,2020-03-31,2020-Q1,0.126627
HR,TIER1_FL,2020-06-30,2020-Q2,0.149263
HR,TIER1_FL,2020-09-30,2020-Q3,0.136934
HR,TIER1_FL,2020-12-31,2020-Q4,0.12805
HR,TIER1_FL,2021-03-31,2021-Q1,0.13512
HR,TIER1_FL,2021-06-30,2021-Q2,0.136626
HR,TIER1_FL,2021-09-30,2021-Q3,0.177218
HR,TIER1_FL,2021-12-31,2021-Q4,0.155969
HR,TIER1_FL,2022-03-31,2022-Q1,0.132777
HR,TIER1_FL,2022-06-30,2022-Q2,0.133611
HR,TIER1_FL,2022-09-30,2022-Q3,0.151989
HR,TIER1_FL,2022-12-31,2022-Q4,0.172796
HR,TIER1_FL,2023-03-31,2023-Q1,0.176607
HR,TIER1_FL,2023-06-30,2023-Q2,0.13558
HR,TIER1_FL,2023-09-30,2023-Q3,0.134463
HR,TIER1_FL,2023-12-31,2023-Q4,0.182301
HR,TIER1_FL,2024-03-31,2024-Q1,0.149887
HR,TIER1_FL,2024-06-30,2024-Q2,0.13568
HR,TIER1_FL,2024-09-30,2024-Q3,0.146511
HR,TIER1_FL,2024-12-31,2024-Q4,0.133293
HU,TIER1_FL,2018-03-31,2018-Q1,0.178116
HU,TIER1_FL,2018-06-30,2018-Q2,0.162549
HU,TIER1_FL,2018-09-30,2018-Q3,0.166344
HU,TIER1_FL,2018-12-31,2018-Q4,0.199852
HU,TIER1_FL,2019-03-31,2019-Q1,0.201175
HU,TIER1_FL,2019-06-30,2019-Q2,0.164569
HU,TIER1_FL,2019-09-30,2019-Q3,0.207048
HU,TIER1_FL,2019-12-31,2019-Q4,0.196563
HU,TIER1_FL,2020-03-31,2020-Q1,0.187381
HU,TIER1_FL,2020-06-30,2020-Q2,0.179029
HU,TIER1_FL,2020-09-30,2020-Q3,0.198023
HU,TIER1_FL,2020-12-31,2020-Q4,0.177241
HU,TIER1_FL,2021-03-31,2021-Q1,0.172466
HU,TIER1_FL,2021-06-30,2021-Q2,0.186591
HU,TIER1_FL,2021-09-30,2021-Q3,0.19038
HU,TIER1_FL,2021-12-31,2021-Q4,0.189718
HU,TIER1_FL,2022-03-31,2022-Q1,0.20762
HU,TIER1_FL,2022-06-30,2022-Q2,0.194071
HU,TIER1_FL,2022-09-30,2022-Q3,0.193477
HU,TIER1_FL,2022-12-31,2022-Q4,0.192208
HU,TIER1_FL,2023-03-31,2023-Q1,0.154438
HU,TIER1_FL,2023-06-30,2023-Q2,0.193455
HU,TIER1_FL,2023-09-30,2023-Q3,0.166086
HU,TIER1_FL,2023-12-31,2023-Q4,0.17939
HU,TIER1_FL,2024-03-31,2024-Q1,0.196501
HU,TIER1_FL,2024-06-30,2024-Q2,0.209504
HU,TIER1_FL,2024-09-30,2024-Q3,0.160056
HU,TIER1_FL,2024-12-31,2024-Q4,0.205028
IE,TIER1_FL,2018-03-31,2018-Q1,0.206748
IE,TIER1_FL,2018-06-30,2018-Q2,0.215022
IE,TIER1_FL,2018-09-30,2018-Q3,0.216001
IE,TIER1_FL,2018-12-31,2018-Q4,0.219664
IE,TIER1_FL,2019-03-31,2019-Q1,0.167245
IE,TIER1_FL,2019-06-30,2019-Q2,0.206682
IE,TIER1_FL,2019-09-30,2019-Q3,0.164016
IE,TIER1_FL,2019-12-31,2019-Q4,0.195303
IE,TIER1_FL,2020-03-31,2020-Q1,0.178519
IE,TIER1_FL,2020-06-30,2020-Q2,0.183353
IE,TIER1_FL,2020-09-30,2020-Q3,0.200095
IE,TIER1_FL,2020-12-31,2020-Q4,0.21288
IE,TIER1_FL,2021-03-31,2021-Q1,0.194603
IE,TIER1_FL,2021-06-30,2021-Q2,0.187779
IE,TIER1_FL,2021-09-30,2021-Q3,0.198452
IE,TIER1_FL,2021-12-31,2021-Q4,0.191112
IE,TIER1_FL,2022-03-31,2022-Q1,0.175033
IE,TIER1_FL,2022-06-30,2022-Q2,0.198441
IE,TIER1_FL,2022-09-30,2022-Q3,0.221114
IE,TIER1_FL,2022-12-31,2022-Q4,0.181392
IE,TIER1_FL,2023-03-31,2023-Q1,0.168955
IE,TIER1_FL,2023-06-30,2023-Q2,0.174248
IE,TIER1_FL,2023-09-30,2023-Q3,0.21631
IE,TIER1_FL,2023-12-31,2023-Q4,0.176549
IE,TIER1_FL,2024-03-31,2024-Q1,0.166195
IE,TIER1_FL,2024-06-30,2024-Q2,0.163466
IE,TIER1_FL,2024-09-30,2024-Q3,0.193806
IE,TIER1_FL,2024-12-31,2024-Q4,0.196216
IT,TIER1_FL,2018-03-31,2018-Q1,0.185627
IT,TIER1_FL,2018-06-30,2018-Q2,0.220324
IT,TIER1_FL,2018-09-30,2018-Q3,0.219592
IT,TIER1_FL,2018-12-31,2018-Q4,0.187182
IT,TIER1_FL,2019-03-31,2019-Q1,0.203494
IT,TIER1_FL,2019-06-30,2019-Q2,0.16888
IT,TIER1_FL,2019-09-30,2019-Q3,0.184509
IT,TIER1_FL,2019-12-31,2019-Q4,0.198635
IT,TIER1_FL,2020-03-31,2020-Q1,0.180879
IT,TIER1_FL,2020-06-30,2020-Q2,0.175398
IT,TIER1_FL,2020-09-30,2020-Q3,0.186785
IT,TIER1_FL,2020-12-31,2020-Q4,0.204321
IT,TIER1_FL,2021-03-31,2021-Q1,0.180982
IT,TIER1_FL,2021-06-30,2021-Q2,0.191229
IT,TIER1_FL,2021-09-30,2021-Q3,0.165533
IT,TIER1_FL,2021-12-31,2021-Q4,0.207874
IT,TIER1_FL,2022-03-31,2022-Q1,0.211541
IT,TIER1_FL,2022-06-30,2022-Q2,0.213382
IT,TIER1_FL,2022-09-30,2022-Q3,0.189761
IT,TIER1_FL,2022-12-31,2022-Q4,0.180091
IT,TIER1_FL,2023-03-31,2023-Q1,0.205442
IT,TIER1_FL,2023-06-30,2023-Q2,0.183107
IT,TIER1_FL,2023-09-30,2023-Q3,0.165941
IT,TIER1_FL,2023-12-31,2023-Q4,0.20318
IT,TIER1_FL,2024-03-31,2024-Q1,0.209248
IT,TIER1_FL,2024-06-30,2024-Q2,0.211925
IT,TIER1_FL,2024-09-30,2024-Q3,0.203329
IT,TIER1_FL,2024-12-31,2024-Q4,0.210126
LT,TIER1_FL,2018-03-31,2018-Q1,0.196175
LT,TIER1_FL,2018-06-30,2018-Q2,0.161749
LT,TIER1_FL,2018-09-30,2018-Q3,0.174245
LT,TIER1_FL,2018-12-31,2018-Q4,0.182086
LT,TIER1_FL,2019-03-31,2019-Q1,0.198898
LT,TIER1_FL,2019-06-30,2019-Q2,0.184545
LT,TIER1_FL,2019-09-30,2019-Q3,0.194194
LT,TIER1_FL,2019-12-31,2019-Q4,0.206674
LT,TIER1_FL,2020-03-31,2020-Q1,0.215025
LT,TIER1_FL,2020-06-30,2020-Q2,0.161863
LT,TIER1_FL,2020-09-30,2020-Q3,0.197638
LT,TIER1_FL,2020-12-31,2020-Q4,0.195389
LT,TIER1_FL,2021-03-31,2021-Q1,0.167803
LT,TIER1_FL,2021-06-30,2021-Q2,0.162934
LT,TIER1_FL,2021-09-30,2021-Q3,0.159905
LT,TIER1_FL,2021-12-31,2021-Q4,0.183411
LT,TIER1_FL,2022-03-31,2022-Q1,0.209178
LT,TIER1_FL,2022-06-30,2022-Q2,0.183246
LT,TIER1_FL,2022-09-30,2022-Q3,0.192633
LT,TIER1_FL,2022-12-31,2022-Q4,0.176855
LT,TIER1_FL,2023-03-31,2023-Q1,0.182701
LT,TIER1_FL,2023-06-30,2023-Q2,0.174322
LT,TIER1_FL,2023-09-30,2023-Q3,0.167231
LT,TIER1_FL,2023-12-31,2023-Q4,0.183246
LT,TIER1_FL,2024-03-31,2024-Q1,0.2108
LT,TIER1_FL,2024-06-30,2024-Q2,0.208169
LT,TIER1_FL,2024-09-30,2024-Q3,0.171983
LT,TIER1_FL,2024-12-31,2024-Q4,0.175559
LU,TIER1_FL,2018-03-31,2018-Q1,0.178092
LU,TIER1_FL,2018-06-30,2018-Q2,0.179307
LU,TIER1_FL,2018-09-30,2018-Q3,0.149843
LU,TIER1_FL,2018-12-31,2018-Q4,0.134422
LU,TIER1_FL,2019-03-31,2019-Q1,0.15329
LU,TIER1_FL,2019-06-30,2019-Q2,0.139573
LU,TIER1_FL,2019-09-30,2019-Q3,0.148161
LU,TIER1_FL,2019-12-31,2019-Q4,0.153727
LU,TIER1_FL,2020-03-31,2020-Q1,0.140833
LU,TIER1_FL,2020-06-30,2020-Q2,0.16531
LU,TIER1_FL,2020-09-30,2020-Q3,0.160997
LU,TIER1_FL,2020-12-31,2020-Q4,0.138184
LU,TIER1_FL,2021-03-31,2021-Q1,0.181144
LU,TIER1_FL,2021-06-30,2021-Q2,0.134304
LU,TIER1_FL,2021-09-30,2021-Q3,0.137362
LU,TIER1_FL,2021-12-31,2021-Q4,0.15906
LU,TIER1_FL,2022-03-31,2022-Q1,0.154534
LU,TIER1_FL,2022-06-30,2022-Q2,0.185931
LU,TIER1_FL,2022-09-30,2022-Q3,0.170358
LU,TIER1_FL,2022-12-31,2022-Q4,0.161976
LU,TIER1_FL,2023-03-31,2023-Q1,0.181848
LU,TIER1_FL,2023-06-30,2023-Q2,0.168799
LU,TIER1_FL,2023-09-30,2023-Q3,0.171347
LU,TIER1_FL,2023-12-31,2023-Q4,0.130126
LU,TIER1_FL,2024-03-31,2024-Q1,0.139197
LU,TIER1_FL,2024-06-30,2024-Q2,0.160957
LU,TIER1_FL,2024-09-30,2024-Q3,0.132864
LU,TIER1_FL,2024-12-31,2024-Q4,0.127425
LV,TIER1_FL,2018-03-31,2018-Q1,0.161462
LV,TIER1_FL,2018-06-30,2018-Q2,0.159185
LV,TIER1_FL,2018-09-30,2018-Q3,0.165371
LV,TIER1_FL,2018-12-31,2018-Q4,0.20886
LV,TIER1_FL,2019-03-31,2019-Q1,0.18002
LV,TIER1_FL,2019-06-30,2019-Q2,0.202817
LV,TIER1_FL,2019-09-30,2019-Q3,0.197783
LV,TIER1_FL,2019-12-31,2019-Q4,0.169701
LV,TIER1_FL,2020-03-31,2020-Q1,0.174919
LV,TIER1_FL,2020-06-30,2020-Q2,0.176804
LV,TIER1_FL,2020-09-30,2020-Q3,0.168043
LV,TIER1_FL,2020-12-31,2020-Q4,0.165192
LV,TIER1_FL,2021-03-31,2021-Q1,0.160541
LV,TIER1_FL,2021-06-30,2021-Q2,0.156024
LV,TIER1_FL,2021-09-30,2021-Q3,0.176466
LV,TIER1_FL,2021-12-31,2021-Q4,0.200712
LV,TIER1_FL,2022-03-31,2022-Q1,0.180517
LV,TIER1_FL,2022-06-30,2022-Q2,0.164764
LV,TIER1_FL,2022-09-30,2022-Q3,0.183667
LV,TIER1_FL,2022-12-31,2022-Q4,0.198079
LV,TIER1_FL,2023-03-31,2023-Q1,0.207665
LV,TIER1_FL,2023-06-30,2023-Q2,0.156036
LV,TIER1_FL,2023-09-30,2023-Q3,0.158762
LV,TIER1_FL,2023-12-31,2023-Q4,0.166072
LV,TIER1_FL,2024-03-31,2024-Q1,0.16444
LV,TIER1_FL,2024-06-30,2024-Q2,0.184315
LV,TIER1_FL,2024-09-30,2024-Q3,0.178614
LV,TIER1_FL,2024-12-31,2024-Q4,0.154956
MT,TIER1_FL,2018-03-31,2018-Q1,0.178722
MT,TIER1_FL,2018-06-30,2018-Q2,0.172327
MT,TIER1_FL,2018-09-30,2018-Q3,0.17364
MT,TIER1_FL,2018-12-31,2018-Q4,0.201941
MT,TIER1_FL,2019-03-31,2019-Q1,0.154797
MT,TIER1_FL,2019-06-30,2019-Q2,0.195262
MT,TIER1_FL,2019-09-30,2019-Q3,0.17976
MT,TIER1_FL,2019-12-31,2019-Q4,0.180701
MT,TIER1_FL,2020-03-31,2020-Q1,0.158678
MT,TIER1_FL,2020-06-30,2020-Q2,0.191536
MT,TIER1_FL,2020-09-30,2020-Q3,0.175902
MT,TIER1_FL,2020-12-31,2020-Q4,0.180137
MT,TIER1_FL,2021-03-31,2021-Q1,0.20236
MT,TIER1_FL,2021-06-30,2021-Q2,0.167221
MT,TIER1_FL,2021-09-30,2021-Q3,0.190152
MT,TIER1_FL,2021-12-31,2021-Q4,0.189604
MT,TIER1_FL,2022-03-31,2022-Q1,0.166471
MT,TIER1_FL,2022-06-30,2022-Q2,0.205565
MT,TIER1_FL,2022-09-30,2022-Q3,0.195643
MT,TIER1_FL,2022-12-31,2022-Q4,0.161882
MT,TIER1_FL,2023-03-31,2023-Q1,0.152129
MT,TIER1_FL,2023-06-30,2023-Q2,0.155436
MT,TIER1_FL,2023-09-30,2023-Q3,0.180393
MT,TIER1_FL,2023-12-31,2023-Q4,0.153468
MT,TIER1_FL,2024-03-31,2024-Q1,0.165962
MT,TIER1_FL,2024-06-30,2024-Q2,0.18342
MT,TIER1_FL,2024-09-30,2024-Q3,0.18725
MT,TIER1_FL,2024-12-31,2024-Q4,0.166187
NL,TIER1_FL,2018-03-31,2018-Q1,0.220333
NL,TIER1_FL,2018-06-30,2018-Q2,0.180284
NL,TIER1_FL,2018-09-30,2018-Q3,0.219995
NL,TIER1_FL,2018-12-31,2018-Q4,0.184136
NL,TIER1_FL,2019-03-31,2019-Q1,0.200649
NL,TIER1_FL,2019-06-30,2019-Q2,0.176072
NL,TIER1_FL,2019-09-30,2019-Q3,0.204804
NL,TIER1_FL,2019-12-31,2019-Q4,0.193802
NL,TIER1_FL,2020-03-31,2020-Q1,0.165575
NL,TIER1_FL,2020-06-30,2020-Q2,0.195495
NL,TIER1_FL,2020-09-30,2020-Q3,0.170999
NL,TIER1_FL,2020-12-31,2020-Q4,0.220718
NL,TIER1_FL,2021-03-31,2021-Q1,0.221489
NL,TIER1_FL,2021-06-30,2021-Q2,0.20782
NL,TIER1_FL,2021-09-30,2021-Q3,0.208209
NL,TIER1_FL,2021-12-31,2021-Q4,0.217141
NL,TIER1_FL,2022-03-31,2022-Q1,0.204281
NL,TIER1_FL,2022-06-30,2022-Q2,0.203888
NL,TIER1_FL,2022-09-30,2022-Q3,0.183106
NL,TIER1_FL,2022-12-31,2022-Q4,0.170682
NL,TIER1_FL,2023-03-31,2023-Q1,0.196741
NL,TIER1_FL,2023-06-30,2023-Q2,0.164529
NL,TIER1_FL,2023-09-30,2023-Q3,0.204661
NL,TIER1_FL,2023-12-31,2023-Q4,0.201453
NL,TIER1_FL,2024-03-31,2024-Q1,0.219207
NL,TIER1_FL,2024-06-30,2024-Q2,0.189003
NL,TIER1_FL,2024-09-30,2024-Q3,0.189002
NL,TIER1_FL,2024-12-31,2024-Q4,0.201092
NO,TIER1_FL,2018-03-31,2018-Q1,0.136491
NO,TIER1_FL,2018-06-30,2018-Q2,0.150417
NO,TIER1_FL,2018-09-30,2018-Q3,0.158823
NO,TIER1_FL,2018-12-31,2018-Q4,0.145856
NO,TIER1_FL,2019-03-31,2019-Q1,0.139815
NO,TIER1_FL,2019-06-30,2019-Q2,0.161278
NO,TIER1_FL,2019-09-30,2019-Q3,0.164587
NO,TIER1_FL,2019-12-31,2019-Q4,0.140785
NO,TIER1_FL,2020-03-31,2020-Q1,0.147238
NO,TIER1_FL,2020-06-30,2020-Q2,0.142785
NO,TIER1_FL,2020-09-30,2020-Q3,0.164413
NO,TIER1_FL,2020-12-31,2020-Q4,0.186745
NO,TIER1_FL,2021-03-31,2021-Q1,0.18596
NO,TIER1_FL,2021-06-30,2021-Q2,0.139979
NO,TIER1_FL,2021-09-30,2021-Q3,0.161071
NO,TIER1_FL,2021-12-31,2021-Q4,0.185299
NO,TIER1_FL,2022-03-31,2022-Q1,0.177552
NO,TIER1_FL,2022-06-30,2022-Q2,0.185018
NO,TIER1_FL,2022-09-30,2022-Q3,0.175573
NO,TIER1_FL,2022-12-31,2022-Q4,0.180349
NO,TIER1_FL,2023-03-31,2023-Q1,0.149537
NO,TIER1_FL,2023-06-30,2023-Q2,0.175029
NO,TIER1_FL,2023-09-30,2023-Q3,0.18252
NO,TIER1_FL,2023-12-31,2023-Q4,0.163064
NO,TIER1_FL,2024-03-31,2024-Q1,0.157818
NO,TIER1_FL,2024-06-30,2024-Q2,0.184937
NO,TIER1_FL,2024-09-30,2024-Q3,0.151479
NO,TIER1_FL,2024-12-31,2024-Q4,0.153609
PL,TIER1_FL,2018-03-31,2018-Q1,0.16744
PL,TIER1_FL,2018-06-30,2018-Q2,0.16485
PL,TIER1_FL,2018-09-30,2018-Q3,0.184141
PL,TIER1_FL,2018-12-31,2018-Q4,0.146233
PL,TIER1_FL,2019-03-31,2019-Q1,0.196284
PL,TIER1_FL,2019-06-30,2019-Q2,0.162585
PL,TIER1_FL,2019-09-30,2019-Q3,0.15214
PL,TIER1_FL,2019-12-31,2019-Q4,0.14012
PL,TIER1_FL,2020-03-31,2020-Q1,0.177853
PL,TIER1_FL,2020-06-30,2020-Q2,0.160062
PL,TIER1_FL,2020-09-30,2020-Q3,0.140175
PL,TIER1_FL,2020-12-31,2020-Q4,0.197415
PL,TIER1_FL,2021-03-31,2021-Q1,0.178229
PL,TIER1_FL,2021-06-30,2021-Q2,0.141163
PL,TIER1_FL,2021-09-30,2021-Q3,0.163104
PL,TIER1_FL,2021-12-31,2021-Q4,0.157765
PL,TIER1_FL,2022-03-31,2022-Q1,0.1581
PL,TIER1_FL,2022-06-30,2022-Q2,0.161449
PL,TIER1_FL,2022-09-30,2022-Q3,0.179342
PL,TIER1_FL,2022-12-31,2022-Q4,0.147232
PL,TIER1_FL,2023-03-31,2023-Q1,0.170045
PL,TIER1_FL,2023-06-30,2023-Q2,0.157443
PL,TIER1_FL,2023-09-30,2023-Q3,0.174551
PL,TIER1_FL,2023-12-31,2023-Q4,0.14372
PL,TIER1_FL,2024-03-31,2024-Q1,0.172242
PL,TIER1_FL,2024-06-30,2024-Q2,0.17923
PL,TIER1_FL,2024-09-30,2024-Q3,0.194298
PL,TIER1_FL,2024-12-31,2024-Q4,0.140173
PT,TIER1_FL,2018-03-31,2018-Q1,0.210548
PT,TIER1_FL,2018-06-30,2018-Q2,0.169923
PT,TIER1_FL,2018-09-30,2018-Q3,0.16205
PT,TIER1_FL,2018-12-31,2018-Q4,0.206968
PT,TIER1_FL,2019-03-31,2019-Q1,0.169807
PT,TIER1_FL,2019-06-30,2019-Q2,0.159151
PT,TIER1_FL,2019-09-30,2019-Q3,0.174487
PT,TIER1_FL,2019-12-31,2019-Q4,0.194039
PT,TIER1_FL,2020-03-31,2020-Q1,0.181002
PT,TIER1_FL,2020-06-30,2020-Q2,0.176086
PT,TIER1_FL,2020-09-30,2020-Q3,0.217665
PT,TIER1_FL,2020-12-31,2020-Q4,0.214013
PT,TIER1_FL,2021-03-31,2021-Q1,0.192749
PT,TIER1_FL,2021-06-30,2021-Q2,0.164966
PT,TIER1_FL,2021-09-30,2021-Q3,0.178116
PT,TIER1_FL,2021-12-31,2021-Q4,0.162594
PT,TIER1_FL,2022-03-31,2022-Q1,0.198621
PT,TIER1_FL,2022-06-30,2022-Q2,0.158776
PT,TIER1_FL,2022-09-30,2022-Q3,0.181935
PT,TIER1_FL,2022-12-31,2022-Q4,0.201081
PT,TIER1_FL,2023-03-31,2023-Q1,0.192612
PT,TIER1_FL,2023-06-30,2023-Q2,0.18015
PT,TIER1_FL,2023-09-30,2023-Q3,0.207843
PT,TIER1_FL,2023-12-31,2023-Q4,0.210805
PT,TIER1_FL,2024-03-31,2024-Q1,0.183042
PT,TIER1_FL,2024-06-30,2024-Q2,0.175449
PT,TIER1_FL,2024-09-30,2024-Q3,0.213572
PT,TIER1_FL,2024-12-31,2024-Q4,0.166308
RO,TIER1_FL,2018-03-31,2018-Q1,0.178284
RO,TIER1_FL,2018-06-30,2018-Q2,0.178799
RO,TIER1_FL,2018-09-30,2018-Q3,0.208001
RO,TIER1_FL,2018-12-31,2018-Q4,0.184986
RO,TIER1_FL,2019-03-31,2019-Q1,0.207028
RO,TIER1_FL,2019-06-30,2019-Q2,0.197342
RO,TIER1_FL,2019-09-30,2019-Q3,0.165075
RO,TIER1_FL,2019-12-31,2019-Q4,0.172074
RO,TIER1_FL,2020-03-31,2020-Q1,0.193283
RO,TIER1_FL,2020-06-30,2020-Q2,0.179104
RO,TIER1_FL,2020-09-30,2020-Q3,0.204759
RO,TIER1_FL,2020-12-31,2020-Q4,0.194945
RO,TIER1_FL,2021-03-31,2021-Q1,0.201802
RO,TIER1_FL,2021-06-30,2021-Q2,0.217083
RO,TIER1_FL,2021-09-30,2021-Q3,0.168716
RO,TIER1_FL,2021-12-31,2021-Q4,0.175035
RO,TIER1_FL,2022-03-31,2022-Q1,0.213513
RO,TIER1_FL,2022-06-30,2022-Q2,0.179749
RO,TIER1_FL,2022-09-30,2022-Q3,0.171568
RO,TIER1_FL,2022-12-31,2022-Q4,0.212449
RO,TIER1_FL,2023-03-31,2023-Q1,0.194291
RO,TIER1_FL,2023-06-30,2023-Q2,0.218296
RO,TIER1_FL,2023-09-30,2023-Q3,0.200004
RO,TIER1_FL,2023-12-31,2023-Q4,0.176695
RO,TIER1_FL,2024-03-31,2024-Q1,0.199467
RO,TIER1_FL,2024-06-30,2024-Q2,0.174988
RO,TIER1_FL,2024-09-30,2024-Q3,0.200899
RO,TIER1_FL,2024-12-31,2024-Q4,0.213535
SE,TIER1_FL,2018-03-31,2018-Q1,0.159247
SE,TIER1_FL,2018-06-30,2018-Q2,0.152807
SE,TIER1_FL,2018-09-30,2018-Q3,0.169707
SE,TIER1_FL,2018-12-31,2018-Q4,0.1801
SE,TIER1_FL,2019-03-31,2019-Q1,0.187306
SE,TIER1_FL,2019-06-30,2019-Q2,0.181378
SE,TIER1_FL,2019-09-30,2019-Q3,0.170574
SE,TIER1_FL,2019-12-31,2019-Q4,0.141807
SE,TIER1_FL,2020-03-31,2020-Q1,0.179238
SE,TIER1_FL,2020-06-30,2020-Q2,0.155219
SE,TIER1_FL,2020-09-30,2020-Q3,0.192677
SE,TIER1_FL,2020-12-31,2020-Q4,0.140591
SE,TIER1_FL,2021-03-31,2021-Q1,0.140549
SE,TIER1_FL,2021-06-30,2021-Q2,0.162676
SE,TIER1_FL,2021-09-30,2021-Q3,0.160062
SE,TIER1_FL,2021-12-31,2021-Q4,0.186106
SE,TIER1_FL,2022-03-31,2022-Q1,0.156142
SE,TIER1_FL,2022-06-30,2022-Q2,0.15138
SE,TIER1_FL,2022-09-30,2022-Q3,0.183745
SE,TIER1_FL,2022-12-31,2022-Q4,0.178158
SE,TIER1_FL,2023-03-31,2023-Q1,0.194489
SE,TIER1_FL,2023-06-30,2023-Q2,0.161397
SE,TIER1_FL,2023-09-30,2023-Q3,0.185821
SE,TIER1_FL,2023-12-31,2023-Q4,0.179675
SE,TIER1_FL,2024-03-31,2024-Q1,0.151928
SE,TIER1_FL,2024-06-30,2024-Q2,0.1899
SE,TIER1_FL,2024-09-30,2024-Q3,0.162645
SE,TIER1_FL,2024-12-31,2024-Q4,0.145172
SI,TIER1_FL,2018-03-31,2018-Q1,0.156478
SI,TIER1_FL,2018-06-30,2018-Q2,0.154699
SI,TIER1_FL,2018-09-30,2018-Q3,0.202473
SI,TIER1_FL,2018-12-31,2018-Q4,0.186173
SI,TIER1_FL,2019-03-31,2019-Q1,0.186544
SI,TIER1_FL,2019-06-30,2019-Q2,0.202953
SI,TIER1_FL,2019-09-30,2019-Q3,0.179598
SI,TIER1_FL,2019-12-31,2019-Q4,0.14359
SI,TIER1_FL,2020-03-31,2020-Q1,0.186741
SI,TIER1_FL,2020-06-30,2020-Q2,0.166189
SI,TIER1_FL,2020-09-30,2020-Q3,0.169741
SI,TIER1_FL,2020-12-31,2020-Q4,0.200932
SI,TIER1_FL,2021-03-31,2021-Q1,0.159008
SI,TIER1_FL,2021-06-30,2021-Q2,0.170714
SI,TIER1_FL,2021-09-30,2021-Q3,0.185412
SI,TIER1_FL,2021-12-31,2021-Q4,0.144419
SI,TIER1_FL,2022-03-31,2022-Q1,0.193382
SI,TIER1_FL,2022-06-30,2022-Q2,0.145417
SI,TIER1_FL,2022-09-30,2022-Q3,0.182016
SI,TIER1_FL,2022-12-31,2022-Q4,0.188815
SI,TIER1_FL,2023-03-31,2023-Q1,0.145053
SI,TIER1_FL,2023-06-30,2023-Q2,0.198226
SI,TIER1_FL,2023-09-30,2023-Q3,0.15623
SI,TIER1_FL,2023-12-31,2023-Q4,0.1502
SI,TIER1_FL,2024-03-31,2024-Q1,0.177194
SI,TIER1_FL,2024-06-30,2024-Q2,0.175896
SI,TIER1_FL,2024-09-30,2024-Q3,0.187318
SI,TIER1_FL,2024-12-31,2024-Q4,0.171146
SK,TIER1_FL,2018-03-31,2018-Q1,0.150729
SK,TIER1_FL,2018-06-30,2018-Q2,0.163997
SK,TIER1_FL,2018-09-30,2018-Q3,0.151394
SK,TIER1_FL,2018-12-31,2018-Q4,0.148738
SK,TIER1_FL,2019-03-31,2019-Q1,0.167246
SK,TIER1_FL,2019-06-30,2019-Q2,0.152917
SK,TIER1_FL,2019-09-30,2019-Q3,0.179717
SK,TIER1_FL,2019-12-31,2019-Q4,0.167661
SK,TIER1_FL,2020-03-31,2020-Q1,0.192138
SK,TIER1_FL,2020-06-30,2020-Q2,0.192821
SK,TIER1_FL,2020-09-30,2020-Q3,0.178847
SK,TIER1_FL,2020-12-31,2020-Q4,0.145222
SK,TIER1_FL,2021-03-31,2021-Q1,0.168044
SK,TIER1_FL,2021-06-30,2021-Q2,0.178612
SK,TIER1_FL,2021-09-30,2021-Q3,0.159342
SK,TIER1_FL,2021-12-31,2021-Q4,0.196926
SK,TIER1_FL,2022-03-31,2022-Q1,0.159347
SK,TIER1_FL,2022-06-30,2022-Q2,0.193376
SK,TIER1_FL,2022-09-30,2022-Q3,0.193402
SK,TIER1_FL,2022-12-31,2022-Q4,0.17635
SK,TIER1_FL,2023-03-31,2023-Q1,0.172135
SK,TIER1_FL,2023-06-30,2023-Q2,0.1583
SK,TIER1_FL,2023-09-30,2023-Q3,0.175026
SK,TIER1_FL,2023-12-31,2023-Q4,0.153562
SK,TIER1_FL,2024-03-31,2024-Q1,0.142708
SK,TIER1_FL,2024-06-30,2024-Q2,0.149997
SK,TIER1_FL,2024-09-30,2024-Q3,0.155619
SK,TIER1_FL,2024-12-31,2024-Q4,0.196646
AT,TOTAL_CAP_FL,2018-03-31,2018-Q1,0.172328
AT,TOTAL_CAP_FL,2018-06-30,2018-Q2,0.180429
AT,TOTAL_CAP_FL,2018-09-30,2018-Q3,0.21407
AT,TOTAL_CAP_FL,2018-12-31,2018-Q4,0.174678
AT,TOTAL_CAP_FL,2019-03-31,2019-Q1,0.215671
AT,TOTAL_CAP_FL,2019-06-30,2019-Q2,0.21826
AT,TOTAL_CAP_FL,2019-09-30,2019-Q3,0.218342
AT,TOTAL_CAP_FL,2019-12-31,2019-Q4,0.229873
AT,TOTAL_CAP_FL,2020-03-31,2020-Q1,0.212581
AT,TOTAL_CAP_FL,2020-06-30,2020-Q2,0.172992
AT,TOTAL_CAP_FL,2020-09-30,2020-Q3,0.175993
AT,TOTAL_CAP_FL,2020-12-31,2020-Q4,0.189545
AT,TOTAL_CAP_FL,2021-03-31,2021-Q1,0.217837
AT,TOTAL_CAP_FL,2021-06-30,2021-Q2,0.173113
AT,TOTAL_CAP_FL,2021-09-30,2021-Q3,0.204995
AT,TOTAL_CAP_FL,2021-12-31,2021-Q4,0.208257
AT,TOTAL_CAP_FL,2022-03-31,2022-Q1,0.200028
AT,TOTAL_CAP_FL,2022-06-30,2022-Q2,0.20259
AT,TOTAL_CAP_FL,2022-09-30,2022-Q3,0.216084
AT,TOTAL_CAP_FL,2022-12-31,2022-Q4,0.200238
AT,TOTAL_CAP_FL,2023-03-31,2023-Q1,0.185515
AT,TOTAL_CAP_FL,2023-06-30,2023-Q2,0.174302
AT,TOTAL_CAP_FL,2023-09-30,2023-Q3,0.174388
AT,TOTAL_CAP_FL,2023-12-31,2023-Q4,0.204836
AT,TOTAL_CAP_FL,2024-03-31,2024-Q1,0.197505
AT,TOTAL_CAP_FL,2024-06-30,2024-Q2,0.222809
AT,TOTAL_CAP_FL,2024-09-30,2024-Q3,0.189679
AT,TOTAL_CAP_FL,2024-12-31,2024-Q4,0.218796
BE,TOTAL_CAP_FL,2018-03-31,2018-Q1,0.190743
BE,TOTAL_CAP_FL,2018-06-30,2018-Q2,0.166001
BE,TOTAL_CAP_FL,2018-09-30,2018-Q3,0.182588
BE,TOTAL_CAP_FL,2018-12-31,2018-Q4,0.199611
BE,TOTAL_CAP_FL,2019-03-31,2019-Q1,0.186993
BE,TOTAL_CAP_FL,2019-06-30,2019-Q2,0.174659
BE,TOTAL_CAP_FL,2019-09-30,2019-Q3,0.202757
BE,TOTAL_CAP_FL,2019-12-31,2019-Q4,0.160941
BE,TOTAL_CAP_FL,2020-03-31,2020-Q1,0.178498
BE,TOTAL_CAP_FL,2020-06-30,2020-Q2,0.190145
BE,TOTAL_CAP_FL,2020-09-30,2020-Q3,0.163963
BE,TOTAL_CAP_FL,2020-12-31,2020-Q4,0.186342
BE,TOTAL_CAP_FL,2021-03-31,2021-Q1,0.176332
BE,TOTAL_CAP_FL,2021-06-30,2021-Q2,0.184298
BE,TOTAL_CAP_FL,2021-09-30,2021-Q3,0.159563
BE,TOTAL_CAP_FL,2021-12-31,2021-Q4,0.167595
BE,TOTAL_CAP_FL,2022-03-31,2022-Q1,0.175723
BE,TOTAL_CAP_FL,2022-06-30,2022-Q2,0.213811
BE,TOTAL_CAP_FL,2022-09-30,2022-Q3,0.215423
BE,TOTAL_CAP_FL,2022-12-31,2022-Q4,0.186817
BE,TOTAL_CAP_FL,2023-03-31,2023-Q1,0.166592
BE,TOTAL_CAP_FL,2023-06-30,2023-Q2,0.201981
BE,TOTAL_CAP_FL,2023-09-30,2023-Q3,0.17541
BE,TOTAL_CAP_FL,2023-12-31,2023-Q4,0.15841
BE,TOTAL_CAP_FL,2024-03-31,2024-Q1,0.162047
BE,TOTAL_CAP_FL,2024-06-30,2024-Q2,0.20598
BE,TOTAL_CAP_FL,2024-09-30,2024-Q3,0.189464
BE,TOTAL_CAP_FL,2024-12-31,2024-Q4,0.180764
CY,TOTAL_CAP_FL,2018-03-31,2018-Q1,0.210166
CY,TOTAL_CAP_FL,2018-06-30,2018-Q2,0.198689
CY,TOTAL_CAP_FL,2018-09-30,2018-Q3,0.202766
CY,TOTAL_CAP_FL,2018-12-31,2018-Q4,0.184857
CY,TOTAL_CAP_FL,2019-03-31,2019-Q1,0.166274
CY,TOTAL_CAP_FL,2019-06-30,2019-Q2,0.162132
CY,TOTAL_CAP_FL,2019-09-30,2019-Q3,0.200578
CY,TOTAL_CAP_FL,2019-12-31,2019-Q4,0.188509
CY,TOTAL_CAP_FL,2020-03-31,2020-Q1,0.184326
CY,TOTAL_CAP_FL,2020-06-30,2020-Q2,0.174003
CY,TOTAL_CAP_FL,2020-09-30,2020-Q3,0.173198
CY,TOTAL_CAP_FL,2020-12-31,2020-Q4,0.17742
CY,TOTAL_CAP_FL,2021-03-31,2021-Q1,0.190364
CY,TOTAL_CAP_FL,2021-06-30,2021-Q2,0.177531
CY,TOTAL_CAP_FL,2021-09-30,2021-Q3,0.177802
CY,TOTAL_CAP_FL,2021-12-31,2021-Q4,0.171838
CY,TOTAL_CAP_FL,2022-03-31,2022-Q1,0.163163
CY,TOTAL_CAP_FL,2022-06-30,2022-Q2,0.159662
CY,TOTAL_CAP_FL,2022-09-30,2022-Q3,0.189654
CY,TOTAL_CAP_FL,2022-12-31,2022-Q4,0.155959
CY,TOTAL_CAP_FL,2023-03-31,2023-Q1,0.206757
CY,TOTAL_CAP_FL,2023-06-30,2023-Q2,0.197677
CY,TOTAL_CAP_FL,2023-09-30,2023-Q3,0.197123
CY,TOTAL_CAP_FL,2023-12-31,2023-Q4,0.154539
CY,TOTAL_CAP_FL,2024-03-31,2024-Q1,0.184616
CY,TOTAL_CAP_FL,2024-06-30,2024-Q2,0.185902
CY,TOTAL_CAP_FL,2024-09-30,2024-Q3,0.190187
CY,TOTAL_CAP_FL,2024-12-31,2024-Q4,0.163831
DE,TOTAL_CAP_FL,2018-03-31,2018-Q1,0.175446
DE,TOTAL_CAP_FL,2018-06-30,2018-Q2,0.200589
DE,TOTAL_CAP_FL,2018-09-30,2018-Q3,0.206881
DE,TOTAL_CAP_FL,2018-12-31,2018-Q4,0.208326
DE,TOTAL_CAP_FL,2019-03-31,2019-Q1,0.198384
DE,TOTAL_CAP_FL,2019-06-30,2019-Q2,0.200529
DE,TOTAL_CAP_FL,2019-09-30,2019-Q3,0.175549
DE,TOTAL_CAP_FL,2019-12-31,2019-Q4,0.199181
DE,TOTAL_CAP_FL,2020-03-31,2020-Q1,0.203383
DE,TOTAL_CAP_FL,2020-06-30,2020-Q2,0.200514
DE,TOTAL_CAP_FL,2020-09-30,2020-Q3,0.177411
DE,TOTAL_CAP_FL,2020-12-31,2020-Q4,0.173164
DE,TOTAL_CAP_FL,2021-03-31,2021-Q1,0.223537
DE,TOTAL_CAP_FL,2021-06-30,2021-Q2,0.185041
DE,TOTAL_CAP_FL,2021-09-30,2021-Q3,0.191438
DE,TOTAL_CAP_FL,2021-12-31,2021-Q4,0.20723
DE,TOTAL_CAP_FL,2022-03-31,2022-Q1,0.185042
DE,TOTAL_CAP_FL,2022-06-30,2022-Q2,0.22895
DE,TOTAL_CAP_FL,2022-09-30,2022-Q3,0.185015
DE,TOTAL_CAP_FL,2022-12-31,2022-Q4,0.217755
DE,TOTAL_CAP_FL,2023-03-31,2023-Q1,0.208317
DE,TOTAL_CAP_FL,2023-06-30,2023-Q2,0.206485
DE,TOTAL_CAP_FL,2023-09-30,2023-Q3,0.216249
DE,TOTAL_CAP_FL,2023-12-31,2023-Q4,0.223002
DE,TOTAL_CAP_FL,2024-03-31,2024-Q1,0.179828
DE,TOTAL_CAP_FL,2024-06-30,2024-Q2,0.230988
DE,TOTAL_CAP_FL,2024-09-30,2024-Q3,0.180628
DE,TOTAL_CAP_FL,2024-12-31,2024-Q4,0.17869
DK,TOTAL_CAP_FL,2018-03-31,2018-Q1,0.207431
DK,TOTAL_CAP_FL,2018-06-30,2018-Q2,0.212031
DK,TOTAL_CAP_FL,2018-09-30,2018-Q3,0.236355
DK,TOTAL_CAP_FL,2018-12-31,2018-Q4,0.188598
DK,TOTAL_CAP_FL,2019-03-31,2019-Q1,0.213551
DK,TOTAL_CAP_FL,2019-06-30,2019-Q2,0.227778
DK,TOTAL_CAP_FL,2019-09-30,2019-Q3,0.214297
DK,TOTAL_CAP_FL,2019-12-31,2019-Q4,0.198603
DK,TOTAL_CAP_FL,2020-03-31,2020-Q1,0.221995
DK,TOTAL_CAP_FL,2020-06-30,2020-Q2,0.207914
DK,TOTAL_CAP_FL,2020-09-30,2020-Q3,0.212332
DK,TOTAL_CAP_FL,2020-12-31,2020-Q4,0.210404
DK,TOTAL_CAP_FL,2021-03-31,2021-Q1,0.191744
DK,TOTAL_CAP_FL,2021-06-30,2021-Q2,0.184984
DK,TOTAL_CAP_FL,2021-09-30,2021-Q3,0.186432
DK,TOTAL_CAP_FL,2021-12-31,2021-Q4,0.214015
DK,TOTAL_CAP_FL,2022-03-31,2022-Q1,0.197259
DK,TOTAL_CAP_FL,2022-06-30,2022-Q2,0.205675
DK,TOTAL_CAP_FL,2022-09-30,2022-Q3,0.20306
DK,TOTAL_CAP_FL,2022-12-31,2022-Q4,0.188318
DK,TOTAL_CAP_FL,2023-03-31,2023-Q1,0.197026
DK,TOTAL_CAP_FL,2023-06-30,2023-Q2,0.189897
DK,TOTAL_CAP_FL,2023-09-30,2023-Q3,0.21807
DK,TOTAL_CAP_FL,2023-12-31,2023-Q4,0.19989
DK,TOTAL_CAP_FL,2024-03-31,2024-Q1,0.215165
DK,TOTAL_CAP_FL,2024-06-30,2024-Q2,0.195223
DK,TOTAL_CAP_FL,2024-09-30,2024-Q3,0.204057
DK,TOTAL_CAP_FL,2024-12-31,2024-Q4,0.204855
ES,TOTAL_CAP_FL,2018-03-31,2018-Q1,0.198477
ES,TOTAL_CAP_FL,2018-06-30,2018-Q2,0.204326
ES,TOTAL_CAP_FL,2018-09-30,2018-Q3,0.205291
ES,TOTAL_CAP_FL,2018-12-31,2018-Q4,0.191044
ES,TOTAL_CAP_FL,2019-03-31,2019-Q1,0.179176
ES,TOTAL_CAP_FL,2019-06-30,2019-Q2,0.203232
ES,TOTAL_CAP_FL,2019-09-30,2019-Q3,0.229903
ES,TOTAL_CAP_FL,2019-12-31,2019-Q4,0.198747
ES,TOTAL_CAP_FL,2020-03-31,2020-Q1,0.193663
ES,TOTAL_CAP_FL,2020-06-30,2020-Q2,0.193352
ES,TOTAL_CAP_FL,2020-09-30,2020-Q3,0.22474
ES,TOTAL_CAP_FL,2020-12-31,2020-Q4,0.201529
ES,TOTAL_CAP_FL,2021-03-31,2021-Q1,0.205847
ES,TOTAL_CAP_FL,2021-06-30,2021-Q2,0.229868
ES,TOTAL_CAP_FL,2021-09-30,2021-Q3,0.179325
ES,TOTAL_CAP_FL,2021-12-31,2021-Q4,0.218902
ES,TOTAL_CAP_FL,2022-03-31,2022-Q1,0.197147
ES,TOTAL_CAP_FL,2022-06-30,2022-Q2,0.216914
ES,TOTAL_CAP_FL,2022-09-30,2022-Q3,0.198678
ES,TOTAL_CAP_FL,2022-12-31,2022-Q4,0.225852
ES,TOTAL_CAP_FL,2023-03-31,2023-Q1,0.234217
ES,TOTAL_CAP_FL,2023-06-30,2023-Q2,0.198545
ES,TOTAL_CAP_FL,2023-09-30,2023-Q3,0.199282
ES,TOTAL_CAP_FL,2023-12-31,2023-Q4,0.199805
ES,TOTAL_CAP_FL,2024-03-31,2024-Q1,0.232575
ES,TOTAL_CAP_FL,2024-06-30,2024-Q2,0.231547
ES,TOTAL_CAP_FL,2024-09-30,2024-Q3,0.199223
ES,TOTAL_CAP_FL,2024-12-31,2024-Q4,0.231885
EU,TOTAL_CAP_FL,2018-03-31,2018-Q1,0.174881
EU,TOTAL_CAP_FL,2018-06-30,2018-Q2,0.184066
EU,TOTAL_CAP_FL,2018-09-30,2018-Q3,0.196698
EU,TOTAL_CAP_FL,2018-12-31,2018-Q4,0.167986
EU,TOTAL_CAP_FL,2019-03-31,2019-Q1,0.183581
EU,TOTAL_CAP_FL,2019-06-30,2019-Q2,0.211674
EU,TOTAL_CAP_FL,2019-09-30,2019-Q3,0.20443
EU,TOTAL_CAP_FL,2019-12-31,2019-Q4,0.17924
EU,TOTAL_CAP_FL,2020-03-31,2020-Q1,0.198176
EU,TOTAL_CAP_FL,2020-06-30,2020-Q2,0.196761
EU,TOTAL_CAP_FL,2020-09-30,2020-Q3,0.17303
EU,TOTAL_CAP_FL,2020-12-31,2020-Q4,0.224691
EU,TOTAL_CAP_FL,2021-03-31,2021-Q1,0.186648
EU,TOTAL_CAP_FL,2021-06-30,2021-Q2,0.202261
EU,TOTAL_CAP_FL,2021-09-30,2021-Q3,0.214183
EU,TOTAL_CAP_FL,2021-12-31,2021-Q4,0.178346
EU,TOTAL_CAP_FL,2022-03-31,2022-Q1,0.222899
EU,TOTAL_CAP_FL,2022-06-30,2022-Q2,0.208619
EU,TOTAL_CAP_FL,2022-09-30,2022-Q3,0.169186
EU,TOTAL_CAP_FL,2022-12-31,2022-Q4,0.196574
EU,TOTAL_CAP_FL,2023-03-31,2023-Q1,0.168768
EU,TOTAL_CAP_FL,2023-06-30,2023-Q2,0.211242
EU,TOTAL_CAP_FL,2023-09-30,2023-Q3,0.219921
EU,TOTAL_CAP_FL,2023-12-31,2023-Q4,0.217589
EU,TOTAL_CAP_FL,2024-03-31,2024-Q1,0.189835
EU,TOTAL_CAP_FL,2024-06-30,2024-Q2,0.209978
EU,TOTAL_CAP_FL,2024-09-30,2024-Q3,0.169566
EU,TOTAL_CAP_FL,2024-12-31,2024-Q4,0.18733
FI,TOTAL_CAP_FL,2018-03-31,2018-Q1,0.232414
FI,TOTAL_CAP_FL,2018-06-30,2018-Q2,0.230493
FI,TOTAL_CAP_FL,2018-09-30,2018-Q3,0.199437
FI,TOTAL_CAP_FL,2018-12-31,2018-Q4,0.200418
FI,TOTAL_CAP_FL,2019-03-31,2019-Q1,0.224261
FI,TOTAL_CAP_FL,2019-06-30,2019-Q2,0.187861
FI,TOTAL_CAP_FL,2019-09-30,2019-Q3,0.221787
FI,TOTAL_CAP_FL,2019-12-31,2019-Q4,0.223154
FI,TOTAL_CAP_FL,2020-03-31,2020-Q1,0.235225
FI,TOTAL_CAP_FL,2020-06-30,2020-Q2,0.197667
FI,TOTAL_CAP_FL,2020-09-30,2020-Q3,0.204212
FI,TOTAL_CAP_FL,2020-12-31,2020-Q4,0.230444
FI,TOTAL_CAP_FL,2021-03-31,2021-Q1,0.228141
FI,TOTAL_CAP_FL,2021-06-30,2021-Q2,0.192472
FI,TOTAL_CAP_FL,2021-09-30,2021-Q3,0.229639
FI,TOTAL_CAP_FL,2021-12-31,2021-Q4,0.215838
FI,TOTAL_CAP_FL,2022-03-31,2022-Q1,0.237581
FI,TOTAL_CAP_FL,2022-06-30,2022-Q2,0.226875
FI,TOTAL_CAP_FL,2022-09-30,2022-Q3,0.21189
FI,TOTAL_CAP_FL,2022-12-31,2022-Q4,0.199561
FI,TOTAL_CAP_FL,2023-03-31,2023-Q1,0.208124
FI,TOTAL_CAP_FL,2023-06-30,2023-Q2,0.188759
FI,TOTAL_CAP_FL,2023-09-30,2023-Q3,0.227553
FI,TOTAL_CAP_FL,2023-12-31,2023-Q4,0.219926
FI,TOTAL_CAP_FL,2024-03-31,2024-Q1,0.229009
FI,TOTAL_CAP_FL,2024-06-30,2024-Q2,0.236229
FI,TOTAL_CAP_FL,2024-09-30,2024-Q3,0.224217
FI,TOTAL_CAP_FL,2024-12-31,2024-Q4,0.189859
FR,TOTAL_CAP_FL,2018-03-31,2018-Q1,0.169423
FR,TOTAL_CAP_FL,2018-06-30,2018-Q2,0.204395
FR,TOTAL_CAP_FL,2018-09-30,2018-Q3,0.18433
FR,TOTAL_CAP_FL,2018-12-31,2018-Q4,0.160162
FR,TOTAL_CAP_FL,2019-03-31,2019-Q1,0.191048
FR,TOTAL_CAP_FL,2019-06-30,2019-Q2,0.170675
FR,TOTAL_CAP_FL,2019-09-30,2019-Q3,0.152437
FR,TOTAL_CAP_FL,2019-12-31,2019-Q4,0.164864
FR,TOTAL_CAP_FL,2020-03-31,2020-Q1,0.161875
FR,TOTAL_CAP_FL,2020-06-30,2020-Q2,0.159196
FR,TOTAL_CAP_FL,2020-09-30,2020-Q3,0.190365
FR,TOTAL_CAP_FL,2020-12-31,2020-Q4,0.179493
FR,TOTAL_CAP_FL,2021-03-31,2021-Q1,0.21073
FR,TOTAL_CAP_FL,2021-06-30,2021-Q2,0.171019
FR,TOTAL_CAP_FL,2021-09-30,2021-Q3,0.192965
FR,TOTAL_CAP_FL,2021-12-31,2021-Q4,0.178969
FR,TOTAL_CAP_FL,2022-03-31,2022-Q1,0.189454
FR,TOTAL_CAP_FL,2022-06-30,2022-Q2,0.177831
FR,TOTAL_CAP_FL,2022-09-30,2022-Q3,0.207947
FR,TOTAL_CAP_FL,2022-12-31,2022-Q4,0.193556
FR,TOTAL_CAP_FL,2023-03-31,2023-Q1,0.16934
FR,TOTAL_CAP_FL,2023-06-30,2023-Q2,0.157385
FR,TOTAL_CAP_FL,2023-09-30,2023-Q3,0.199214
FR,TOTAL_CAP_FL,2023-12-31,2023-Q4,0.173435
FR,TOTAL_CAP_FL,2024-03-31,2024-Q1,0.160085
FR,TOTAL_CAP_FL,2024-06-30,2024-Q2,0.18255
FR,TOTAL_CAP_FL,2024-09-30,2024-Q3,0.158185
FR,TOTAL_CAP_FL,2024-12-31,2024-Q4,0.189048
GR,TOTAL_CAP_FL,2018-03-31,2018-Q1,0.198574
GR,TOTAL_CAP_FL,2018-06-30,2018-Q2,0.203558
GR,TOTAL_CAP_FL,2018-09-30,2018-Q3,0.197725
GR,TOTAL_CAP_FL,2018-12-31,2018-Q4,0.207744
GR,TOTAL_CAP_FL,2019-03-31,2019-Q1,0.189283
GR,TOTAL_CAP_FL,2019-06-30,2019-Q2,0.203563
GR,TOTAL_CAP_FL,2019-09-30,2019-Q3,0.189297
GR,TOTAL_CAP_FL,2019-12-31,2019-Q4,0.238468
GR,TOTAL_CAP_FL,2020-03-31,2020-Q1,0.213818
GR,TOTAL_CAP_FL,2020-06-30,2020-Q2,0.189164
GR,TOTAL_CAP_FL,2020-09-30,2020-Q3,0.213274
GR,TOTAL_CAP_FL,2020-12-31,2020-Q4,0.241333
GR,TOTAL_CAP_FL,2021-03-31,2021-Q1,0.228477
GR,TOTAL_CAP_FL,2021-06-30,2021-Q2,0.215795
GR,TOTAL_CAP_FL,2021-09-30,2021-Q3,0.225134
GR,TOTAL_CAP_FL,2021-12-31,2021-Q4,0.230319
GR,TOTAL_CAP_FL,2022-03-31,2022-Q1,0.202178
GR,TOTAL_CAP_FL,2022-06-30,2022-Q2,0.198757
GR,TOTAL_CAP_FL,2022-09-30,2022-Q3,0.211944
GR,TOTAL_CAP_FL,2022-12-31,2022-Q4,0.185148
GR,TOTAL_CAP_FL,2023-03-31,2023-Q1,0.220746
GR,TOTAL_CAP_FL,2023-06-30,2023-Q2,0.187016
GR,TOTAL_CAP_FL,2023-09-30,2023-Q3,0.240969
GR,TOTAL_CAP_FL,2023-12-31,2023-Q4,0.226377
GR,TOTAL_CAP_FL,2024-03-31,2024-Q1,0.210848
GR,TOTAL_CAP_FL,2024-06-30,2024-Q2,0.219782
GR,TOTAL_CAP_FL,2024-09-30,2024-Q3,0.182029
GR,TOTAL_CAP_FL,2024-12-31,2024-Q4,0.228952
HR,TOTAL_CAP_FL,2018-03-31,2018-Q1,0.188231
HR,TOTAL_CAP_FL,2018-06-30,2018-Q2,0.190533
HR,TOTAL_CAP_FL,2018-09-30,2018-Q3,0.165717
HR,TOTAL_CAP_FL,2018-12-31,2018-Q4,0.204784
HR,TOTAL_CAP_FL,2019-03-31,2019-Q1,0.196358
HR,TOTAL_CAP_FL,2019-06-30,2019-Q2,0.151053
HR,TOTAL_CAP_FL,2019-09-30,2019-Q3,0.172707
HR,TOTAL_CAP_FL,2019-12-31,2019-Q4,0.159059
HR,TOTAL_CAP_FL,2020-03-31,2020-Q1,0.205207
HR,TOTAL_CAP_FL,2020-06-30,2020-Q2,0.154854
HR,TOTAL_CAP_FL,2020-09-30,2020-Q3,0.198059
HR,TOTAL_CAP_FL,2020-12-31,2020-Q4,0.158435
HR,TOTAL_CAP_FL,2021-03-31,2021-Q1,0.204142
HR,TOTAL_CAP_FL,2021-06-30,2021-Q2,0.202328
HR,TOTAL_CAP_FL,2021-09-30,2021-Q3,0.175248
HR,TOTAL_CAP_FL,2021-12-31,2021-Q4,0.153238
HR,TOTAL_CAP_FL,2022-03-31,2022-Q1,0.1671
HR,TOTAL_CAP_FL,2022-06-30,2022-Q2,0.205612
HR,TOTAL_CAP_FL,2022-09-30,2022-Q3,0.174889
HR,TOTAL_CAP_FL,2022-12-31,2022-Q4,0.161307
HR,TOTAL_CAP_FL,2023-03-31,2023-Q1,0.181332
HR,TOTAL_CAP_FL,2023-06-30,2023-Q2,0.182255
HR,TOTAL_CAP_FL,2023-09-30,2023-Q3,0.168144
HR,TOTAL_CAP_FL,2023-12-31,2023-Q4,0.197447
HR,TOTAL_CAP_FL,2024-03-31,2024-Q1,0.157771
HR,TOTAL_CAP_FL,2024-06-30,2024-Q2,0.170297
HR,TOTAL_CAP_FL,2024-09-30,2024-Q3,0.190632
HR,TOTAL_CAP_FL,2024-12-31,2024-Q4,0.153909
HU,TOTAL_CAP_FL,2018-03-31,2018-Q1,0.222508
HU,TOTAL_CAP_FL,2018-06-30,2018-Q2,0.204368
HU,TOTAL_CAP_FL,2018-09-30,2018-Q3,0.232102
HU,TOTAL_CAP_FL,2018-12-31,2018-Q4,0.229033
HU,TOTAL_CAP_FL,2019-03-31,2019-Q1,0.188966
HU,TOTAL_CAP_FL,2019-06-30,2019-Q2,0.173965
HU,TOTAL_CAP_FL,2019-09-30,2019-Q3,0.177521
HU,TOTAL_CAP_FL,2019-12-31,2019-Q4,0.188354
HU,TOTAL_CAP_FL,2020-03-31,2020-Q1,0.222665
HU,TOTAL_CAP_FL,2020-06-30,2020-Q2,0.225655
HU,TOTAL_CAP_FL,2020-09-30,2020-Q3,0.202644
HU,TOTAL_CAP_FL,2020-12-31,2020-Q4,0.199824
HU,TOTAL_CAP_FL,2021-03-31,2021-Q1,0.215319
HU,TOTAL_CAP_FL,2021-06-30,2021-Q2,0.192891
HU,TOTAL_CAP_FL,2021-09-30,2021-Q3,0.204718
HU,TOTAL_CAP_FL,2021-12-31,2021-Q4,0.214881
HU,TOTAL_CAP_FL,2022-03-31,2022-Q1,0.232283
HU,TOTAL_CAP_FL,2022-06-30,2022-Q2,0.210031
HU,TOTAL_CAP_FL,2022-09-30,2022-Q3,0.174038
HU,TOTAL_CAP_FL,2022-12-31,2022-Q4,0.224837
HU,TOTAL_CAP_FL,2023-03-31,2023-Q1,0.18176
HU,TOTAL_CAP_FL,2023-06-30,2023-Q2,0.226466
HU,TOTAL_CAP_FL,2023-09-30,2023-Q3,0.217582
HU,TOTAL_CAP_FL,2023-12-31,2023-Q4,0.201425
HU,TOTAL_CAP_FL,2024-03-31,2024-Q1,0.211877
HU,TOTAL_CAP_FL,2024-06-30,2024-Q2,0.17928
HU,TOTAL_CAP_FL,2024-09-30,2024-Q3,0.201517
HU,TOTAL_CAP_FL,2024-12-31,2024-Q4,0.190465
IE,TOTAL_CAP_FL,2018-03-31,2018-Q1,0.223592
IE,TOTAL_CAP_FL,2018-06-30,2018-Q2,0.209088
IE,TOTAL_CAP_FL,2018-09-30,2018-Q3,0.240994
IE,TOTAL_CAP_FL,2018-12-31,2018-Q4,0.241555
IE,TOTAL_CAP_FL,2019-03-31,2019-Q1,0.212188
IE,TOTAL_CAP_FL,2019-06-30,2019-Q2,0.22121
IE,TOTAL_CAP_FL,2019-09-30,2019-Q3,0.207409
IE,TOTAL_CAP_FL,2019-12-31,2019-Q4,0.237888
IE,TOTAL_CAP_FL,2020-03-31,2020-Q1,0.185894
IE,TOTAL_CAP_FL,2020-06-30,2020-Q2,0.237294
IE,TOTAL_CAP_FL,2020-09-30,2020-Q3,0.210269
IE,TOTAL_CAP_FL,2020-12-31,2020-Q4,0.197817
IE,TOTAL_CAP_FL,2021-03-31,2021-Q1,0.19975
IE,TOTAL_CAP_FL,2021-06-30,2021-Q2,0.226865
IE,TOTAL_CAP_FL,2021-09-30,2021-Q3,0.18858
IE,TOTAL_CAP_FL,2021-12-31,2021-Q4,0.225773
IE,TOTAL_CAP_FL,2022-03-31,2022-Q1,0.238574
IE,TOTAL_CAP_FL,2022-06-30,2022-Q2,0.188
IE,TOTAL_CAP_FL,2022-09-30,2022-Q3,0.230396
IE,TOTAL_CAP_FL,2022-12-31,2022-Q4,0.206123
IE,TOTAL_CAP_FL,2023-03-31,2023-Q1,0.235169
IE,TOTAL_CAP_FL,2023-06-30,2023-Q2,0.23647
IE,TOTAL_CAP_FL,2023-09-30,2023-Q3,0.199571
IE,TOTAL_CAP_FL,2023-12-31,2023-Q4,0.234111
IE,TOTAL_CAP_FL,2024-03-31,2024-Q1,0.220306
IE,TOTAL_CAP_FL,2024-06-30,2024-Q2,0.203985
IE,TOTAL_CAP_FL,2024-09-30,2024-Q3,0.229572
IE,TOTAL_CAP_FL,2024-12-31,2024-Q4,0.198961
IT,TOTAL_CAP_FL,2018-03-31,2018-Q1,0.186546
IT,TOTAL_CAP_FL,2018-06-30,2018-Q2,0.225321
IT,TOTAL_CAP_FL,2018-09-30,2018-Q3,0.227027
IT,TOTAL_CAP_FL,2018-12-31,2018-Q4,0.208573
IT,TOTAL_CAP_FL,2019-03-31,2019-Q1,0.212828
IT,TOTAL_CAP_FL,2019-06-30,2019-Q2,0.192051
IT,TOTAL_CAP_FL,2019-09-30,2019-Q3,0.199909
IT,TOTAL_CAP_FL,2019-12-31,2019-Q4,0.238556
IT,TOTAL_CAP_FL,2020-03-31,2020-Q1,0.192692
IT,TOTAL_CAP_FL,2020-06-30,2020-Q2,0.19248
IT,TOTAL_CAP_FL,2020-09-30,2020-Q3,0.203209
IT,TOTAL_CAP_FL,2020-12-31,2020-Q4,0.227803
IT,TOTAL_CAP_FL,2021-03-31,2021-Q1,0.193569
IT,TOTAL_CAP_FL,2021-06-30,2021-Q2,0.204408
IT,TOTAL_CAP_FL,2021-09-30,2021-Q3,0.211021
IT,TOTAL_CAP_FL,2021-12-31,2021-Q4,0.224346
IT,TOTAL_CAP_FL,2022-03-31,2022-Q1,0.209663
IT,TOTAL_CAP_FL,2022-06-30,2022-Q2,0.208378
IT,TOTAL_CAP_FL,2022-09-30,2022-Q3,0.205924
IT,TOTAL_CAP_FL,2022-12-31,2022-Q4,0.226699
IT,TOTAL_CAP_FL,2023-03-31,2023-Q1,0.220874
IT,TOTAL_CAP_FL,2023-06-30,2023-Q2,0.199299
IT,TOTAL_CAP_FL,2023-09-30,2023-Q3,0.217207
IT,TOTAL_CAP_FL,2023-12-31,2023-Q4,0.204327
IT,TOTAL_CAP_FL,2024-03-31,2024-Q1,0.23763
IT,TOTAL_CAP_FL,2024-06-30,2024-Q2,0.187596
IT,TOTAL_CAP_FL,2024-09-30,2024-Q3,0.207098
IT,TOTAL_CAP_FL,2024-12-31,2024-Q4,0.241133
LT,TOTAL_CAP_FL,2018-03-31,2018-Q1,0.189456
LT,TOTAL_CAP_FL,2018-06-30,2018-Q2,0.214045
LT,TOTAL_CAP_FL,2018-09-30,2018-Q3,0.235276
LT,TOTAL_CAP_FL,2018-12-31,2018-Q4,0.201147
LT,TOTAL_CAP_FL,2019-03-31,2019-Q1,0.191032
LT,TOTAL_CAP_FL,2019-06-30,2019-Q2,0.238592
LT,TOTAL_CAP_FL,2019-09-30,2019-Q3,0.231636
LT,TOTAL_CAP_FL,2019-12-31,2019-Q4,0.209163
LT,TOTAL_CAP_FL,2020-03-31,2020-Q1,0.232316
LT,TOTAL_CAP_FL,2020-06-30,2020-Q2,0.193362
LT,TOTAL_CAP_FL,2020-09-30,2020-Q3,0.189523
LT,TOTAL_CAP_FL,2020-12-31,2020-Q4,0.209736
LT,TOTAL_CAP_FL,2021-03-31,2021-Q1,0.219615
LT,TOTAL_CAP_FL,2021-06-30,2021-Q2,0.229381
LT,TOTAL_CAP_FL,2021-09-30,2021-Q3,0.221723
LT,TOTAL_CAP_FL,2021-12-31,2021-Q4,0.235034
LT,TOTAL_CAP_FL,2022-03-31,2022-Q1,0.216573
LT,TOTAL_CAP_FL,2022-06-30,2022-Q2,0.21369
LT,TOTAL_CAP_FL,2022-09-30,2022-Q3,0.187343
LT,TOTAL_CAP_FL,2022-12-31,2022-Q4,0.238959
LT,TOTAL_CAP_FL,2023-03-31,2023-Q1,0.20924
LT,TOTAL_CAP_FL,2023-06-30,2023-Q2,0.187728
LT,TOTAL_CAP_FL,2023-09-30,2023-Q3,0.211354
LT,TOTAL_CAP_FL,2023-12-31,2023-Q4,0.214782
LT,TOTAL_CAP_FL,2024-03-31,2024-Q1,0.234634
LT,TOTAL_CAP_FL,2024-06-30,2024-Q2,0.181183
LT,TOTAL_CAP_FL,2024-09-30,2024-Q3,0.210475
LT,TOTAL_CAP_FL,2024-12-31,2024-Q4,0.217493
LU,TOTAL_CAP_FL,2018-03-31,2018-Q1,0.187787
LU,TOTAL_CAP_FL,2018-06-30,2018-Q2,0.194356
LU,TOTAL_CAP_FL,2018-09-30,2018-Q3,0.205171
LU,TOTAL_CAP_FL,2018-12-31,2018-Q4,0.195454
LU,TOTAL_CAP_FL,2019-03-31,2019-Q1,0.153351
LU,TOTAL_CAP_FL,2019-06-30,2019-Q2,0.193751
LU,TOTAL_CAP_FL,2019-09-30,2019-Q3,0.180919
LU,TOTAL_CAP_FL,2019-12-31,2019-Q4,0.183203
LU,TOTAL_CAP_FL,2020-03-31,2020-Q1,0.153548
LU,TOTAL_CAP_FL,2020-06-30,2020-Q2,0.201458
LU,TOTAL_CAP_FL,2020-09-30,2020-Q3,0.173481
LU,TOTAL_CAP_FL,2020-12-31,2020-Q4,0.180029
LU,TOTAL_CAP_FL,2021-03-31,2021-Q1,0.18647
LU,TOTAL_CAP_FL,2021-06-30,2021-Q2,0.19578
LU,TOTAL_CAP_FL,2021-09-30,2021-Q3,0.17352
LU,TOTAL_CAP_FL,2021-12-31,2021-Q4,0.202592
LU,TOTAL_CAP_FL,2022-03-31,2022-Q1,0.151485
LU,TOTAL_CAP_FL,2022-06-30,2022-Q2,0.197395
LU,TOTAL_CAP_FL,2022-09-30,2022-Q3,0.184932
LU,TOTAL_CAP_FL,2022-12-31,2022-Q4,0.162563
LU,TOTAL_CAP_FL,2023-03-31,2023-Q1,0.159866
LU,TOTAL_CAP_FL,2023-06-30,2023-Q2,0.204278
LU,TOTAL_CAP_FL,2023-09-30,2023-Q3,0.16766
LU,TOTAL_CAP_FL,2023-12-31,2023-Q4,0.154562
LU,TOTAL_CAP_FL,2024-03-31,2024-Q1,0.155918
LU,TOTAL_CAP_FL,2024-06-30,2024-Q2,0.207995
LU,TOTAL_CAP_FL,2024-09-30,2024-Q3,0.173812
LU,TOTAL_CAP_FL,2024-12-31,2024-Q4,0.180781
LV,TOTAL_CAP_FL,2018-03-31,2018-Q1,0.205298
LV,TOTAL_CAP_FL,2018-06-30,2018-Q2,0.175302
LV,TOTAL_CAP_FL,2018-09-30,2018-Q3,0.187105
LV,TOTAL_CAP_FL,2018-12-31,2018-Q4,0.215784
LV,TOTAL_CAP_FL,2019-03-31,2019-Q1,0.220583
LV,TOTAL_CAP_FL,2019-06-30,2019-Q2,0.2206
LV,TOTAL_CAP_FL,2019-09-30,2019-Q3,0.18466
LV,TOTAL_CAP_FL,2019-12-31,2019-Q4,0.231811
LV,TOTAL_CAP_FL,2020-03-31,2020-Q1,0.199985
LV,TOTAL_CAP_FL,2020-06-30,2020-Q2,0.212871
LV,TOTAL_CAP_FL,2020-09-30,2020-Q3,0.180259
LV,TOTAL_CAP_FL,2020-12-31,2020-Q4,0.186912
LV,TOTAL_CAP_FL,2021-03-31,2021-Q1,0.203256
LV,TOTAL_CAP_FL,2021-06-30,2021-Q2,0.198906
LV,TOTAL_CAP_FL,2021-09-30,2021-Q3,0.174961
LV,TOTAL_CAP_FL,2021-12-31,2021-Q4,0.224282
LV,TOTAL_CAP_FL,2022-03-31,2022-Q1,0.215394
LV,TOTAL_CAP_FL,2022-06-30,2022-Q2,0.222169
LV,TOTAL_CAP_FL,2022-09-30,2022-Q3,0.215467
LV,TOTAL_CAP_FL,2022-12-31,2022-Q4,0.200015
LV,TOTAL_CAP_FL,2023-03-31,2023-Q1,0.185018
LV,TOTAL_CAP_FL,2023-06-30,2023-Q2,0.191461
LV,TOTAL_CAP_FL,2023-09-30,2023-Q3,0.232553
LV,TOTAL_CAP_FL,2023-12-31,2023-Q4,0.208921
LV,TOTAL_CAP_FL,2024-03-31,2024-Q1,0.225727
LV,TOTAL_CAP_FL,2024-06-30,2024-Q2,0.22873
LV,TOTAL_CAP_FL,2024-09-30,2024-Q3,0.213719
LV,TOTAL_CAP_FL,2024-12-31,2024-Q4,0.189804
MT,TOTAL_CAP_FL,2018-03-31,2018-Q1,0.20261
MT,TOTAL_CAP_FL,2018-06-30,2018-Q2,0.180084
MT,TOTAL_CAP_FL,2018-09-30,2018-Q3,0.208522
MT,TOTAL_CAP_FL,2018-12-31,2018-Q4,0.186589
MT,TOTAL_CAP_FL,2019-03-31,2019-Q1,0.217721
MT,TOTAL_CAP_FL,2019-06-30,2019-Q2,0.174406
MT,TOTAL_CAP_FL,2019-09-30,2019-Q3,0.233818
MT,TOTAL_CAP_FL,2019-12-31,2019-Q4,0.222967
MT,TOTAL_CAP_FL,2020-03-31,2020-Q1,0.185683
MT,TOTAL_CAP_FL,2020-06-30,2020-Q2,0.197778
MT,TOTAL_CAP_FL,2020-09-30,2020-Q3,0.198033
MT,TOTAL_CAP_FL,2020-12-31,2020-Q4,0.217078
MT,TOTAL_CAP_FL,2021-03-31,2021-Q1,0.225019
MT,TOTAL_CAP_FL,2021-06-30,2021-Q2,0.231599
MT,TOTAL_CAP_FL,2021-09-30,2021-Q3,0.180894
MT,TOTAL_CAP_FL,2021-12-31,2021-Q4,0.204226
MT,TOTAL_CAP_FL,2022-03-31,2022-Q1,0.217013
MT,TOTAL_CAP_FL,2022-06-30,2022-Q2,0.206028
MT,TOTAL_CAP_FL,2022-09-30,2022-Q3,0.220435
MT,TOTAL_CAP_FL,2022-12-31,2022-Q4,0.224615
MT,TOTAL_CAP_FL,2023-03-31,2023-Q1,0.226712
MT,TOTAL_CAP_FL,2023-06-30,2023-Q2,0.233978
MT,TOTAL_CAP_FL,2023-09-30,2023-Q3,0.193812
MT,TOTAL_CAP_FL,2023-12-31,2023-Q4,0.181449
MT,TOTAL_CAP_FL,2024-03-31,2024-Q1,0.224218
MT,TOTAL_CAP_FL,2024-06-30,2024-Q2,0.21708
MT,TOTAL_CAP_FL,2024-09-30,2024-Q3,0.197285
MT,TOTAL_CAP_FL,2024-12-31,2024-Q4,0.177022
NL,TOTAL_CAP_FL,2018-03-31,2018-Q1,0.239701
NL,TOTAL_CAP_FL,2018-06-30,2018-Q2,0.24335
NL,TOTAL_CAP_FL,2018-09-30,2018-Q3,0.210096
NL,TOTAL_CAP_FL,2018-12-31,2018-Q4,0.218302
NL,TOTAL_CAP_FL,2019-03-31,2019-Q1,0.229907
NL,TOTAL_CAP_FL,2019-06-30,2019-Q2,0.241861
NL,TOTAL_CAP_FL,2019-09-30,2019-Q3,0.213349
NL,TOTAL_CAP_FL,2019-12-31,2019-Q4,0.244482
NL,TOTAL_CAP_FL,2020-03-31,2020-Q1,0.22752
NL,TOTAL_CAP_FL,2020-06-30,2020-Q2,0.19732
NL,TOTAL_CAP_FL,2020-09-30,2020-Q3,0.225183
NL,TOTAL_CAP_FL,2020-12-31,2020-Q4,0.226089
NL,TOTAL_CAP_FL,2021-03-31,2021-Q1,0.239449
NL,TOTAL_CAP_FL,2021-06-30,2021-Q2,0.199011
NL,TOTAL_CAP_FL,2021-09-30,2021-Q3,0.243376
NL,TOTAL_CAP_FL,2021-12-31,2021-Q4,0.239621
NL,TOTAL_CAP_FL,2022-03-31,2022-Q1,0.198953
NL,TOTAL_CAP_FL,2022-06-30,2022-Q2,0.201592
NL,TOTAL_CAP_FL,2022-09-30,2022-Q3,0.18933
NL,TOTAL_CAP_FL,2022-12-31,2022-Q4,0.210685
NL,TOTAL_CAP_FL,2023-03-31,2023-Q1,0.214255
NL,TOTAL_CAP_FL,2023-06-30,2023-Q2,0.185855
NL,TOTAL_CAP_FL,2023-09-30,2023-Q3,0.223252
NL,TOTAL_CAP_FL,2023-12-31,2023-Q4,0.193862
NL,TOTAL_CAP_FL,2024-03-31,2024-Q1,0.188022
NL,TOTAL_CAP_FL,2024-06-30,2024-Q2,0.239455
NL,TOTAL_CAP_FL,2024-09-30,2024-Q3,0.238668
NL,TOTAL_CAP_FL,2024-12-31,2024-Q4,0.198197
NO,TOTAL_CAP_FL,2018-03-31,2018-Q1,0.211779
NO,TOTAL_CAP_FL,2018-06-30,2018-Q2,0.159842
NO,TOTAL_CAP_FL,2018-09-30,2018-Q3,0.18374
NO,TOTAL_CAP_FL,2018-12-31,2018-Q4,0.175146
NO,TOTAL_CAP_FL,2019-03-31,2019-Q1,0.192369
NO,TOTAL_CAP_FL,2019-06-30,2019-Q2,0.213088
NO,TOTAL_CAP_FL,2019-09-30,2019-Q3,0.166884
NO,TOTAL_CAP_FL,2019-12-31,2019-Q4,0.16861
NO,TOTAL_CAP_FL,2020-03-31,2020-Q1,0.206902
NO,TOTAL_CAP_FL,2020-06-30,2020-Q2,0.190995
NO,TOTAL_CAP_FL,2020-09-30,2020-Q3,0.201829
NO,TOTAL_CAP_FL,2020-12-31,2020-Q4,0.204926
NO,TOTAL_CAP_FL,2021-03-31,2021-Q1,0.211279
NO,TOTAL_CAP_FL,2021-06-30,2021-Q2,0.160239
NO,TOTAL_CAP_FL,2021-09-30,2021-Q3,0.199732
NO,TOTAL_CAP_FL,2021-12-31,2021-Q4,0.175903
NO,TOTAL_CAP_FL,2022-03-31,2022-Q1,0.20035
NO,TOTAL_CAP_FL,2022-06-30,2022-Q2,0.17653
NO,TOTAL_CAP_FL,2022-09-30,2022-Q3,0.158475
NO,TOTAL_CAP_FL,2022-12-31,2022-Q4,0.180968
NO,TOTAL_CAP_FL,2023-03-31,2023-Q1,0.202819
NO,TOTAL_CAP_FL,2023-06-30,2023-Q2,0.174364
NO,TOTAL_CAP_FL,2023-09-30,2023-Q3,0.184987
NO,TOTAL_CAP_FL,2023-12-31,2023-Q4,0.198327
NO,TOTAL_CAP_FL,2024-03-31,2024-Q1,0.21102
NO,TOTAL_CAP_FL,2024-06-30,2024-Q2,0.183287
NO,TOTAL_CAP_FL,2024-09-30,2024-Q3,0.176645
NO,TOTAL_CAP_FL,2024-12-31,2024-Q4,0.210458
PL,TOTAL_CAP_FL,2018-03-31,2018-Q1,0.199893
PL,TOTAL_CAP_FL,2018-06-30,2018-Q2,0.210468
PL,TOTAL_CAP_FL,2018-09-30,2018-Q3,0.178761
PL,TOTAL_CAP_FL,2018-12-31,2018-Q4,0.215491
PL,TOTAL_CAP_FL,2019-03-31,2019-Q1,0.20611
PL,TOTAL_CAP_FL,2019-06-30,2019-Q2,0.216789
PL,TOTAL_CAP_FL,2019-09-30,2019-Q3,0.209517
PL,TOTAL_CAP_FL,2019-12-31,2019-Q4,0.174299
PL,TOTAL_CAP_FL,2020-03-31,2020-Q1,0.169176
PL,TOTAL_CAP_FL,2020-06-30,2020-Q2,0.200895
PL,TOTAL_CAP_FL,2020-09-30,2020-Q3,0.210997
PL,TOTAL_CAP_FL,2020-12-31,2020-Q4,0.190244
PL,TOTAL_CAP_FL,2021-03-31,2021-Q1,0.208875
PL,TOTAL_CAP_FL,2021-06-30,2021-Q2,0.188124
PL,TOTAL_CAP_FL,2021-09-30,2021-Q3,0.204655
PL,TOTAL_CAP_FL,2021-12-31,2021-Q4,0.186552
PL,TOTAL_CAP_FL,2022-03-31,2022-Q1,0.190316
PL,TOTAL_CAP_FL,2022-06-30,2022-Q2,0.184445
PL,TOTAL_CAP_FL,2022-09-30,2022-Q3,0.222176
PL,TOTAL_CAP_FL,2022-12-31,2022-Q4,0.210334
PL,TOTAL_CAP_FL,2023-03-31,2023-Q1,0.171636
PL,TOTAL_CAP_FL,2023-06-30,2023-Q2,0.166433
PL,TOTAL_CAP_FL,2023-09-30,2023-Q3,0.173293
PL,TOTAL_CAP_FL,2023-12-31,2023-Q4,0.168112
PL,TOTAL_CAP_FL,2024-03-31,2024-Q1,0.20499
PL,TOTAL_CAP_FL,2024-06-30,2024-Q2,0.216392
PL,TOTAL_CAP_FL,2024-09-30,2024-Q3,0.208885
PL,TOTAL_CAP_FL,2024-12-31,2024-Q4,0.214459
PT,TOTAL_CAP_FL,2018-03-31,2018-Q1,0.187912
PT,TOTAL_CAP_FL,2018-06-30,2018-Q2,0.202483
PT,TOTAL_CAP_FL,2018-09-30,2018-Q3,0.231507
PT,TOTAL_CAP_FL,2018-12-31,2018-Q4,0.223324
PT,TOTAL_CAP_FL,2019-03-31,2019-Q1,0.213915
PT,TOTAL_CAP_FL,2019-06-30,2019-Q2,0.204259
PT,TOTAL_CAP_FL,2019-09-30,2019-Q3,0.184339
PT,TOTAL_CAP_FL,2019-12-31,2019-Q4,0.181173
PT,TOTAL_CAP_FL,2020-03-31,2020-Q1,0.226886
PT,TOTAL_CAP_FL,2020-06-30,2020-Q2,0.240114
PT,TOTAL_CAP_FL,2020-09-30,2020-Q3,0.203472
PT,TOTAL_CAP_FL,2020-12-31,2020-Q4,0.232027
PT,TOTAL_CAP_FL,2021-03-31,2021-Q1,0.187543
PT,TOTAL_CAP_FL,2021-06-30,2021-Q2,0.203478
PT,TOTAL_CAP_FL,2021-09-30,2021-Q3,0.197271
PT,TOTAL_CAP_FL,2021-12-31,2021-Q4,0.199381
PT,TOTAL_CAP_FL,2022-03-31,2022-Q1,0.197051
PT,TOTAL_CAP_FL,2022-06-30,2022-Q2,0.188713
PT,TOTAL_CAP_FL,2022-09-30,2022-Q3,0.184167
PT,TOTAL_CAP_FL,2022-12-31,2022-Q4,0.228404
PT,TOTAL_CAP_FL,2023-03-31,2023-Q1,0.189209
PT,TOTAL_CAP_FL,2023-06-30,2023-Q2,0.184113
PT,TOTAL_CAP_FL,2023-09-30,2023-Q3,0.21379
PT,TOTAL_CAP_FL,2023-12-31,2023-Q4,0.198032
PT,TOTAL_CAP_FL,2024-03-31,2024-Q1,0.220519
PT,TOTAL_CAP_FL,2024-06-30,2024-Q2,0.190697
PT,TOTAL_CAP_FL,2024-09-30,2024-Q3,0.19509
PT,TOTAL_CAP_FL,2024-12-31,2024-Q4,0.223536
RO,TOTAL_CAP_FL,2018-03-31,2018-Q1,0.215975
RO,TOTAL_CAP_FL,2018-06-30,2018-Q2,0.219732
RO,TOTAL_CAP_FL,2018-09-30,2018-Q3,0.234782
RO,TOTAL_CAP_FL,2018-12-31,2018-Q4,0.239091
RO,TOTAL_CAP_FL,2019-03-31,2019-Q1,0.184214
RO,TOTAL_CAP_FL,2019-06-30,2019-Q2,0.225269
RO,TOTAL_CAP_FL,2019-09-30,2019-Q3,0.211068
RO,TOTAL_CAP_FL,2019-12-31,2019-Q4,0.241087
RO,TOTAL_CAP_FL,2020-03-31,2020-Q1,0.229937
RO,TOTAL_CAP_FL,2020-06-30,2020-Q2,0.213775
RO,TOTAL_CAP_FL,2020-09-30,2020-Q3,0.206041
RO,TOTAL_CAP_FL,2020-12-31,2020-Q4,0.242616
RO,TOTAL_CAP_FL,2021-03-31,2021-Q1,0.218475
RO,TOTAL_CAP_FL,2021-06-30,2021-Q2,0.238
RO,TOTAL_CAP_FL,2021-09-30,2021-Q3,0.194085
RO,TOTAL_CAP_FL,2021-12-31,2021-Q4,0.215022
RO,TOTAL_CAP_FL,2022-03-31,2022-Q1,0.211617
RO,TOTAL_CAP_FL,2022-06-30,2022-Q2,0.213605
RO,TOTAL_CAP_FL,2022-09-30,2022-Q3,0.19731
RO,TOTAL_CAP_FL,2022-12-31,2022-Q4,0.237706
RO,TOTAL_CAP_FL,2023-03-31,2023-Q1,0.229212
RO,TOTAL_CAP_FL,2023-06-30,2023-Q2,0.196201
RO,TOTAL_CAP_FL,2023-09-30,2023-Q3,0.202452
RO,TOTAL_CAP_FL,2023-12-31,2023-Q4,0.225445
RO,TOTAL_CAP_FL,2024-03-31,2024-Q1,0.233553
RO,TOTAL_CAP_FL,2024-06-30,2024-Q2,0.188265
RO,TOTAL_CAP_FL,2024-09-30,2024-Q3,0.205905
RO,TOTAL_CAP_FL,2024-12-31,2024-Q4,0.194102
SE,TOTAL_CAP_FL,2018-03-31,2018-Q1,0.169296
SE,TOTAL_CAP_FL,2018-06-30,2018-Q2,0.204278
SE,TOTAL_CAP_FL,2018-09-30,2018-Q3,0.192472
SE,TOTAL_CAP_FL,2018-12-31,2018-Q4,0.212537
SE,TOTAL_CAP_FL,2019-03-31,2019-Q1,0.167204
SE,TOTAL_CAP_FL,2019-06-30,2019-Q2,0.162329
SE,TOTAL_CAP_FL,2019-09-30,2019-Q3,0.185286
SE,TOTAL_CAP_FL,2019-12-31,2019-Q4,0.213167
SE,TOTAL_CAP_FL,2020-03-31,2020-Q1,0.181973
SE,TOTAL_CAP_FL,2020-06-30,2020-Q2,0.198656
SE,TOTAL_CAP_FL,2020-09-30,2020-Q3,0.197833
SE,TOTAL_CAP_FL,2020-12-31,2020-Q4,0.189108
SE,TOTAL_CAP_FL,2021-03-31,2021-Q1,0.200656
SE,TOTAL_CAP_FL,2021-06-30,2021-Q2,0.178735
SE,TOTAL_CAP_FL,2021-09-30,2021-Q3,0.212088
SE,TOTAL_CAP_FL,2021-12-31,2021-Q4,0.211159
SE,TOTAL_CAP_FL,2022-03-31,2022-Q1,0.214705
SE,TOTAL_CAP_FL,2022-06-30,2022-Q2,0.168381
SE,TOTAL_CAP_FL,2022-09-30,2022-Q3,0.180929
SE,TOTAL_CAP_FL,2022-12-31,2022-Q4,0.180366
SE,TOTAL_CAP_FL,2023-03-31,2023-Q1,0.204491
SE,TOTAL_CAP_FL,2023-06-30,2023-Q2,0.178656
SE,TOTAL_CAP_FL,2023-09-30,2023-Q3,0.194313
SE,TOTAL_CAP_FL,2023-12-31,2023-Q4,0.203241
SE,TOTAL_CAP_FL,2024-03-31,2024-Q1,0.17738
SE,TOTAL_CAP_FL,2024-06-30,2024-Q2,0.17954
SE,TOTAL_CAP_FL,2024-09-30,2024-Q3,0.160019
SE,TOTAL_CAP_FL,2024-12-31,2024-Q4,0.164642
SI,TOTAL_CAP_FL,2018-03-31,2018-Q1,0.181614
SI,TOTAL_CAP_FL,2018-06-30,2018-Q2,0.199935
SI,TOTAL_CAP_FL,2018-09-30,2018-Q3,0.171618
SI,TOTAL_CAP_FL,2018-12-31,2018-Q4,0.20188
SI,TOTAL_CAP_FL,2019-03-31,2019-Q1,0.176856
SI,TOTAL_CAP_FL,2019-06-30,2019-Q2,0.173646
SI,TOTAL_CAP_FL,2019-09-30,2019-Q3,0.189867
SI,TOTAL_CAP_FL,2019-12-31,2019-Q4,0.189043
SI,TOTAL_CAP_FL,2020-03-31,2020-Q1,0.215611
SI,TOTAL_CAP_FL,2020-06-30,2020-Q2,0.196857
SI,TOTAL_CAP_FL,2020-09-30,2020-Q3,0.177333
SI,TOTAL_CAP_FL,2020-12-31,2020-Q4,0.18114
SI,TOTAL_CAP_FL,2021-03-31,2021-Q1,0.205413
SI,TOTAL_CAP_FL,2021-06-30,2021-Q2,0.193835
SI,TOTAL_CAP_FL,2021-09-30,2021-Q3,0.199744
SI,TOTAL_CAP_FL,2021-12-31,2021-Q4,0.203302
SI,TOTAL_CAP_FL,2022-03-31,2022-Q1,0.196008
SI,TOTAL_CAP_FL,2022-06-30,2022-Q2,0.186303
SI,TOTAL_CAP_FL,2022-09-30,2022-Q3,0.191231
SI,TOTAL_CAP_FL,2022-12-31,2022-Q4,0.215916
SI,TOTAL_CAP_FL,2023-03-31,2023-Q1,0.197704
SI,TOTAL_CAP_FL,2023-06-30,2023-Q2,0.221781
SI,TOTAL_CAP_FL,2023-09-30,2023-Q3,0.215542
SI,TOTAL_CAP_FL,2023-12-31,2023-Q4,0.179072
SI,TOTAL_CAP_FL,2024-03-31,2024-Q1,0.199202
SI,TOTAL_CAP_FL,2024-06-30,2024-Q2,0.207693
SI,TOTAL_CAP_FL,2024-09-30,2024-Q3,0.206395
SI,TOTAL_CAP_FL,2024-12-31,2024-Q4,0.169589
SK,TOTAL_CAP_FL,2018-03-31,2018-Q1,0.181835
SK,TOTAL_CAP_FL,2018-06-30,2018-Q2,0.169869
SK,TOTAL_CAP_FL,2018-09-30,2018-Q3,0.194126
SK,TOTAL_CAP_FL,2018-12-31,2018-Q4,0.208766
SK,TOTAL_CAP_FL,2019-03-31,2019-Q1,0.189128
SK,TOTAL_CAP_FL,2019-06-30,2019-Q2,0.166867
SK,TOTAL_CAP_FL,2019-09-30,2019-Q3,0.180028
SK,TOTAL_CAP_FL,2019-12-31,2019-Q4,0.189439
SK,TOTAL_CAP_FL,2020-03-31,2020-Q1,0.205319
SK,TOTAL_CAP_FL,2020-06-30,2020-Q2,0.21265
SK,TOTAL_CAP_FL,2020-09-30,2020-Q3,0.191027
SK,TOTAL_CAP_FL,2020-12-31,2020-Q4,0.21001
SK,TOTAL_CAP_FL,2021-03-31,2021-Q1,0.183024
SK,TOTAL_CAP_FL,2021-06-30,2021-Q2,0.211569
SK,TOTAL_CAP_FL,2021-09-30,2021-Q3,0.202888
SK,TOTAL_CAP_FL,2021-12-31,2021-Q4,0.19172
SK,TOTAL_CAP_FL,2022-03-31,2022-Q1,0.167121
SK,TOTAL_CAP_FL,2022-06-30,2022-Q2,0.178959
SK,TOTAL_CAP_FL,2022-09-30,2022-Q3,0.187056
SK,TOTAL_CAP_FL,2022-12-31,2022-Q4,0.170304
SK,TOTAL_CAP_FL,2023-03-31,2023-Q1,0.216003
SK,TOTAL_CAP_FL,2023-06-30,2023-Q2,0.193646
SK,TOTAL_CAP_FL,2023-09-30,2023-Q3,0.205752
SK,TOTAL_CAP_FL,2023-12-31,2023-Q4,0.219081
SK,TOTAL_CAP_FL,2024-03-31,2024-Q1,0.172924
SK,TOTAL_CAP_FL,2024-06-30,2024-Q2,0.204306
SK,TOTAL_CAP_FL,2024-09-30,2024-Q3,0.20139
SK,TOTAL_CAP_FL,2024-12-31,2024-Q4,0.180191
