LEI_CODE,BANK_NAME,COUNTRY_CODE,REFERENCE_DATE,YEAR_QUARTER,INDICATOR_CODE,VALUE,TOTAL_ASSETS_BEUR,IS_GSIB,BANK_SIZE
AT_ERST,Erste Group,AT,2023-09-30,2023-Q3,CET1_FL,0.149458,566.4,1,LARGE
AT_ERST,Erste Group,AT,2023-12-31,2023-Q4,CET1_FL,0.158569,566.4,1,LARGE
AT_ERST,Erste Group,AT,2024-03-31,2024-Q1,CET1_FL,0.135428,566.4,1,LARGE
AT_ERST,Erste Group,AT,2024-06-30,2024-Q2,CET1_FL,0.118614,566.4,1,LARGE
AT_RBI,Raiffeisen Bank Intl,AT,2023-09-30,2023-Q3,CET1_FL,0.160911,484.4,0,LARGE
AT_RBI,Raiffeisen Bank Intl,AT,2023-12-31,2023-Q4,CET1_FL,0.170324,484.4,0,LARGE
AT_RBI,Raiffeisen Bank Intl,AT,2024-03-31,2024-Q1,CET1_FL,0.151066,484.4,0,LARGE
AT_RBI,Raiffeisen Bank Intl,AT,2024-06-30,2024-Q2,CET1_FL,0.190974,484.4,0,LARGE
BE_BEL,Belfius,BE,2023-09-30,2023-Q3,CET1_FL,0.125842,375.8,0,LARGE
BE_BEL,Belfius,BE,2023-12-31,2023-Q4,CET1_FL,0.172696,375.8,0,LARGE
BE_BEL,Belfius,BE,2024-03-31,2024-Q1,CET1_FL,0.138149,375.8,0,LARGE
BE_BEL,Belfius,BE,2024-06-30,2024-Q2,CET1_FL,0.137098,375.8,0,LARGE
BE_KBC,KBC Group,BE,2023-09-30,2023-Q3,CET1_FL,0.174382,530.9,1,LARGE
BE_KBC,KBC Group,BE,2023-12-31,2023-Q4,CET1_FL,0.131638,530.9,1,LARGE
BE_KBC,KBC Group,BE,2024-03-31,2024-Q1,CET1_FL,0.186271,530.9,1,LARGE
BE_KBC,KBC Group,BE,2024-06-30,2024-Q2,CET1_FL,0.166586,530.9,1,LARGE
BG_DSK,DSK Bank,BG,2023-09-30,2023-Q3,CET1_FL,0.12281,157.8,0,MEDIUM
BG_DSK,DSK Bank,BG,2023-12-31,2023-Q4,CET1_FL,0.144583,157.8,0,MEDIUM
BG_DSK,DSK Bank,BG,2024-03-31,2024-Q1,CET1_FL,0.191536,157.8,0,MEDIUM
BG_DSK,DSK Bank,BG,2024-06-30,2024-Q2,CET1_FL,0.15686,157.8,0,MEDIUM
CY_BOC,Bank of Cyprus,CY,2023-09-30,2023-Q3,CET1_FL,0.131068,302.2,0,LARGE
CY_BOC,Bank of Cyprus,CY,2023-12-31,2023-Q4,CET1_FL,0.18737,302.2,0,LARGE
CY_BOC,Bank of Cyprus,CY,2024-03-31,2024-Q1,CET1_FL,0.170572,302.2,0,LARGE
CY_BOC,Bank of Cyprus,CY,2024-06-30,2024-Q2,CET1_FL,0.127925,302.2,0,LARGE
CZ_KB,Komercni Banka,CZ,2023-09-30,2023-Q3,CET1_FL,0.192571,344.4,0,LARGE
CZ_KB,Komercni Banka,CZ,2023-12-31,2023-Q4,CET1_FL,0.191651,344.4,0,LARGE
CZ_KB,Komercni Banka,CZ,2024-03-31,2024-Q1,CET1_FL,0.130299,344.4,0,LARGE
CZ_KB,Komercni Banka,CZ,2024-06-30,2024-Q2,CET1_FL,0.145121,344.4,0,LARGE
DE_CBK,Commerzbank,DE,2023-09-30,2023-Q3,CET1_FL,0.127079,771.5,1,LARGE
DE_CBK,Commerzbank,DE,2023-12-31,2023-Q4,CET1_FL,0.12568,771.5,1,LARGE
DE_CBK,Commerzbank,DE,2024-03-31,2024-Q1,CET1_FL,0.121329,771.5,1,LARGE
DE_CBK,Commerzbank,DE,2024-06-30,2024-Q2,CET1_FL,0.19054,771.5,1,LARGE
DE_DZB,DZ Bank,DE,2023-09-30,2023-Q3,CET1_FL,0.139588,797.0,0,LARGE
DE_DZB,DZ Bank,DE,2023-12-31,2023-Q4,CET1_FL,0.183114,797.0,0,LARGE
DE_DZB,DZ Bank,DE,2024-03-31,2024-Q1,CET1_FL,0.186772,797.0,0,LARGE
DE_DZB,DZ Bank,DE,2024-06-30,2024-Q2,CET1_FL,0.123118,797.0,0,LARGE
DE_DBK,Deutsche Bank,DE,2023-09-30,2023-Q3,CET1_FL,0.176916,1559.6,1,LARGE
DE_DBK,Deutsche Bank,DE,2023-12-31,2023-Q4,CET1_FL,0.19042,1559.6,1,LARGE
DE_DBK,Deutsche Bank,DE,2024-03-31,2024-Q1,CET1_FL,0.154673,1559.6,1,LARGE
DE_DBK,Deutsche Bank,DE,2024-06-30,2024-Q2,CET1_FL,0.150366,1559.6,1,LARGE
DE_HCOB,Hamburg Commercial Bank,DE,2023-09-30,2023-Q3,CET1_FL,0.124323,287.9,0,MEDIUM
DE_HCOB,Hamburg Commercial Bank,DE,2023-12-31,2023-Q4,CET1_FL,0.149841,287.9,0,MEDIUM
DE_HCOB,Hamburg Commercial Bank,DE,2024-03-31,2024-Q1,CET1_FL,0.122097,287.9,0,MEDIUM
DE_HCOB,Hamburg Commercial Bank,DE,2024-06-30,2024-Q2,CET1_FL,0.128795,287.9,0,MEDIUM
DE_LBW,LBBW,DE,2023-09-30,2023-Q3,CET1_FL,0.179041,580.4,0,LARGE
DE_LBW,LBBW,DE,2023-12-31,2023-Q4,CET1_FL,0.190872,580.4,0,LARGE
DE_LBW,LBBW,DE,2024-03-31,2024-Q1,CET1_FL,0.146768,580.4,0,LARGE
DE_LBW,LBBW,DE,2024-06-30,2024-Q2,CET1_FL,0.168765,580.4,0,LARGE
DE_NORD,NORD/LB,DE,2023-09-30,2023-Q3,CET1_FL,0.156381,391.0,0,LARGE
DE_NORD,NORD/LB,DE,2023-12-31,2023-Q4,CET1_FL,0.124385,391.0,0,LARGE
DE_NORD,NORD/LB,DE,2024-03-31,2024-Q1,CET1_FL,0.131948,391.0,0,LARGE
DE_NORD,NORD/LB,DE,2024-06-30,2024-Q2,CET1_FL,0.178035,391.0,0,LARGE
DK_DAN,Danske Bank,DK,2023-09-30,2023-Q3,CET1_FL,0.130743,704.4,1,LARGE
DK_DAN,Danske Bank,DK,2023-12-31,2023-Q4,CET1_FL,0.153863,704.4,1,LARGE
DK_DAN,Danske Bank,DK,2024-03-31,2024-Q1,CET1_FL,0.158746,704.4,1,LARGE
DK_DAN,Danske Bank,DK,2024-06-30,2024-Q2,CET1_FL,0.138207,704.4,1,LARGE
DK_JYS,Jyske Bank,DK,2023-09-30,2023-Q3,CET1_FL,0.117605,118.6,0,MEDIUM
DK_JYS,Jyske Bank,DK,2023-12-31,2023-Q4,CET1_FL,0.16616,118.6,0,MEDIUM
DK_JYS,Jyske Bank,DK,2024-03-31,2024-Q1,CET1_FL,0.1914,118.6,0,MEDIUM
DK_JYS,Jyske Bank,DK,2024-06-30,2024-Q2,CET1_FL,0.123904,118.6,0,MEDIUM
EE_LHV,LHV Group,EE,2023-09-30,2023-Q3,CET1_FL,0.127048,156.0,0,MEDIUM
EE_LHV,LHV Group,EE,2023-12-31,2023-Q4,CET1_FL,0.157852,156.0,0,MEDIUM
EE_LHV,LHV Group,EE,2024-03-31,2024-Q1,CET1_FL,0.181371,156.0,0,MEDIUM
EE_LHV,LHV Group,EE,2024-06-30,2024-Q2,CET1_FL,0.134451,156.0,0,MEDIUM
ES_BBVA,BBVA,ES,2023-09-30,2023-Q3,CET1_FL,0.157812,863.5,1,LARGE
ES_BBVA,BBVA,ES,2023-12-31,2023-Q4,CET1_FL,0.149474,863.5,1,LARGE
ES_BBVA,BBVA,ES,2024-03-31,2024-Q1,CET1_FL,0.126223,863.5,1,LARGE
ES_BBVA,BBVA,ES,2024-06-30,2024-Q2,CET1_FL,0.200503,863.5,1,LARGE
ES_SAB,Banco Sabadell,ES,2023-09-30,2023-Q3,CET1_FL,0.14168,330.9,0,LARGE
ES_SAB,Banco Sabadell,ES,2023-12-31,2023-Q4,CET1_FL,0.159174,330.9,0,LARGE
ES_SAB,Banco Sabadell,ES,2024-03-31,2024-Q1,CET1_FL,0.173521,330.9,0,LARGE
ES_SAB,Banco Sabadell,ES,2024-06-30,2024-Q2,CET1_FL,0.153247,330.9,0,LARGE
ES_SAN,Banco Santander,ES,2023-09-30,2023-Q3,CET1_FL,0.171569,1996.1,1,LARGE
ES_SAN,Banco Santander,ES,2023-12-31,2023-Q4,CET1_FL,0.141591,1996.1,1,LARGE
ES_SAN,Banco Santander,ES,2024-03-31,2024-Q1,CET1_FL,0.153977,1996.1,1,LARGE
ES_SAN,Banco Santander,ES,2024-06-30,2024-Q2,CET1_FL,0.154275,1996.1,1,LARGE
ES_CABK,CaixaBank,ES,2023-09-30,2023-Q3,CET1_FL,0.185656,769.0,0,LARGE
ES_CABK,CaixaBank,ES,2023-12-31,2023-Q4,CET1_FL,0.138913,769.0,0,LARGE
ES_CABK,CaixaBank,ES,2024-03-31,2024-Q1,CET1_FL,0.155096,769.0,0,LARGE
ES_CABK,CaixaBank,ES,2024-06-30,2024-Q2,CET1_FL,0.182968,769.0,0,LARGE
FI_OP,OP Group,FI,2023-09-30,2023-Q3,CET1_FL,0.129046,280.1,0,MEDIUM
FI_OP,OP Group,FI,2023-12-31,2023-Q4,CET1_FL,0.121607,280.1,0,MEDIUM
FI_OP,OP Group,FI,2024-03-31,2024-Q1,CET1_FL,0.130801,280.1,0,MEDIUM
FI_OP,OP Group,FI,2024-06-30,2024-Q2,CET1_FL,0.138338,280.1,0,MEDIUM
FR_BNPP,BNP Paribas,FR,2023-09-30,2023-Q3,CET1_FL,0.146579,2685.9,1,LARGE
FR_BNPP,BNP Paribas,FR,2023-12-31,2023-Q4,CET1_FL,0.128893,2685.9,1,LARGE
FR_BNPP,BNP Paribas,FR,2024-03-31,2024-Q1,CET1_FL,0.13153,2685.9,1,LARGE
FR_BNPP,BNP Paribas,FR,2024-06-30,2024-Q2,CET1_FL,0.16261,2685.9,1,LARGE
FR_BPCE,BPCE,FR,2023-09-30,2023-Q3,CET1_FL,0.153742,1765.8,1,LARGE
FR_BPCE,BPCE,FR,2023-12-31,2023-Q4,CET1_FL,0.190108,1765.8,1,LARGE
FR_BPCE,BPCE,FR,2024-03-31,2024-Q1,CET1_FL,0.132668,1765.8,1,LARGE
FR_BPCE,BPCE,FR,2024-06-30,2024-Q2,CET1_FL,0.133077,1765.8,1,LARGE
FR_ACA,Credit Agricole Group,FR,2023-09-30,2023-Q3,CET1_FL,0.156196,2387.7,1,LARGE
FR_ACA,Credit Agricole Group,FR,2023-12-31,2023-Q4,CET1_FL,0.151666,2387.7,1,LARGE
FR_ACA,Credit Agricole Group,FR,2024-03-31,2024-Q1,CET1_FL,0.171677,2387.7,1,LARGE
FR_ACA,Credit Agricole Group,FR,2024-06-30,2024-Q2,CET1_FL,0.140617,2387.7,1,LARGE
FR_HSBC,HSBC Continental Europe,FR,2023-09-30,2023-Q3,CET1_FL,0.175236,475.5,0,LARGE
FR_HSBC,HSBC Continental Europe,FR,2023-12-31,2023-Q4,CET1_FL,0.120178,475.5,0,LARGE
FR_HSBC,HSBC Continental Europe,FR,2024-03-31,2024-Q1,CET1_FL,0.194124,475.5,0,LARGE
FR_HSBC,HSBC Continental Europe,FR,2024-06-30,2024-Q2,CET1_FL,0.18352,475.5,0,LARGE
FR_GLE,Societe Generale,FR,2023-09-30,2023-Q3,CET1_FL,0.121011,1766.0,1,LARGE
FR_GLE,Societe Generale,FR,2023-12-31,2023-Q4,CET1_FL,0.14372,1766.0,1,LARGE
FR_GLE,Societe Generale,FR,2024-03-31,2024-Q1,CET1_FL,0.164676,1766.0,1,LARGE
FR_GLE,Societe Generale,FR,2024-06-30,2024-Q2,CET1_FL,0.169659,1766.0,1,LARGE
GR_ALPHA,Alpha Bank,GR,2023-09-30,2023-Q3,CET1_FL,0.118189,295.5,0,MEDIUM
GR_ALPHA,Alpha Bank,GR,2023-12-31,2023-Q4,CET1_FL,0.137651,295.5,0,MEDIUM
GR_ALPHA,Alpha Bank,GR,2024-03-31,2024-Q1,CET1_FL,0.169703,295.5,0,MEDIUM
GR_ALPHA,Alpha Bank,GR,2024-06-30,2024-Q2,CET1_FL,0.178636,295.5,0,MEDIUM
GR_ETE,Eurobank Ergasias,GR,2023-09-30,2023-Q3,CET1_FL,0.121102,315.4,0,LARGE
GR_ETE,Eurobank Ergasias,GR,2023-12-31,2023-Q4,CET1_FL,0.148565,315.4,0,LARGE
GR_ETE,Eurobank Ergasias,GR,2024-03-31,2024-Q1,CET1_FL,0.124567,315.4,0,LARGE
GR_ETE,Eurobank Ergasias,GR,2024-06-30,2024-Q2,CET1_FL,0.167342,315.4,0,LARGE
GR_NBG,National Bank of Greece,GR,2023-09-30,2023-Q3,CET1_FL,0.187172,325.7,0,LARGE
GR_NBG,National Bank of Greece,GR,2023-12-31,2023-Q4,CET1_FL,0.179804,325.7,0,LARGE
GR_NBG,National Bank of Greece,GR,2024-03-31,2024-Q1,CET1_FL,0.141632,325.7,0,LARGE
GR_NBG,National Bank of Greece,GR,2024-06-30,2024-Q2,CET1_FL,0.1643,325.7,0,LARGE
GR_PIR,Piraeus Bank,GR,2023-09-30,2023-Q3,CET1_FL,0.184526,212.6,0,MEDIUM
GR_PIR,Piraeus Bank,GR,2023-12-31,2023-Q4,CET1_FL,0.135117,212.6,0,MEDIUM
GR_PIR,Piraeus Bank,GR,2024-03-31,2024-Q1,CET1_FL,0.139912,212.6,0,MEDIUM
GR_PIR,Piraeus Bank,GR,2024-06-30,2024-Q2,CET1_FL,0.18578,212.6,0,MEDIUM
HR_ZABA,Zagrebacka Banka,HR,2023-09-30,2023-Q3,CET1_FL,0.164939,287.4,0,MEDIUM
HR_ZABA,Zagrebacka Banka,HR,2023-12-31,2023-Q4,CET1_FL,0.130216,287.4,0,MEDIUM
HR_ZABA,Zagrebacka Banka,HR,2024-03-31,2024-Q1,CET1_FL,0.180951,287.4,0,MEDIUM
HR_ZABA,Zagrebacka Banka,HR,2024-06-30,2024-Q2,CET1_FL,0.138445,287.4,0,MEDIUM
HU_OTP,OTP Bank,HU,2023-09-30,2023-Q3,CET1_FL,0.184628,292.8,0,MEDIUM
HU_OTP,OTP Bank,HU,2023-12-31,2023-Q4,CET1_FL,0.144576,292.8,0,MEDIUM
HU_OTP,OTP Bank,HU,2024-03-31,2024-Q1,CET1_FL,0.155725,292.8,0,MEDIUM
HU_OTP,OTP Bank,HU,2024-06-30,2024-Q2,CET1_FL,0.17896,292.8,0,MEDIUM
IE_AIB,AIB Group,IE,2023-09-30,2023-Q3,CET1_FL,0.135801,356.4,0,LARGE
IE_AIB,AIB Group,IE,2023-12-31,2023-Q4,CET1_FL,0.192535,356.4,0,LARGE
IE_AIB,AIB Group,IE,2024-03-31,2024-Q1,CET1_FL,0.195199,356.4,0,LARGE
IE_AIB,AIB Group,IE,2024-06-30,2024-Q2,CET1_FL,0.143806,356.4,0,LARGE
IE_BIRG,Bank of Ireland,IE,2023-09-30,2023-Q3,CET1_FL,0.156514,134.8,0,MEDIUM
IE_BIRG,Bank of Ireland,IE,2023-12-31,2023-Q4,CET1_FL,0.132369,134.8,0,MEDIUM
IE_BIRG,Bank of Ireland,IE,2024-03-31,2024-Q1,CET1_FL,0.132303,134.8,0,MEDIUM
IE_BIRG,Bank of Ireland,IE,2024-06-30,2024-Q2,CET1_FL,0.197318,134.8,0,MEDIUM
IS_LAN,Landsbankinn,IS,2023-09-30,2023-Q3,CET1_FL,0.15927,252.3,0,MEDIUM
IS_LAN,Landsbankinn,IS,2023-12-31,2023-Q4,CET1_FL,0.168574,252.3,0,MEDIUM
IS_LAN,Landsbankinn,IS,2024-03-31,2024-Q1,CET1_FL,0.156547,252.3,0,MEDIUM
IS_LAN,Landsbankinn,IS,2024-06-30,2024-Q2,CET1_FL,0.149525,252.3,0,MEDIUM
IT_BAMI,Banco BPM,IT,2023-09-30,2023-Q3,CET1_FL,0.142803,406.3,0,LARGE
IT_BAMI,Banco BPM,IT,2023-12-31,2023-Q4,CET1_FL,0.156844,406.3,0,LARGE
IT_BAMI,Banco BPM,IT,2024-03-31,2024-Q1,CET1_FL,0.146414,406.3,0,LARGE
IT_BAMI,Banco BPM,IT,2024-06-30,2024-Q2,CET1_FL,0.135478,406.3,0,LARGE
IT_ISP,Intesa Sanpaolo,IT,2023-09-30,2023-Q3,CET1_FL,0.191629,936.6,1,LARGE
IT_ISP,Intesa Sanpaolo,IT,2023-12-31,2023-Q4,CET1_FL,0.174725,936.6,1,LARGE
IT_ISP,Intesa Sanpaolo,IT,2024-03-31,2024-Q1,CET1_FL,0.138221,936.6,1,LARGE
IT_ISP,Intesa Sanpaolo,IT,2024-06-30,2024-Q2,CET1_FL,0.161337,936.6,1,LARGE
IT_MED,Mediobanca,IT,2023-09-30,2023-Q3,CET1_FL,0.176175,263.0,0,MEDIUM
IT_MED,Mediobanca,IT,2023-12-31,2023-Q4,CET1_FL,0.188263,263.0,0,MEDIUM
IT_MED,Mediobanca,IT,2024-03-31,2024-Q1,CET1_FL,0.149157,263.0,0,MEDIUM
IT_MED,Mediobanca,IT,2024-06-30,2024-Q2,CET1_FL,0.145513,263.0,0,MEDIUM
IT_BMPS,Monte dei Paschi,IT,2023-09-30,2023-Q3,CET1_FL,0.124813,342.8,0,LARGE
IT_BMPS,Monte dei Paschi,IT,2023-12-31,2023-Q4,CET1_FL,0.130476,342.8,0,LARGE
IT_BMPS,Monte dei Paschi,IT,2024-03-31,2024-Q1,CET1_FL,0.133059,342.8,0,LARGE
IT_BMPS,Monte dei Paschi,IT,2024-06-30,2024-Q2,CET1_FL,0.126783,342.8,0,LARGE
IT_UCG,UniCredit,IT,2023-09-30,2023-Q3,CET1_FL,0.133697,995.9,1,LARGE
IT_UCG,UniCredit,IT,2023-12-31,2023-Q4,CET1_FL,0.16699,995.9,1,LARGE
IT_UCG,UniCredit,IT,2024-03-31,2024-Q1,CET1_FL,0.166143,995.9,1,LARGE
IT_UCG,UniCredit,IT,2024-06-30,2024-Q2,CET1_FL,0.139099,995.9,1,LARGE
LI_LLB,Liechtensteinische LB,LI,2023-09-30,2023-Q3,CET1_FL,0.126523,293.7,0,MEDIUM
LI_LLB,Liechtensteinische LB,LI,2023-12-31,2023-Q4,CET1_FL,0.192781,293.7,0,MEDIUM
LI_LLB,Liechtensteinische LB,LI,2024-03-31,2024-Q1,CET1_FL,0.122755,293.7,0,MEDIUM
LI_LLB,Liechtensteinische LB,LI,2024-06-30,2024-Q2,CET1_FL,0.129274,293.7,0,MEDIUM
LT_SBLT,Siauliu Bankas,LT,2023-09-30,2023-Q3,CET1_FL,0.186627,286.8,0,MEDIUM
LT_SBLT,Siauliu Bankas,LT,2023-12-31,2023-Q4,CET1_FL,0.150844,286.8,0,MEDIUM
LT_SBLT,Siauliu Bankas,LT,2024-03-31,2024-Q1,CET1_FL,0.156886,286.8,0,MEDIUM
LT_SBLT,Siauliu Bankas,LT,2024-06-30,2024-Q2,CET1_FL,0.190179,286.8,0,MEDIUM
LU_BIL,Banque Internationale Lux,LU,2023-09-30,2023-Q3,CET1_FL,0.163228,297.7,0,MEDIUM
LU_BIL,Banque Internationale Lux,LU,2023-12-31,2023-Q4,CET1_FL,0.170531,297.7,0,MEDIUM
LU_BIL,Banque Internationale Lux,LU,2024-03-31,2024-Q1,CET1_FL,0.138069,297.7,0,MEDIUM
LU_BIL,Banque Internationale Lux,LU,2024-06-30,2024-Q2,CET1_FL,0.190235,297.7,0,MEDIUM
LV_SWLV,Swedbank Latvia,LV,2023-09-30,2023-Q3,CET1_FL,0.157949,168.3,1,MEDIUM
LV_SWLV,Swedbank Latvia,LV,2023-12-31,2023-Q4,CET1_FL,0.187471,168.3,1,MEDIUM
LV_SWLV,Swedbank Latvia,LV,2024-03-31,2024-Q1,CET1_FL,0.147022,168.3,1,MEDIUM
LV_SWLV,Swedbank Latvia,LV,2024-06-30,2024-Q2,CET1_FL,0.179336,168.3,1,MEDIUM
MT_BOV,Bank of Valletta,MT,2023-09-30,2023-Q3,CET1_FL,0.1297,131.9,0,MEDIUM
MT_BOV,Bank of Valletta,MT,2023-12-31,2023-Q4,CET1_FL,0.163462,131.9,0,MEDIUM
MT_BOV,Bank of Valletta,MT,2024-03-31,2024-Q1,CET1_FL,0.168009,131.9,0,MEDIUM
MT_BOV,Bank of Valletta,MT,2024-06-30,2024-Q2,CET1_FL,0.177066,131.9,0,MEDIUM
NL_ABN,ABN AMRO,NL,2023-09-30,2023-Q3,CET1_FL,0.157044,668.1,1,LARGE
NL_ABN,ABN AMRO,NL,2023-12-31,2023-Q4,CET1_FL,0.138492,668.1,1,LARGE
NL_ABN,ABN AMRO,NL,2024-03-31,2024-Q1,CET1_FL,0.152314,668.1,1,LARGE
NL_ABN,ABN AMRO,NL,2024-06-30,2024-Q2,CET1_FL,0.124104,668.1,1,LARGE
NL_INGA,ING Groep,NL,2023-09-30,2023-Q3,CET1_FL,0.16001,1257.1,1,LARGE
NL_INGA,ING Groep,NL,2023-12-31,2023-Q4,CET1_FL,0.142332,1257.1,1,LARGE
NL_INGA,ING Groep,NL,2024-03-31,2024-Q1,CET1_FL,0.167882,1257.1,1,LARGE
NL_INGA,ING Groep,NL,2024-06-30,2024-Q2,CET1_FL,0.158838,1257.1,1,LARGE
NL_RABO,Rabobank,NL,2023-09-30,2023-Q3,CET1_FL,0.127622,890.4,1,LARGE
NL_RABO,Rabobank,NL,2023-12-31,2023-Q4,CET1_FL,0.187151,890.4,1,LARGE
NL_RABO,Rabobank,NL,2024-03-31,2024-Q1,CET1_FL,0.134798,890.4,1,LARGE
NL_RABO,Rabobank,NL,2024-06-30,2024-Q2,CET1_FL,0.14684,890.4,1,LARGE
NO_DNB,DNB Bank,NO,2023-09-30,2023-Q3,CET1_FL,0.158784,594.0,0,LARGE
NO_DNB,DNB Bank,NO,2023-12-31,2023-Q4,CET1_FL,0.152368,594.0,0,LARGE
NO_DNB,DNB Bank,NO,2024-03-31,2024-Q1,CET1_FL,0.17914,594.0,0,LARGE
NO_DNB,DNB Bank,NO,2024-06-30,2024-Q2,CET1_FL,0.127504,594.0,0,LARGE
PL_PEKAO,Bank Pekao,PL,2023-09-30,2023-Q3,CET1_FL,0.161729,195.9,0,MEDIUM
PL_PEKAO,Bank Pekao,PL,2023-12-31,2023-Q4,CET1_FL,0.128926,195.9,0,MEDIUM
PL_PEKAO,Bank Pekao,PL,2024-03-31,2024-Q1,CET1_FL,0.151577,195.9,0,MEDIUM
PL_PEKAO,Bank Pekao,PL,2024-06-30,2024-Q2,CET1_FL,0.129443,195.9,0,MEDIUM
PL_PKO,PKO Bank Polski,PL,2023-09-30,2023-Q3,CET1_FL,0.136137,374.5,1,LARGE
PL_PKO,PKO Bank Polski,PL,2023-12-31,2023-Q4,CET1_FL,0.167414,374.5,1,LARGE
PL_PKO,PKO Bank Polski,PL,2024-03-31,2024-Q1,CET1_FL,0.142907,374.5,1,LARGE
PL_PKO,PKO Bank Polski,PL,2024-06-30,2024-Q2,CET1_FL,0.185297,374.5,1,LARGE
PL_MBK,mBank,PL,2023-09-30,2023-Q3,CET1_FL,0.140357,144.3,1,MEDIUM
PL_MBK,mBank,PL,2023-12-31,2023-Q4,CET1_FL,0.177926,144.3,1,MEDIUM
PL_MBK,mBank,PL,2024-03-31,2024-Q1,CET1_FL,0.15525,144.3,1,MEDIUM
PL_MBK,mBank,PL,2024-06-30,2024-Q2,CET1_FL,0.190136,144.3,1,MEDIUM
PT_CGD,Caixa Geral de Depositos,PT,2023-09-30,2023-Q3,CET1_FL,0.123837,332.4,0,LARGE
PT_CGD,Caixa Geral de Depositos,PT,2023-12-31,2023-Q4,CET1_FL,0.177214,332.4,0,LARGE
PT_CGD,Caixa Geral de Depositos,PT,2024-03-31,2024-Q1,CET1_FL,0.12704,332.4,0,LARGE
PT_CGD,Caixa Geral de Depositos,PT,2024-06-30,2024-Q2,CET1_FL,0.193495,332.4,0,LARGE
PT_BCP,Millennium BCP,PT,2023-09-30,2023-Q3,CET1_FL,0.115976,375.6,0,LARGE
PT_BCP,Millennium BCP,PT,2023-12-31,2023-Q4,CET1_FL,0.184948,375.6,0,LARGE
PT_BCP,Millennium BCP,PT,2024-03-31,2024-Q1,CET1_FL,0.18298,375.6,0,LARGE
PT_BCP,Millennium BCP,PT,2024-06-30,2024-Q2,CET1_FL,0.167134,375.6,0,LARGE
RO_BRD,BRD Groupe SG,RO,2023-09-30,2023-Q3,CET1_FL,0.175269,164.3,0,MEDIUM
RO_BRD,BRD Groupe SG,RO,2023-12-31,2023-Q4,CET1_FL,0.195815,164.3,0,MEDIUM
RO_BRD,BRD Groupe SG,RO,2024-03-31,2024-Q1,CET1_FL,0.165546,164.3,0,MEDIUM
RO_BRD,BRD Groupe SG,RO,2024-06-30,2024-Q2,CET1_FL,0.197173,164.3,0,MEDIUM
SE_SHB,Handelsbanken,SE,2023-09-30,2023-Q3,CET1_FL,0.150538,505.3,1,LARGE
SE_SHB,Handelsbanken,SE,2023-12-31,2023-Q4,CET1_FL,0.169809,505.3,1,LARGE
SE_SHB,Handelsbanken,SE,2024-03-31,2024-Q1,CET1_FL,0.162643,505.3,1,LARGE
SE_SHB,Handelsbanken,SE,2024-06-30,2024-Q2,CET1_FL,0.171324,505.3,1,LARGE
SE_NDA,Nordea,SE,2023-09-30,2023-Q3,CET1_FL,0.165015,627.3,1,LARGE
SE_NDA,Nordea,SE,2023-12-31,2023-Q4,CET1_FL,0.194618,627.3,1,LARGE
SE_NDA,Nordea,SE,2024-03-31,2024-Q1,CET1_FL,0.176349,627.3,1,LARGE
SE_NDA,Nordea,SE,2024-06-30,2024-Q2,CET1_FL,0.132674,627.3,1,LARGE
SE_SEB,SEB,SE,2023-09-30,2023-Q3,CET1_FL,0.129703,427.3,1,LARGE
SE_SEB,SEB,SE,2023-12-31,2023-Q4,CET1_FL,0.119587,427.3,1,LARGE
SE_SEB,SEB,SE,2024-03-31,2024-Q1,CET1_FL,0.172951,427.3,1,LARGE
SE_SEB,SEB,SE,2024-06-30,2024-Q2,CET1_FL,0.157064,427.3,1,LARGE
SE_SWED,Swedbank,SE,2023-09-30,2023-Q3,CET1_FL,0.188064,536.9,1,LARGE
SE_SWED,Swedbank,SE,2023-12-31,2023-Q4,CET1_FL,0.121626,536.9,1,LARGE
SE_SWED,Swedbank,SE,2024-03-31,2024-Q1,CET1_FL,0.153233,536.9,1,LARGE
SE_SWED,Swedbank,SE,2024-06-30,2024-Q2,CET1_FL,0.159711,536.9,1,LARGE
SI_NLB,NLB Group,SI,2023-09-30,2023-Q3,CET1_FL,0.17546,201.6,0,MEDIUM
SI_NLB,NLB Group,SI,2023-12-31,2023-Q4,CET1_FL,0.169219,201.6,0,MEDIUM
SI_NLB,NLB Group,SI,2024-03-31,2024-Q1,CET1_FL,0.128574,201.6,0,MEDIUM
SI_NLB,NLB Group,SI,2024-06-30,2024-Q2,CET1_FL,0.168176,201.6,0,MEDIUM
SK_VUB,VUB Banka,SK,2023-09-30,2023-Q3,CET1_FL,0.154092,252.7,0,MEDIUM
SK_VUB,VUB Banka,SK,2023-12-31,2023-Q4,CET1_FL,0.187002,252.7,0,MEDIUM
SK_VUB,VUB Banka,SK,2024-03-31,2024-Q1,CET1_FL,0.171571,252.7,0,MEDIUM
SK_VUB,VUB Banka,SK,2024-06-30,2024-Q2,CET1_FL,0.174386,252.7,0,MEDIUM
AT_ERST,Erste Group,AT,2023-09-30,2023-Q3,CTI,0.618776,566.4,1,LARGE
AT_ERST,Erste Group,AT,2023-12-31,2023-Q4,CTI,0.636908,566.4,1,LARGE
AT_ERST,Erste Group,AT,2024-03-31,2024-Q1,CTI,0.64273,566.4,1,LARGE
AT_ERST,Erste Group,AT,2024-06-30,2024-Q2,CTI,0.636308,566.4,1,LARGE
AT_RBI,Raiffeisen Bank Intl,AT,2023-09-30,2023-Q3,CTI,0.635797,484.4,0,LARGE
AT_RBI,Raiffeisen Bank Intl,AT,2023-12-31,2023-Q4,CTI,0.59029,484.4,0,LARGE
AT_RBI,Raiffeisen Bank Intl,AT,2024-03-31,2024-Q1,CTI,0.589335,484.4,0,LARGE
AT_RBI,Raiffeisen Bank Intl,AT,2024-06-30,2024-Q2,CTI,0.564074,484.4,0,LARGE
BE_BEL,Belfius,BE,2023-09-30,2023-Q3,CTI,0.563454,375.8,0,LARGE
BE_BEL,Belfius,BE,2023-12-31,2023-Q4,CTI,0.569516,375.8,0,LARGE
BE_BEL,Belfius,BE,2024-03-31,2024-Q1,CTI,0.608629,375.8,0,LARGE
BE_BEL,Belfius,BE,2024-06-30,2024-Q2,CTI,0.610078,375.8,0,LARGE
BE_KBC,KBC Group,BE,2023-09-30,2023-Q3,CTI,0.619545,530.9,1,LARGE
BE_KBC,KBC Group,BE,2023-12-31,2023-Q4,CTI,0.573696,530.9,1,LARGE
BE_KBC,KBC Group,BE,2024-03-31,2024-Q1,CTI,0.612929,530.9,1,LARGE
BE_KBC,KBC Group,BE,2024-06-30,2024-Q2,CTI,0.593341,530.9,1,LARGE
BG_DSK,DSK Bank,BG,2023-09-30,2023-Q3,CTI,0.556809,157.8,0,MEDIUM
BG_DSK,DSK Bank,BG,2023-12-31,2023-Q4,CTI,0.573533,157.8,0,MEDIUM
BG_DSK,DSK Bank,BG,2024-03-31,2024-Q1,CTI,0.580574,157.8,0,MEDIUM
BG_DSK,DSK Bank,BG,2024-06-30,2024-Q2,CTI,0.631625,157.8,0,MEDIUM
CY_BOC,Bank of Cyprus,CY,2023-09-30,2023-Q3,CTI,0.531844,302.2,0,LARGE
CY_BOC,Bank of Cyprus,CY,2023-12-31,2023-Q4,CTI,0.516379,302.2,0,LARGE
CY_BOC,Bank of Cyprus,CY,2024-03-31,2024-Q1,CTI,0.618834,302.2,0,LARGE
CY_BOC,Bank of Cyprus,CY,2024-06-30,2024-Q2,CTI,0.53143,302.2,0,LARGE
CZ_KB,Komercni Banka,CZ,2023-09-30,2023-Q3,CTI,0.539029,344.4,0,LARGE
CZ_KB,Komercni Banka,CZ,2023-12-31,2023-Q4,CTI,0.614038,344.4,0,LARGE
CZ_KB,Komercni Banka,CZ,2024-03-31,2024-Q1,CTI,0.530738,344.4,0,LARGE
CZ_KB,Komercni Banka,CZ,2024-06-30,2024-Q2,CTI,0.541737,344.4,0,LARGE
DE_CBK,Commerzbank,DE,2023-09-30,2023-Q3,CTI,0.576318,771.5,1,LARGE
DE_CBK,Commerzbank,DE,2023-12-31,2023-Q4,CTI,0.527547,771.5,1,LARGE
DE_CBK,Commerzbank,DE,2024-03-31,2024-Q1,CTI,0.643495,771.5,1,LARGE
DE_CBK,Commerzbank,DE,2024-06-30,2024-Q2,CTI,0.565274,771.5,1,LARGE
DE_DZB,DZ Bank,DE,2023-09-30,2023-Q3,CTI,0.626612,797.0,0,LARGE
DE_DZB,DZ Bank,DE,2023-12-31,2023-Q4,CTI,0.537863,797.0,0,LARGE
DE_DZB,DZ Bank,DE,2024-03-31,2024-Q1,CTI,0.553929,797.0,0,LARGE
DE_DZB,DZ Bank,DE,2024-06-30,2024-Q2,CTI,0.574942,797.0,0,LARGE
DE_DBK,Deutsche Bank,DE,2023-09-30,2023-Q3,CTI,0.624133,1559.6,1,LARGE
DE_DBK,Deutsche Bank,DE,2023-12-31,2023-Q4,CTI,0.619446,1559.6,1,LARGE
DE_DBK,Deutsche Bank,DE,2024-03-31,2024-Q1,CTI,0.604622,1559.6,1,LARGE
DE_DBK,Deutsche Bank,DE,2024-06-30,2024-Q2,CTI,0.573357,1559.6,1,LARGE
DE_HCOB,Hamburg Commercial Bank,DE,2023-09-30,2023-Q3,CTI,0.597366,287.9,0,MEDIUM
DE_HCOB,Hamburg Commercial Bank,DE,2023-12-31,2023-Q4,CTI,0.544244,287.9,0,MEDIUM
DE_HCOB,Hamburg Commercial Bank,DE,2024-03-31,2024-Q1,CTI,0.556826,287.9,0,MEDIUM
DE_HCOB,Hamburg Commercial Bank,DE,2024-06-30,2024-Q2,CTI,0.55149,287.9,0,MEDIUM
DE_LBW,LBBW,DE,2023-09-30,2023-Q3,CTI,0.62453,580.4,0,LARGE
DE_LBW,LBBW,DE,2023-12-31,2023-Q4,CTI,0.636572,580.4,0,LARGE
DE_LBW,LBBW,DE,2024-03-31,2024-Q1,CTI,0.568394,580.4,0,LARGE
DE_LBW,LBBW,DE,2024-06-30,2024-Q2,CTI,0.55162,580.4,0,LARGE
DE_NORD,NORD/LB,DE,2023-09-30,2023-Q3,CTI,0.62618,391.0,0,LARGE
DE_NORD,NORD/LB,DE,2023-12-31,2023-Q4,CTI,0.542959,391.0,0,LARGE
DE_NORD,NORD/LB,DE,2024-03-31,2024-Q1,CTI,0.569327,391.0,0,LARGE
DE_NORD,NORD/LB,DE,2024-06-30,2024-Q2,CTI,0.632019,391.0,0,LARGE
DK_DAN,Danske Bank,DK,2023-09-30,2023-Q3,CTI,0.624135,704.4,1,LARGE
DK_DAN,Danske Bank,DK,2023-12-31,2023-Q4,CTI,0.566307,704.4,1,LARGE
DK_DAN,Danske Bank,DK,2024-03-31,2024-Q1,CTI,0.544116,704.4,1,LARGE
DK_DAN,Danske Bank,DK,2024-06-30,2024-Q2,CTI,0.545239,704.4,1,LARGE
DK_JYS,Jyske Bank,DK,2023-09-30,2023-Q3,CTI,0.530831,118.6,0,MEDIUM
DK_JYS,Jyske Bank,DK,2023-12-31,2023-Q4,CTI,0.614963,118.6,0,MEDIUM
DK_JYS,Jyske Bank,DK,2024-03-31,2024-Q1,CTI,0.52659,118.6,0,MEDIUM
DK_JYS,Jyske Bank,DK,2024-06-30,2024-Q2,CTI,0.576983,118.6,0,MEDIUM
EE_LHV,LHV Group,EE,2023-09-30,2023-Q3,CTI,0.583793,156.0,0,MEDIUM
EE_LHV,LHV Group,EE,2023-12-31,2023-Q4,CTI,0.539366,156.0,0,MEDIUM
EE_LHV,LHV Group,EE,2024-03-31,2024-Q1,CTI,0.513762,156.0,0,MEDIUM
EE_LHV,LHV Group,EE,2024-06-30,2024-Q2,CTI,0.575707,156.0,0,MEDIUM
ES_BBVA,BBVA,ES,2023-09-30,2023-Q3,CTI,0.615391,863.5,1,LARGE
ES_BBVA,BBVA,ES,2023-12-31,2023-Q4,CTI,0.647002,863.5,1,LARGE
ES_BBVA,BBVA,ES,2024-03-31,2024-Q1,CTI,0.573489,863.5,1,LARGE
ES_BBVA,BBVA,ES,2024-06-30,2024-Q2,CTI,0.651309,863.5,1,LARGE
ES_SAB,Banco Sabadell,ES,2023-09-30,2023-Q3,CTI,0.587035,330.9,0,LARGE
ES_SAB,Banco Sabadell,ES,2023-12-31,2023-Q4,CTI,0.565389,330.9,0,LARGE
ES_SAB,Banco Sabadell,ES,2024-03-31,2024-Q1,CTI,0.596962,330.9,0,LARGE
ES_SAB,Banco Sabadell,ES,2024-06-30,2024-Q2,CTI,0.54133,330.9,0,LARGE
ES_SAN,Banco Santander,ES,2023-09-30,2023-Q3,CTI,0.590085,1996.1,1,LARGE
ES_SAN,Banco Santander,ES,2023-12-31,2023-Q4,CTI,0.607053,1996.1,1,LARGE
ES_SAN,Banco Santander,ES,2024-03-31,2024-Q1,CTI,0.545729,1996.1,1,LARGE
ES_SAN,Banco Santander,ES,2024-06-30,2024-Q2,CTI,0.639575,1996.1,1,LARGE
ES_CABK,CaixaBank,ES,2023-09-30,2023-Q3,CTI,0.593144,769.0,0,LARGE
ES_CABK,CaixaBank,ES,2023-12-31,2023-Q4,CTI,0.585519,769.0,0,LARGE
ES_CABK,CaixaBank,ES,2024-03-31,2024-Q1,CTI,0.55686,769.0,0,LARGE
ES_CABK,CaixaBank,ES,2024-06-30,2024-Q2,CTI,0.57219,769.0,0,LARGE
FI_OP,OP Group,FI,2023-09-30,2023-Q3,CTI,0.551983,280.1,0,MEDIUM
FI_OP,OP Group,FI,2023-12-31,2023-Q4,CTI,0.572666,280.1,0,MEDIUM
FI_OP,OP Group,FI,2024-03-31,2024-Q1,CTI,0.549176,280.1,0,MEDIUM
FI_OP,OP Group,FI,2024-06-30,2024-Q2,CTI,0.527378,280.1,0,MEDIUM
FR_BNPP,BNP Paribas,FR,2023-09-30,2023-Q3,CTI,0.56436,2685.9,1,LARGE
FR_BNPP,BNP Paribas,FR,2023-12-31,2023-Q4,CTI,0.644656,2685.9,1,LARGE
FR_BNPP,BNP Paribas,FR,2024-03-31,2024-Q1,CTI,0.638349,2685.9,1,LARGE
FR_BNPP,BNP Paribas,FR,2024-06-30,2024-Q2,CTI,0.611712,2685.9,1,LARGE
FR_BPCE,BPCE,FR,2023-09-30,2023-Q3,CTI,0.545126,1765.8,1,LARGE
FR_BPCE,BPCE,FR,2023-12-31,2023-Q4,CTI,0.606152,1765.8,1,LARGE
FR_BPCE,BPCE,FR,2024-03-31,2024-Q1,CTI,0.622889,1765.8,1,LARGE
FR_BPCE,BPCE,FR,2024-06-30,2024-Q2,CTI,0.639209,1765.8,1,LARGE
FR_ACA,Credit Agricole Group,FR,2023-09-30,2023-Q3,CTI,0.551909,2387.7,1,LARGE
FR_ACA,Credit Agricole Group,FR,2023-12-31,2023-Q4,CTI,0.585858,2387.7,1,LARGE
FR_ACA,Credit Agricole Group,FR,2024-03-31,2024-Q1,CTI,0.610906,2387.7,1,LARGE
FR_ACA,Credit Agricole Group,FR,2024-06-30,2024-Q2,CTI,0.604848,2387.7,1,LARGE
FR_HSBC,HSBC Continental Europe,FR,2023-09-30,2023-Q3,CTI,0.568162,475.5,0,LARGE
FR_HSBC,HSBC Continental Europe,FR,2023-12-31,2023-Q4,CTI,0.536971,475.5,0,LARGE
FR_HSBC,HSBC Continental Europe,FR,2024-03-31,2024-Q1,CTI,0.612449,475.5,0,LARGE
FR_HSBC,HSBC Continental Europe,FR,2024-06-30,2024-Q2,CTI,0.580158,475.5,0,LARGE
FR_GLE,Societe Generale,FR,2023-09-30,2023-Q3,CTI,0.543962,1766.0,1,LARGE
FR_GLE,Societe Generale,FR,2023-12-31,2023-Q4,CTI,0.644714,1766.0,1,LARGE
FR_GLE,Societe Generale,FR,2024-03-31,2024-Q1,CTI,0.648525,1766.0,1,LARGE
FR_GLE,Societe Generale,FR,2024-06-30,2024-Q2,CTI,0.557102,1766.0,1,LARGE
GR_ALPHA,Alpha Bank,GR,2023-09-30,2023-Q3,CTI,0.592094,295.5,0,MEDIUM
GR_ALPHA,Alpha Bank,GR,2023-12-31,2023-Q4,CTI,0.591601,295.5,0,MEDIUM
GR_ALPHA,Alpha Bank,GR,2024-03-31,2024-Q1,CTI,0.582283,295.5,0,MEDIUM
GR_ALPHA,Alpha Bank,GR,2024-06-30,2024-Q2,CTI,0.605937,295.5,0,MEDIUM
GR_ETE,Eurobank Ergasias,GR,2023-09-30,2023-Q3,CTI,0.585315,315.4,0,LARGE
GR_ETE,Eurobank Ergasias,GR,2023-12-31,2023-Q4,CTI,0.591207,315.4,0,LARGE
GR_ETE,Eurobank Ergasias,GR,2024-03-31,2024-Q1,CTI,0.529279,315.4,0,LARGE
GR_ETE,Eurobank Ergasias,GR,2024-06-30,2024-Q2,CTI,0.584178,315.4,0,LARGE
GR_NBG,National Bank of Greece,GR,2023-09-30,2023-Q3,CTI,0.615173,325.7,0,LARGE
GR_NBG,National Bank of Greece,GR,2023-12-31,2023-Q4,CTI,0.58522,325.7,0,LARGE
GR_NBG,National Bank of Greece,GR,2024-03-31,2024-Q1,CTI,0.529011,325.7,0,LARGE
GR_NBG,National Bank of Greece,GR,2024-06-30,2024-Q2,CTI,0.578878,325.7,0,LARGE
GR_PIR,Piraeus Bank,GR,2023-09-30,2023-Q3,CTI,0.557575,212.6,0,MEDIUM
GR_PIR,Piraeus Bank,GR,2023-12-31,2023-Q4,CTI,0.629226,212.6,0,MEDIUM
GR_PIR,Piraeus Bank,GR,2024-03-31,2024-Q1,CTI,0.633375,212.6,0,MEDIUM
GR_PIR,Piraeus Bank,GR,2024-06-30,2024-Q2,CTI,0.600365,212.6,0,MEDIUM
HR_ZABA,Zagrebacka Banka,HR,2023-09-30,2023-Q3,CTI,0.607461,287.4,0,MEDIUM
HR_ZABA,Zagrebacka Banka,HR,2023-12-31,2023-Q4,CTI,0.546944,287.4,0,MEDIUM
HR_ZABA,Zagrebacka Banka,HR,2024-03-31,2024-Q1,CTI,0.53341,287.4,0,MEDIUM
HR_ZABA,Zagrebacka Banka,HR,2024-06-30,2024-Q2,CTI,0.632268,287.4,0,MEDIUM
HU_OTP,OTP Bank,HU,2023-09-30,2023-Q3,CTI,0.562186,292.8,0,MEDIUM
HU_OTP,OTP Bank,HU,2023-12-31,2023-Q4,CTI,0.557676,292.8,0,MEDIUM
HU_OTP,OTP Bank,HU,2024-03-31,2024-Q1,CTI,0.525391,292.8,0,MEDIUM
HU_OTP,OTP Bank,HU,2024-06-30,2024-Q2,CTI,0.549011,292.8,0,MEDIUM
IE_AIB,AIB Group,IE,2023-09-30,2023-Q3,CTI,0.535331,356.4,0,LARGE
IE_AIB,AIB Group,IE,2023-12-31,2023-Q4,CTI,0.565139,356.4,0,LARGE
IE_AIB,AIB Group,IE,2024-03-31,2024-Q1,CTI,0.584621,356.4,0,LARGE
IE_AIB,AIB Group,IE,2024-06-30,2024-Q2,CTI,0.531151,356.4,0,LARGE
IE_BIRG,Bank of Ireland,IE,2023-09-30,2023-Q3,CTI,0.542275,134.8,0,MEDIUM
IE_BIRG,Bank of Ireland,IE,2023-12-31,2023-Q4,CTI,0.5521,134.8,0,MEDIUM
IE_BIRG,Bank of Ireland,IE,2024-03-31,2024-Q1,CTI,0.597403,134.8,0,MEDIUM
IE_BIRG,Bank of Ireland,IE,2024-06-30,2024-Q2,CTI,0.578283,134.8,0,MEDIUM
IS_LAN,Landsbankinn,IS,2023-09-30,2023-Q3,CTI,0.557181,252.3,0,MEDIUM
IS_LAN,Landsbankinn,IS,2023-12-31,2023-Q4,CTI,0.512416,252.3,0,MEDIUM
IS_LAN,Landsbankinn,IS,2024-03-31,2024-Q1,CTI,0.616845,252.3,0,MEDIUM
IS_LAN,Landsbankinn,IS,2024-06-30,2024-Q2,CTI,0.530082,252.3,0,MEDIUM
IT_BAMI,Banco BPM,IT,2023-09-30,2023-Q3,CTI,0.625408,406.3,0,LARGE
IT_BAMI,Banco BPM,IT,2023-12-31,2023-Q4,CTI,0.630865,406.3,0,LARGE
IT_BAMI,Banco BPM,IT,2024-03-31,2024-Q1,CTI,0.58503,406.3,0,LARGE
IT_BAMI,Banco BPM,IT,2024-06-30,2024-Q2,CTI,0.607599,406.3,0,LARGE
IT_ISP,Intesa Sanpaolo,IT,2023-09-30,2023-Q3,CTI,0.592558,936.6,1,LARGE
IT_ISP,Intesa Sanpaolo,IT,2023-12-31,2023-Q4,CTI,0.650933,936.6,1,LARGE
IT_ISP,Intesa Sanpaolo,IT,2024-03-31,2024-Q1,CTI,0.58308,936.6,1,LARGE
IT_ISP,Intesa Sanpaolo,IT,2024-06-30,2024-Q2,CTI,0.61384,936.6,1,LARGE
IT_MED,Mediobanca,IT,2023-09-30,2023-Q3,CTI,0.6144,263.0,0,MEDIUM
IT_MED,Mediobanca,IT,2023-12-31,2023-Q4,CTI,0.638902,263.0,0,MEDIUM
IT_MED,Mediobanca,IT,2024-03-31,2024-Q1,CTI,0.631963,263.0,0,MEDIUM
IT_MED,Mediobanca,IT,2024-06-30,2024-Q2,CTI,0.629741,263.0,0,MEDIUM
IT_BMPS,Monte dei Paschi,IT,2023-09-30,2023-Q3,CTI,0.585391,342.8,0,LARGE
IT_BMPS,Monte dei Paschi,IT,2023-12-31,2023-Q4,CTI,0.604457,342.8,0,LARGE
IT_BMPS,Monte dei Paschi,IT,2024-03-31,2024-Q1,CTI,0.606793,342.8,0,LARGE
IT_BMPS,Monte dei Paschi,IT,2024-06-30,2024-Q2,CTI,0.626956,342.8,0,LARGE
IT_UCG,UniCredit,IT,2023-09-30,2023-Q3,CTI,0.618236,995.9,1,LARGE
IT_UCG,UniCredit,IT,2023-12-31,2023-Q4,CTI,0.538561,995.9,1,LARGE
IT_UCG,UniCredit,IT,2024-03-31,2024-Q1,CTI,0.547334,995.9,1,LARGE
IT_UCG,UniCredit,IT,2024-06-30,2024-Q2,CTI,0.620281,995.9,1,LARGE
LI_LLB,Liechtensteinische LB,LI,2023-09-30,2023-Q3,CTI,0.617635,293.7,0,MEDIUM
LI_LLB,Liechtensteinische LB,LI,2023-12-31,2023-Q4,CTI,0.551809,293.7,0,MEDIUM
LI_LLB,Liechtensteinische LB,LI,2024-03-31,2024-Q1,CTI,0.517658,293.7,0,MEDIUM
LI_LLB,Liechtensteinische LB,LI,2024-06-30,2024-Q2,CTI,0.623676,293.7,0,MEDIUM
LT_SBLT,Siauliu Bankas,LT,2023-09-30,2023-Q3,CTI,0.534259,286.8,0,MEDIUM
LT_SBLT,Siauliu Bankas,LT,2023-12-31,2023-Q4,CTI,0.532969,286.8,0,MEDIUM
LT_SBLT,Siauliu Bankas,LT,2024-03-31,2024-Q1,CTI,0.560428,286.8,0,MEDIUM
LT_SBLT,Siauliu Bankas,LT,2024-06-30,2024-Q2,CTI,0.591827,286.8,0,MEDIUM
LU_BIL,Banque Internationale Lux,LU,2023-09-30,2023-Q3,CTI,0.541314,297.7,0,MEDIUM
LU_BIL,Banque Internationale Lux,LU,2023-12-31,2023-Q4,CTI,0.53691,297.7,0,MEDIUM
LU_BIL,Banque Internationale Lux,LU,2024-03-31,2024-Q1,CTI,0.580218,297.7,0,MEDIUM
LU_BIL,Banque Internationale Lux,LU,2024-06-30,2024-Q2,CTI,0.527499,297.7,0,MEDIUM
LV_SWLV,Swedbank Latvia,LV,2023-09-30,2023-Q3,CTI,0.546676,168.3,1,MEDIUM
LV_SWLV,Swedbank Latvia,LV,2023-12-31,2023-Q4,CTI,0.533078,168.3,1,MEDIUM
LV_SWLV,Swedbank Latvia,LV,2024-03-31,2024-Q1,CTI,0.545673,168.3,1,MEDIUM
LV_SWLV,Swedbank Latvia,LV,2024-06-30,2024-Q2,CTI,0.526356,168.3,1,MEDIUM
MT_BOV,Bank of Valletta,MT,2023-09-30,2023-Q3,CTI,0.629968,131.9,0,MEDIUM
MT_BOV,Bank of Valletta,MT,2023-12-31,2023-Q4,CTI,0.560828,131.9,0,MEDIUM
MT_BOV,Bank of Valletta,MT,2024-03-31,2024-Q1,CTI,0.602246,131.9,0,MEDIUM
MT_BOV,Bank of Valletta,MT,2024-06-30,2024-Q2,CTI,0.559597,131.9,0,MEDIUM
NL_ABN,ABN AMRO,NL,2023-09-30,2023-Q3,CTI,0.613828,668.1,1,LARGE
NL_ABN,ABN AMRO,NL,2023-12-31,2023-Q4,CTI,0.608033,668.1,1,LARGE
NL_ABN,ABN AMRO,NL,2024-03-31,2024-Q1,CTI,0.632817,668.1,1,LARGE
NL_ABN,ABN AMRO,NL,2024-06-30,2024-Q2,CTI,0.620222,668.1,1,LARGE
NL_INGA,ING Groep,NL,2023-09-30,2023-Q3,CTI,0.575638,1257.1,1,LARGE
NL_INGA,ING Groep,NL,2023-12-31,2023-Q4,CTI,0.565977,1257.1,1,LARGE
NL_INGA,ING Groep,NL,2024-03-31,2024-Q1,CTI,0.647132,1257.1,1,LARGE
NL_INGA,ING Groep,NL,2024-06-30,2024-Q2,CTI,0.608408,1257.1,1,LARGE
NL_RABO,Rabobank,NL,2023-09-30,2023-Q3,CTI,0.602504,890.4,1,LARGE
NL_RABO,Rabobank,NL,2023-12-31,2023-Q4,CTI,0.610386,890.4,1,LARGE
NL_RABO,Rabobank,NL,2024-03-31,2024-Q1,CTI,0.537133,890.4,1,LARGE
NL_RABO,Rabobank,NL,2024-06-30,2024-Q2,CTI,0.569111,890.4,1,LARGE
NO_DNB,DNB Bank,NO,2023-09-30,2023-Q3,CTI,0.626292,594.0,0,LARGE
NO_DNB,DNB Bank,NO,2023-12-31,2023-Q4,CTI,0.610511,594.0,0,LARGE
NO_DNB,DNB Bank,NO,2024-03-31,2024-Q1,CTI,0.587377,594.0,0,LARGE
NO_DNB,DNB Bank,NO,2024-06-30,2024-Q2,CTI,0.635134,594.0,0,LARGE
PL_PEKAO,Bank Pekao,PL,2023-09-30,2023-Q3,CTI,0.554754,195.9,0,MEDIUM
PL_PEKAO,Bank Pekao,PL,2023-12-31,2023-Q4,CTI,0.529971,195.9,0,MEDIUM
PL_PEKAO,Bank Pekao,PL,2024-03-31,2024-Q1,CTI,0.627234,195.9,0,MEDIUM
PL_PEKAO,Bank Pekao,PL,2024-06-30,2024-Q2,CTI,0.567784,195.9,0,MEDIUM
PL_PKO,PKO Bank Polski,PL,2023-09-30,2023-Q3,CTI,0.527457,374.5,1,LARGE
PL_PKO,PKO Bank Polski,PL,2023-12-31,2023-Q4,CTI,0.629637,374.5,1,LARGE
PL_PKO,PKO Bank Polski,PL,2024-03-31,2024-Q1,CTI,0.568299,374.5,1,LARGE
PL_PKO,PKO Bank Polski,PL,2024-06-30,2024-Q2,CTI,0.616891,374.5,1,LARGE
PL_MBK,mBank,PL,2023-09-30,2023-Q3,CTI,0.630365,144.3,1,MEDIUM
PL_MBK,mBank,PL,2023-12-31,2023-Q4,CTI,0.585207,144.3,1,MEDIUM
PL_MBK,mBank,PL,2024-03-31,2024-Q1,CTI,0.57265,144.3,1,MEDIUM
PL_MBK,mBank,PL,2024-06-30,2024-Q2,CTI,0.631212,144.3,1,MEDIUM
PT_CGD,Caixa Geral de Depositos,PT,2023-09-30,2023-Q3,CTI,0.556846,332.4,0,LARGE
PT_CGD,Caixa Geral de Depositos,PT,2023-12-31,2023-Q4,CTI,0.612898,332.4,0,LARGE
PT_CGD,Caixa Geral de Depositos,PT,2024-03-31,2024-Q1,CTI,0.627322,332.4,0,LARGE
PT_CGD,Caixa Geral de Depositos,PT,2024-06-30,2024-Q2,CTI,0.569653,332.4,0,LARGE
PT_BCP,Millennium BCP,PT,2023-09-30,2023-Q3,CTI,0.555452,375.6,0,LARGE
PT_BCP,Millennium BCP,PT,2023-12-31,2023-Q4,CTI,0.567852,375.6,0,LARGE
PT_BCP,Millennium BCP,PT,2024-03-31,2024-Q1,CTI,0.635745,375.6,0,LARGE
PT_BCP,Millennium BCP,PT,2024-06-30,2024-Q2,CTI,0.641837,375.6,0,LARGE
RO_BRD,BRD Groupe SG,RO,2023-09-30,2023-Q3,CTI,0.533614,164.3,0,MEDIUM
RO_BRD,BRD Groupe SG,RO,2023-12-31,2023-Q4,CTI,0.51968,164.3,0,MEDIUM
RO_BRD,BRD Groupe SG,RO,2024-03-31,2024-Q1,CTI,0.612166,164.3,0,MEDIUM
RO_BRD,BRD Groupe SG,RO,2024-06-30,2024-Q2,CTI,0.590586,164.3,0,MEDIUM
SE_SHB,Handelsbanken,SE,2023-09-30,2023-Q3,CTI,0.578989,505.3,1,LARGE
SE_SHB,Handelsbanken,SE,2023-12-31,2023-Q4,CTI,0.529566,505.3,1,LARGE
SE_SHB,Handelsbanken,SE,2024-03-31,2024-Q1,CTI,0.576606,505.3,1,LARGE
SE_SHB,Handelsbanken,SE,2024-06-30,2024-Q2,CTI,0.575054,505.3,1,LARGE
SE_NDA,Nordea,SE,2023-09-30,2023-Q3,CTI,0.595999,627.3,1,LARGE
SE_NDA,Nordea,SE,2023-12-31,2023-Q4,CTI,0.630759,627.3,1,LARGE
SE_NDA,Nordea,SE,2024-03-31,2024-Q1,CTI,0.590553,627.3,1,LARGE
SE_NDA,Nordea,SE,2024-06-30,2024-Q2,CTI,0.536863,627.3,1,LARGE
SE_SEB,SEB,SE,2023-09-30,2023-Q3,CTI,0.530843,427.3,1,LARGE
SE_SEB,SEB,SE,2023-12-31,2023-Q4,CTI,0.548525,427.3,1,LARGE
SE_SEB,SEB,SE,2024-03-31,2024-Q1,CTI,0.645497,427.3,1,LARGE
SE_SEB,SEB,SE,2024-06-30,2024-Q2,CTI,0.541806,427.3,1,LARGE
SE_SWED,Swedbank,SE,2023-09-30,2023-Q3,CTI,0.582728,536.9,1,LARGE
SE_SWED,Swedbank,SE,2023-12-31,2023-Q4,CTI,0.621503,536.9,1,LARGE
SE_SWED,Swedbank,SE,2024-03-31,2024-Q1,CTI,0.601701,536.9,1,LARGE
SE_SWED,Swedbank,SE,2024-06-30,2024-Q2,CTI,0.541097,536.9,1,LARGE
SI_NLB,NLB Group,SI,2023-09-30,2023-Q3,CTI,0.571477,201.6,0,MEDIUM
SI_NLB,NLB Group,SI,2023-12-31,2023-Q4,CTI,0.517918,201.6,0,MEDIUM
SI_NLB,NLB Group,SI,2024-03-31,2024-Q1,CTI,0.628342,201.6,0,MEDIUM
SI_NLB,NLB Group,SI,2024-06-30,2024-Q2,CTI,0.625195,201.6,0,MEDIUM
SK_VUB,VUB Banka,SK,2023-09-30,2023-Q3,CTI,0.563536,252.7,0,MEDIUM
SK_VUB,VUB Banka,SK,2023-12-31,2023-Q4,CTI,0.54813,252.7,0,MEDIUM
SK_VUB,VUB Banka,SK,2024-03-31,2024-Q1,CTI,0.576317,252.7,0,MEDIUM
SK_VUB,VUB Banka,SK,2024-06-30,2024-Q2,CTI,0.588273,252.7,0,MEDIUM
AT_ERST,Erste Group,AT,2023-09-30,2023-Q3,FORBORNE_RATIO,0.014688,566.4,1,LARGE
AT_ERST,Erste Group,AT,2023-12-31,2023-Q4,FORBORNE_RATIO,0.007072,566.4,1,LARGE
AT_ERST,Erste Group,AT,2024-03-31,2024-Q1,FORBORNE_RATIO,0.035877,566.4,1,LARGE
AT_ERST,Erste Group,AT,2024-06-30,2024-Q2,FORBORNE_RATIO,0.015225,566.4,1,LARGE
AT_RBI,Raiffeisen Bank Intl,AT,2023-09-30,2023-Q3,FORBORNE_RATIO,0.025009,484.4,0,LARGE
AT_RBI,Raiffeisen Bank Intl,AT,2023-12-31,2023-Q4,FORBORNE_RATIO,0.023589,484.4,0,LARGE
AT_RBI,Raiffeisen Bank Intl,AT,2024-03-31,2024-Q1,FORBORNE_RATIO,0.024421,484.4,0,LARGE
AT_RBI,Raiffeisen Bank Intl,AT,2024-06-30,2024-Q2,FORBORNE_RATIO,0.026358,484.4,0,LARGE
BE_BEL,Belfius,BE,2023-09-30,2023-Q3,FORBORNE_RATIO,0.006318,375.8,0,LARGE
BE_BEL,Belfius,BE,2023-12-31,2023-Q4,FORBORNE_RATIO,0.007794,375.8,0,LARGE
BE_BEL,Belfius,BE,2024-03-31,2024-Q1,FORBORNE_RATIO,0.030089,375.8,0,LARGE
BE_BEL,Belfius,BE,2024-06-30,2024-Q2,FORBORNE_RATIO,0.025566,375.8,0,LARGE
BE_KBC,KBC Group,BE,2023-09-30,2023-Q3,FORBORNE_RATIO,0.008984,530.9,1,LARGE
BE_KBC,KBC Group,BE,2023-12-31,2023-Q4,FORBORNE_RATIO,0.02972,530.9,1,LARGE
BE_KBC,KBC Group,BE,2024-03-31,2024-Q1,FORBORNE_RATIO,0.007712,530.9,1,LARGE
BE_KBC,KBC Group,BE,2024-06-30,2024-Q2,FORBORNE_RATIO,0.013555,530.9,1,LARGE
BG_DSK,DSK Bank,BG,2023-09-30,2023-Q3,FORBORNE_RATIO,0.007528,157.8,0,MEDIUM
BG_DSK,DSK Bank,BG,2023-12-31,2023-Q4,FORBORNE_RATIO,0.028987,157.8,0,MEDIUM
BG_DSK,DSK Bank,BG,2024-03-31,2024-Q1,FORBORNE_RATIO,0.023443,157.8,0,MEDIUM
BG_DSK,DSK Bank,BG,2024-06-30,2024-Q2,FORBORNE_RATIO,0.033464,157.8,0,MEDIUM
CY_BOC,Bank of Cyprus,CY,2023-09-30,2023-Q3,FORBORNE_RATIO,0.017488,302.2,0,LARGE
CY_BOC,Bank of Cyprus,CY,2023-12-31,2023-Q4,FORBORNE_RATIO,0.033291,302.2,0,LARGE
CY_BOC,Bank of Cyprus,CY,2024-03-31,2024-Q1,FORBORNE_RATIO,0.011623,302.2,0,LARGE
CY_BOC,Bank of Cyprus,CY,2024-06-30,2024-Q2,FORBORNE_RATIO,0.00965,302.2,0,LARGE
CZ_KB,Komercni Banka,CZ,2023-09-30,2023-Q3,FORBORNE_RATIO,0.029073,344.4,0,LARGE
CZ_KB,Komercni Banka,CZ,2023-12-31,2023-Q4,FORBORNE_RATIO,0.011483,344.4,0,LARGE
CZ_KB,Komercni Banka,CZ,2024-03-31,2024-Q1,FORBORNE_RATIO,0.029311,344.4,0,LARGE
CZ_KB,Komercni Banka,CZ,2024-06-30,2024-Q2,FORBORNE_RATIO,0.015755,344.4,0,LARGE
DE_CBK,Commerzbank,DE,2023-09-30,2023-Q3,FORBORNE_RATIO,0.008365,771.5,1,LARGE
DE_CBK,Commerzbank,DE,2023-12-31,2023-Q4,FORBORNE_RATIO,0.021986,771.5,1,LARGE
DE_CBK,Commerzbank,DE,2024-03-31,2024-Q1,FORBORNE_RATIO,0.01097,771.5,1,LARGE
DE_CBK,Commerzbank,DE,2024-06-30,2024-Q2,FORBORNE_RATIO,0.035298,771.5,1,LARGE
DE_DZB,DZ Bank,DE,2023-09-30,2023-Q3,FORBORNE_RATIO,0.0288,797.0,0,LARGE
DE_DZB,DZ Bank,DE,2023-12-31,2023-Q4,FORBORNE_RATIO,0.014024,797.0,0,LARGE
DE_DZB,DZ Bank,DE,2024-03-31,2024-Q1,FORBORNE_RATIO,0.018841,797.0,0,LARGE
DE_DZB,DZ Bank,DE,2024-06-30,2024-Q2,FORBORNE_RATIO,0.008907,797.0,0,LARGE
DE_DBK,Deutsche Bank,DE,2023-09-30,2023-Q3,FORBORNE_RATIO,0.029169,1559.6,1,LARGE
DE_DBK,Deutsche Bank,DE,2023-12-31,2023-Q4,FORBORNE_RATIO,0.02171,1559.6,1,LARGE
DE_DBK,Deutsche Bank,DE,2024-03-31,2024-Q1,FORBORNE_RATIO,0.022282,1559.6,1,LARGE
DE_DBK,Deutsche Bank,DE,2024-06-30,2024-Q2,FORBORNE_RATIO,0.023986,1559.6,1,LARGE
DE_HCOB,Hamburg Commercial Bank,DE,2023-09-30,2023-Q3,FORBORNE_RATIO,0.022358,287.9,0,MEDIUM
DE_HCOB,Hamburg Commercial Bank,DE,2023-12-31,2023-Q4,FORBORNE_RATIO,0.012241,287.9,0,MEDIUM
DE_HCOB,Hamburg Commercial Bank,DE,2024-03-31,2024-Q1,FORBORNE_RATIO,0.035593,287.9,0,MEDIUM
DE_HCOB,Hamburg Commercial Bank,DE,2024-06-30,2024-Q2,FORBORNE_RATIO,0.032632,287.9,0,MEDIUM
DE_LBW,LBBW,DE,2023-09-30,2023-Q3,FORBORNE_RATIO,0.014851,580.4,0,LARGE
DE_LBW,LBBW,DE,2023-12-31,2023-Q4,FORBORNE_RATIO,0.014077,580.4,0,LARGE
DE_LBW,LBBW,DE,2024-03-31,2024-Q1,FORBORNE_RATIO,0.019284,580.4,0,LARGE
DE_LBW,LBBW,DE,2024-06-30,2024-Q2,FORBORNE_RATIO,0.032288,580.4,0,LARGE
DE_NORD,NORD/LB,DE,2023-09-30,2023-Q3,FORBORNE_RATIO,0.031169,391.0,0,LARGE
DE_NORD,NORD/LB,DE,2023-12-31,2023-Q4,FORBORNE_RATIO,0.009883,391.0,0,LARGE
DE_NORD,NORD/LB,DE,2024-03-31,2024-Q1,FORBORNE_RATIO,0.020031,391.0,0,LARGE
DE_NORD,NORD/LB,DE,2024-06-30,2024-Q2,FORBORNE_RATIO,0.023393,391.0,0,LARGE
DK_DAN,Danske Bank,DK,2023-09-30,2023-Q3,FORBORNE_RATIO,0.023203,704.4,1,LARGE
DK_DAN,Danske Bank,DK,2023-12-31,2023-Q4,FORBORNE_RATIO,0.024274,704.4,1,LARGE
DK_DAN,Danske Bank,DK,2024-03-31,2024-Q1,FORBORNE_RATIO,0.011893,704.4,1,LARGE
DK_DAN,Danske Bank,DK,2024-06-30,2024-Q2,FORBORNE_RATIO,0.012867,704.4,1,LARGE
DK_JYS,Jyske Bank,DK,2023-09-30,2023-Q3,FORBORNE_RATIO,0.006256,118.6,0,MEDIUM
DK_JYS,Jyske Bank,DK,2023-12-31,2023-Q4,FORBORNE_RATIO,0.014069,118.6,0,MEDIUM
DK_JYS,Jyske Bank,DK,2024-03-31,2024-Q1,FORBORNE_RATIO,0.023055,118.6,0,MEDIUM
DK_JYS,Jyske Bank,DK,2024-06-30,2024-Q2,FORBORNE_RATIO,0.029446,118.6,0,MEDIUM
EE_LHV,LHV Group,EE,2023-09-30,2023-Q3,FORBORNE_RATIO,0.030237,156.0,0,MEDIUM
EE_LHV,LHV Group,EE,2023-12-31,2023-Q4,FORBORNE_RATIO,0.007838,156.0,0,MEDIUM
EE_LHV,LHV Group,EE,2024-03-31,2024-Q1,FORBORNE_RATIO,0.03377,156.0,0,MEDIUM
EE_LHV,LHV Group,EE,2024-06-30,2024-Q2,FORBORNE_RATIO,0.025384,156.0,0,MEDIUM
ES_BBVA,BBVA,ES,2023-09-30,2023-Q3,FORBORNE_RATIO,0.019399,863.5,1,LARGE
ES_BBVA,BBVA,ES,2023-12-31,2023-Q4,FORBORNE_RATIO,0.036521,863.5,1,LARGE
ES_BBVA,BBVA,ES,2024-03-31,2024-Q1,FORBORNE_RATIO,0.027525,863.5,1,LARGE
ES_BBVA,BBVA,ES,2024-06-30,2024-Q2,FORBORNE_RATIO,0.01753,863.5,1,LARGE
ES_SAB,Banco Sabadell,ES,2023-09-30,2023-Q3,FORBORNE_RATIO,0.028773,330.9,0,LARGE
ES_SAB,Banco Sabadell,ES,2023-12-31,2023-Q4,FORBORNE_RATIO,0.009962,330.9,0,LARGE
ES_SAB,Banco Sabadell,ES,2024-03-31,2024-Q1,FORBORNE_RATIO,0.032215,330.9,0,LARGE
ES_SAB,Banco Sabadell,ES,2024-06-30,2024-Q2,FORBORNE_RATIO,0.025984,330.9,0,LARGE
ES_SAN,Banco Santander,ES,2023-09-30,2023-Q3,FORBORNE_RATIO,0.031628,1996.1,1,LARGE
ES_SAN,Banco Santander,ES,2023-12-31,2023-Q4,FORBORNE_RATIO,0.014368,1996.1,1,LARGE
ES_SAN,Banco Santander,ES,2024-03-31,2024-Q1,FORBORNE_RATIO,0.025167,1996.1,1,LARGE
ES_SAN,Banco Santander,ES,2024-06-30,2024-Q2,FORBORNE_RATIO,0.033691,1996.1,1,LARGE
ES_CABK,CaixaBank,ES,2023-09-30,2023-Q3,FORBORNE_RATIO,0.019286,769.0,0,LARGE
ES_CABK,CaixaBank,ES,2023-12-31,2023-Q4,FORBORNE_RATIO,0.025014,769.0,0,LARGE
ES_CABK,CaixaBank,ES,2024-03-31,2024-Q1,FORBORNE_RATIO,0.014362,769.0,0,LARGE
ES_CABK,CaixaBank,ES,2024-06-30,2024-Q2,FORBORNE_RATIO,0.011084,769.0,0,LARGE
FI_OP,OP Group,FI,2023-09-30,2023-Q3,FORBORNE_RATIO,0.005111,280.1,0,MEDIUM
FI_OP,OP Group,FI,2023-12-31,2023-Q4,FORBORNE_RATIO,0.007631,280.1,0,MEDIUM
FI_OP,OP Group,FI,2024-03-31,2024-Q1,FORBORNE_RATIO,0.027065,280.1,0,MEDIUM
FI_OP,OP Group,FI,2024-06-30,2024-Q2,FORBORNE_RATIO,0.012228,280.1,0,MEDIUM
FR_BNPP,BNP Paribas,FR,2023-09-30,2023-Q3,FORBORNE_RATIO,0.039185,2685.9,1,LARGE
FR_BNPP,BNP Paribas,FR,2023-12-31,2023-Q4,FORBORNE_RATIO,0.021614,2685.9,1,LARGE
FR_BNPP,BNP Paribas,FR,2024-03-31,2024-Q1,FORBORNE_RATIO,0.015046,2685.9,1,LARGE
FR_BNPP,BNP Paribas,FR,2024-06-30,2024-Q2,FORBORNE_RATIO,0.025794,2685.9,1,LARGE
FR_BPCE,BPCE,FR,2023-09-30,2023-Q3,FORBORNE_RATIO,0.032149,1765.8,1,LARGE
FR_BPCE,BPCE,FR,2023-12-31,2023-Q4,FORBORNE_RATIO,0.025611,1765.8,1,LARGE
FR_BPCE,BPCE,FR,2024-03-31,2024-Q1,FORBORNE_RATIO,0.025889,1765.8,1,LARGE
FR_BPCE,BPCE,FR,2024-06-30,2024-Q2,FORBORNE_RATIO,0.041468,1765.8,1,LARGE
FR_ACA,Credit Agricole Group,FR,2023-09-30,2023-Q3,FORBORNE_RATIO,0.013569,2387.7,1,LARGE
FR_ACA,Credit Agricole Group,FR,2023-12-31,2023-Q4,FORBORNE_RATIO,0.018591,2387.7,1,LARGE
FR_ACA,Credit Agricole Group,FR,2024-03-31,2024-Q1,FORBORNE_RATIO,0.025973,2387.7,1,LARGE
FR_ACA,Credit Agricole Group,FR,2024-06-30,2024-Q2,FORBORNE_RATIO,0.021614,2387.7,1,LARGE
FR_HSBC,HSBC Continental Europe,FR,2023-09-30,2023-Q3,FORBORNE_RATIO,0.028622,475.5,0,LARGE
FR_HSBC,HSBC Continental Europe,FR,2023-12-31,2023-Q4,FORBORNE_RATIO,0.006608,475.5,0,LARGE
FR_HSBC,HSBC Continental Europe,FR,2024-03-31,2024-Q1,FORBORNE_RATIO,0.035308,475.5,0,LARGE
FR_HSBC,HSBC Continental Europe,FR,2024-06-30,2024-Q2,FORBORNE_RATIO,0.010425,475.5,0,LARGE
FR_GLE,Societe Generale,FR,2023-09-30,2023-Q3,FORBORNE_RATIO,0.028414,1766.0,1,LARGE
FR_GLE,Societe Generale,FR,2023-12-31,2023-Q4,FORBORNE_RATIO,0.025871,1766.0,1,LARGE
FR_GLE,Societe Generale,FR,2024-03-31,2024-Q1,FORBORNE_RATIO,0.03201,1766.0,1,LARGE
FR_GLE,Societe Generale,FR,2024-06-30,2024-Q2,FORBORNE_RATIO,0.025628,1766.0,1,LARGE
GR_ALPHA,Alpha Bank,GR,2023-09-30,2023-Q3,FORBORNE_RATIO,0.013625,295.5,0,MEDIUM
GR_ALPHA,Alpha Bank,GR,2023-12-31,2023-Q4,FORBORNE_RATIO,0.032873,295.5,0,MEDIUM
GR_ALPHA,Alpha Bank,GR,2024-03-31,2024-Q1,FORBORNE_RATIO,0.013174,295.5,0,MEDIUM
GR_ALPHA,Alpha Bank,GR,2024-06-30,2024-Q2,FORBORNE_RATIO,0.027511,295.5,0,MEDIUM
GR_ETE,Eurobank Ergasias,GR,2023-09-30,2023-Q3,FORBORNE_RATIO,0.027909,315.4,0,LARGE
GR_ETE,Eurobank Ergasias,GR,2023-12-31,2023-Q4,FORBORNE_RATIO,0.022973,315.4,0,LARGE
GR_ETE,Eurobank Ergasias,GR,2024-03-31,2024-Q1,FORBORNE_RATIO,0.018727,315.4,0,LARGE
GR_ETE,Eurobank Ergasias,GR,2024-06-30,2024-Q2,FORBORNE_RATIO,0.018419,315.4,0,LARGE
GR_NBG,National Bank of Greece,GR,2023-09-30,2023-Q3,FORBORNE_RATIO,0.032575,325.7,0,LARGE
GR_NBG,National Bank of Greece,GR,2023-12-31,2023-Q4,FORBORNE_RATIO,0.015811,325.7,0,LARGE
GR_NBG,National Bank of Greece,GR,2024-03-31,2024-Q1,FORBORNE_RATIO,0.036007,325.7,0,LARGE
GR_NBG,National Bank of Greece,GR,2024-06-30,2024-Q2,FORBORNE_RATIO,0.031803,325.7,0,LARGE
GR_PIR,Piraeus Bank,GR,2023-09-30,2023-Q3,FORBORNE_RATIO,0.01947,212.6,0,MEDIUM
GR_PIR,Piraeus Bank,GR,2023-12-31,2023-Q4,FORBORNE_RATIO,0.021593,212.6,0,MEDIUM
GR_PIR,Piraeus Bank,GR,2024-03-31,2024-Q1,FORBORNE_RATIO,0.019381,212.6,0,MEDIUM
GR_PIR,Piraeus Bank,GR,2024-06-30,2024-Q2,FORBORNE_RATIO,0.028335,212.6,0,MEDIUM
HR_ZABA,Zagrebacka Banka,HR,2023-09-30,2023-Q3,FORBORNE_RATIO,0.019885,287.4,0,MEDIUM
HR_ZABA,Zagrebacka Banka,HR,2023-12-31,2023-Q4,FORBORNE_RATIO,0.019738,287.4,0,MEDIUM
HR_ZABA,Zagrebacka Banka,HR,2024-03-31,2024-Q1,FORBORNE_RATIO,0.03522,287.4,0,MEDIUM
HR_ZABA,Zagrebacka Banka,HR,2024-06-30,2024-Q2,FORBORNE_RATIO,0.029285,287.4,0,MEDIUM
HU_OTP,OTP Bank,HU,2023-09-30,2023-Q3,FORBORNE_RATIO,0.034234,292.8,0,MEDIUM
HU_OTP,OTP Bank,HU,2023-12-31,2023-Q4,FORBORNE_RATIO,0.019321,292.8,0,MEDIUM
HU_OTP,OTP Bank,HU,2024-03-31,2024-Q1,FORBORNE_RATIO,0.034961,292.8,0,MEDIUM
HU_OTP,OTP Bank,HU,2024-06-30,2024-Q2,FORBORNE_RATIO,0.014345,292.8,0,MEDIUM
IE_AIB,AIB Group,IE,2023-09-30,2023-Q3,FORBORNE_RATIO,0.023039,356.4,0,LARGE
IE_AIB,AIB Group,IE,2023-12-31,2023-Q4,FORBORNE_RATIO,0.012657,356.4,0,LARGE
IE_AIB,AIB Group,IE,2024-03-31,2024-Q1,FORBORNE_RATIO,0.010688,356.4,0,LARGE
IE_AIB,AIB Group,IE,2024-06-30,2024-Q2,FORBORNE_RATIO,0.02677,356.4,0,LARGE
IE_BIRG,Bank of Ireland,IE,2023-09-30,2023-Q3,FORBORNE_RATIO,0.014522,134.8,0,MEDIUM
IE_BIRG,Bank of Ireland,IE,2023-12-31,2023-Q4,FORBORNE_RATIO,0.015286,134.8,0,MEDIUM
IE_BIRG,Bank of Ireland,IE,2024-03-31,2024-Q1,FORBORNE_RATIO,0.025993,134.8,0,MEDIUM
IE_BIRG,Bank of Ireland,IE,2024-06-30,2024-Q2,FORBORNE_RATIO,0.010462,134.8,0,MEDIUM
IS_LAN,Landsbankinn,IS,2023-09-30,2023-Q3,FORBORNE_RATIO,0.019721,252.3,0,MEDIUM
IS_LAN,Landsbankinn,IS,2023-12-31,2023-Q4,FORBORNE_RATIO,0.020506,252.3,0,MEDIUM
IS_LAN,Landsbankinn,IS,2024-03-31,2024-Q1,FORBORNE_RATIO,0.024992,252.3,0,MEDIUM
IS_LAN,Landsbankinn,IS,2024-06-30,2024-Q2,FORBORNE_RATIO,0.010115,252.3,0,MEDIUM
IT_BAMI,Banco BPM,IT,2023-09-30,2023-Q3,FORBORNE_RATIO,0.010495,406.3,0,LARGE
IT_BAMI,Banco BPM,IT,2023-12-31,2023-Q4,FORBORNE_RATIO,0.021405,406.3,0,LARGE
IT_BAMI,Banco BPM,IT,2024-03-31,2024-Q1,FORBORNE_RATIO,0.0083,406.3,0,LARGE
IT_BAMI,Banco BPM,IT,2024-06-30,2024-Q2,FORBORNE_RATIO,0.019029,406.3,0,LARGE
IT_ISP,Intesa Sanpaolo,IT,2023-09-30,2023-Q3,FORBORNE_RATIO,0.031598,936.6,1,LARGE
IT_ISP,Intesa Sanpaolo,IT,2023-12-31,2023-Q4,FORBORNE_RATIO,0.028266,936.6,1,LARGE
IT_ISP,Intesa Sanpaolo,IT,2024-03-31,2024-Q1,FORBORNE_RATIO,0.032572,936.6,1,LARGE
IT_ISP,Intesa Sanpaolo,IT,2024-06-30,2024-Q2,FORBORNE_RATIO,0.028642,936.6,1,LARGE
IT_MED,Mediobanca,IT,2023-09-30,2023-Q3,FORBORNE_RATIO,0.014354,263.0,0,MEDIUM
IT_MED,Mediobanca,IT,2023-12-31,2023-Q4,FORBORNE_RATIO,0.023338,263.0,0,MEDIUM
IT_MED,Mediobanca,IT,2024-03-31,2024-Q1,FORBORNE_RATIO,0.012491,263.0,0,MEDIUM
IT_MED,Mediobanca,IT,2024-06-30,2024-Q2,FORBORNE_RATIO,0.01595,263.0,0,MEDIUM
IT_BMPS,Monte dei Paschi,IT,2023-09-30,2023-Q3,FORBORNE_RATIO,0.033758,342.8,0,LARGE
IT_BMPS,Monte dei Paschi,IT,2023-12-31,2023-Q4,FORBORNE_RATIO,0.015679,342.8,0,LARGE
IT_BMPS,Monte dei Paschi,IT,2024-03-31,2024-Q1,FORBORNE_RATIO,0.015066,342.8,0,LARGE
IT_BMPS,Monte dei Paschi,IT,2024-06-30,2024-Q2,FORBORNE_RATIO,0.031486,342.8,0,LARGE
IT_UCG,UniCredit,IT,2023-09-30,2023-Q3,FORBORNE_RATIO,0.025351,995.9,1,LARGE
IT_UCG,UniCredit,IT,2023-12-31,2023-Q4,FORBORNE_RATIO,0.028204,995.9,1,LARGE
IT_UCG,UniCredit,IT,2024-03-31,2024-Q1,FORBORNE_RATIO,0.014643,995.9,1,LARGE
IT_UCG,UniCredit,IT,2024-06-30,2024-Q2,FORBORNE_RATIO,0.016095,995.9,1,LARGE
LI_LLB,Liechtensteinische LB,LI,2023-09-30,2023-Q3,FORBORNE_RATIO,0.032972,293.7,0,MEDIUM
LI_LLB,Liechtensteinische LB,LI,2023-12-31,2023-Q4,FORBORNE_RATIO,0.014133,293.7,0,MEDIUM
LI_LLB,Liechtensteinische LB,LI,2024-03-31,2024-Q1,FORBORNE_RATIO,0.015373,293.7,0,MEDIUM
LI_LLB,Liechtensteinische LB,LI,2024-06-30,2024-Q2,FORBORNE_RATIO,0.028911,293.7,0,MEDIUM
LT_SBLT,Siauliu Bankas,LT,2023-09-30,2023-Q3,FORBORNE_RATIO,0.029619,286.8,0,MEDIUM
LT_SBLT,Siauliu Bankas,LT,2023-12-31,2023-Q4,FORBORNE_RATIO,0.023,286.8,0,MEDIUM
LT_SBLT,Siauliu Bankas,LT,2024-03-31,2024-Q1,FORBORNE_RATIO,0.019026,286.8,0,MEDIUM
LT_SBLT,Siauliu Bankas,LT,2024-06-30,2024-Q2,FORBORNE_RATIO,0.031067,286.8,0,MEDIUM
LU_BIL,Banque Internationale Lux,LU,2023-09-30,2023-Q3,FORBORNE_RATIO,0.014999,297.7,0,MEDIUM
LU_BIL,Banque Internationale Lux,LU,2023-12-31,2023-Q4,FORBORNE_RATIO,0.007842,297.7,0,MEDIUM
LU_BIL,Banque Internationale Lux,LU,2024-03-31,2024-Q1,FORBORNE_RATIO,0.03209,297.7,0,MEDIUM
LU_BIL,Banque Internationale Lux,LU,2024-06-30,2024-Q2,FORBORNE_RATIO,0.022166,297.7,0,MEDIUM
LV_SWLV,Swedbank Latvia,LV,2023-09-30,2023-Q3,FORBORNE_RATIO,0.028782,168.3,1,MEDIUM
LV_SWLV,Swedbank Latvia,LV,2023-12-31,2023-Q4,FORBORNE_RATIO,0.029218,168.3,1,MEDIUM
LV_SWLV,Swedbank Latvia,LV,2024-03-31,2024-Q1,FORBORNE_RATIO,0.016753,168.3,1,MEDIUM
LV_SWLV,Swedbank Latvia,LV,2024-06-30,2024-Q2,FORBORNE_RATIO,0.012835,168.3,1,MEDIUM
MT_BOV,Bank of Valletta,MT,2023-09-30,2023-Q3,FORBORNE_RATIO,0.018882,131.9,0,MEDIUM
MT_BOV,Bank of Valletta,MT,2023-12-31,2023-Q4,FORBORNE_RATIO,0.031179,131.9,0,MEDIUM
MT_BOV,Bank of Valletta,MT,2024-03-31,2024-Q1,FORBORNE_RATIO,0.01509,131.9,0,MEDIUM
MT_BOV,Bank of Valletta,MT,2024-06-30,2024-Q2,FORBORNE_RATIO,0.03157,131.9,0,MEDIUM
NL_ABN,ABN AMRO,NL,2023-09-30,2023-Q3,FORBORNE_RATIO,0.019388,668.1,1,LARGE
NL_ABN,ABN AMRO,NL,2023-12-31,2023-Q4,FORBORNE_RATIO,0.009866,668.1,1,LARGE
NL_ABN,ABN AMRO,NL,2024-03-31,2024-Q1,FORBORNE_RATIO,0.015907,668.1,1,LARGE
NL_ABN,ABN AMRO,NL,2024-06-30,2024-Q2,FORBORNE_RATIO,0.030773,668.1,1,LARGE
NL_INGA,ING Groep,NL,2023-09-30,2023-Q3,FORBORNE_RATIO,0.024951,1257.1,1,LARGE
NL_INGA,ING Groep,NL,2023-12-31,2023-Q4,FORBORNE_RATIO,0.032054,1257.1,1,LARGE
NL_INGA,ING Groep,NL,2024-03-31,2024-Q1,FORBORNE_RATIO,0.024827,1257.1,1,LARGE
NL_INGA,ING Groep,NL,2024-06-30,2024-Q2,FORBORNE_RATIO,0.020056,1257.1,1,LARGE
NL_RABO,Rabobank,NL,2023-09-30,2023-Q3,FORBORNE_RATIO,0.022336,890.4,1,LARGE
NL_RABO,Rabobank,NL,2023-12-31,2023-Q4,FORBORNE_RATIO,0.034969,890.4,1,LARGE
NL_RABO,Rabobank,NL,2024-03-31,2024-Q1,FORBORNE_RATIO,0.032162,890.4,1,LARGE
NL_RABO,Rabobank,NL,2024-06-30,2024-Q2,FORBORNE_RATIO,0.014454,890.4,1,LARGE
NO_DNB,DNB Bank,NO,2023-09-30,2023-Q3,FORBORNE_RATIO,0.020756,594.0,0,LARGE
NO_DNB,DNB Bank,NO,2023-12-31,2023-Q4,FORBORNE_RATIO,0.009294,594.0,0,LARGE
NO_DNB,DNB Bank,NO,2024-03-31,2024-Q1,FORBORNE_RATIO,0.010064,594.0,0,LARGE
NO_DNB,DNB Bank,NO,2024-06-30,2024-Q2,FORBORNE_RATIO,0.014047,594.0,0,LARGE
PL_PEKAO,Bank Pekao,PL,2023-09-30,2023-Q3,FORBORNE_RATIO,0.025539,195.9,0,MEDIUM
PL_PEKAO,Bank Pekao,PL,2023-12-31,2023-Q4,FORBORNE_RATIO,0.034698,195.9,0,MEDIUM
PL_PEKAO,Bank Pekao,PL,2024-03-31,2024-Q1,FORBORNE_RATIO,0.015753,195.9,0,MEDIUM
PL_PEKAO,Bank Pekao,PL,2024-06-30,2024-Q2,FORBORNE_RATIO,0.009506,195.9,0,MEDIUM
PL_PKO,PKO Bank Polski,PL,2023-09-30,2023-Q3,FORBORNE_RATIO,0.028497,374.5,1,LARGE
PL_PKO,PKO Bank Polski,PL,2023-12-31,2023-Q4,FORBORNE_RATIO,0.01941,374.5,1,LARGE
PL_PKO,PKO Bank Polski,PL,2024-03-31,2024-Q1,FORBORNE_RATIO,0.016123,374.5,1,LARGE
PL_PKO,PKO Bank Polski,PL,2024-06-30,2024-Q2,FORBORNE_RATIO,0.032526,374.5,1,LARGE
PL_MBK,mBank,PL,2023-09-30,2023-Q3,FORBORNE_RATIO,0.03245,144.3,1,MEDIUM
PL_MBK,mBank,PL,2023-12-31,2023-Q4,FORBORNE_RATIO,0.037984,144.3,1,MEDIUM
PL_MBK,mBank,PL,2024-03-31,2024-Q1,FORBORNE_RATIO,0.020322,144.3,1,MEDIUM
PL_MBK,mBank,PL,2024-06-30,2024-Q2,FORBORNE_RATIO,0.018964,144.3,1,MEDIUM
PT_CGD,Caixa Geral de Depositos,PT,2023-09-30,2023-Q3,FORBORNE_RATIO,0.020595,332.4,0,LARGE
PT_CGD,Caixa Geral de Depositos,PT,2023-12-31,2023-Q4,FORBORNE_RATIO,0.021449,332.4,0,LARGE
PT_CGD,Caixa Geral de Depositos,PT,2024-03-31,2024-Q1,FORBORNE_RATIO,0.033522,332.4,0,LARGE
PT_CGD,Caixa Geral de Depositos,PT,2024-06-30,2024-Q2,FORBORNE_RATIO,0.014675,332.4,0,LARGE
PT_BCP,Millennium BCP,PT,2023-09-30,2023-Q3,FORBORNE_RATIO,0.019424,375.6,0,LARGE
PT_BCP,Millennium BCP,PT,2023-12-31,2023-Q4,FORBORNE_RATIO,0.016695,375.6,0,LARGE
PT_BCP,Millennium BCP,PT,2024-03-31,2024-Q1,FORBORNE_RATIO,0.023637,375.6,0,LARGE
PT_BCP,Millennium BCP,PT,2024-06-30,2024-Q2,FORBORNE_RATIO,0.012474,375.6,0,LARGE
RO_BRD,BRD Groupe SG,RO,2023-09-30,2023-Q3,FORBORNE_RATIO,0.02563,164.3,0,MEDIUM
RO_BRD,BRD Groupe SG,RO,2023-12-31,2023-Q4,FORBORNE_RATIO,0.033965,164.3,0,MEDIUM
RO_BRD,BRD Groupe SG,RO,2024-03-31,2024-Q1,FORBORNE_RATIO,0.015888,164.3,0,MEDIUM
RO_BRD,BRD Groupe SG,RO,2024-06-30,2024-Q2,FORBORNE_RATIO,0.035473,164.3,0,MEDIUM
SE_SHB,Handelsbanken,SE,2023-09-30,2023-Q3,FORBORNE_RATIO,0.018472,505.3,1,LARGE
SE_SHB,Handelsbanken,SE,2023-12-31,2023-Q4,FORBORNE_RATIO,0.031002,505.3,1,LARGE
SE_SHB,Handelsbanken,SE,2024-03-31,2024-Q1,FORBORNE_RATIO,0.022059,505.3,1,LARGE
SE_SHB,Handelsbanken,SE,2024-06-30,2024-Q2,FORBORNE_RATIO,0.034835,505.3,1,LARGE
SE_NDA,Nordea,SE,2023-09-30,2023-Q3,FORBORNE_RATIO,0.029824,627.3,1,LARGE
SE_NDA,Nordea,SE,2023-12-31,2023-Q4,FORBORNE_RATIO,0.011778,627.3,1,LARGE
SE_NDA,Nordea,SE,2024-03-31,2024-Q1,FORBORNE_RATIO,0.035272,627.3,1,LARGE
SE_NDA,Nordea,SE,2024-06-30,2024-Q2,FORBORNE_RATIO,0.042043,627.3,1,LARGE
SE_SEB,SEB,SE,2023-09-30,2023-Q3,FORBORNE_RATIO,0.02321,427.3,1,LARGE
SE_SEB,SEB,SE,2023-12-31,2023-Q4,FORBORNE_RATIO,0.017691,427.3,1,LARGE
SE_SEB,SEB,SE,2024-03-31,2024-Q1,FORBORNE_RATIO,0.022889,427.3,1,LARGE
SE_SEB,SEB,SE,2024-06-30,2024-Q2,FORBORNE_RATIO,0.035544,427.3,1,LARGE
SE_SWED,Swedbank,SE,2023-09-30,2023-Q3,FORBORNE_RATIO,0.017471,536.9,1,LARGE
SE_SWED,Swedbank,SE,2023-12-31,2023-Q4,FORBORNE_RATIO,0.011407,536.9,1,LARGE
SE_SWED,Swedbank,SE,2024-03-31,2024-Q1,FORBORNE_RATIO,0.011168,536.9,1,LARGE
SE_SWED,Swedbank,SE,2024-06-30,2024-Q2,FORBORNE_RATIO,0.030707,536.9,1,LARGE
SI_NLB,NLB Group,SI,2023-09-30,2023-Q3,FORBORNE_RATIO,0.019619,201.6,0,MEDIUM
SI_NLB,NLB Group,SI,2023-12-31,2023-Q4,FORBORNE_RATIO,0.02713,201.6,0,MEDIUM
SI_NLB,NLB Group,SI,2024-03-31,2024-Q1,FORBORNE_RATIO,0.031705,201.6,0,MEDIUM
SI_NLB,NLB Group,SI,2024-06-30,2024-Q2,FORBORNE_RATIO,0.016356,201.6,0,MEDIUM
SK_VUB,VUB Banka,SK,2023-09-30,2023-Q3,FORBORNE_RATIO,0.030583,252.7,0,MEDIUM
SK_VUB,VUB Banka,SK,2023-12-31,2023-Q4,FORBORNE_RATIO,0.017009,252.7,0,MEDIUM
SK_VUB,VUB Banka,SK,2024-03-31,2024-Q1,FORBORNE_RATIO,0.013874,252.7,0,MEDIUM
SK_VUB,VUB Banka,SK,2024-06-30,2024-Q2,FORBORNE_RATIO,0.035041,252.7,0,MEDIUM
AT_ERST,Erste Group,AT,2023-09-30,2023-Q3,LCR,1.356486,566.4,1,LARGE
AT_ERST,Erste Group,AT,2023-12-31,2023-Q4,LCR,1.897783,566.4,1,LARGE
AT_ERST,Erste Group,AT,2024-03-31,2024-Q1,LCR,1.670656,566.4,1,LARGE
AT_ERST,Erste Group,AT,2024-06-30,2024-Q2,LCR,1.332071,566.4,1,LARGE
AT_RBI,Raiffeisen Bank Intl,AT,2023-09-30,2023-Q3,LCR,1.83125,484.4,0,LARGE
AT_RBI,Raiffeisen Bank Intl,AT,2023-12-31,2023-Q4,LCR,1.387451,484.4,0,LARGE
AT_RBI,Raiffeisen Bank Intl,AT,2024-03-31,2024-Q1,LCR,1.704349,484.4,0,LARGE
AT_RBI,Raiffeisen Bank Intl,AT,2024-06-30,2024-Q2,LCR,1.603025,484.4,0,LARGE
BE_BEL,Belfius,BE,2023-09-30,2023-Q3,LCR,1.500875,375.8,0,LARGE
BE_BEL,Belfius,BE,2023-12-31,2023-Q4,LCR,1.305658,375.8,0,LARGE
BE_BEL,Belfius,BE,2024-03-31,2024-Q1,LCR,1.347472,375.8,0,LARGE
BE_BEL,Belfius,BE,2024-06-30,2024-Q2,LCR,1.742389,375.8,0,LARGE
BE_KBC,KBC Group,BE,2023-09-30,2023-Q3,LCR,1.443604,530.9,1,LARGE
BE_KBC,KBC Group,BE,2023-12-31,2023-Q4,LCR,1.699677,530.9,1,LARGE
BE_KBC,KBC Group,BE,2024-03-31,2024-Q1,LCR,1.507504,530.9,1,LARGE
BE_KBC,KBC Group,BE,2024-06-30,2024-Q2,LCR,1.723336,530.9,1,LARGE
BG_DSK,DSK Bank,BG,2023-09-30,2023-Q3,LCR,1.737835,157.8,0,MEDIUM
BG_DSK,DSK Bank,BG,2023-12-31,2023-Q4,LCR,1.718408,157.8,0,MEDIUM
BG_DSK,DSK Bank,BG,2024-03-31,2024-Q1,LCR,1.74399,157.8,0,MEDIUM
BG_DSK,DSK Bank,BG,2024-06-30,2024-Q2,LCR,1.894235,157.8,0,MEDIUM
CY_BOC,Bank of Cyprus,CY,2023-09-30,2023-Q3,LCR,1.418787,302.2,0,LARGE
CY_BOC,Bank of Cyprus,CY,2023-12-31,2023-Q4,LCR,1.899111,302.2,0,LARGE
CY_BOC,Bank of Cyprus,CY,2024-03-31,2024-Q1,LCR,1.569028,302.2,0,LARGE
CY_BOC,Bank of Cyprus,CY,2024-06-30,2024-Q2,LCR,1.723031,302.2,0,LARGE
CZ_KB,Komercni Banka,CZ,2023-09-30,2023-Q3,LCR,1.610429,344.4,0,LARGE
CZ_KB,Komercni Banka,CZ,2023-12-31,2023-Q4,LCR,1.731177,344.4,0,LARGE
CZ_KB,Komercni Banka,CZ,2024-03-31,2024-Q1,LCR,1.443306,344.4,0,LARGE
CZ_KB,Komercni Banka,CZ,2024-06-30,2024-Q2,LCR,1.490503,344.4,0,LARGE
DE_CBK,Commerzbank,DE,2023-09-30,2023-Q3,LCR,1.36504,771.5,1,LARGE
DE_CBK,Commerzbank,DE,2023-12-31,2023-Q4,LCR,1.332873,771.5,1,LARGE
DE_CBK,Commerzbank,DE,2024-03-31,2024-Q1,LCR,1.420548,771.5,1,LARGE
DE_CBK,Commerzbank,DE,2024-06-30,2024-Q2,LCR,1.520957,771.5,1,LARGE
DE_DZB,DZ Bank,DE,2023-09-30,2023-Q3,LCR,1.427511,797.0,0,LARGE
DE_DZB,DZ Bank,DE,2023-12-31,2023-Q4,LCR,1.433636,797.0,0,LARGE
DE_DZB,DZ Bank,DE,2024-03-31,2024-Q1,LCR,1.602862,797.0,0,LARGE
DE_DZB,DZ Bank,DE,2024-06-30,2024-Q2,LCR,1.697937,797.0,0,LARGE
DE_DBK,Deutsche Bank,DE,2023-09-30,2023-Q3,LCR,1.747731,1559.6,1,LARGE
DE_DBK,Deutsche Bank,DE,2023-12-31,2023-Q4,LCR,1.834966,1559.6,1,LARGE
DE_DBK,Deutsche Bank,DE,2024-03-31,2024-Q1,LCR,1.844791,1559.6,1,LARGE
DE_DBK,Deutsche Bank,DE,2024-06-30,2024-Q2,LCR,1.716908,1559.6,1,LARGE
DE_HCOB,Hamburg Commercial Bank,DE,2023-09-30,2023-Q3,LCR,1.365785,287.9,0,MEDIUM
DE_HCOB,Hamburg Commercial Bank,DE,2023-12-31,2023-Q4,LCR,1.789502,287.9,0,MEDIUM
DE_HCOB,Hamburg Commercial Bank,DE,2024-03-31,2024-Q1,LCR,1.595881,287.9,0,MEDIUM
DE_HCOB,Hamburg Commercial Bank,DE,2024-06-30,2024-Q2,LCR,1.337751,287.9,0,MEDIUM
DE_LBW,LBBW,DE,2023-09-30,2023-Q3,LCR,1.359545,580.4,0,LARGE
DE_LBW,LBBW,DE,2023-12-31,2023-Q4,LCR,1.768445,580.4,0,LARGE
DE_LBW,LBBW,DE,2024-03-31,2024-Q1,LCR,1.328958,580.4,0,LARGE
DE_LBW,LBBW,DE,2024-06-30,2024-Q2,LCR,1.548315,580.4,0,LARGE
DE_NORD,NORD/LB,DE,2023-09-30,2023-Q3,LCR,1.485845,391.0,0,LARGE
DE_NORD,NORD/LB,DE,2023-12-31,2023-Q4,LCR,1.51951,391.0,0,LARGE
DE_NORD,NORD/LB,DE,2024-03-31,2024-Q1,LCR,1.504508,391.0,0,LARGE
DE_NORD,NORD/LB,DE,2024-06-30,2024-Q2,LCR,1.89786,391.0,0,LARGE
DK_DAN,Danske Bank,DK,2023-09-30,2023-Q3,LCR,1.399144,704.4,1,LARGE
DK_DAN,Danske Bank,DK,2023-12-31,2023-Q4,LCR,1.679203,704.4,1,LARGE
DK_DAN,Danske Bank,DK,2024-03-31,2024-Q1,LCR,1.650673,704.4,1,LARGE
DK_DAN,Danske Bank,DK,2024-06-30,2024-Q2,LCR,1.465745,704.4,1,LARGE
DK_JYS,Jyske Bank,DK,2023-09-30,2023-Q3,LCR,1.800208,118.6,0,MEDIUM
DK_JYS,Jyske Bank,DK,2023-12-31,2023-Q4,LCR,1.451571,118.6,0,MEDIUM
DK_JYS,Jyske Bank,DK,2024-03-31,2024-Q1,LCR,1.661986,118.6,0,MEDIUM
DK_JYS,Jyske Bank,DK,2024-06-30,2024-Q2,LCR,1.347864,118.6,0,MEDIUM
EE_LHV,LHV Group,EE,2023-09-30,2023-Q3,LCR,1.735918,156.0,0,MEDIUM
EE_LHV,LHV Group,EE,2023-12-31,2023-Q4,LCR,1.541239,156.0,0,MEDIUM
EE_LHV,LHV Group,EE,2024-03-31,2024-Q1,LCR,1.709588,156.0,0,MEDIUM
EE_LHV,LHV Group,EE,2024-06-30,2024-Q2,LCR,1.436482,156.0,0,MEDIUM
ES_BBVA,BBVA,ES,2023-09-30,2023-Q3,LCR,1.848659,863.5,1,LARGE
ES_BBVA,BBVA,ES,2023-12-31,2023-Q4,LCR,1.685976,863.5,1,LARGE
ES_BBVA,BBVA,ES,2024-03-31,2024-Q1,LCR,1.433708,863.5,1,LARGE
ES_BBVA,BBVA,ES,2024-06-30,2024-Q2,LCR,1.487196,863.5,1,LARGE
ES_SAB,Banco Sabadell,ES,2023-09-30,2023-Q3,LCR,1.587477,330.9,0,LARGE
ES_SAB,Banco Sabadell,ES,2023-12-31,2023-Q4,LCR,1.799859,330.9,0,LARGE
ES_SAB,Banco Sabadell,ES,2024-03-31,2024-Q1,LCR,1.655982,330.9,0,LARGE
ES_SAB,Banco Sabadell,ES,2024-06-30,2024-Q2,LCR,1.40864,330.9,0,LARGE
ES_SAN,Banco Santander,ES,2023-09-30,2023-Q3,LCR,1.624736,1996.1,1,LARGE
ES_SAN,Banco Santander,ES,2023-12-31,2023-Q4,LCR,1.606853,1996.1,1,LARGE
ES_SAN,Banco Santander,ES,2024-03-31,2024-Q1,LCR,1.663557,1996.1,1,LARGE
ES_SAN,Banco Santander,ES,2024-06-30,2024-Q2,LCR,1.685913,1996.1,1,LARGE
ES_CABK,CaixaBank,ES,2023-09-30,2023-Q3,LCR,1.495227,769.0,0,LARGE
ES_CABK,CaixaBank,ES,2023-12-31,2023-Q4,LCR,1.450837,769.0,0,LARGE
ES_CABK,CaixaBank,ES,2024-03-31,2024-Q1,LCR,1.877289,769.0,0,LARGE
ES_CABK,CaixaBank,ES,2024-06-30,2024-Q2,LCR,1.572716,769.0,0,LARGE
FI_OP,OP Group,FI,2023-09-30,2023-Q3,LCR,1.581491,280.1,0,MEDIUM
FI_OP,OP Group,FI,2023-12-31,2023-Q4,LCR,1.878194,280.1,0,MEDIUM
FI_OP,OP Group,FI,2024-03-31,2024-Q1,LCR,1.601717,280.1,0,MEDIUM
FI_OP,OP Group,FI,2024-06-30,2024-Q2,LCR,1.527567,280.1,0,MEDIUM
FR_BNPP,BNP Paribas,FR,2023-09-30,2023-Q3,LCR,1.52222,2685.9,1,LARGE
FR_BNPP,BNP Paribas,FR,2023-12-31,2023-Q4,LCR,1.71528,2685.9,1,LARGE
FR_BNPP,BNP Paribas,FR,2024-03-31,2024-Q1,LCR,1.517215,2685.9,1,LARGE
FR_BNPP,BNP Paribas,FR,2024-06-30,2024-Q2,LCR,1.568021,2685.9,1,LARGE
FR_BPCE,BPCE,FR,2023-09-30,2023-Q3,LCR,1.320324,1765.8,1,LARGE
FR_BPCE,BPCE,FR,2023-12-31,2023-Q4,LCR,1.69232,1765.8,1,LARGE
FR_BPCE,BPCE,FR,2024-03-31,2024-Q1,LCR,1.396688,1765.8,1,LARGE
FR_BPCE,BPCE,FR,2024-06-30,2024-Q2,LCR,1.642324,1765.8,1,LARGE
FR_ACA,Credit Agricole Group,FR,2023-09-30,2023-Q3,LCR,1.833979,2387.7,1,LARGE
FR_ACA,Credit Agricole Group,FR,2023-12-31,2023-Q4,LCR,1.56556,2387.7,1,LARGE
FR_ACA,Credit Agricole Group,FR,2024-03-31,2024-Q1,LCR,1.517537,2387.7,1,LARGE
FR_ACA,Credit Agricole Group,FR,2024-06-30,2024-Q2,LCR,1.394157,2387.7,1,LARGE
FR_HSBC,HSBC Continental Europe,FR,2023-09-30,2023-Q3,LCR,1.351136,475.5,0,LARGE
FR_HSBC,HSBC Continental Europe,FR,2023-12-31,2023-Q4,LCR,1.792573,475.5,0,LARGE
FR_HSBC,HSBC Continental Europe,FR,2024-03-31,2024-Q1,LCR,1.396527,475.5,0,LARGE
FR_HSBC,HSBC Continental Europe,FR,2024-06-30,2024-Q2,LCR,1.848853,475.5,0,LARGE
FR_GLE,Societe Generale,FR,2023-09-30,2023-Q3,LCR,1.370612,1766.0,1,LARGE
FR_GLE,Societe Generale,FR,2023-12-31,2023-Q4,LCR,1.867122,1766.0,1,LARGE
FR_GLE,Societe Generale,FR,2024-03-31,2024-Q1,LCR,1.316675,1766.0,1,LARGE
FR_GLE,Societe Generale,FR,2024-06-30,2024-Q2,LCR,1.640309,1766.0,1,LARGE
GR_ALPHA,Alpha Bank,GR,2023-09-30,2023-Q3,LCR,1.340119,295.5,0,MEDIUM
GR_ALPHA,Alpha Bank,GR,2023-12-31,2023-Q4,LCR,1.405874,295.5,0,MEDIUM
GR_ALPHA,Alpha Bank,GR,2024-03-31,2024-Q1,LCR,1.642131,295.5,0,MEDIUM
GR_ALPHA,Alpha Bank,GR,2024-06-30,2024-Q2,LCR,1.661044,295.5,0,MEDIUM
GR_ETE,Eurobank Ergasias,GR,2023-09-30,2023-Q3,LCR,1.896691,315.4,0,LARGE
GR_ETE,Eurobank Ergasias,GR,2023-12-31,2023-Q4,LCR,1.735097,315.4,0,LARGE
GR_ETE,Eurobank Ergasias,GR,2024-03-31,2024-Q1,LCR,1.333762,315.4,0,LARGE
GR_ETE,Eurobank Ergasias,GR,2024-06-30,2024-Q2,LCR,1.64251,315.4,0,LARGE
GR_NBG,National Bank of Greece,GR,2023-09-30,2023-Q3,LCR,1.702643,325.7,0,LARGE
GR_NBG,National Bank of Greece,GR,2023-12-31,2023-Q4,LCR,1.638354,325.7,0,LARGE
GR_NBG,National Bank of Greece,GR,2024-03-31,2024-Q1,LCR,1.841246,325.7,0,LARGE
GR_NBG,National Bank of Greece,GR,2024-06-30,2024-Q2,LCR,1.430936,325.7,0,LARGE
GR_PIR,Piraeus Bank,GR,2023-09-30,2023-Q3,LCR,1.767326,212.6,0,MEDIUM
GR_PIR,Piraeus Bank,GR,2023-12-31,2023-Q4,LCR,1.769677,212.6,0,MEDIUM
GR_PIR,Piraeus Bank,GR,2024-03-31,2024-Q1,LCR,1.879981,212.6,0,MEDIUM
GR_PIR,Piraeus Bank,GR,2024-06-30,2024-Q2,LCR,1.456912,212.6,0,MEDIUM
HR_ZABA,Zagrebacka Banka,HR,2023-09-30,2023-Q3,LCR,1.542442,287.4,0,MEDIUM
HR_ZABA,Zagrebacka Banka,HR,2023-12-31,2023-Q4,LCR,1.381117,287.4,0,MEDIUM
HR_ZABA,Zagrebacka Banka,HR,2024-03-31,2024-Q1,LCR,1.738523,287.4,0,MEDIUM
HR_ZABA,Zagrebacka Banka,HR,2024-06-30,2024-Q2,LCR,1.616514,287.4,0,MEDIUM
HU_OTP,OTP Bank,HU,2023-09-30,2023-Q3,LCR,1.704102,292.8,0,MEDIUM
HU_OTP,OTP Bank,HU,2023-12-31,2023-Q4,LCR,1.339704,292.8,0,MEDIUM
HU_OTP,OTP Bank,HU,2024-03-31,2024-Q1,LCR,1.319006,292.8,0,MEDIUM
HU_OTP,OTP Bank,HU,2024-06-30,2024-Q2,LCR,1.738925,292.8,0,MEDIUM
IE_AIB,AIB Group,IE,2023-09-30,2023-Q3,LCR,1.344391,356.4,0,LARGE
IE_AIB,AIB Group,IE,2023-12-31,2023-Q4,LCR,1.614265,356.4,0,LARGE
IE_AIB,AIB Group,IE,2024-03-31,2024-Q1,LCR,1.638748,356.4,0,LARGE
IE_AIB,AIB Group,IE,2024-06-30,2024-Q2,LCR,1.415864,356.4,0,LARGE
IE_BIRG,Bank of Ireland,IE,2023-09-30,2023-Q3,LCR,1.656555,134.8,0,MEDIUM
IE_BIRG,Bank of Ireland,IE,2023-12-31,2023-Q4,LCR,1.58102,134.8,0,MEDIUM
IE_BIRG,Bank of Ireland,IE,2024-03-31,2024-Q1,LCR,1.707658,134.8,0,MEDIUM
IE_BIRG,Bank of Ireland,IE,2024-06-30,2024-Q2,LCR,1.594744,134.8,0,MEDIUM
IS_LAN,Landsbankinn,IS,2023-09-30,2023-Q3,LCR,1.601356,252.3,0,MEDIUM
IS_LAN,Landsbankinn,IS,2023-12-31,2023-Q4,LCR,1.344764,252.3,0,MEDIUM
IS_LAN,Landsbankinn,IS,2024-03-31,2024-Q1,LCR,1.882688,252.3,0,MEDIUM
IS_LAN,Landsbankinn,IS,2024-06-30,2024-Q2,LCR,1.830641,252.3,0,MEDIUM
IT_BAMI,Banco BPM,IT,2023-09-30,2023-Q3,LCR,1.679853,406.3,0,LARGE
IT_BAMI,Banco BPM,IT,2023-12-31,2023-Q4,LCR,1.505325,406.3,0,LARGE
IT_BAMI,Banco BPM,IT,2024-03-31,2024-Q1,LCR,1.535038,406.3,0,LARGE
IT_BAMI,Banco BPM,IT,2024-06-30,2024-Q2,LCR,1.767689,406.3,0,LARGE
IT_ISP,Intesa Sanpaolo,IT,2023-09-30,2023-Q3,LCR,1.323185,936.6,1,LARGE
IT_ISP,Intesa Sanpaolo,IT,2023-12-31,2023-Q4,LCR,1.564573,936.6,1,LARGE
IT_ISP,Intesa Sanpaolo,IT,2024-03-31,2024-Q1,LCR,1.650333,936.6,1,LARGE
IT_ISP,Intesa Sanpaolo,IT,2024-06-30,2024-Q2,LCR,1.653035,936.6,1,LARGE
IT_MED,Mediobanca,IT,2023-09-30,2023-Q3,LCR,1.433724,263.0,0,MEDIUM
IT_MED,Mediobanca,IT,2023-12-31,2023-Q4,LCR,1.435387,263.0,0,MEDIUM
IT_MED,Mediobanca,IT,2024-03-31,2024-Q1,LCR,1.65167,263.0,0,MEDIUM
IT_MED,Mediobanca,IT,2024-06-30,2024-Q2,LCR,1.704185,263.0,0,MEDIUM
IT_BMPS,Monte dei Paschi,IT,2023-09-30,2023-Q3,LCR,1.864129,342.8,0,LARGE
IT_BMPS,Monte dei Paschi,IT,2023-12-31,2023-Q4,LCR,1.5591,342.8,0,LARGE
IT_BMPS,Monte dei Paschi,IT,2024-03-31,2024-Q1,LCR,1.57136,342.8,0,LARGE
IT_BMPS,Monte dei Paschi,IT,2024-06-30,2024-Q2,LCR,1.399117,342.8,0,LARGE
IT_UCG,UniCredit,IT,2023-09-30,2023-Q3,LCR,1.891424,995.9,1,LARGE
IT_UCG,UniCredit,IT,2023-12-31,2023-Q4,LCR,1.519425,995.9,1,LARGE
IT_UCG,UniCredit,IT,2024-03-31,2024-Q1,LCR,1.425452,995.9,1,LARGE
IT_UCG,UniCredit,IT,2024-06-30,2024-Q2,LCR,1.556105,995.9,1,LARGE
LI_LLB,Liechtensteinische LB,LI,2023-09-30,2023-Q3,LCR,1.309217,293.7,0,MEDIUM
LI_LLB,Liechtensteinische LB,LI,2023-12-31,2023-Q4,LCR,1.67777,293.7,0,MEDIUM
LI_LLB,Liechtensteinische LB,LI,2024-03-31,2024-Q1,LCR,1.712365,293.7,0,MEDIUM
LI_LLB,Liechtensteinische LB,LI,2024-06-30,2024-Q2,LCR,1.727671,293.7,0,MEDIUM
LT_SBLT,Siauliu Bankas,LT,2023-09-30,2023-Q3,LCR,1.341052,286.8,0,MEDIUM
LT_SBLT,Siauliu Bankas,LT,2023-12-31,2023-Q4,LCR,1.661132,286.8,0,MEDIUM
LT_SBLT,Siauliu Bankas,LT,2024-03-31,2024-Q1,LCR,1.861628,286.8,0,MEDIUM
LT_SBLT,Siauliu Bankas,LT,2024-06-30,2024-Q2,LCR,1.603941,286.8,0,MEDIUM
LU_BIL,Banque Internationale Lux,LU,2023-09-30,2023-Q3,LCR,1.363625,297.7,0,MEDIUM
LU_BIL,Banque Internationale Lux,LU,2023-12-31,2023-Q4,LCR,1.647773,297.7,0,MEDIUM
LU_BIL,Banque Internationale Lux,LU,2024-03-31,2024-Q1,LCR,1.737942,297.7,0,MEDIUM
LU_BIL,Banque Internationale Lux,LU,2024-06-30,2024-Q2,LCR,1.544923,297.7,0,MEDIUM
LV_SWLV,Swedbank Latvia,LV,2023-09-30,2023-Q3,LCR,1.523701,168.3,1,MEDIUM
LV_SWLV,Swedbank Latvia,LV,2023-12-31,2023-Q4,LCR,1.587982,168.3,1,MEDIUM
LV_SWLV,Swedbank Latvia,LV,2024-03-31,2024-Q1,LCR,1.479597,168.3,1,MEDIUM
LV_SWLV,Swedbank Latvia,LV,2024-06-30,2024-Q2,LCR,1.559092,168.3,1,MEDIUM
MT_BOV,Bank of Valletta,MT,2023-09-30,2023-Q3,LCR,1.826778,131.9,0,MEDIUM
MT_BOV,Bank of Valletta,MT,2023-12-31,2023-Q4,LCR,1.767704,131.9,0,MEDIUM
MT_BOV,Bank of Valletta,MT,2024-03-31,2024-Q1,LCR,1.895625,131.9,0,MEDIUM
MT_BOV,Bank of Valletta,MT,2024-06-30,2024-Q2,LCR,1.587914,131.9,0,MEDIUM
NL_ABN,ABN AMRO,NL,2023-09-30,2023-Q3,LCR,1.882197,668.1,1,LARGE
NL_ABN,ABN AMRO,NL,2023-12-31,2023-Q4,LCR,1.680254,668.1,1,LARGE
NL_ABN,ABN AMRO,NL,2024-03-31,2024-Q1,LCR,1.508021,668.1,1,LARGE
NL_ABN,ABN AMRO,NL,2024-06-30,2024-Q2,LCR,1.528803,668.1,1,LARGE
NL_INGA,ING Groep,NL,2023-09-30,2023-Q3,LCR,1.678222,1257.1,1,LARGE
NL_INGA,ING Groep,NL,2023-12-31,2023-Q4,LCR,1.603813,1257.1,1,LARGE
NL_INGA,ING Groep,NL,2024-03-31,2024-Q1,LCR,1.624547,1257.1,1,LARGE
NL_INGA,ING Groep,NL,2024-06-30,2024-Q2,LCR,1.657102,1257.1,1,LARGE
NL_RABO,Rabobank,NL,2023-09-30,2023-Q3,LCR,1.83858,890.4,1,LARGE
NL_RABO,Rabobank,NL,2023-12-31,2023-Q4,LCR,1.660799,890.4,1,LARGE
NL_RABO,Rabobank,NL,2024-03-31,2024-Q1,LCR,1.353305,890.4,1,LARGE
NL_RABO,Rabobank,NL,2024-06-30,2024-Q2,LCR,1.609754,890.4,1,LARGE
NO_DNB,DNB Bank,NO,2023-09-30,2023-Q3,LCR,1.587407,594.0,0,LARGE
NO_DNB,DNB Bank,NO,2023-12-31,2023-Q4,LCR,1.778382,594.0,0,LARGE
NO_DNB,DNB Bank,NO,2024-03-31,2024-Q1,LCR,1.421532,594.0,0,LARGE
NO_DNB,DNB Bank,NO,2024-06-30,2024-Q2,LCR,1.360952,594.0,0,LARGE
PL_PEKAO,Bank Pekao,PL,2023-09-30,2023-Q3,LCR,1.479152,195.9,0,MEDIUM
PL_PEKAO,Bank Pekao,PL,2023-12-31,2023-Q4,LCR,1.749829,195.9,0,MEDIUM
PL_PEKAO,Bank Pekao,PL,2024-03-31,2024-Q1,LCR,1.767757,195.9,0,MEDIUM
PL_PEKAO,Bank Pekao,PL,2024-06-30,2024-Q2,LCR,1.876551,195.9,0,MEDIUM
PL_PKO,PKO Bank Polski,PL,2023-09-30,2023-Q3,LCR,1.307164,374.5,1,LARGE
PL_PKO,PKO Bank Polski,PL,2023-12-31,2023-Q4,LCR,1.320677,374.5,1,LARGE
PL_PKO,PKO Bank Polski,PL,2024-03-31,2024-Q1,LCR,1.698694,374.5,1,LARGE
PL_PKO,PKO Bank Polski,PL,2024-06-30,2024-Q2,LCR,1.704955,374.5,1,LARGE
PL_MBK,mBank,PL,2023-09-30,2023-Q3,LCR,1.737687,144.3,1,MEDIUM
PL_MBK,mBank,PL,2023-12-31,2023-Q4,LCR,1.558852,144.3,1,MEDIUM
PL_MBK,mBank,PL,2024-03-31,2024-Q1,LCR,1.31214,144.3,1,MEDIUM
PL_MBK,mBank,PL,2024-06-30,2024-Q2,LCR,1.718977,144.3,1,MEDIUM
PT_CGD,Caixa Geral de Depositos,PT,2023-09-30,2023-Q3,LCR,1.34282,332.4,0,LARGE
PT_CGD,Caixa Geral de Depositos,PT,2023-12-31,2023-Q4,LCR,1.362613,332.4,0,LARGE
PT_CGD,Caixa Geral de Depositos,PT,2024-03-31,2024-Q1,LCR,1.72208,332.4,0,LARGE
PT_CGD,Caixa Geral de Depositos,PT,2024-06-30,2024-Q2,LCR,1.519284,332.4,0,LARGE
PT_BCP,Millennium BCP,PT,2023-09-30,2023-Q3,LCR,1.85593,375.6,0,LARGE
PT_BCP,Millennium BCP,PT,2023-12-31,2023-Q4,LCR,1.435825,375.6,0,LARGE
PT_BCP,Millennium BCP,PT,2024-03-31,2024-Q1,LCR,1.600956,375.6,0,LARGE
PT_BCP,Millennium BCP,PT,2024-06-30,2024-Q2,LCR,1.873239,375.6,0,LARGE
RO_BRD,BRD Groupe SG,RO,2023-09-30,2023-Q3,LCR,1.831861,164.3,0,MEDIUM
RO_BRD,BRD Groupe SG,RO,2023-12-31,2023-Q4,LCR,1.623883,164.3,0,MEDIUM
RO_BRD,BRD Groupe SG,RO,2024-03-31,2024-Q1,LCR,1.742471,164.3,0,MEDIUM
RO_BRD,BRD Groupe SG,RO,2024-06-30,2024-Q2,LCR,1.816495,164.3,0,MEDIUM
SE_SHB,Handelsbanken,SE,2023-09-30,2023-Q3,LCR,1.781611,505.3,1,LARGE
SE_SHB,Handelsbanken,SE,2023-12-31,2023-Q4,LCR,1.678557,505.3,1,LARGE
SE_SHB,Handelsbanken,SE,2024-03-31,2024-Q1,LCR,1.822623,505.3,1,LARGE
SE_SHB,Handelsbanken,SE,2024-06-30,2024-Q2,LCR,1.309629,505.3,1,LARGE
SE_NDA,Nordea,SE,2023-09-30,2023-Q3,LCR,1.336213,627.3,1,LARGE
SE_NDA,Nordea,SE,2023-12-31,2023-Q4,LCR,1.599645,627.3,1,LARGE
SE_NDA,Nordea,SE,2024-03-31,2024-Q1,LCR,1.836392,627.3,1,LARGE
SE_NDA,Nordea,SE,2024-06-30,2024-Q2,LCR,1.830411,627.3,1,LARGE
SE_SEB,SEB,SE,2023-09-30,2023-Q3,LCR,1.622724,427.3,1,LARGE
SE_SEB,SEB,SE,2023-12-31,2023-Q4,LCR,1.529816,427.3,1,LARGE
SE_SEB,SEB,SE,2024-03-31,2024-Q1,LCR,1.674426,427.3,1,LARGE
SE_SEB,SEB,SE,2024-06-30,2024-Q2,LCR,1.54189,427.3,1,LARGE
SE_SWED,Swedbank,SE,2023-09-30,2023-Q3,LCR,1.544451,536.9,1,LARGE
SE_SWED,Swedbank,SE,2023-12-31,2023-Q4,LCR,1.738407,536.9,1,LARGE
SE_SWED,Swedbank,SE,2024-03-31,2024-Q1,LCR,1.667693,536.9,1,LARGE
SE_SWED,Swedbank,SE,2024-06-30,2024-Q2,LCR,1.426149,536.9,1,LARGE
SI_NLB,NLB Group,SI,2023-09-30,2023-Q3,LCR,1.341436,201.6,0,MEDIUM
SI_NLB,NLB Group,SI,2023-12-31,2023-Q4,LCR,1.504631,201.6,0,MEDIUM
SI_NLB,NLB Group,SI,2024-03-31,2024-Q1,LCR,1.3267,201.6,0,MEDIUM
SI_NLB,NLB Group,SI,2024-06-30,2024-Q2,LCR,1.387916,201.6,0,MEDIUM
SK_VUB,VUB Banka,SK,2023-09-30,2023-Q3,LCR,1.845506,252.7,0,MEDIUM
SK_VUB,VUB Banka,SK,2023-12-31,2023-Q4,LCR,1.86594,252.7,0,MEDIUM
SK_VUB,VUB Banka,SK,2024-03-31,2024-Q1,LCR,1.480632,252.7,0,MEDIUM
SK_VUB,VUB Banka,SK,2024-06-30,2024-Q2,LCR,1.594441,252.7,0,MEDIUM
AT_ERST,Erste Group,AT,2023-09-30,2023-Q3,LEV_RATIO,0.062146,566.4,1,LARGE
AT_ERST,Erste Group,AT,2023-12-31,2023-Q4,LEV_RATIO,0.057101,566.4,1,LARGE
AT_ERST,Erste Group,AT,2024-03-31,2024-Q1,LEV_RATIO,0.06226,566.4,1,LARGE
AT_ERST,Erste Group,AT,2024-06-30,2024-Q2,LEV_RATIO,0.073567,566.4,1,LARGE
AT_RBI,Raiffeisen Bank Intl,AT,2023-09-30,2023-Q3,LEV_RATIO,0.050554,484.4,0,LARGE
AT_RBI,Raiffeisen Bank Intl,AT,2023-12-31,2023-Q4,LEV_RATIO,0.043364,484.4,0,LARGE
AT_RBI,Raiffeisen Bank Intl,AT,2024-03-31,2024-Q1,LEV_RATIO,0.05231,484.4,0,LARGE
AT_RBI,Raiffeisen Bank Intl,AT,2024-06-30,2024-Q2,LEV_RATIO,0.063786,484.4,0,LARGE
BE_BEL,Belfius,BE,2023-09-30,2023-Q3,LEV_RATIO,0.058357,375.8,0,LARGE
BE_BEL,Belfius,BE,2023-12-31,2023-Q4,LEV_RATIO,0.045206,375.8,0,LARGE
BE_BEL,Belfius,BE,2024-03-31,2024-Q1,LEV_RATIO,0.066805,375.8,0,LARGE
BE_BEL,Belfius,BE,2024-06-30,2024-Q2,LEV_RATIO,0.062363,375.8,0,LARGE
BE_KBC,KBC Group,BE,2023-09-30,2023-Q3,LEV_RATIO,0.051746,530.9,1,LARGE
BE_KBC,KBC Group,BE,2023-12-31,2023-Q4,LEV_RATIO,0.049012,530.9,1,LARGE
BE_KBC,KBC Group,BE,2024-03-31,2024-Q1,LEV_RATIO,0.064128,530.9,1,LARGE
BE_KBC,KBC Group,BE,2024-06-30,2024-Q2,LEV_RATIO,0.070889,530.9,1,LARGE
BG_DSK,DSK Bank,BG,2023-09-30,2023-Q3,LEV_RATIO,0.056264,157.8,0,MEDIUM
BG_DSK,DSK Bank,BG,2023-12-31,2023-Q4,LEV_RATIO,0.066598,157.8,0,MEDIUM
BG_DSK,DSK Bank,BG,2024-03-31,2024-Q1,LEV_RATIO,0.05162,157.8,0,MEDIUM
BG_DSK,DSK Bank,BG,2024-06-30,2024-Q2,LEV_RATIO,0.072337,157.8,0,MEDIUM
CY_BOC,Bank of Cyprus,CY,2023-09-30,2023-Q3,LEV_RATIO,0.052935,302.2,0,LARGE
CY_BOC,Bank of Cyprus,CY,2023-12-31,2023-Q4,LEV_RATIO,0.064443,302.2,0,LARGE
CY_BOC,Bank of Cyprus,CY,2024-03-31,2024-Q1,LEV_RATIO,0.059827,302.2,0,LARGE
CY_BOC,Bank of Cyprus,CY,2024-06-30,2024-Q2,LEV_RATIO,0.054377,302.2,0,LARGE
CZ_KB,Komercni Banka,CZ,2023-09-30,2023-Q3,LEV_RATIO,0.050596,344.4,0,LARGE
CZ_KB,Komercni Banka,CZ,2023-12-31,2023-Q4,LEV_RATIO,0.059778,344.4,0,LARGE
CZ_KB,Komercni Banka,CZ,2024-03-31,2024-Q1,LEV_RATIO,0.070663,344.4,0,LARGE
CZ_KB,Komercni Banka,CZ,2024-06-30,2024-Q2,LEV_RATIO,0.071314,344.4,0,LARGE
DE_CBK,Commerzbank,DE,2023-09-30,2023-Q3,LEV_RATIO,0.06159,771.5,1,LARGE
DE_CBK,Commerzbank,DE,2023-12-31,2023-Q4,LEV_RATIO,0.055523,771.5,1,LARGE
DE_CBK,Commerzbank,DE,2024-03-31,2024-Q1,LEV_RATIO,0.046009,771.5,1,LARGE
DE_CBK,Commerzbank,DE,2024-06-30,2024-Q2,LEV_RATIO,0.06396,771.5,1,LARGE
DE_DZB,DZ Bank,DE,2023-09-30,2023-Q3,LEV_RATIO,0.060803,797.0,0,LARGE
DE_DZB,DZ Bank,DE,2023-12-31,2023-Q4,LEV_RATIO,0.048203,797.0,0,LARGE
DE_DZB,DZ Bank,DE,2024-03-31,2024-Q1,LEV_RATIO,0.049857,797.0,0,LARGE
DE_DZB,DZ Bank,DE,2024-06-30,2024-Q2,LEV_RATIO,0.048958,797.0,0,LARGE
DE_DBK,Deutsche Bank,DE,2023-09-30,2023-Q3,LEV_RATIO,0.062829,1559.6,1,LARGE
DE_DBK,Deutsche Bank,DE,2023-12-31,2023-Q4,LEV_RATIO,0.055217,1559.6,1,LARGE
DE_DBK,Deutsche Bank,DE,2024-03-31,2024-Q1,LEV_RATIO,0.061986,1559.6,1,LARGE
DE_DBK,Deutsche Bank,DE,2024-06-30,2024-Q2,LEV_RATIO,0.056963,1559.6,1,LARGE
DE_HCOB,Hamburg Commercial Bank,DE,2023-09-30,2023-Q3,LEV_RATIO,0.064489,287.9,0,MEDIUM
DE_HCOB,Hamburg Commercial Bank,DE,2023-12-31,2023-Q4,LEV_RATIO,0.057502,287.9,0,MEDIUM
DE_HCOB,Hamburg Commercial Bank,DE,2024-03-31,2024-Q1,LEV_RATIO,0.050858,287.9,0,MEDIUM
DE_HCOB,Hamburg Commercial Bank,DE,2024-06-30,2024-Q2,LEV_RATIO,0.064485,287.9,0,MEDIUM
DE_LBW,LBBW,DE,2023-09-30,2023-Q3,LEV_RATIO,0.053921,580.4,0,LARGE
DE_LBW,LBBW,DE,2023-12-31,2023-Q4,LEV_RATIO,0.052911,580.4,0,LARGE
DE_LBW,LBBW,DE,2024-03-31,2024-Q1,LEV_RATIO,0.071288,580.4,0,LARGE
DE_LBW,LBBW,DE,2024-06-30,2024-Q2,LEV_RATIO,0.073862,580.4,0,LARGE
DE_NORD,NORD/LB,DE,2023-09-30,2023-Q3,LEV_RATIO,0.05135,391.0,0,LARGE
DE_NORD,NORD/LB,DE,2023-12-31,2023-Q4,LEV_RATIO,0.065867,391.0,0,LARGE
DE_NORD,NORD/LB,DE,2024-03-31,2024-Q1,LEV_RATIO,0.055226,391.0,0,LARGE
DE_NORD,NORD/LB,DE,2024-06-30,2024-Q2,LEV_RATIO,0.057308,391.0,0,LARGE
DK_DAN,Danske Bank,DK,2023-09-30,2023-Q3,LEV_RATIO,0.058741,704.4,1,LARGE
DK_DAN,Danske Bank,DK,2023-12-31,2023-Q4,LEV_RATIO,0.068335,704.4,1,LARGE
DK_DAN,Danske Bank,DK,2024-03-31,2024-Q1,LEV_RATIO,0.067085,704.4,1,LARGE
DK_DAN,Danske Bank,DK,2024-06-30,2024-Q2,LEV_RATIO,0.051906,704.4,1,LARGE
DK_JYS,Jyske Bank,DK,2023-09-30,2023-Q3,LEV_RATIO,0.052086,118.6,0,MEDIUM
DK_JYS,Jyske Bank,DK,2023-12-31,2023-Q4,LEV_RATIO,0.054615,118.6,0,MEDIUM
DK_JYS,Jyske Bank,DK,2024-03-31,2024-Q1,LEV_RATIO,0.066303,118.6,0,MEDIUM
DK_JYS,Jyske Bank,DK,2024-06-30,2024-Q2,LEV_RATIO,0.049057,118.6,0,MEDIUM
EE_LHV,LHV Group,EE,2023-09-30,2023-Q3,LEV_RATIO,0.048596,156.0,0,MEDIUM
EE_LHV,LHV Group,EE,2023-12-31,2023-Q4,LEV_RATIO,0.066897,156.0,0,MEDIUM
EE_LHV,LHV Group,EE,2024-03-31,2024-Q1,LEV_RATIO,0.058116,156.0,0,MEDIUM
EE_LHV,LHV Group,EE,2024-06-30,2024-Q2,LEV_RATIO,0.047158,156.0,0,MEDIUM
ES_BBVA,BBVA,ES,2023-09-30,2023-Q3,LEV_RATIO,0.051608,863.5,1,LARGE
ES_BBVA,BBVA,ES,2023-12-31,2023-Q4,LEV_RATIO,0.068978,863.5,1,LARGE
ES_BBVA,BBVA,ES,2024-03-31,2024-Q1,LEV_RATIO,0.077898,863.5,1,LARGE
ES_BBVA,BBVA,ES,2024-06-30,2024-Q2,LEV_RATIO,0.078103,863.5,1,LARGE
ES_SAB,Banco Sabadell,ES,2023-09-30,2023-Q3,LEV_RATIO,0.063738,330.9,0,LARGE
ES_SAB,Banco Sabadell,ES,2023-12-31,2023-Q4,LEV_RATIO,0.047769,330.9,0,LARGE
ES_SAB,Banco Sabadell,ES,2024-03-31,2024-Q1,LEV_RATIO,0.059574,330.9,0,LARGE
ES_SAB,Banco Sabadell,ES,2024-06-30,2024-Q2,LEV_RATIO,0.052142,330.9,0,LARGE
ES_SAN,Banco Santander,ES,2023-09-30,2023-Q3,LEV_RATIO,0.050952,1996.1,1,LARGE
ES_SAN,Banco Santander,ES,2023-12-31,2023-Q4,LEV_RATIO,0.074557,1996.1,1,LARGE
ES_SAN,Banco Santander,ES,2024-03-31,2024-Q1,LEV_RATIO,0.072188,1996.1,1,LARGE
ES_SAN,Banco Santander,ES,2024-06-30,2024-Q2,LEV_RATIO,0.058043,1996.1,1,LARGE
ES_CABK,CaixaBank,ES,2023-09-30,2023-Q3,LEV_RATIO,0.044448,769.0,0,LARGE
ES_CABK,CaixaBank,ES,2023-12-31,2023-Q4,LEV_RATIO,0.071124,769.0,0,LARGE
ES_CABK,CaixaBank,ES,2024-03-31,2024-Q1,LEV_RATIO,0.070133,769.0,0,LARGE
ES_CABK,CaixaBank,ES,2024-06-30,2024-Q2,LEV_RATIO,0.051533,769.0,0,LARGE
FI_OP,OP Group,FI,2023-09-30,2023-Q3,LEV_RATIO,0.045894,280.1,0,MEDIUM
FI_OP,OP Group,FI,2023-12-31,2023-Q4,LEV_RATIO,0.047117,280.1,0,MEDIUM
FI_OP,OP Group,FI,2024-03-31,2024-Q1,LEV_RATIO,0.061228,280.1,0,MEDIUM
FI_OP,OP Group,FI,2024-06-30,2024-Q2,LEV_RATIO,0.052003,280.1,0,MEDIUM
FR_BNPP,BNP Paribas,FR,2023-09-30,2023-Q3,LEV_RATIO,0.070644,2685.9,1,LARGE
FR_BNPP,BNP Paribas,FR,2023-12-31,2023-Q4,LEV_RATIO,0.061717,2685.9,1,LARGE
FR_BNPP,BNP Paribas,FR,2024-03-31,2024-Q1,LEV_RATIO,0.071078,2685.9,1,LARGE
FR_BNPP,BNP Paribas,FR,2024-06-30,2024-Q2,LEV_RATIO,0.051084,2685.9,1,LARGE
FR_BPCE,BPCE,FR,2023-09-30,2023-Q3,LEV_RATIO,0.048641,1765.8,1,LARGE
FR_BPCE,BPCE,FR,2023-12-31,2023-Q4,LEV_RATIO,0.054374,1765.8,1,LARGE
FR_BPCE,BPCE,FR,2024-03-31,2024-Q1,LEV_RATIO,0.052293,1765.8,1,LARGE
FR_BPCE,BPCE,FR,2024-06-30,2024-Q2,LEV_RATIO,0.071755,1765.8,1,LARGE
FR_ACA,Credit Agricole Group,FR,2023-09-30,2023-Q3,LEV_RATIO,0.070316,2387.7,1,LARGE
FR_ACA,Credit Agricole Group,FR,2023-12-31,2023-Q4,LEV_RATIO,0.077562,2387.7,1,LARGE
FR_ACA,Credit Agricole Group,FR,2024-03-31,2024-Q1,LEV_RATIO,0.072866,2387.7,1,LARGE
FR_ACA,Credit Agricole Group,FR,2024-06-30,2024-Q2,LEV_RATIO,0.064478,2387.7,1,LARGE
FR_HSBC,HSBC Continental Europe,FR,2023-09-30,2023-Q3,LEV_RATIO,0.042254,475.5,0,LARGE
FR_HSBC,HSBC Continental Europe,FR,2023-12-31,2023-Q4,LEV_RATIO,0.057237,475.5,0,LARGE
FR_HSBC,HSBC Continental Europe,FR,2024-03-31,2024-Q1,LEV_RATIO,0.056077,475.5,0,LARGE
FR_HSBC,HSBC Continental Europe,FR,2024-06-30,2024-Q2,LEV_RATIO,0.056253,475.5,0,LARGE
FR_GLE,Societe Generale,FR,2023-09-30,2023-Q3,LEV_RATIO,0.063833,1766.0,1,LARGE
FR_GLE,Societe Generale,FR,2023-12-31,2023-Q4,LEV_RATIO,0.061357,1766.0,1,LARGE
FR_GLE,Societe Generale,FR,2024-03-31,2024-Q1,LEV_RATIO,0.049935,1766.0,1,LARGE
FR_GLE,Societe Generale,FR,2024-06-30,2024-Q2,LEV_RATIO,0.054552,1766.0,1,LARGE
GR_ALPHA,Alpha Bank,GR,2023-09-30,2023-Q3,LEV_RATIO,0.067628,295.5,0,MEDIUM
GR_ALPHA,Alpha Bank,GR,2023-12-31,2023-Q4,LEV_RATIO,0.067142,295.5,0,MEDIUM
GR_ALPHA,Alpha Bank,GR,2024-03-31,2024-Q1,LEV_RATIO,0.071183,295.5,0,MEDIUM
GR_ALPHA,Alpha Bank,GR,2024-06-30,2024-Q2,LEV_RATIO,0.064179,295.5,0,MEDIUM
GR_ETE,Eurobank Ergasias,GR,2023-09-30,2023-Q3,LEV_RATIO,0.049147,315.4,0,LARGE
GR_ETE,Eurobank Ergasias,GR,2023-12-31,2023-Q4,LEV_RATIO,0.0619,315.4,0,LARGE
GR_ETE,Eurobank Ergasias,GR,2024-03-31,2024-Q1,LEV_RATIO,0.055717,315.4,0,LARGE
GR_ETE,Eurobank Ergasias,GR,2024-06-30,2024-Q2,LEV_RATIO,0.05054,315.4,0,LARGE
GR_NBG,National Bank of Greece,GR,2023-09-30,2023-Q3,LEV_RATIO,0.05447,325.7,0,LARGE
GR_NBG,National Bank of Greece,GR,2023-12-31,2023-Q4,LEV_RATIO,0.048607,325.7,0,LARGE
GR_NBG,National Bank of Greece,GR,2024-03-31,2024-Q1,LEV_RATIO,0.053388,325.7,0,LARGE
GR_NBG,National Bank of Greece,GR,2024-06-30,2024-Q2,LEV_RATIO,0.05801,325.7,0,LARGE
GR_PIR,Piraeus Bank,GR,2023-09-30,2023-Q3,LEV_RATIO,0.06367,212.6,0,MEDIUM
GR_PIR,Piraeus Bank,GR,2023-12-31,2023-Q4,LEV_RATIO,0.072549,212.6,0,MEDIUM
GR_PIR,Piraeus Bank,GR,2024-03-31,2024-Q1,LEV_RATIO,0.054621,212.6,0,MEDIUM
GR_PIR,Piraeus Bank,GR,2024-06-30,2024-Q2,LEV_RATIO,0.066375,212.6,0,MEDIUM
HR_ZABA,Zagrebacka Banka,HR,2023-09-30,2023-Q3,LEV_RATIO,0.053236,287.4,0,MEDIUM
HR_ZABA,Zagrebacka Banka,HR,2023-12-31,2023-Q4,LEV_RATIO,0.067677,287.4,0,MEDIUM
HR_ZABA,Zagrebacka Banka,HR,2024-03-31,2024-Q1,LEV_RATIO,0.059054,287.4,0,MEDIUM
HR_ZABA,Zagrebacka Banka,HR,2024-06-30,2024-Q2,LEV_RATIO,0.045033,287.4,0,MEDIUM
HU_OTP,OTP Bank,HU,2023-09-30,2023-Q3,LEV_RATIO,0.062444,292.8,0,MEDIUM
HU_OTP,OTP Bank,HU,2023-12-31,2023-Q4,LEV_RATIO,0.059571,292.8,0,MEDIUM
HU_OTP,OTP Bank,HU,2024-03-31,2024-Q1,LEV_RATIO,0.064553,292.8,0,MEDIUM
HU_OTP,OTP Bank,HU,2024-06-30,2024-Q2,LEV_RATIO,0.054358,292.8,0,MEDIUM
IE_AIB,AIB Group,IE,2023-09-30,2023-Q3,LEV_RATIO,0.043628,356.4,0,LARGE
IE_AIB,AIB Group,IE,2023-12-31,2023-Q4,LEV_RATIO,0.057864,356.4,0,LARGE
IE_AIB,AIB Group,IE,2024-03-31,2024-Q1,LEV_RATIO,0.072444,356.4,0,LARGE
IE_AIB,AIB Group,IE,2024-06-30,2024-Q2,LEV_RATIO,0.065666,356.4,0,LARGE
IE_BIRG,Bank of Ireland,IE,2023-09-30,2023-Q3,LEV_RATIO,0.052212,134.8,0,MEDIUM
IE_BIRG,Bank of Ireland,IE,2023-12-31,2023-Q4,LEV_RATIO,0.049622,134.8,0,MEDIUM
IE_BIRG,Bank of Ireland,IE,2024-03-31,2024-Q1,LEV_RATIO,0.055102,134.8,0,MEDIUM
IE_BIRG,Bank of Ireland,IE,2024-06-30,2024-Q2,LEV_RATIO,0.066372,134.8,0,MEDIUM
IS_LAN,Landsbankinn,IS,2023-09-30,2023-Q3,LEV_RATIO,0.063964,252.3,0,MEDIUM
IS_LAN,Landsbankinn,IS,2023-12-31,2023-Q4,LEV_RATIO,0.055822,252.3,0,MEDIUM
IS_LAN,Landsbankinn,IS,2024-03-31,2024-Q1,LEV_RATIO,0.062897,252.3,0,MEDIUM
IS_LAN,Landsbankinn,IS,2024-06-30,2024-Q2,LEV_RATIO,0.061868,252.3,0,MEDIUM
IT_BAMI,Banco BPM,IT,2023-09-30,2023-Q3,LEV_RATIO,0.055613,406.3,0,LARGE
IT_BAMI,Banco BPM,IT,2023-12-31,2023-Q4,LEV_RATIO,0.051954,406.3,0,LARGE
IT_BAMI,Banco BPM,IT,2024-03-31,2024-Q1,LEV_RATIO,0.071779,406.3,0,LARGE
IT_BAMI,Banco BPM,IT,2024-06-30,2024-Q2,LEV_RATIO,0.063792,406.3,0,LARGE
IT_ISP,Intesa Sanpaolo,IT,2023-09-30,2023-Q3,LEV_RATIO,0.057498,936.6,1,LARGE
IT_ISP,Intesa Sanpaolo,IT,2023-12-31,2023-Q4,LEV_RATIO,0.054117,936.6,1,LARGE
IT_ISP,Intesa Sanpaolo,IT,2024-03-31,2024-Q1,LEV_RATIO,0.056844,936.6,1,LARGE
IT_ISP,Intesa Sanpaolo,IT,2024-06-30,2024-Q2,LEV_RATIO,0.067644,936.6,1,LARGE
IT_MED,Mediobanca,IT,2023-09-30,2023-Q3,LEV_RATIO,0.055536,263.0,0,MEDIUM
IT_MED,Mediobanca,IT,2023-12-31,2023-Q4,LEV_RATIO,0.057319,263.0,0,MEDIUM
IT_MED,Mediobanca,IT,2024-03-31,2024-Q1,LEV_RATIO,0.05619,263.0,0,MEDIUM
IT_MED,Mediobanca,IT,2024-06-30,2024-Q2,LEV_RATIO,0.062032,263.0,0,MEDIUM
IT_BMPS,Monte dei Paschi,IT,2023-09-30,2023-Q3,LEV_RATIO,0.065409,342.8,0,LARGE
IT_BMPS,Monte dei Paschi,IT,2023-12-31,2023-Q4,LEV_RATIO,0.065072,342.8,0,LARGE
IT_BMPS,Monte dei Paschi,IT,2024-03-31,2024-Q1,LEV_RATIO,0.064304,342.8,0,LARGE
IT_BMPS,Monte dei Paschi,IT,2024-06-30,2024-Q2,LEV_RATIO,0.062506,342.8,0,LARGE
IT_UCG,UniCredit,IT,2023-09-30,2023-Q3,LEV_RATIO,0.065026,995.9,1,LARGE
IT_UCG,UniCredit,IT,2023-12-31,2023-Q4,LEV_RATIO,0.058331,995.9,1,LARGE
IT_UCG,UniCredit,IT,2024-03-31,2024-Q1,LEV_RATIO,0.065636,995.9,1,LARGE
IT_UCG,UniCredit,IT,2024-06-30,2024-Q2,LEV_RATIO,0.054719,995.9,1,LARGE
LI_LLB,Liechtensteinische LB,LI,2023-09-30,2023-Q3,LEV_RATIO,0.068303,293.7,0,MEDIUM
LI_LLB,Liechtensteinische LB,LI,2023-12-31,2023-Q4,LEV_RATIO,0.052138,293.7,0,MEDIUM
LI_LLB,Liechtensteinische LB,LI,2024-03-31,2024-Q1,LEV_RATIO,0.070829,293.7,0,MEDIUM
LI_LLB,Liechtensteinische LB,LI,2024-06-30,2024-Q2,LEV_RATIO,0.04511,293.7,0,MEDIUM
LT_SBLT,Siauliu Bankas,LT,2023-09-30,2023-Q3,LEV_RATIO,0.05895,286.8,0,MEDIUM
LT_SBLT,Siauliu Bankas,LT,2023-12-31,2023-Q4,LEV_RATIO,0.052057,286.8,0,MEDIUM
LT_SBLT,Siauliu Bankas,LT,2024-03-31,2024-Q1,LEV_RATIO,0.073821,286.8,0,MEDIUM
LT_SBLT,Siauliu Bankas,LT,2024-06-30,2024-Q2,LEV_RATIO,0.057874,286.8,0,MEDIUM
LU_BIL,Banque Internationale Lux,LU,2023-09-30,2023-Q3,LEV_RATIO,0.052281,297.7,0,MEDIUM
LU_BIL,Banque Internationale Lux,LU,2023-12-31,2023-Q4,LEV_RATIO,0.05569,297.7,0,MEDIUM
LU_BIL,Banque Internationale Lux,LU,2024-03-31,2024-Q1,LEV_RATIO,0.048897,297.7,0,MEDIUM
LU_BIL,Banque Internationale Lux,LU,2024-06-30,2024-Q2,LEV_RATIO,0.054784,297.7,0,MEDIUM
LV_SWLV,Swedbank Latvia,LV,2023-09-30,2023-Q3,LEV_RATIO,0.061957,168.3,1,MEDIUM
LV_SWLV,Swedbank Latvia,LV,2023-12-31,2023-Q4,LEV_RATIO,0.047093,168.3,1,MEDIUM
LV_SWLV,Swedbank Latvia,LV,2024-03-31,2024-Q1,LEV_RATIO,0.057627,168.3,1,MEDIUM
LV_SWLV,Swedbank Latvia,LV,2024-06-30,2024-Q2,LEV_RATIO,0.060419,168.3,1,MEDIUM
MT_BOV,Bank of Valletta,MT,2023-09-30,2023-Q3,LEV_RATIO,0.044261,131.9,0,MEDIUM
MT_BOV,Bank of Valletta,MT,2023-12-31,2023-Q4,LEV_RATIO,0.066415,131.9,0,MEDIUM
MT_BOV,Bank of Valletta,MT,2024-03-31,2024-Q1,LEV_RATIO,0.068411,131.9,0,MEDIUM
MT_BOV,Bank of Valletta,MT,2024-06-30,2024-Q2,LEV_RATIO,0.052782,131.9,0,MEDIUM
NL_ABN,ABN AMRO,NL,2023-09-30,2023-Q3,LEV_RATIO,0.050892,668.1,1,LARGE
NL_ABN,ABN AMRO,NL,2023-12-31,2023-Q4,LEV_RATIO,0.043166,668.1,1,LARGE
NL_ABN,ABN AMRO,NL,2024-03-31,2024-Q1,LEV_RATIO,0.054565,668.1,1,LARGE
NL_ABN,ABN AMRO,NL,2024-06-30,2024-Q2,LEV_RATIO,0.056189,668.1,1,LARGE
NL_INGA,ING Groep,NL,2023-09-30,2023-Q3,LEV_RATIO,0.06587,1257.1,1,LARGE
NL_INGA,ING Groep,NL,2023-12-31,2023-Q4,LEV_RATIO,0.052334,1257.1,1,LARGE
NL_INGA,ING Groep,NL,2024-03-31,2024-Q1,LEV_RATIO,0.073007,1257.1,1,LARGE
NL_INGA,ING Groep,NL,2024-06-30,2024-Q2,LEV_RATIO,0.063867,1257.1,1,LARGE
NL_RABO,Rabobank,NL,2023-09-30,2023-Q3,LEV_RATIO,0.070179,890.4,1,LARGE
NL_RABO,Rabobank,NL,2023-12-31,2023-Q4,LEV_RATIO,0.060172,890.4,1,LARGE
NL_RABO,Rabobank,NL,2024-03-31,2024-Q1,LEV_RATIO,0.05503,890.4,1,LARGE
NL_RABO,Rabobank,NL,2024-06-30,2024-Q2,LEV_RATIO,0.067828,890.4,1,LARGE
NO_DNB,DNB Bank,NO,2023-09-30,2023-Q3,LEV_RATIO,0.048799,594.0,0,LARGE
NO_DNB,DNB Bank,NO,2023-12-31,2023-Q4,LEV_RATIO,0.069431,594.0,0,LARGE
NO_DNB,DNB Bank,NO,2024-03-31,2024-Q1,LEV_RATIO,0.061046,594.0,0,LARGE
NO_DNB,DNB Bank,NO,2024-06-30,2024-Q2,LEV_RATIO,0.051731,594.0,0,LARGE
PL_PEKAO,Bank Pekao,PL,2023-09-30,2023-Q3,LEV_RATIO,0.057663,195.9,0,MEDIUM
PL_PEKAO,Bank Pekao,PL,2023-12-31,2023-Q4,LEV_RATIO,0.04627,195.9,0,MEDIUM
PL_PEKAO,Bank Pekao,PL,2024-03-31,2024-Q1,LEV_RATIO,0.053594,195.9,0,MEDIUM
PL_PEKAO,Bank Pekao,PL,2024-06-30,2024-Q2,LEV_RATIO,0.073323,195.9,0,MEDIUM
PL_PKO,PKO Bank Polski,PL,2023-09-30,2023-Q3,LEV_RATIO,0.07647,374.5,1,LARGE
PL_PKO,PKO Bank Polski,PL,2023-12-31,2023-Q4,LEV_RATIO,0.067185,374.5,1,LARGE
PL_PKO,PKO Bank Polski,PL,2024-03-31,2024-Q1,LEV_RATIO,0.064394,374.5,1,LARGE
PL_PKO,PKO Bank Polski,PL,2024-06-30,2024-Q2,LEV_RATIO,0.051289,374.5,1,LARGE
PL_MBK,mBank,PL,2023-09-30,2023-Q3,LEV_RATIO,0.067905,144.3,1,MEDIUM
PL_MBK,mBank,PL,2023-12-31,2023-Q4,LEV_RATIO,0.055824,144.3,1,MEDIUM
PL_MBK,mBank,PL,2024-03-31,2024-Q1,LEV_RATIO,0.076777,144.3,1,MEDIUM
PL_MBK,mBank,PL,2024-06-30,2024-Q2,LEV_RATIO,0.075067,144.3,1,MEDIUM
PT_CGD,Caixa Geral de Depositos,PT,2023-09-30,2023-Q3,LEV_RATIO,0.043558,332.4,0,LARGE
PT_CGD,Caixa Geral de Depositos,PT,2023-12-31,2023-Q4,LEV_RATIO,0.070395,332.4,0,LARGE
PT_CGD,Caixa Geral de Depositos,PT,2024-03-31,2024-Q1,LEV_RATIO,0.049193,332.4,0,LARGE
PT_CGD,Caixa Geral de Depositos,PT,2024-06-30,2024-Q2,LEV_RATIO,0.049165,332.4,0,LARGE
PT_BCP,Millennium BCP,PT,2023-09-30,2023-Q3,LEV_RATIO,0.054578,375.6,0,LARGE
PT_BCP,Millennium BCP,PT,2023-12-31,2023-Q4,LEV_RATIO,0.043032,375.6,0,LARGE
PT_BCP,Millennium BCP,PT,2024-03-31,2024-Q1,LEV_RATIO,0.04956,375.6,0,LARGE
PT_BCP,Millennium BCP,PT,2024-06-30,2024-Q2,LEV_RATIO,0.060213,375.6,0,LARGE
RO_BRD,BRD Groupe SG,RO,2023-09-30,2023-Q3,LEV_RATIO,0.07001,164.3,0,MEDIUM
RO_BRD,BRD Groupe SG,RO,2023-12-31,2023-Q4,LEV_RATIO,0.06464,164.3,0,MEDIUM
RO_BRD,BRD Groupe SG,RO,2024-03-31,2024-Q1,LEV_RATIO,0.049671,164.3,0,MEDIUM
RO_BRD,BRD Groupe SG,RO,2024-06-30,2024-Q2,LEV_RATIO,0.047279,164.3,0,MEDIUM
SE_SHB,Handelsbanken,SE,2023-09-30,2023-Q3,LEV_RATIO,0.050753,505.3,1,LARGE
SE_SHB,Handelsbanken,SE,2023-12-31,2023-Q4,LEV_RATIO,0.053253,505.3,1,LARGE
SE_SHB,Handelsbanken,SE,2024-03-31,2024-Q1,LEV_RATIO,0.049542,505.3,1,LARGE
SE_SHB,Handelsbanken,SE,2024-06-30,2024-Q2,LEV_RATIO,0.059658,505.3,1,LARGE
SE_NDA,Nordea,SE,2023-09-30,2023-Q3,LEV_RATIO,0.056212,627.3,1,LARGE
SE_NDA,Nordea,SE,2023-12-31,2023-Q4,LEV_RATIO,0.073549,627.3,1,LARGE
SE_NDA,Nordea,SE,2024-03-31,2024-Q1,LEV_RATIO,0.07624,627.3,1,LARGE
SE_NDA,Nordea,SE,2024-06-30,2024-Q2,LEV_RATIO,0.07441,627.3,1,LARGE
SE_SEB,SEB,SE,2023-09-30,2023-Q3,LEV_RATIO,0.05073,427.3,1,LARGE
SE_SEB,SEB,SE,2023-12-31,2023-Q4,LEV_RATIO,0.049072,427.3,1,LARGE
SE_SEB,SEB,SE,2024-03-31,2024-Q1,LEV_RATIO,0.064641,427.3,1,LARGE
SE_SEB,SEB,SE,2024-06-30,2024-Q2,LEV_RATIO,0.072158,427.3,1,LARGE
SE_SWED,Swedbank,SE,2023-09-30,2023-Q3,LEV_RATIO,0.066861,536.9,1,LARGE
SE_SWED,Swedbank,SE,2023-12-31,2023-Q4,LEV_RATIO,0.044247,536.9,1,LARGE
SE_SWED,Swedbank,SE,2024-03-31,2024-Q1,LEV_RATIO,0.063997,536.9,1,LARGE
SE_SWED,Swedbank,SE,2024-06-30,2024-Q2,LEV_RATIO,0.046061,536.9,1,LARGE
SI_NLB,NLB Group,SI,2023-09-30,2023-Q3,LEV_RATIO,0.058516,201.6,0,MEDIUM
SI_NLB,NLB Group,SI,2023-12-31,2023-Q4,LEV_RATIO,0.06176,201.6,0,MEDIUM
SI_NLB,NLB Group,SI,2024-03-31,2024-Q1,LEV_RATIO,0.06813,201.6,0,MEDIUM
SI_NLB,NLB Group,SI,2024-06-30,2024-Q2,LEV_RATIO,0.074803,201.6,0,MEDIUM
SK_VUB,VUB Banka,SK,2023-09-30,2023-Q3,LEV_RATIO,0.050807,252.7,0,MEDIUM
SK_VUB,VUB Banka,SK,2023-12-31,2023-Q4,LEV_RATIO,0.067095,252.7,0,MEDIUM
SK_VUB,VUB Banka,SK,2024-03-31,2024-Q1,LEV_RATIO,0.053388,252.7,0,MEDIUM
SK_VUB,VUB Banka,SK,2024-06-30,2024-Q2,LEV_RATIO,0.065504,252.7,0,MEDIUM
AT_ERST,Erste Group,AT,2023-09-30,2023-Q3,NPL_COVERAGE,0.436833,566.4,1,LARGE
AT_ERST,Erste Group,AT,2023-12-31,2023-Q4,NPL_COVERAGE,0.455951,566.4,1,LARGE
AT_ERST,Erste Group,AT,2024-03-31,2024-Q1,NPL_COVERAGE,0.427089,566.4,1,LARGE
AT_ERST,Erste Group,AT,2024-06-30,2024-Q2,NPL_COVERAGE,0.430935,566.4,1,LARGE
AT_RBI,Raiffeisen Bank Intl,AT,2023-09-30,2023-Q3,NPL_COVERAGE,0.435791,484.4,0,LARGE
AT_RBI,Raiffeisen Bank Intl,AT,2023-12-31,2023-Q4,NPL_COVERAGE,0.466796,484.4,0,LARGE
AT_RBI,Raiffeisen Bank Intl,AT,2024-03-31,2024-Q1,NPL_COVERAGE,0.480193,484.4,0,LARGE
AT_RBI,Raiffeisen Bank Intl,AT,2024-06-30,2024-Q2,NPL_COVERAGE,0.423363,484.4,0,LARGE
BE_BEL,Belfius,BE,2023-09-30,2023-Q3,NPL_COVERAGE,0.461802,375.8,0,LARGE
BE_BEL,Belfius,BE,2023-12-31,2023-Q4,NPL_COVERAGE,0.405069,375.8,0,LARGE
BE_BEL,Belfius,BE,2024-03-31,2024-Q1,NPL_COVERAGE,0.451815,375.8,0,LARGE
BE_BEL,Belfius,BE,2024-06-30,2024-Q2,NPL_COVERAGE,0.460196,375.8,0,LARGE
BE_KBC,KBC Group,BE,2023-09-30,2023-Q3,NPL_COVERAGE,0.412626,530.9,1,LARGE
BE_KBC,KBC Group,BE,2023-12-31,2023-Q4,NPL_COVERAGE,0.463234,530.9,1,LARGE
BE_KBC,KBC Group,BE,2024-03-31,2024-Q1,NPL_COVERAGE,0.381221,530.9,1,LARGE
BE_KBC,KBC Group,BE,2024-06-30,2024-Q2,NPL_COVERAGE,0.443999,530.9,1,LARGE
BG_DSK,DSK Bank,BG,2023-09-30,2023-Q3,NPL_COVERAGE,0.408664,157.8,0,MEDIUM
BG_DSK,DSK Bank,BG,2023-12-31,2023-Q4,NPL_COVERAGE,0.420844,157.8,0,MEDIUM
BG_DSK,DSK Bank,BG,2024-03-31,2024-Q1,NPL_COVERAGE,0.456404,157.8,0,MEDIUM
BG_DSK,DSK Bank,BG,2024-06-30,2024-Q2,NPL_COVERAGE,0.424064,157.8,0,MEDIUM
CY_BOC,Bank of Cyprus,CY,2023-09-30,2023-Q3,NPL_COVERAGE,0.405718,302.2,0,LARGE
CY_BOC,Bank of Cyprus,CY,2023-12-31,2023-Q4,NPL_COVERAGE,0.392479,302.2,0,LARGE
CY_BOC,Bank of Cyprus,CY,2024-03-31,2024-Q1,NPL_COVERAGE,0.477875,302.2,0,LARGE
CY_BOC,Bank of Cyprus,CY,2024-06-30,2024-Q2,NPL_COVERAGE,0.440225,302.2,0,LARGE
CZ_KB,Komercni Banka,CZ,2023-09-30,2023-Q3,NPL_COVERAGE,0.493445,344.4,0,LARGE
CZ_KB,Komercni Banka,CZ,2023-12-31,2023-Q4,NPL_COVERAGE,0.464395,344.4,0,LARGE
CZ_KB,Komercni Banka,CZ,2024-03-31,2024-Q1,NPL_COVERAGE,0.417631,344.4,0,LARGE
CZ_KB,Komercni Banka,CZ,2024-06-30,2024-Q2,NPL_COVERAGE,0.37955,344.4,0,LARGE
DE_CBK,Commerzbank,DE,2023-09-30,2023-Q3,NPL_COVERAGE,0.378149,771.5,1,LARGE
DE_CBK,Commerzbank,DE,2023-12-31,2023-Q4,NPL_COVERAGE,0.494818,771.5,1,LARGE
DE_CBK,Commerzbank,DE,2024-03-31,2024-Q1,NPL_COVERAGE,0.466589,771.5,1,LARGE
DE_CBK,Commerzbank,DE,2024-06-30,2024-Q2,NPL_COVERAGE,0.386362,771.5,1,LARGE
DE_DZB,DZ Bank,DE,2023-09-30,2023-Q3,NPL_COVERAGE,0.438137,797.0,0,LARGE
DE_DZB,DZ Bank,DE,2023-12-31,2023-Q4,NPL_COVERAGE,0.430882,797.0,0,LARGE
DE_DZB,DZ Bank,DE,2024-03-31,2024-Q1,NPL_COVERAGE,0.392476,797.0,0,LARGE
DE_DZB,DZ Bank,DE,2024-06-30,2024-Q2,NPL_COVERAGE,0.489304,797.0,0,LARGE
DE_DBK,Deutsche Bank,DE,2023-09-30,2023-Q3,NPL_COVERAGE,0.488191,1559.6,1,LARGE
DE_DBK,Deutsche Bank,DE,2023-12-31,2023-Q4,NPL_COVERAGE,0.452192,1559.6,1,LARGE
DE_DBK,Deutsche Bank,DE,2024-03-31,2024-Q1,NPL_COVERAGE,0.416368,1559.6,1,LARGE
DE_DBK,Deutsche Bank,DE,2024-06-30,2024-Q2,NPL_COVERAGE,0.38596,1559.6,1,LARGE
DE_HCOB,Hamburg Commercial Bank,DE,2023-09-30,2023-Q3,NPL_COVERAGE,0.415514,287.9,0,MEDIUM
DE_HCOB,Hamburg Commercial Bank,DE,2023-12-31,2023-Q4,NPL_COVERAGE,0.440191,287.9,0,MEDIUM
DE_HCOB,Hamburg Commercial Bank,DE,2024-03-31,2024-Q1,NPL_COVERAGE,0.485489,287.9,0,MEDIUM
DE_HCOB,Hamburg Commercial Bank,DE,2024-06-30,2024-Q2,NPL_COVERAGE,0.431245,287.9,0,MEDIUM
DE_LBW,LBBW,DE,2023-09-30,2023-Q3,NPL_COVERAGE,0.421929,580.4,0,LARGE
DE_LBW,LBBW,DE,2023-12-31,2023-Q4,NPL_COVERAGE,0.41305,580.4,0,LARGE
DE_LBW,LBBW,DE,2024-03-31,2024-Q1,NPL_COVERAGE,0.379886,580.4,0,LARGE
DE_LBW,LBBW,DE,2024-06-30,2024-Q2,NPL_COVERAGE,0.475697,580.4,0,LARGE
DE_NORD,NORD/LB,DE,2023-09-30,2023-Q3,NPL_COVERAGE,0.426459,391.0,0,LARGE
DE_NORD,NORD/LB,DE,2023-12-31,2023-Q4,NPL_COVERAGE,0.476797,391.0,0,LARGE
DE_NORD,NORD/LB,DE,2024-03-31,2024-Q1,NPL_COVERAGE,0.471696,391.0,0,LARGE
DE_NORD,NORD/LB,DE,2024-06-30,2024-Q2,NPL_COVERAGE,0.432274,391.0,0,LARGE
DK_DAN,Danske Bank,DK,2023-09-30,2023-Q3,NPL_COVERAGE,0.381804,704.4,1,LARGE
DK_DAN,Danske Bank,DK,2023-12-31,2023-Q4,NPL_COVERAGE,0.486753,704.4,1,LARGE
DK_DAN,Danske Bank,DK,2024-03-31,2024-Q1,NPL_COVERAGE,0.478215,704.4,1,LARGE
DK_DAN,Danske Bank,DK,2024-06-30,2024-Q2,NPL_COVERAGE,0.385081,704.4,1,LARGE
DK_JYS,Jyske Bank,DK,2023-09-30,2023-Q3,NPL_COVERAGE,0.488677,118.6,0,MEDIUM
DK_JYS,Jyske Bank,DK,2023-12-31,2023-Q4,NPL_COVERAGE,0.482328,118.6,0,MEDIUM
DK_JYS,Jyske Bank,DK,2024-03-31,2024-Q1,NPL_COVERAGE,0.407716,118.6,0,MEDIUM
DK_JYS,Jyske Bank,DK,2024-06-30,2024-Q2,NPL_COVERAGE,0.378702,118.6,0,MEDIUM
EE_LHV,LHV Group,EE,2023-09-30,2023-Q3,NPL_COVERAGE,0.427343,156.0,0,MEDIUM
EE_LHV,LHV Group,EE,2023-12-31,2023-Q4,NPL_COVERAGE,0.468466,156.0,0,MEDIUM
EE_LHV,LHV Group,EE,2024-03-31,2024-Q1,NPL_COVERAGE,0.380134,156.0,0,MEDIUM
EE_LHV,LHV Group,EE,2024-06-30,2024-Q2,NPL_COVERAGE,0.40485,156.0,0,MEDIUM
ES_BBVA,BBVA,ES,2023-09-30,2023-Q3,NPL_COVERAGE,0.495198,863.5,1,LARGE
ES_BBVA,BBVA,ES,2023-12-31,2023-Q4,NPL_COVERAGE,0.457943,863.5,1,LARGE
ES_BBVA,BBVA,ES,2024-03-31,2024-Q1,NPL_COVERAGE,0.438873,863.5,1,LARGE
ES_BBVA,BBVA,ES,2024-06-30,2024-Q2,NPL_COVERAGE,0.43835,863.5,1,LARGE
ES_SAB,Banco Sabadell,ES,2023-09-30,2023-Q3,NPL_COVERAGE,0.407091,330.9,0,LARGE
ES_SAB,Banco Sabadell,ES,2023-12-31,2023-Q4,NPL_COVERAGE,0.384228,330.9,0,LARGE
ES_SAB,Banco Sabadell,ES,2024-03-31,2024-Q1,NPL_COVERAGE,0.437464,330.9,0,LARGE
ES_SAB,Banco Sabadell,ES,2024-06-30,2024-Q2,NPL_COVERAGE,0.395445,330.9,0,LARGE
ES_SAN,Banco Santander,ES,2023-09-30,2023-Q3,NPL_COVERAGE,0.42859,1996.1,1,LARGE
ES_SAN,Banco Santander,ES,2023-12-31,2023-Q4,NPL_COVERAGE,0.405715,1996.1,1,LARGE
ES_SAN,Banco Santander,ES,2024-03-31,2024-Q1,NPL_COVERAGE,0.46573,1996.1,1,LARGE
ES_SAN,Banco Santander,ES,2024-06-30,2024-Q2,NPL_COVERAGE,0.40938,1996.1,1,LARGE
ES_CABK,CaixaBank,ES,2023-09-30,2023-Q3,NPL_COVERAGE,0.448918,769.0,0,LARGE
ES_CABK,CaixaBank,ES,2023-12-31,2023-Q4,NPL_COVERAGE,0.468491,769.0,0,LARGE
ES_CABK,CaixaBank,ES,2024-03-31,2024-Q1,NPL_COVERAGE,0.426212,769.0,0,LARGE
ES_CABK,CaixaBank,ES,2024-06-30,2024-Q2,NPL_COVERAGE,0.481914,769.0,0,LARGE
FI_OP,OP Group,FI,2023-09-30,2023-Q3,NPL_COVERAGE,0.455631,280.1,0,MEDIUM
FI_OP,OP Group,FI,2023-12-31,2023-Q4,NPL_COVERAGE,0.433118,280.1,0,MEDIUM
FI_OP,OP Group,FI,2024-03-31,2024-Q1,NPL_COVERAGE,0.476276,280.1,0,MEDIUM
FI_OP,OP Group,FI,2024-06-30,2024-Q2,NPL_COVERAGE,0.398083,280.1,0,MEDIUM
FR_BNPP,BNP Paribas,FR,2023-09-30,2023-Q3,NPL_COVERAGE,0.496596,2685.9,1,LARGE
FR_BNPP,BNP Paribas,FR,2023-12-31,2023-Q4,NPL_COVERAGE,0.440914,2685.9,1,LARGE
FR_BNPP,BNP Paribas,FR,2024-03-31,2024-Q1,NPL_COVERAGE,0.467034,2685.9,1,LARGE
FR_BNPP,BNP Paribas,FR,2024-06-30,2024-Q2,NPL_COVERAGE,0.422903,2685.9,1,LARGE
FR_BPCE,BPCE,FR,2023-09-30,2023-Q3,NPL_COVERAGE,0.438708,1765.8,1,LARGE
FR_BPCE,BPCE,FR,2023-12-31,2023-Q4,NPL_COVERAGE,0.389962,1765.8,1,LARGE
FR_BPCE,BPCE,FR,2024-03-31,2024-Q1,NPL_COVERAGE,0.382502,1765.8,1,LARGE
FR_BPCE,BPCE,FR,2024-06-30,2024-Q2,NPL_COVERAGE,0.430225,1765.8,1,LARGE
FR_ACA,Credit Agricole Group,FR,2023-09-30,2023-Q3,NPL_COVERAGE,0.443743,2387.7,1,LARGE
FR_ACA,Credit Agricole Group,FR,2023-12-31,2023-Q4,NPL_COVERAGE,0.462526,2387.7,1,LARGE
FR_ACA,Credit Agricole Group,FR,2024-03-31,2024-Q1,NPL_COVERAGE,0.390572,2387.7,1,LARGE
FR_ACA,Credit Agricole Group,FR,2024-06-30,2024-Q2,NPL_COVERAGE,0.405866,2387.7,1,LARGE
FR_HSBC,HSBC Continental Europe,FR,2023-09-30,2023-Q3,NPL_COVERAGE,0.455943,475.5,0,LARGE
FR_HSBC,HSBC Continental Europe,FR,2023-12-31,2023-Q4,NPL_COVERAGE,0.48769,475.5,0,LARGE
FR_HSBC,HSBC Continental Europe,FR,2024-03-31,2024-Q1,NPL_COVERAGE,0.416093,475.5,0,LARGE
FR_HSBC,HSBC Continental Europe,FR,2024-06-30,2024-Q2,NPL_COVERAGE,0.4042,475.5,0,LARGE
FR_GLE,Societe Generale,FR,2023-09-30,2023-Q3,NPL_COVERAGE,0.45013,1766.0,1,LARGE
FR_GLE,Societe Generale,FR,2023-12-31,2023-Q4,NPL_COVERAGE,0.454982,1766.0,1,LARGE
FR_GLE,Societe Generale,FR,2024-03-31,2024-Q1,NPL_COVERAGE,0.459512,1766.0,1,LARGE
FR_GLE,Societe Generale,FR,2024-06-30,2024-Q2,NPL_COVERAGE,0.417428,1766.0,1,LARGE
GR_ALPHA,Alpha Bank,GR,2023-09-30,2023-Q3,NPL_COVERAGE,0.467322,295.5,0,MEDIUM
GR_ALPHA,Alpha Bank,GR,2023-12-31,2023-Q4,NPL_COVERAGE,0.398053,295.5,0,MEDIUM
GR_ALPHA,Alpha Bank,GR,2024-03-31,2024-Q1,NPL_COVERAGE,0.442658,295.5,0,MEDIUM
GR_ALPHA,Alpha Bank,GR,2024-06-30,2024-Q2,NPL_COVERAGE,0.413661,295.5,0,MEDIUM
GR_ETE,Eurobank Ergasias,GR,2023-09-30,2023-Q3,NPL_COVERAGE,0.439013,315.4,0,LARGE
GR_ETE,Eurobank Ergasias,GR,2023-12-31,2023-Q4,NPL_COVERAGE,0.378172,315.4,0,LARGE
GR_ETE,Eurobank Ergasias,GR,2024-03-31,2024-Q1,NPL_COVERAGE,0.406484,315.4,0,LARGE
GR_ETE,Eurobank Ergasias,GR,2024-06-30,2024-Q2,NPL_COVERAGE,0.486774,315.4,0,LARGE
GR_NBG,National Bank of Greece,GR,2023-09-30,2023-Q3,NPL_COVERAGE,0.400035,325.7,0,LARGE
GR_NBG,National Bank of Greece,GR,2023-12-31,2023-Q4,NPL_COVERAGE,0.399532,325.7,0,LARGE
GR_NBG,National Bank of Greece,GR,2024-03-31,2024-Q1,NPL_COVERAGE,0.444617,325.7,0,LARGE
GR_NBG,National Bank of Greece,GR,2024-06-30,2024-Q2,NPL_COVERAGE,0.42105,325.7,0,LARGE
GR_PIR,Piraeus Bank,GR,2023-09-30,2023-Q3,NPL_COVERAGE,0.493198,212.6,0,MEDIUM
GR_PIR,Piraeus Bank,GR,2023-12-31,2023-Q4,NPL_COVERAGE,0.468899,212.6,0,MEDIUM
GR_PIR,Piraeus Bank,GR,2024-03-31,2024-Q1,NPL_COVERAGE,0.430088,212.6,0,MEDIUM
GR_PIR,Piraeus Bank,GR,2024-06-30,2024-Q2,NPL_COVERAGE,0.482055,212.6,0,MEDIUM
HR_ZABA,Zagrebacka Banka,HR,2023-09-30,2023-Q3,NPL_COVERAGE,0.468049,287.4,0,MEDIUM
HR_ZABA,Zagrebacka Banka,HR,2023-12-31,2023-Q4,NPL_COVERAGE,0.41403,287.4,0,MEDIUM
HR_ZABA,Zagrebacka Banka,HR,2024-03-31,2024-Q1,NPL_COVERAGE,0.469951,287.4,0,MEDIUM
HR_ZABA,Zagrebacka Banka,HR,2024-06-30,2024-Q2,NPL_COVERAGE,0.485122,287.4,0,MEDIUM
HU_OTP,OTP Bank,HU,2023-09-30,2023-Q3,NPL_COVERAGE,0.380325,292.8,0,MEDIUM
HU_OTP,OTP Bank,HU,2023-12-31,2023-Q4,NPL_COVERAGE,0.420801,292.8,0,MEDIUM
HU_OTP,OTP Bank,HU,2024-03-31,2024-Q1,NPL_COVERAGE,0.445787,292.8,0,MEDIUM
HU_OTP,OTP Bank,HU,2024-06-30,2024-Q2,NPL_COVERAGE,0.452191,292.8,0,MEDIUM
IE_AIB,AIB Group,IE,2023-09-30,2023-Q3,NPL_COVERAGE,0.410941,356.4,0,LARGE
IE_AIB,AIB Group,IE,2023-12-31,2023-Q4,NPL_COVERAGE,0.465093,356.4,0,LARGE
IE_AIB,AIB Group,IE,2024-03-31,2024-Q1,NPL_COVERAGE,0.465241,356.4,0,LARGE
IE_AIB,AIB Group,IE,2024-06-30,2024-Q2,NPL_COVERAGE,0.435265,356.4,0,LARGE
IE_BIRG,Bank of Ireland,IE,2023-09-30,2023-Q3,NPL_COVERAGE,0.467681,134.8,0,MEDIUM
IE_BIRG,Bank of Ireland,IE,2023-12-31,2023-Q4,NPL_COVERAGE,0.421455,134.8,0,MEDIUM
IE_BIRG,Bank of Ireland,IE,2024-03-31,2024-Q1,NPL_COVERAGE,0.48558,134.8,0,MEDIUM
IE_BIRG,Bank of Ireland,IE,2024-06-30,2024-Q2,NPL_COVERAGE,0.415591,134.8,0,MEDIUM
IS_LAN,Landsbankinn,IS,2023-09-30,2023-Q3,NPL_COVERAGE,0.383585,252.3,0,MEDIUM
IS_LAN,Landsbankinn,IS,2023-12-31,2023-Q4,NPL_COVERAGE,0.459604,252.3,0,MEDIUM
IS_LAN,Landsbankinn,IS,2024-03-31,2024-Q1,NPL_COVERAGE,0.470893,252.3,0,MEDIUM
IS_LAN,Landsbankinn,IS,2024-06-30,2024-Q2,NPL_COVERAGE,0.382848,252.3,0,MEDIUM
IT_BAMI,Banco BPM,IT,2023-09-30,2023-Q3,NPL_COVERAGE,0.490178,406.3,0,LARGE
IT_BAMI,Banco BPM,IT,2023-12-31,2023-Q4,NPL_COVERAGE,0.398375,406.3,0,LARGE
IT_BAMI,Banco BPM,IT,2024-03-31,2024-Q1,NPL_COVERAGE,0.471449,406.3,0,LARGE
IT_BAMI,Banco BPM,IT,2024-06-30,2024-Q2,NPL_COVERAGE,0.479484,406.3,0,LARGE
IT_ISP,Intesa Sanpaolo,IT,2023-09-30,2023-Q3,NPL_COVERAGE,0.437708,936.6,1,LARGE
IT_ISP,Intesa Sanpaolo,IT,2023-12-31,2023-Q4,NPL_COVERAGE,0.460351,936.6,1,LARGE
IT_ISP,Intesa Sanpaolo,IT,2024-03-31,2024-Q1,NPL_COVERAGE,0.42189,936.6,1,LARGE
IT_ISP,Intesa Sanpaolo,IT,2024-06-30,2024-Q2,NPL_COVERAGE,0.385731,936.6,1,LARGE
IT_MED,Mediobanca,IT,2023-09-30,2023-Q3,NPL_COVERAGE,0.454512,263.0,0,MEDIUM
IT_MED,Mediobanca,IT,2023-12-31,2023-Q4,NPL_COVERAGE,0.394427,263.0,0,MEDIUM
IT_MED,Mediobanca,IT,2024-03-31,2024-Q1,NPL_COVERAGE,0.406679,263.0,0,MEDIUM
IT_MED,Mediobanca,IT,2024-06-30,2024-Q2,NPL_COVERAGE,0.491677,263.0,0,MEDIUM
IT_BMPS,Monte dei Paschi,IT,2023-09-30,2023-Q3,NPL_COVERAGE,0.469075,342.8,0,LARGE
IT_BMPS,Monte dei Paschi,IT,2023-12-31,2023-Q4,NPL_COVERAGE,0.47854,342.8,0,LARGE
IT_BMPS,Monte dei Paschi,IT,2024-03-31,2024-Q1,NPL_COVERAGE,0.402123,342.8,0,LARGE
IT_BMPS,Monte dei Paschi,IT,2024-06-30,2024-Q2,NPL_COVERAGE,0.471599,342.8,0,LARGE
IT_UCG,UniCredit,IT,2023-09-30,2023-Q3,NPL_COVERAGE,0.387453,995.9,1,LARGE
IT_UCG,UniCredit,IT,2023-12-31,2023-Q4,NPL_COVERAGE,0.410623,995.9,1,LARGE
IT_UCG,UniCredit,IT,2024-03-31,2024-Q1,NPL_COVERAGE,0.434829,995.9,1,LARGE
IT_UCG,UniCredit,IT,2024-06-30,2024-Q2,NPL_COVERAGE,0.498398,995.9,1,LARGE
LI_LLB,Liechtensteinische LB,LI,2023-09-30,2023-Q3,NPL_COVERAGE,0.411625,293.7,0,MEDIUM
LI_LLB,Liechtensteinische LB,LI,2023-12-31,2023-Q4,NPL_COVERAGE,0.452581,293.7,0,MEDIUM
LI_LLB,Liechtensteinische LB,LI,2024-03-31,2024-Q1,NPL_COVERAGE,0.496255,293.7,0,MEDIUM
LI_LLB,Liechtensteinische LB,LI,2024-06-30,2024-Q2,NPL_COVERAGE,0.392782,293.7,0,MEDIUM
LT_SBLT,Siauliu Bankas,LT,2023-09-30,2023-Q3,NPL_COVERAGE,0.427549,286.8,0,MEDIUM
LT_SBLT,Siauliu Bankas,LT,2023-12-31,2023-Q4,NPL_COVERAGE,0.463661,286.8,0,MEDIUM
LT_SBLT,Siauliu Bankas,LT,2024-03-31,2024-Q1,NPL_COVERAGE,0.480749,286.8,0,MEDIUM
LT_SBLT,Siauliu Bankas,LT,2024-06-30,2024-Q2,NPL_COVERAGE,0.405427,286.8,0,MEDIUM
LU_BIL,Banque Internationale Lux,LU,2023-09-30,2023-Q3,NPL_COVERAGE,0.479314,297.7,0,MEDIUM
LU_BIL,Banque Internationale Lux,LU,2023-12-31,2023-Q4,NPL_COVERAGE,0.410841,297.7,0,MEDIUM
LU_BIL,Banque Internationale Lux,LU,2024-03-31,2024-Q1,NPL_COVERAGE,0.444974,297.7,0,MEDIUM
LU_BIL,Banque Internationale Lux,LU,2024-06-30,2024-Q2,NPL_COVERAGE,0.423075,297.7,0,MEDIUM
LV_SWLV,Swedbank Latvia,LV,2023-09-30,2023-Q3,NPL_COVERAGE,0.391537,168.3,1,MEDIUM
LV_SWLV,Swedbank Latvia,LV,2023-12-31,2023-Q4,NPL_COVERAGE,0.483299,168.3,1,MEDIUM
LV_SWLV,Swedbank Latvia,LV,2024-03-31,2024-Q1,NPL_COVERAGE,0.434001,168.3,1,MEDIUM
LV_SWLV,Swedbank Latvia,LV,2024-06-30,2024-Q2,NPL_COVERAGE,0.383841,168.3,1,MEDIUM
MT_BOV,Bank of Valletta,MT,2023-09-30,2023-Q3,NPL_COVERAGE,0.452747,131.9,0,MEDIUM
MT_BOV,Bank of Valletta,MT,2023-12-31,2023-Q4,NPL_COVERAGE,0.462067,131.9,0,MEDIUM
MT_BOV,Bank of Valletta,MT,2024-03-31,2024-Q1,NPL_COVERAGE,0.447355,131.9,0,MEDIUM
MT_BOV,Bank of Valletta,MT,2024-06-30,2024-Q2,NPL_COVERAGE,0.427419,131.9,0,MEDIUM
NL_ABN,ABN AMRO,NL,2023-09-30,2023-Q3,NPL_COVERAGE,0.420515,668.1,1,LARGE
NL_ABN,ABN AMRO,NL,2023-12-31,2023-Q4,NPL_COVERAGE,0.454767,668.1,1,LARGE
NL_ABN,ABN AMRO,NL,2024-03-31,2024-Q1,NPL_COVERAGE,0.435647,668.1,1,LARGE
NL_ABN,ABN AMRO,NL,2024-06-30,2024-Q2,NPL_COVERAGE,0.478937,668.1,1,LARGE
NL_INGA,ING Groep,NL,2023-09-30,2023-Q3,NPL_COVERAGE,0.40408,1257.1,1,LARGE
NL_INGA,ING Groep,NL,2023-12-31,2023-Q4,NPL_COVERAGE,0.434034,1257.1,1,LARGE
NL_INGA,ING Groep,NL,2024-03-31,2024-Q1,NPL_COVERAGE,0.45712,1257.1,1,LARGE
NL_INGA,ING Groep,NL,2024-06-30,2024-Q2,NPL_COVERAGE,0.495683,1257.1,1,LARGE
NL_RABO,Rabobank,NL,2023-09-30,2023-Q3,NPL_COVERAGE,0.411273,890.4,1,LARGE
NL_RABO,Rabobank,NL,2023-12-31,2023-Q4,NPL_COVERAGE,0.441938,890.4,1,LARGE
NL_RABO,Rabobank,NL,2024-03-31,2024-Q1,NPL_COVERAGE,0.499247,890.4,1,LARGE
NL_RABO,Rabobank,NL,2024-06-30,2024-Q2,NPL_COVERAGE,0.413799,890.4,1,LARGE
NO_DNB,DNB Bank,NO,2023-09-30,2023-Q3,NPL_COVERAGE,0.479737,594.0,0,LARGE
NO_DNB,DNB Bank,NO,2023-12-31,2023-Q4,NPL_COVERAGE,0.396713,594.0,0,LARGE
NO_DNB,DNB Bank,NO,2024-03-31,2024-Q1,NPL_COVERAGE,0.43932,594.0,0,LARGE
NO_DNB,DNB Bank,NO,2024-06-30,2024-Q2,NPL_COVERAGE,0.45116,594.0,0,LARGE
PL_PEKAO,Bank Pekao,PL,2023-09-30,2023-Q3,NPL_COVERAGE,0.488984,195.9,0,MEDIUM
PL_PEKAO,Bank Pekao,PL,2023-12-31,2023-Q4,NPL_COVERAGE,0.485699,195.9,0,MEDIUM
PL_PEKAO,Bank Pekao,PL,2024-03-31,2024-Q1,NPL_COVERAGE,0.444182,195.9,0,MEDIUM
PL_PEKAO,Bank Pekao,PL,2024-06-30,2024-Q2,NPL_COVERAGE,0.493201,195.9,0,MEDIUM
PL_PKO,PKO Bank Polski,PL,2023-09-30,2023-Q3,NPL_COVERAGE,0.489453,374.5,1,LARGE
PL_PKO,PKO Bank Polski,PL,2023-12-31,2023-Q4,NPL_COVERAGE,0.445959,374.5,1,LARGE
PL_PKO,PKO Bank Polski,PL,2024-03-31,2024-Q1,NPL_COVERAGE,0.458872,374.5,1,LARGE
PL_PKO,PKO Bank Polski,PL,2024-06-30,2024-Q2,NPL_COVERAGE,0.4333,374.5,1,LARGE
PL_MBK,mBank,PL,2023-09-30,2023-Q3,NPL_COVERAGE,0.494078,144.3,1,MEDIUM
PL_MBK,mBank,PL,2023-12-31,2023-Q4,NPL_COVERAGE,0.498956,144.3,1,MEDIUM
PL_MBK,mBank,PL,2024-03-31,2024-Q1,NPL_COVERAGE,0.478362,144.3,1,MEDIUM
PL_MBK,mBank,PL,2024-06-30,2024-Q2,NPL_COVERAGE,0.454504,144.3,1,MEDIUM
PT_CGD,Caixa Geral de Depositos,PT,2023-09-30,2023-Q3,NPL_COVERAGE,0.39786,332.4,0,LARGE
PT_CGD,Caixa Geral de Depositos,PT,2023-12-31,2023-Q4,NPL_COVERAGE,0.464344,332.4,0,LARGE
PT_CGD,Caixa Geral de Depositos,PT,2024-03-31,2024-Q1,NPL_COVERAGE,0.46246,332.4,0,LARGE
PT_CGD,Caixa Geral de Depositos,PT,2024-06-30,2024-Q2,NPL_COVERAGE,0.445012,332.4,0,LARGE
PT_BCP,Millennium BCP,PT,2023-09-30,2023-Q3,NPL_COVERAGE,0.478748,375.6,0,LARGE
PT_BCP,Millennium BCP,PT,2023-12-31,2023-Q4,NPL_COVERAGE,0.408435,375.6,0,LARGE
PT_BCP,Millennium BCP,PT,2024-03-31,2024-Q1,NPL_COVERAGE,0.429798,375.6,0,LARGE
PT_BCP,Millennium BCP,PT,2024-06-30,2024-Q2,NPL_COVERAGE,0.461273,375.6,0,LARGE
RO_BRD,BRD Groupe SG,RO,2023-09-30,2023-Q3,NPL_COVERAGE,0.388331,164.3,0,MEDIUM
RO_BRD,BRD Groupe SG,RO,2023-12-31,2023-Q4,NPL_COVERAGE,0.453715,164.3,0,MEDIUM
RO_BRD,BRD Groupe SG,RO,2024-03-31,2024-Q1,NPL_COVERAGE,0.429561,164.3,0,MEDIUM
RO_BRD,BRD Groupe SG,RO,2024-06-30,2024-Q2,NPL_COVERAGE,0.382849,164.3,0,MEDIUM
SE_SHB,Handelsbanken,SE,2023-09-30,2023-Q3,NPL_COVERAGE,0.415881,505.3,1,LARGE
SE_SHB,Handelsbanken,SE,2023-12-31,2023-Q4,NPL_COVERAGE,0.492735,505.3,1,LARGE
SE_SHB,Handelsbanken,SE,2024-03-31,2024-Q1,NPL_COVERAGE,0.383465,505.3,1,LARGE
SE_SHB,Handelsbanken,SE,2024-06-30,2024-Q2,NPL_COVERAGE,0.45109,505.3,1,LARGE
SE_NDA,Nordea,SE,2023-09-30,2023-Q3,NPL_COVERAGE,0.401903,627.3,1,LARGE
SE_NDA,Nordea,SE,2023-12-31,2023-Q4,NPL_COVERAGE,0.452125,627.3,1,LARGE
SE_NDA,Nordea,SE,2024-03-31,2024-Q1,NPL_COVERAGE,0.472151,627.3,1,LARGE
SE_NDA,Nordea,SE,2024-06-30,2024-Q2,NPL_COVERAGE,0.39588,627.3,1,LARGE
SE_SEB,SEB,SE,2023-09-30,2023-Q3,NPL_COVERAGE,0.470359,427.3,1,LARGE
SE_SEB,SEB,SE,2023-12-31,2023-Q4,NPL_COVERAGE,0.4389,427.3,1,LARGE
SE_SEB,SEB,SE,2024-03-31,2024-Q1,NPL_COVERAGE,0.423107,427.3,1,LARGE
SE_SEB,SEB,SE,2024-06-30,2024-Q2,NPL_COVERAGE,0.450453,427.3,1,LARGE
SE_SWED,Swedbank,SE,2023-09-30,2023-Q3,NPL_COVERAGE,0.481972,536.9,1,LARGE
SE_SWED,Swedbank,SE,2023-12-31,2023-Q4,NPL_COVERAGE,0.484282,536.9,1,LARGE
SE_SWED,Swedbank,SE,2024-03-31,2024-Q1,NPL_COVERAGE,0.482942,536.9,1,LARGE
SE_SWED,Swedbank,SE,2024-06-30,2024-Q2,NPL_COVERAGE,0.429217,536.9,1,LARGE
SI_NLB,NLB Group,SI,2023-09-30,2023-Q3,NPL_COVERAGE,0.39984,201.6,0,MEDIUM
SI_NLB,NLB Group,SI,2023-12-31,2023-Q4,NPL_COVERAGE,0.478598,201.6,0,MEDIUM
SI_NLB,NLB Group,SI,2024-03-31,2024-Q1,NPL_COVERAGE,0.43312,201.6,0,MEDIUM
SI_NLB,NLB Group,SI,2024-06-30,2024-Q2,NPL_COVERAGE,0.482695,201.6,0,MEDIUM
SK_VUB,VUB Banka,SK,2023-09-30,2023-Q3,NPL_COVERAGE,0.424905,252.7,0,MEDIUM
SK_VUB,VUB Banka,SK,2023-12-31,2023-Q4,NPL_COVERAGE,0.422471,252.7,0,MEDIUM
SK_VUB,VUB Banka,SK,2024-03-31,2024-Q1,NPL_COVERAGE,0.445225,252.7,0,MEDIUM
SK_VUB,VUB Banka,SK,2024-06-30,2024-Q2,NPL_COVERAGE,0.406693,252.7,0,MEDIUM
AT_ERST,Erste Group,AT,2023-09-30,2023-Q3,NPL_RATIO,0.01179,566.4,1,LARGE
AT_ERST,Erste Group,AT,2023-12-31,2023-Q4,NPL_RATIO,0.025674,566.4,1,LARGE
AT_ERST,Erste Group,AT,2024-03-31,2024-Q1,NPL_RATIO,0.011175,566.4,1,LARGE
AT_ERST,Erste Group,AT,2024-06-30,2024-Q2,NPL_RATIO,0.029392,566.4,1,LARGE
AT_RBI,Raiffeisen Bank Intl,AT,2023-09-30,2023-Q3,NPL_RATIO,0.017515,484.4,0,LARGE
AT_RBI,Raiffeisen Bank Intl,AT,2023-12-31,2023-Q4,NPL_RATIO,0.033359,484.4,0,LARGE
AT_RBI,Raiffeisen Bank Intl,AT,2024-03-31,2024-Q1,NPL_RATIO,0.002558,484.4,0,LARGE
AT_RBI,Raiffeisen Bank Intl,AT,2024-06-30,2024-Q2,NPL_RATIO,0.009333,484.4,0,LARGE
BE_BEL,Belfius,BE,2023-09-30,2023-Q3,NPL_RATIO,0.022466,375.8,0,LARGE
BE_BEL,Belfius,BE,2023-12-31,2023-Q4,NPL_RATIO,0.032333,375.8,0,LARGE
BE_BEL,Belfius,BE,2024-03-31,2024-Q1,NPL_RATIO,0.03134,375.8,0,LARGE
BE_BEL,Belfius,BE,2024-06-30,2024-Q2,NPL_RATIO,0.017519,375.8,0,LARGE
BE_KBC,KBC Group,BE,2023-09-30,2023-Q3,NPL_RATIO,0.034151,530.9,1,LARGE
BE_KBC,KBC Group,BE,2023-12-31,2023-Q4,NPL_RATIO,0.006762,530.9,1,LARGE
BE_KBC,KBC Group,BE,2024-03-31,2024-Q1,NPL_RATIO,0.0255,530.9,1,LARGE
BE_KBC,KBC Group,BE,2024-06-30,2024-Q2,NPL_RATIO,0.025268,530.9,1,LARGE
BG_DSK,DSK Bank,BG,2023-09-30,2023-Q3,NPL_RATIO,0.013801,157.8,0,MEDIUM
BG_DSK,DSK Bank,BG,2023-12-31,2023-Q4,NPL_RATIO,0.0,157.8,0,MEDIUM
BG_DSK,DSK Bank,BG,2024-03-31,2024-Q1,NPL_RATIO,0.022815,157.8,0,MEDIUM
BG_DSK,DSK Bank,BG,2024-06-30,2024-Q2,NPL_RATIO,0.0,157.8,0,MEDIUM
CY_BOC,Bank of Cyprus,CY,2023-09-30,2023-Q3,NPL_RATIO,0.016999,302.2,0,LARGE
CY_BOC,Bank of Cyprus,CY,2023-12-31,2023-Q4,NPL_RATIO,0.017349,302.2,0,LARGE
CY_BOC,Bank of Cyprus,CY,2024-03-31,2024-Q1,NPL_RATIO,0.0,302.2,0,LARGE
CY_BOC,Bank of Cyprus,CY,2024-06-30,2024-Q2,NPL_RATIO,0.007057,302.2,0,LARGE
CZ_KB,Komercni Banka,CZ,2023-09-30,2023-Q3,NPL_RATIO,0.032398,344.4,0,LARGE
CZ_KB,Komercni Banka,CZ,2023-12-31,2023-Q4,NPL_RATIO,0.018871,344.4,0,LARGE
CZ_KB,Komercni Banka,CZ,2024-03-31,2024-Q1,NPL_RATIO,0.036198,344.4,0,LARGE
CZ_KB,Komercni Banka,CZ,2024-06-30,2024-Q2,NPL_RATIO,0.013041,344.4,0,LARGE
DE_CBK,Commerzbank,DE,2023-09-30,2023-Q3,NPL_RATIO,0.027984,771.5,1,LARGE
DE_CBK,Commerzbank,DE,2023-12-31,2023-Q4,NPL_RATIO,0.023305,771.5,1,LARGE
DE_CBK,Commerzbank,DE,2024-03-31,2024-Q1,NPL_RATIO,0.031502,771.5,1,LARGE
DE_CBK,Commerzbank,DE,2024-06-30,2024-Q2,NPL_RATIO,0.013578,771.5,1,LARGE
DE_DZB,DZ Bank,DE,2023-09-30,2023-Q3,NPL_RATIO,0.0428,797.0,0,LARGE
DE_DZB,DZ Bank,DE,2023-12-31,2023-Q4,NPL_RATIO,0.033994,797.0,0,LARGE
DE_DZB,DZ Bank,DE,2024-03-31,2024-Q1,NPL_RATIO,0.011406,797.0,0,LARGE
DE_DZB,DZ Bank,DE,2024-06-30,2024-Q2,NPL_RATIO,0.021511,797.0,0,LARGE
DE_DBK,Deutsche Bank,DE,2023-09-30,2023-Q3,NPL_RATIO,0.027148,1559.6,1,LARGE
DE_DBK,Deutsche Bank,DE,2023-12-31,2023-Q4,NPL_RATIO,0.014365,1559.6,1,LARGE
DE_DBK,Deutsche Bank,DE,2024-03-31,2024-Q1,NPL_RATIO,0.034777,1559.6,1,LARGE
DE_DBK,Deutsche Bank,DE,2024-06-30,2024-Q2,NPL_RATIO,0.03361,1559.6,1,LARGE
DE_HCOB,Hamburg Commercial Bank,DE,2023-09-30,2023-Q3,NPL_RATIO,0.0,287.9,0,MEDIUM
DE_HCOB,Hamburg Commercial Bank,DE,2023-12-31,2023-Q4,NPL_RATIO,0.024742,287.9,0,MEDIUM
DE_HCOB,Hamburg Commercial Bank,DE,2024-03-31,2024-Q1,NPL_RATIO,0.000906,287.9,0,MEDIUM
DE_HCOB,Hamburg Commercial Bank,DE,2024-06-30,2024-Q2,NPL_RATIO,0.0,287.9,0,MEDIUM
DE_LBW,LBBW,DE,2023-09-30,2023-Q3,NPL_RATIO,0.027421,580.4,0,LARGE
DE_LBW,LBBW,DE,2023-12-31,2023-Q4,NPL_RATIO,0.009051,580.4,0,LARGE
DE_LBW,LBBW,DE,2024-03-31,2024-Q1,NPL_RATIO,0.014904,580.4,0,LARGE
DE_LBW,LBBW,DE,2024-06-30,2024-Q2,NPL_RATIO,0.045874,580.4,0,LARGE
DE_NORD,NORD/LB,DE,2023-09-30,2023-Q3,NPL_RATIO,0.008611,391.0,0,LARGE
DE_NORD,NORD/LB,DE,2023-12-31,2023-Q4,NPL_RATIO,0.016772,391.0,0,LARGE
DE_NORD,NORD/LB,DE,2024-03-31,2024-Q1,NPL_RATIO,0.019437,391.0,0,LARGE
DE_NORD,NORD/LB,DE,2024-06-30,2024-Q2,NPL_RATIO,0.034578,391.0,0,LARGE
DK_DAN,Danske Bank,DK,2023-09-30,2023-Q3,NPL_RATIO,0.03692,704.4,1,LARGE
DK_DAN,Danske Bank,DK,2023-12-31,2023-Q4,NPL_RATIO,0.016064,704.4,1,LARGE
DK_DAN,Danske Bank,DK,2024-03-31,2024-Q1,NPL_RATIO,0.037908,704.4,1,LARGE
DK_DAN,Danske Bank,DK,2024-06-30,2024-Q2,NPL_RATIO,0.041384,704.4,1,LARGE
DK_JYS,Jyske Bank,DK,2023-09-30,2023-Q3,NPL_RATIO,0.005835,118.6,0,MEDIUM
DK_JYS,Jyske Bank,DK,2023-12-31,2023-Q4,NPL_RATIO,0.005358,118.6,0,MEDIUM
DK_JYS,Jyske Bank,DK,2024-03-31,2024-Q1,NPL_RATIO,0.004762,118.6,0,MEDIUM
DK_JYS,Jyske Bank,DK,2024-06-30,2024-Q2,NPL_RATIO,0.031277,118.6,0,MEDIUM
EE_LHV,LHV Group,EE,2023-09-30,2023-Q3,NPL_RATIO,0.012796,156.0,0,MEDIUM
EE_LHV,LHV Group,EE,2023-12-31,2023-Q4,NPL_RATIO,0.002555,156.0,0,MEDIUM
EE_LHV,LHV Group,EE,2024-03-31,2024-Q1,NPL_RATIO,0.014736,156.0,0,MEDIUM
EE_LHV,LHV Group,EE,2024-06-30,2024-Q2,NPL_RATIO,0.010815,156.0,0,MEDIUM
ES_BBVA,BBVA,ES,2023-09-30,2023-Q3,NPL_RATIO,0.025528,863.5,1,LARGE
ES_BBVA,BBVA,ES,2023-12-31,2023-Q4,NPL_RATIO,0.021772,863.5,1,LARGE
ES_BBVA,BBVA,ES,2024-03-31,2024-Q1,NPL_RATIO,0.046364,863.5,1,LARGE
ES_BBVA,BBVA,ES,2024-06-30,2024-Q2,NPL_RATIO,0.025936,863.5,1,LARGE
ES_SAB,Banco Sabadell,ES,2023-09-30,2023-Q3,NPL_RATIO,0.007086,330.9,0,LARGE
ES_SAB,Banco Sabadell,ES,2023-12-31,2023-Q4,NPL_RATIO,0.009531,330.9,0,LARGE
ES_SAB,Banco Sabadell,ES,2024-03-31,2024-Q1,NPL_RATIO,0.034287,330.9,0,LARGE
ES_SAB,Banco Sabadell,ES,2024-06-30,2024-Q2,NPL_RATIO,0.033446,330.9,0,LARGE
ES_SAN,Banco Santander,ES,2023-09-30,2023-Q3,NPL_RATIO,0.032159,1996.1,1,LARGE
ES_SAN,Banco Santander,ES,2023-12-31,2023-Q4,NPL_RATIO,0.026168,1996.1,1,LARGE
ES_SAN,Banco Santander,ES,2024-03-31,2024-Q1,NPL_RATIO,0.034987,1996.1,1,LARGE
ES_SAN,Banco Santander,ES,2024-06-30,2024-Q2,NPL_RATIO,0.039632,1996.1,1,LARGE
ES_CABK,CaixaBank,ES,2023-09-30,2023-Q3,NPL_RATIO,0.043255,769.0,0,LARGE
ES_CABK,CaixaBank,ES,2023-12-31,2023-Q4,NPL_RATIO,0.027028,769.0,0,LARGE
ES_CABK,CaixaBank,ES,2024-03-31,2024-Q1,NPL_RATIO,0.024735,769.0,0,LARGE
ES_CABK,CaixaBank,ES,2024-06-30,2024-Q2,NPL_RATIO,0.022674,769.0,0,LARGE
FI_OP,OP Group,FI,2023-09-30,2023-Q3,NPL_RATIO,0.002297,280.1,0,MEDIUM
FI_OP,OP Group,FI,2023-12-31,2023-Q4,NPL_RATIO,0.037937,280.1,0,MEDIUM
FI_OP,OP Group,FI,2024-03-31,2024-Q1,NPL_RATIO,0.035038,280.1,0,MEDIUM
FI_OP,OP Group,FI,2024-06-30,2024-Q2,NPL_RATIO,0.025585,280.1,0,MEDIUM
FR_BNPP,BNP Paribas,FR,2023-09-30,2023-Q3,NPL_RATIO,0.022832,2685.9,1,LARGE
FR_BNPP,BNP Paribas,FR,2023-12-31,2023-Q4,NPL_RATIO,0.038049,2685.9,1,LARGE
FR_BNPP,BNP Paribas,FR,2024-03-31,2024-Q1,NPL_RATIO,0.034797,2685.9,1,LARGE
FR_BNPP,BNP Paribas,FR,2024-06-30,2024-Q2,NPL_RATIO,0.045423,2685.9,1,LARGE
FR_BPCE,BPCE,FR,2023-09-30,2023-Q3,NPL_RATIO,0.021891,1765.8,1,LARGE
FR_BPCE,BPCE,FR,2023-12-31,2023-Q4,NPL_RATIO,0.015022,1765.8,1,LARGE
FR_BPCE,BPCE,FR,2024-03-31,2024-Q1,NPL_RATIO,0.023006,1765.8,1,LARGE
FR_BPCE,BPCE,FR,2024-06-30,2024-Q2,NPL_RATIO,0.033622,1765.8,1,LARGE
FR_ACA,Credit Agricole Group,FR,2023-09-30,2023-Q3,NPL_RATIO,0.027361,2387.7,1,LARGE
FR_ACA,Credit Agricole Group,FR,2023-12-31,2023-Q4,NPL_RATIO,0.034858,2387.7,1,LARGE
FR_ACA,Credit Agricole Group,FR,2024-03-31,2024-Q1,NPL_RATIO,0.014165,2387.7,1,LARGE
FR_ACA,Credit Agricole Group,FR,2024-06-30,2024-Q2,NPL_RATIO,0.028154,2387.7,1,LARGE
FR_HSBC,HSBC Continental Europe,FR,2023-09-30,2023-Q3,NPL_RATIO,0.036897,475.5,0,LARGE
FR_HSBC,HSBC Continental Europe,FR,2023-12-31,2023-Q4,NPL_RATIO,0.00542,475.5,0,LARGE
FR_HSBC,HSBC Continental Europe,FR,2024-03-31,2024-Q1,NPL_RATIO,0.006502,475.5,0,LARGE
FR_HSBC,HSBC Continental Europe,FR,2024-06-30,2024-Q2,NPL_RATIO,0.015074,475.5,0,LARGE
FR_GLE,Societe Generale,FR,2023-09-30,2023-Q3,NPL_RATIO,0.018479,1766.0,1,LARGE
FR_GLE,Societe Generale,FR,2023-12-31,2023-Q4,NPL_RATIO,0.037606,1766.0,1,LARGE
FR_GLE,Societe Generale,FR,2024-03-31,2024-Q1,NPL_RATIO,0.02227,1766.0,1,LARGE
FR_GLE,Societe Generale,FR,2024-06-30,2024-Q2,NPL_RATIO,0.008566,1766.0,1,LARGE
GR_ALPHA,Alpha Bank,GR,2023-09-30,2023-Q3,NPL_RATIO,0.017852,295.5,0,MEDIUM
GR_ALPHA,Alpha Bank,GR,2023-12-31,2023-Q4,NPL_RATIO,0.001795,295.5,0,MEDIUM
GR_ALPHA,Alpha Bank,GR,2024-03-31,2024-Q1,NPL_RATIO,0.01552,295.5,0,MEDIUM
GR_ALPHA,Alpha Bank,GR,2024-06-30,2024-Q2,NPL_RATIO,0.020841,295.5,0,MEDIUM
GR_ETE,Eurobank Ergasias,GR,2023-09-30,2023-Q3,NPL_RATIO,0.007668,315.4,0,LARGE
GR_ETE,Eurobank Ergasias,GR,2023-12-31,2023-Q4,NPL_RATIO,0.027088,315.4,0,LARGE
GR_ETE,Eurobank Ergasias,GR,2024-03-31,2024-Q1,NPL_RATIO,0.036708,315.4,0,LARGE
GR_ETE,Eurobank Ergasias,GR,2024-06-30,2024-Q2,NPL_RATIO,0.004231,315.4,0,LARGE
GR_NBG,National Bank of Greece,GR,2023-09-30,2023-Q3,NPL_RATIO,0.03176,325.7,0,LARGE
GR_NBG,National Bank of Greece,GR,2023-12-31,2023-Q4,NPL_RATIO,0.036282,325.7,0,LARGE
GR_NBG,National Bank of Greece,GR,2024-03-31,2024-Q1,NPL_RATIO,0.03417,325.7,0,LARGE
GR_NBG,National Bank of Greece,GR,2024-06-30,2024-Q2,NPL_RATIO,0.021679,325.7,0,LARGE
GR_PIR,Piraeus Bank,GR,2023-09-30,2023-Q3,NPL_RATIO,0.033092,212.6,0,MEDIUM
GR_PIR,Piraeus Bank,GR,2023-12-31,2023-Q4,NPL_RATIO,0.040731,212.6,0,MEDIUM
GR_PIR,Piraeus Bank,GR,2024-03-31,2024-Q1,NPL_RATIO,0.026161,212.6,0,MEDIUM
GR_PIR,Piraeus Bank,GR,2024-06-30,2024-Q2,NPL_RATIO,0.011366,212.6,0,MEDIUM
HR_ZABA,Zagrebacka Banka,HR,2023-09-30,2023-Q3,NPL_RATIO,0.026897,287.4,0,MEDIUM
HR_ZABA,Zagrebacka Banka,HR,2023-12-31,2023-Q4,NPL_RATIO,0.0,287.4,0,MEDIUM
HR_ZABA,Zagrebacka Banka,HR,2024-03-31,2024-Q1,NPL_RATIO,0.017397,287.4,0,MEDIUM
HR_ZABA,Zagrebacka Banka,HR,2024-06-30,2024-Q2,NPL_RATIO,0.031993,287.4,0,MEDIUM
HU_OTP,OTP Bank,HU,2023-09-30,2023-Q3,NPL_RATIO,0.037538,292.8,0,MEDIUM
HU_OTP,OTP Bank,HU,2023-12-31,2023-Q4,NPL_RATIO,0.008664,292.8,0,MEDIUM
HU_OTP,OTP Bank,HU,2024-03-31,2024-Q1,NPL_RATIO,0.015776,292.8,0,MEDIUM
HU_OTP,OTP Bank,HU,2024-06-30,2024-Q2,NPL_RATIO,0.024366,292.8,0,MEDIUM
IE_AIB,AIB Group,IE,2023-09-30,2023-Q3,NPL_RATIO,0.026753,356.4,0,LARGE
IE_AIB,AIB Group,IE,2023-12-31,2023-Q4,NPL_RATIO,0.036028,356.4,0,LARGE
IE_AIB,AIB Group,IE,2024-03-31,2024-Q1,NPL_RATIO,0.031206,356.4,0,LARGE
IE_AIB,AIB Group,IE,2024-06-30,2024-Q2,NPL_RATIO,0.030097,356.4,0,LARGE
IE_BIRG,Bank of Ireland,IE,2023-09-30,2023-Q3,NPL_RATIO,0.027707,134.8,0,MEDIUM
IE_BIRG,Bank of Ireland,IE,2023-12-31,2023-Q4,NPL_RATIO,0.037105,134.8,0,MEDIUM
IE_BIRG,Bank of Ireland,IE,2024-03-31,2024-Q1,NPL_RATIO,0.011639,134.8,0,MEDIUM
IE_BIRG,Bank of Ireland,IE,2024-06-30,2024-Q2,NPL_RATIO,0.041822,134.8,0,MEDIUM
IS_LAN,Landsbankinn,IS,2023-09-30,2023-Q3,NPL_RATIO,0.002718,252.3,0,MEDIUM
IS_LAN,Landsbankinn,IS,2023-12-31,2023-Q4,NPL_RATIO,0.0,252.3,0,MEDIUM
IS_LAN,Landsbankinn,IS,2024-03-31,2024-Q1,NPL_RATIO,0.015622,252.3,0,MEDIUM
IS_LAN,Landsbankinn,IS,2024-06-30,2024-Q2,NPL_RATIO,0.030885,252.3,0,MEDIUM
IT_BAMI,Banco BPM,IT,2023-09-30,2023-Q3,NPL_RATIO,0.034355,406.3,0,LARGE
IT_BAMI,Banco BPM,IT,2023-12-31,2023-Q4,NPL_RATIO,0.019357,406.3,0,LARGE
IT_BAMI,Banco BPM,IT,2024-03-31,2024-Q1,NPL_RATIO,0.039676,406.3,0,LARGE
IT_BAMI,Banco BPM,IT,2024-06-30,2024-Q2,NPL_RATIO,0.008724,406.3,0,LARGE
IT_ISP,Intesa Sanpaolo,IT,2023-09-30,2023-Q3,NPL_RATIO,0.006703,936.6,1,LARGE
IT_ISP,Intesa Sanpaolo,IT,2023-12-31,2023-Q4,NPL_RATIO,0.045105,936.6,1,LARGE
IT_ISP,Intesa Sanpaolo,IT,2024-03-31,2024-Q1,NPL_RATIO,0.020913,936.6,1,LARGE
IT_ISP,Intesa Sanpaolo,IT,2024-06-30,2024-Q2,NPL_RATIO,0.041411,936.6,1,LARGE
IT_MED,Mediobanca,IT,2023-09-30,2023-Q3,NPL_RATIO,0.020096,263.0,0,MEDIUM
IT_MED,Mediobanca,IT,2023-12-31,2023-Q4,NPL_RATIO,0.025939,263.0,0,MEDIUM
IT_MED,Mediobanca,IT,2024-03-31,2024-Q1,NPL_RATIO,0.032187,263.0,0,MEDIUM
IT_MED,Mediobanca,IT,2024-06-30,2024-Q2,NPL_RATIO,0.021069,263.0,0,MEDIUM
IT_BMPS,Monte dei Paschi,IT,2023-09-30,2023-Q3,NPL_RATIO,0.037417,342.8,0,LARGE
IT_BMPS,Monte dei Paschi,IT,2023-12-31,2023-Q4,NPL_RATIO,0.004495,342.8,0,LARGE
IT_BMPS,Monte dei Paschi,IT,2024-03-31,2024-Q1,NPL_RATIO,0.039398,342.8,0,LARGE
IT_BMPS,Monte dei Paschi,IT,2024-06-30,2024-Q2,NPL_RATIO,0.035182,342.8,0,LARGE
IT_UCG,UniCredit,IT,2023-09-30,2023-Q3,NPL_RATIO,0.042202,995.9,1,LARGE
IT_UCG,UniCredit,IT,2023-12-31,2023-Q4,NPL_RATIO,0.027215,995.9,1,LARGE
IT_UCG,UniCredit,IT,2024-03-31,2024-Q1,NPL_RATIO,0.01828,995.9,1,LARGE
IT_UCG,UniCredit,IT,2024-06-30,2024-Q2,NPL_RATIO,0.01566,995.9,1,LARGE
LI_LLB,Liechtensteinische LB,LI,2023-09-30,2023-Q3,NPL_RATIO,0.002744,293.7,0,MEDIUM
LI_LLB,Liechtensteinische LB,LI,2023-12-31,2023-Q4,NPL_RATIO,0.019168,293.7,0,MEDIUM
LI_LLB,Liechtensteinische LB,LI,2024-03-31,2024-Q1,NPL_RATIO,0.023462,293.7,0,MEDIUM
LI_LLB,Liechtensteinische LB,LI,2024-06-30,2024-Q2,NPL_RATIO,0.017562,293.7,0,MEDIUM
LT_SBLT,Siauliu Bankas,LT,2023-09-30,2023-Q3,NPL_RATIO,0.022248,286.8,0,MEDIUM
LT_SBLT,Siauliu Bankas,LT,2023-12-31,2023-Q4,NPL_RATIO,0.0234,286.8,0,MEDIUM
LT_SBLT,Siauliu Bankas,LT,2024-03-31,2024-Q1,NPL_RATIO,0.003856,286.8,0,MEDIUM
LT_SBLT,Siauliu Bankas,LT,2024-06-30,2024-Q2,NPL_RATIO,0.024733,286.8,0,MEDIUM
LU_BIL,Banque Internationale Lux,LU,2023-09-30,2023-Q3,NPL_RATIO,0.022608,297.7,0,MEDIUM
LU_BIL,Banque Internationale Lux,LU,2023-12-31,2023-Q4,NPL_RATIO,0.0,297.7,0,MEDIUM
LU_BIL,Banque Internationale Lux,LU,2024-03-31,2024-Q1,NPL_RATIO,0.015871,297.7,0,MEDIUM
LU_BIL,Banque Internationale Lux,LU,2024-06-30,2024-Q2,NPL_RATIO,0.029146,297.7,0,MEDIUM
LV_SWLV,Swedbank Latvia,LV,2023-09-30,2023-Q3,NPL_RATIO,0.017521,168.3,1,MEDIUM
LV_SWLV,Swedbank Latvia,LV,2023-12-31,2023-Q4,NPL_RATIO,0.030321,168.3,1,MEDIUM
LV_SWLV,Swedbank Latvia,LV,2024-03-31,2024-Q1,NPL_RATIO,0.0,168.3,1,MEDIUM
LV_SWLV,Swedbank Latvia,LV,2024-06-30,2024-Q2,NPL_RATIO,0.011706,168.3,1,MEDIUM
MT_BOV,Bank of Valletta,MT,2023-09-30,2023-Q3,NPL_RATIO,0.00861,131.9,0,MEDIUM
MT_BOV,Bank of Valletta,MT,2023-12-31,2023-Q4,NPL_RATIO,0.028214,131.9,0,MEDIUM
MT_BOV,Bank of Valletta,MT,2024-03-31,2024-Q1,NPL_RATIO,0.0,131.9,0,MEDIUM
MT_BOV,Bank of Valletta,MT,2024-06-30,2024-Q2,NPL_RATIO,0.0,131.9,0,MEDIUM
NL_ABN,ABN AMRO,NL,2023-09-30,2023-Q3,NPL_RATIO,0.015014,668.1,1,LARGE
NL_ABN,ABN AMRO,NL,2023-12-31,2023-Q4,NPL_RATIO,0.034088,668.1,1,LARGE
NL_ABN,ABN AMRO,NL,2024-03-31,2024-Q1,NPL_RATIO,0.040514,668.1,1,LARGE
NL_ABN,ABN AMRO,NL,2024-06-30,2024-Q2,NPL_RATIO,0.021197,668.1,1,LARGE
NL_INGA,ING Groep,NL,2023-09-30,2023-Q3,NPL_RATIO,0.012578,1257.1,1,LARGE
NL_INGA,ING Groep,NL,2023-12-31,2023-Q4,NPL_RATIO,0.010671,1257.1,1,LARGE
NL_INGA,ING Groep,NL,2024-03-31,2024-Q1,NPL_RATIO,0.035815,1257.1,1,LARGE
NL_INGA,ING Groep,NL,2024-06-30,2024-Q2,NPL_RATIO,0.043464,1257.1,1,LARGE
NL_RABO,Rabobank,NL,2023-09-30,2023-Q3,NPL_RATIO,0.006492,890.4,1,LARGE
NL_RABO,Rabobank,NL,2023-12-31,2023-Q4,NPL_RATIO,0.032322,890.4,1,LARGE
NL_RABO,Rabobank,NL,2024-03-31,2024-Q1,NPL_RATIO,0.033151,890.4,1,LARGE
NL_RABO,Rabobank,NL,2024-06-30,2024-Q2,NPL_RATIO,0.033047,890.4,1,LARGE
NO_DNB,DNB Bank,NO,2023-09-30,2023-Q3,NPL_RATIO,0.042455,594.0,0,LARGE
NO_DNB,DNB Bank,NO,2023-12-31,2023-Q4,NPL_RATIO,0.011972,594.0,0,LARGE
NO_DNB,DNB Bank,NO,2024-03-31,2024-Q1,NPL_RATIO,0.039436,594.0,0,LARGE
NO_DNB,DNB Bank,NO,2024-06-30,2024-Q2,NPL_RATIO,0.011297,594.0,0,LARGE
PL_PEKAO,Bank Pekao,PL,2023-09-30,2023-Q3,NPL_RATIO,0.016127,195.9,0,MEDIUM
PL_PEKAO,Bank Pekao,PL,2023-12-31,2023-Q4,NPL_RATIO,0.014357,195.9,0,MEDIUM
PL_PEKAO,Bank Pekao,PL,2024-03-31,2024-Q1,NPL_RATIO,0.038899,195.9,0,MEDIUM
PL_PEKAO,Bank Pekao,PL,2024-06-30,2024-Q2,NPL_RATIO,0.013952,195.9,0,MEDIUM
PL_PKO,PKO Bank Polski,PL,2023-09-30,2023-Q3,NPL_RATIO,0.014797,374.5,1,LARGE
PL_PKO,PKO Bank Polski,PL,2023-12-31,2023-Q4,NPL_RATIO,0.011781,374.5,1,LARGE
PL_PKO,PKO Bank Polski,PL,2024-03-31,2024-Q1,NPL_RATIO,0.006897,374.5,1,LARGE
PL_PKO,PKO Bank Polski,PL,2024-06-30,2024-Q2,NPL_RATIO,0.005405,374.5,1,LARGE
PL_MBK,mBank,PL,2023-09-30,2023-Q3,NPL_RATIO,0.022419,144.3,1,MEDIUM
PL_MBK,mBank,PL,2023-12-31,2023-Q4,NPL_RATIO,0.038973,144.3,1,MEDIUM
PL_MBK,mBank,PL,2024-03-31,2024-Q1,NPL_RATIO,0.008229,144.3,1,MEDIUM
PL_MBK,mBank,PL,2024-06-30,2024-Q2,NPL_RATIO,0.032906,144.3,1,MEDIUM
PT_CGD,Caixa Geral de Depositos,PT,2023-09-30,2023-Q3,NPL_RATIO,0.019065,332.4,0,LARGE
PT_CGD,Caixa Geral de Depositos,PT,2023-12-31,2023-Q4,NPL_RATIO,0.026369,332.4,0,LARGE
PT_CGD,Caixa Geral de Depositos,PT,2024-03-31,2024-Q1,NPL_RATIO,0.02704,332.4,0,LARGE
PT_CGD,Caixa Geral de Depositos,PT,2024-06-30,2024-Q2,NPL_RATIO,0.011753,332.4,0,LARGE
PT_BCP,Millennium BCP,PT,2023-09-30,2023-Q3,NPL_RATIO,0.009529,375.6,0,LARGE
PT_BCP,Millennium BCP,PT,2023-12-31,2023-Q4,NPL_RATIO,0.004142,375.6,0,LARGE
PT_BCP,Millennium BCP,PT,2024-03-31,2024-Q1,NPL_RATIO,0.010282,375.6,0,LARGE
PT_BCP,Millennium BCP,PT,2024-06-30,2024-Q2,NPL_RATIO,0.032308,375.6,0,LARGE
RO_BRD,BRD Groupe SG,RO,2023-09-30,2023-Q3,NPL_RATIO,0.028597,164.3,0,MEDIUM
RO_BRD,BRD Groupe SG,RO,2023-12-31,2023-Q4,NPL_RATIO,0.022428,164.3,0,MEDIUM
RO_BRD,BRD Groupe SG,RO,2024-03-31,2024-Q1,NPL_RATIO,0.0,164.3,0,MEDIUM
RO_BRD,BRD Groupe SG,RO,2024-06-30,2024-Q2,NPL_RATIO,0.029473,164.3,0,MEDIUM
SE_SHB,Handelsbanken,SE,2023-09-30,2023-Q3,NPL_RATIO,0.032698,505.3,1,LARGE
SE_SHB,Handelsbanken,SE,2023-12-31,2023-Q4,NPL_RATIO,0.017332,505.3,1,LARGE
SE_SHB,Handelsbanken,SE,2024-03-31,2024-Q1,NPL_RATIO,0.020867,505.3,1,LARGE
SE_SHB,Handelsbanken,SE,2024-06-30,2024-Q2,NPL_RATIO,0.010121,505.3,1,LARGE
SE_NDA,Nordea,SE,2023-09-30,2023-Q3,NPL_RATIO,0.006685,627.3,1,LARGE
SE_NDA,Nordea,SE,2023-12-31,2023-Q4,NPL_RATIO,0.033842,627.3,1,LARGE
SE_NDA,Nordea,SE,2024-03-31,2024-Q1,NPL_RATIO,0.046152,627.3,1,LARGE
SE_NDA,Nordea,SE,2024-06-30,2024-Q2,NPL_RATIO,0.009904,627.3,1,LARGE
SE_SEB,SEB,SE,2023-09-30,2023-Q3,NPL_RATIO,0.038165,427.3,1,LARGE
SE_SEB,SEB,SE,2023-12-31,2023-Q4,NPL_RATIO,0.013852,427.3,1,LARGE
SE_SEB,SEB,SE,2024-03-31,2024-Q1,NPL_RATIO,0.030253,427.3,1,LARGE
SE_SEB,SEB,SE,2024-06-30,2024-Q2,NPL_RATIO,0.046309,427.3,1,LARGE
SE_SWED,Swedbank,SE,2023-09-30,2023-Q3,NPL_RATIO,0.03586,536.9,1,LARGE
SE_SWED,Swedbank,SE,2023-12-31,2023-Q4,NPL_RATIO,0.03453,536.9,1,LARGE
SE_SWED,Swedbank,SE,2024-03-31,2024-Q1,NPL_RATIO,0.041819,536.9,1,LARGE
SE_SWED,Swedbank,SE,2024-06-30,2024-Q2,NPL_RATIO,0.023189,536.9,1,LARGE
SI_NLB,NLB Group,SI,2023-09-30,2023-Q3,NPL_RATIO,0.022061,201.6,0,MEDIUM
SI_NLB,NLB Group,SI,2023-12-31,2023-Q4,NPL_RATIO,0.0,201.6,0,MEDIUM
SI_NLB,NLB Group,SI,2024-03-31,2024-Q1,NPL_RATIO,0.023174,201.6,0,MEDIUM
SI_NLB,NLB Group,SI,2024-06-30,2024-Q2,NPL_RATIO,0.004664,201.6,0,MEDIUM
SK_VUB,VUB Banka,SK,2023-09-30,2023-Q3,NPL_RATIO,0.006309,252.7,0,MEDIUM
SK_VUB,VUB Banka,SK,2023-12-31,2023-Q4,NPL_RATIO,0.005156,252.7,0,MEDIUM
SK_VUB,VUB Banka,SK,2024-03-31,2024-Q1,NPL_RATIO,0.002975,252.7,0,MEDIUM
SK_VUB,VUB Banka,SK,2024-06-30,2024-Q2,NPL_RATIO,0.014574,252.7,0,MEDIUM
AT_ERST,Erste Group,AT,2023-09-30,2023-Q3,NSFR,1.239508,566.4,1,LARGE
AT_ERST,Erste Group,AT,2023-12-31,2023-Q4,NSFR,1.3687,566.4,1,LARGE
AT_ERST,Erste Group,AT,2024-03-31,2024-Q1,NSFR,1.262155,566.4,1,LARGE
AT_ERST,Erste Group,AT,2024-06-30,2024-Q2,NSFR,1.37232,566.4,1,LARGE
AT_RBI,Raiffeisen Bank Intl,AT,2023-09-30,2023-Q3,NSFR,1.280825,484.4,0,LARGE
AT_RBI,Raiffeisen Bank Intl,AT,2023-12-31,2023-Q4,NSFR,1.261053,484.4,0,LARGE
AT_RBI,Raiffeisen Bank Intl,AT,2024-03-31,2024-Q1,NSFR,1.25658,484.4,0,LARGE
AT_RBI,Raiffeisen Bank Intl,AT,2024-06-30,2024-Q2,NSFR,1.35283,484.4,0,LARGE
BE_BEL,Belfius,BE,2023-09-30,2023-Q3,NSFR,1.1928,375.8,0,LARGE
BE_BEL,Belfius,BE,2023-12-31,2023-Q4,NSFR,1.242069,375.8,0,LARGE
BE_BEL,Belfius,BE,2024-03-31,2024-Q1,NSFR,1.363606,375.8,0,LARGE
BE_BEL,Belfius,BE,2024-06-30,2024-Q2,NSFR,1.28354,375.8,0,LARGE
BE_KBC,KBC Group,BE,2023-09-30,2023-Q3,NSFR,1.266835,530.9,1,LARGE
BE_KBC,KBC Group,BE,2023-12-31,2023-Q4,NSFR,1.233935,530.9,1,LARGE
BE_KBC,KBC Group,BE,2024-03-31,2024-Q1,NSFR,1.293744,530.9,1,LARGE
BE_KBC,KBC Group,BE,2024-06-30,2024-Q2,NSFR,1.328487,530.9,1,LARGE
BG_DSK,DSK Bank,BG,2023-09-30,2023-Q3,NSFR,1.284875,157.8,0,MEDIUM
BG_DSK,DSK Bank,BG,2023-12-31,2023-Q4,NSFR,1.291968,157.8,0,MEDIUM
BG_DSK,DSK Bank,BG,2024-03-31,2024-Q1,NSFR,1.262844,157.8,0,MEDIUM
BG_DSK,DSK Bank,BG,2024-06-30,2024-Q2,NSFR,1.185816,157.8,0,MEDIUM
CY_BOC,Bank of Cyprus,CY,2023-09-30,2023-Q3,NSFR,1.312131,302.2,0,LARGE
CY_BOC,Bank of Cyprus,CY,2023-12-31,2023-Q4,NSFR,1.233126,302.2,0,LARGE
CY_BOC,Bank of Cyprus,CY,2024-03-31,2024-Q1,NSFR,1.333127,302.2,0,LARGE
CY_BOC,Bank of Cyprus,CY,2024-06-30,2024-Q2,NSFR,1.236147,302.2,0,LARGE
CZ_KB,Komercni Banka,CZ,2023-09-30,2023-Q3,NSFR,1.185016,344.4,0,LARGE
CZ_KB,Komercni Banka,CZ,2023-12-31,2023-Q4,NSFR,1.370023,344.4,0,LARGE
CZ_KB,Komercni Banka,CZ,2024-03-31,2024-Q1,NSFR,1.211227,344.4,0,LARGE
CZ_KB,Komercni Banka,CZ,2024-06-30,2024-Q2,NSFR,1.221718,344.4,0,LARGE
DE_CBK,Commerzbank,DE,2023-09-30,2023-Q3,NSFR,1.308129,771.5,1,LARGE
DE_CBK,Commerzbank,DE,2023-12-31,2023-Q4,NSFR,1.24716,771.5,1,LARGE
DE_CBK,Commerzbank,DE,2024-03-31,2024-Q1,NSFR,1.332542,771.5,1,LARGE
DE_CBK,Commerzbank,DE,2024-06-30,2024-Q2,NSFR,1.261505,771.5,1,LARGE
DE_DZB,DZ Bank,DE,2023-09-30,2023-Q3,NSFR,1.335433,797.0,0,LARGE
DE_DZB,DZ Bank,DE,2023-12-31,2023-Q4,NSFR,1.279915,797.0,0,LARGE
DE_DZB,DZ Bank,DE,2024-03-31,2024-Q1,NSFR,1.185531,797.0,0,LARGE
DE_DZB,DZ Bank,DE,2024-06-30,2024-Q2,NSFR,1.280445,797.0,0,LARGE
DE_DBK,Deutsche Bank,DE,2023-09-30,2023-Q3,NSFR,1.276304,1559.6,1,LARGE
DE_DBK,Deutsche Bank,DE,2023-12-31,2023-Q4,NSFR,1.299979,1559.6,1,LARGE
DE_DBK,Deutsche Bank,DE,2024-03-31,2024-Q1,NSFR,1.233937,1559.6,1,LARGE
DE_DBK,Deutsche Bank,DE,2024-06-30,2024-Q2,NSFR,1.282762,1559.6,1,LARGE
DE_HCOB,Hamburg Commercial Bank,DE,2023-09-30,2023-Q3,NSFR,1.181565,287.9,0,MEDIUM
DE_HCOB,Hamburg Commercial Bank,DE,2023-12-31,2023-Q4,NSFR,1.191644,287.9,0,MEDIUM
DE_HCOB,Hamburg Commercial Bank,DE,2024-03-31,2024-Q1,NSFR,1.309779,287.9,0,MEDIUM
DE_HCOB,Hamburg Commercial Bank,DE,2024-06-30,2024-Q2,NSFR,1.298636,287.9,0,MEDIUM
DE_LBW,LBBW,DE,2023-09-30,2023-Q3,NSFR,1.308212,580.4,0,LARGE
DE_LBW,LBBW,DE,2023-12-31,2023-Q4,NSFR,1.308259,580.4,0,LARGE
DE_LBW,LBBW,DE,2024-03-31,2024-Q1,NSFR,1.366303,580.4,0,LARGE
DE_LBW,LBBW,DE,2024-06-30,2024-Q2,NSFR,1.344729,580.4,0,LARGE
DE_NORD,NORD/LB,DE,2023-09-30,2023-Q3,NSFR,1.28608,391.0,0,LARGE
DE_NORD,NORD/LB,DE,2023-12-31,2023-Q4,NSFR,1.20674,391.0,0,LARGE
DE_NORD,NORD/LB,DE,2024-03-31,2024-Q1,NSFR,1.270812,391.0,0,LARGE
DE_NORD,NORD/LB,DE,2024-06-30,2024-Q2,NSFR,1.186408,391.0,0,LARGE
DK_DAN,Danske Bank,DK,2023-09-30,2023-Q3,NSFR,1.322355,704.4,1,LARGE
DK_DAN,Danske Bank,DK,2023-12-31,2023-Q4,NSFR,1.19423,704.4,1,LARGE
DK_DAN,Danske Bank,DK,2024-03-31,2024-Q1,NSFR,1.325756,704.4,1,LARGE
DK_DAN,Danske Bank,DK,2024-06-30,2024-Q2,NSFR,1.363516,704.4,1,LARGE
DK_JYS,Jyske Bank,DK,2023-09-30,2023-Q3,NSFR,1.2117,118.6,0,MEDIUM
DK_JYS,Jyske Bank,DK,2023-12-31,2023-Q4,NSFR,1.339788,118.6,0,MEDIUM
DK_JYS,Jyske Bank,DK,2024-03-31,2024-Q1,NSFR,1.278657,118.6,0,MEDIUM
DK_JYS,Jyske Bank,DK,2024-06-30,2024-Q2,NSFR,1.257385,118.6,0,MEDIUM
EE_LHV,LHV Group,EE,2023-09-30,2023-Q3,NSFR,1.289765,156.0,0,MEDIUM
EE_LHV,LHV Group,EE,2023-12-31,2023-Q4,NSFR,1.243385,156.0,0,MEDIUM
EE_LHV,LHV Group,EE,2024-03-31,2024-Q1,NSFR,1.235193,156.0,0,MEDIUM
EE_LHV,LHV Group,EE,2024-06-30,2024-Q2,NSFR,1.223034,156.0,0,MEDIUM
ES_BBVA,BBVA,ES,2023-09-30,2023-Q3,NSFR,1.287039,863.5,1,LARGE
ES_BBVA,BBVA,ES,2023-12-31,2023-Q4,NSFR,1.307563,863.5,1,LARGE
ES_BBVA,BBVA,ES,2024-03-31,2024-Q1,NSFR,1.322648,863.5,1,LARGE
ES_BBVA,BBVA,ES,2024-06-30,2024-Q2,NSFR,1.304111,863.5,1,LARGE
ES_SAB,Banco Sabadell,ES,2023-09-30,2023-Q3,NSFR,1.194085,330.9,0,LARGE
ES_SAB,Banco Sabadell,ES,2023-12-31,2023-Q4,NSFR,1.182982,330.9,0,LARGE
ES_SAB,Banco Sabadell,ES,2024-03-31,2024-Q1,NSFR,1.266788,330.9,0,LARGE
ES_SAB,Banco Sabadell,ES,2024-06-30,2024-Q2,NSFR,1.205796,330.9,0,LARGE
ES_SAN,Banco Santander,ES,2023-09-30,2023-Q3,NSFR,1.209107,1996.1,1,LARGE
ES_SAN,Banco Santander,ES,2023-12-31,2023-Q4,NSFR,1.339549,1996.1,1,LARGE
ES_SAN,Banco Santander,ES,2024-03-31,2024-Q1,NSFR,1.239604,1996.1,1,LARGE
ES_SAN,Banco Santander,ES,2024-06-30,2024-Q2,NSFR,1.370927,1996.1,1,LARGE
ES_CABK,CaixaBank,ES,2023-09-30,2023-Q3,NSFR,1.212606,769.0,0,LARGE
ES_CABK,CaixaBank,ES,2023-12-31,2023-Q4,NSFR,1.240929,769.0,0,LARGE
ES_CABK,CaixaBank,ES,2024-03-31,2024-Q1,NSFR,1.194445,769.0,0,LARGE
ES_CABK,CaixaBank,ES,2024-06-30,2024-Q2,NSFR,1.255237,769.0,0,LARGE
FI_OP,OP Group,FI,2023-09-30,2023-Q3,NSFR,1.305662,280.1,0,MEDIUM
FI_OP,OP Group,FI,2023-12-31,2023-Q4,NSFR,1.357676,280.1,0,MEDIUM
FI_OP,OP Group,FI,2024-03-31,2024-Q1,NSFR,1.25414,280.1,0,MEDIUM
FI_OP,OP Group,FI,2024-06-30,2024-Q2,NSFR,1.25358,280.1,0,MEDIUM
FR_BNPP,BNP Paribas,FR,2023-09-30,2023-Q3,NSFR,1.364062,2685.9,1,LARGE
FR_BNPP,BNP Paribas,FR,2023-12-31,2023-Q4,NSFR,1.267353,2685.9,1,LARGE
FR_BNPP,BNP Paribas,FR,2024-03-31,2024-Q1,NSFR,1.315687,2685.9,1,LARGE
FR_BNPP,BNP Paribas,FR,2024-06-30,2024-Q2,NSFR,1.281628,2685.9,1,LARGE
FR_BPCE,BPCE,FR,2023-09-30,2023-Q3,NSFR,1.28813,1765.8,1,LARGE
FR_BPCE,BPCE,FR,2023-12-31,2023-Q4,NSFR,1.332599,1765.8,1,LARGE
FR_BPCE,BPCE,FR,2024-03-31,2024-Q1,NSFR,1.259234,1765.8,1,LARGE
FR_BPCE,BPCE,FR,2024-06-30,2024-Q2,NSFR,1.335221,1765.8,1,LARGE
FR_ACA,Credit Agricole Group,FR,2023-09-30,2023-Q3,NSFR,1.307504,2387.7,1,LARGE
FR_ACA,Credit Agricole Group,FR,2023-12-31,2023-Q4,NSFR,1.225668,2387.7,1,LARGE
FR_ACA,Credit Agricole Group,FR,2024-03-31,2024-Q1,NSFR,1.366416,2387.7,1,LARGE
FR_ACA,Credit Agricole Group,FR,2024-06-30,2024-Q2,NSFR,1.299049,2387.7,1,LARGE
FR_HSBC,HSBC Continental Europe,FR,2023-09-30,2023-Q3,NSFR,1.327178,475.5,0,LARGE
FR_HSBC,HSBC Continental Europe,FR,2023-12-31,2023-Q4,NSFR,1.203153,475.5,0,LARGE
FR_HSBC,HSBC Continental Europe,FR,2024-03-31,2024-Q1,NSFR,1.351106,475.5,0,LARGE
FR_HSBC,HSBC Continental Europe,FR,2024-06-30,2024-Q2,NSFR,1.21186,475.5,0,LARGE
FR_GLE,Societe Generale,FR,2023-09-30,2023-Q3,NSFR,1.242167,1766.0,1,LARGE
FR_GLE,Societe Generale,FR,2023-12-31,2023-Q4,NSFR,1.236321,1766.0,1,LARGE
FR_GLE,Societe Generale,FR,2024-03-31,2024-Q1,NSFR,1.23136,1766.0,1,LARGE
FR_GLE,Societe Generale,FR,2024-06-30,2024-Q2,NSFR,1.373144,1766.0,1,LARGE
GR_ALPHA,Alpha Bank,GR,2023-09-30,2023-Q3,NSFR,1.279139,295.5,0,MEDIUM
GR_ALPHA,Alpha Bank,GR,2023-12-31,2023-Q4,NSFR,1.202208,295.5,0,MEDIUM
GR_ALPHA,Alpha Bank,GR,2024-03-31,2024-Q1,NSFR,1.256801,295.5,0,MEDIUM
GR_ALPHA,Alpha Bank,GR,2024-06-30,2024-Q2,NSFR,1.182564,295.5,0,MEDIUM
GR_ETE,Eurobank Ergasias,GR,2023-09-30,2023-Q3,NSFR,1.205494,315.4,0,LARGE
GR_ETE,Eurobank Ergasias,GR,2023-12-31,2023-Q4,NSFR,1.335984,315.4,0,LARGE
GR_ETE,Eurobank Ergasias,GR,2024-03-31,2024-Q1,NSFR,1.254009,315.4,0,LARGE
GR_ETE,Eurobank Ergasias,GR,2024-06-30,2024-Q2,NSFR,1.359556,315.4,0,LARGE
GR_NBG,National Bank of Greece,GR,2023-09-30,2023-Q3,NSFR,1.280572,325.7,0,LARGE
GR_NBG,National Bank of Greece,GR,2023-12-31,2023-Q4,NSFR,1.179835,325.7,0,LARGE
GR_NBG,National Bank of Greece,GR,2024-03-31,2024-Q1,NSFR,1.309083,325.7,0,LARGE
GR_NBG,National Bank of Greece,GR,2024-06-30,2024-Q2,NSFR,1.235607,325.7,0,LARGE
GR_PIR,Piraeus Bank,GR,2023-09-30,2023-Q3,NSFR,1.246716,212.6,0,MEDIUM
GR_PIR,Piraeus Bank,GR,2023-12-31,2023-Q4,NSFR,1.362946,212.6,0,MEDIUM
GR_PIR,Piraeus Bank,GR,2024-03-31,2024-Q1,NSFR,1.232452,212.6,0,MEDIUM
GR_PIR,Piraeus Bank,GR,2024-06-30,2024-Q2,NSFR,1.207638,212.6,0,MEDIUM
HR_ZABA,Zagrebacka Banka,HR,2023-09-30,2023-Q3,NSFR,1.31298,287.4,0,MEDIUM
HR_ZABA,Zagrebacka Banka,HR,2023-12-31,2023-Q4,NSFR,1.24792,287.4,0,MEDIUM
HR_ZABA,Zagrebacka Banka,HR,2024-03-31,2024-Q1,NSFR,1.205671,287.4,0,MEDIUM
HR_ZABA,Zagrebacka Banka,HR,2024-06-30,2024-Q2,NSFR,1.363091,287.4,0,MEDIUM
HU_OTP,OTP Bank,HU,2023-09-30,2023-Q3,NSFR,1.222729,292.8,0,MEDIUM
HU_OTP,OTP Bank,HU,2023-12-31,2023-Q4,NSFR,1.305805,292.8,0,MEDIUM
HU_OTP,OTP Bank,HU,2024-03-31,2024-Q1,NSFR,1.254802,292.8,0,MEDIUM
HU_OTP,OTP Bank,HU,2024-06-30,2024-Q2,NSFR,1.293905,292.8,0,MEDIUM
IE_AIB,AIB Group,IE,2023-09-30,2023-Q3,NSFR,1.327725,356.4,0,LARGE
IE_AIB,AIB Group,IE,2023-12-31,2023-Q4,NSFR,1.227651,356.4,0,LARGE
IE_AIB,AIB Group,IE,2024-03-31,2024-Q1,NSFR,1.338121,356.4,0,LARGE
IE_AIB,AIB Group,IE,2024-06-30,2024-Q2,NSFR,1.192595,356.4,0,LARGE
IE_BIRG,Bank of Ireland,IE,2023-09-30,2023-Q3,NSFR,1.232367,134.8,0,MEDIUM
IE_BIRG,Bank of Ireland,IE,2023-12-31,2023-Q4,NSFR,1.316364,134.8,0,MEDIUM
IE_BIRG,Bank of Ireland,IE,2024-03-31,2024-Q1,NSFR,1.189432,134.8,0,MEDIUM
IE_BIRG,Bank of Ireland,IE,2024-06-30,2024-Q2,NSFR,1.307725,134.8,0,MEDIUM
IS_LAN,Landsbankinn,IS,2023-09-30,2023-Q3,NSFR,1.293243,252.3,0,MEDIUM
IS_LAN,Landsbankinn,IS,2023-12-31,2023-Q4,NSFR,1.254744,252.3,0,MEDIUM
IS_LAN,Landsbankinn,IS,2024-03-31,2024-Q1,NSFR,1.290727,252.3,0,MEDIUM
IS_LAN,Landsbankinn,IS,2024-06-30,2024-Q2,NSFR,1.223324,252.3,0,MEDIUM
IT_BAMI,Banco BPM,IT,2023-09-30,2023-Q3,NSFR,1.209879,406.3,0,LARGE
IT_BAMI,Banco BPM,IT,2023-12-31,2023-Q4,NSFR,1.307712,406.3,0,LARGE
IT_BAMI,Banco BPM,IT,2024-03-31,2024-Q1,NSFR,1.293604,406.3,0,LARGE
IT_BAMI,Banco BPM,IT,2024-06-30,2024-Q2,NSFR,1.326726,406.3,0,LARGE
IT_ISP,Intesa Sanpaolo,IT,2023-09-30,2023-Q3,NSFR,1.2537,936.6,1,LARGE
IT_ISP,Intesa Sanpaolo,IT,2023-12-31,2023-Q4,NSFR,1.352746,936.6,1,LARGE
IT_ISP,Intesa Sanpaolo,IT,2024-03-31,2024-Q1,NSFR,1.374425,936.6,1,LARGE
IT_ISP,Intesa Sanpaolo,IT,2024-06-30,2024-Q2,NSFR,1.202023,936.6,1,LARGE
IT_MED,Mediobanca,IT,2023-09-30,2023-Q3,NSFR,1.282999,263.0,0,MEDIUM
IT_MED,Mediobanca,IT,2023-12-31,2023-Q4,NSFR,1.289592,263.0,0,MEDIUM
IT_MED,Mediobanca,IT,2024-03-31,2024-Q1,NSFR,1.251641,263.0,0,MEDIUM
IT_MED,Mediobanca,IT,2024-06-30,2024-Q2,NSFR,1.294514,263.0,0,MEDIUM
IT_BMPS,Monte dei Paschi,IT,2023-09-30,2023-Q3,NSFR,1.2128,342.8,0,LARGE
IT_BMPS,Monte dei Paschi,IT,2023-12-31,2023-Q4,NSFR,1.320472,342.8,0,LARGE
IT_BMPS,Monte dei Paschi,IT,2024-03-31,2024-Q1,NSFR,1.359299,342.8,0,LARGE
IT_BMPS,Monte dei Paschi,IT,2024-06-30,2024-Q2,NSFR,1.280074,342.8,0,LARGE
IT_UCG,UniCredit,IT,2023-09-30,2023-Q3,NSFR,1.244242,995.9,1,LARGE
IT_UCG,UniCredit,IT,2023-12-31,2023-Q4,NSFR,1.197838,995.9,1,LARGE
IT_UCG,UniCredit,IT,2024-03-31,2024-Q1,NSFR,1.256827,995.9,1,LARGE
IT_UCG,UniCredit,IT,2024-06-30,2024-Q2,NSFR,1.300951,995.9,1,LARGE
LI_LLB,Liechtensteinische LB,LI,2023-09-30,2023-Q3,NSFR,1.189217,293.7,0,MEDIUM
LI_LLB,Liechtensteinische LB,LI,2023-12-31,2023-Q4,NSFR,1.288688,293.7,0,MEDIUM
LI_LLB,Liechtensteinische LB,LI,2024-03-31,2024-Q1,NSFR,1.266573,293.7,0,MEDIUM
LI_LLB,Liechtensteinische LB,LI,2024-06-30,2024-Q2,NSFR,1.322937,293.7,0,MEDIUM
LT_SBLT,Siauliu Bankas,LT,2023-09-30,2023-Q3,NSFR,1.30971,286.8,0,MEDIUM
LT_SBLT,Siauliu Bankas,LT,2023-12-31,2023-Q4,NSFR,1.276408,286.8,0,MEDIUM
LT_SBLT,Siauliu Bankas,LT,2024-03-31,2024-Q1,NSFR,1.28892,286.8,0,MEDIUM
LT_SBLT,Siauliu Bankas,LT,2024-06-30,2024-Q2,NSFR,1.269426,286.8,0,MEDIUM
LU_BIL,Banque Internationale Lux,LU,2023-09-30,2023-Q3,NSFR,1.289924,297.7,0,MEDIUM
LU_BIL,Banque Internationale Lux,LU,2023-12-31,2023-Q4,NSFR,1.308678,297.7,0,MEDIUM
LU_BIL,Banque Internationale Lux,LU,2024-03-31,2024-Q1,NSFR,1.232548,297.7,0,MEDIUM
LU_BIL,Banque Internationale Lux,LU,2024-06-30,2024-Q2,NSFR,1.29084,297.7,0,MEDIUM
LV_SWLV,Swedbank Latvia,LV,2023-09-30,2023-Q3,NSFR,1.190228,168.3,1,MEDIUM
LV_SWLV,Swedbank Latvia,LV,2023-12-31,2023-Q4,NSFR,1.228883,168.3,1,MEDIUM
LV_SWLV,Swedbank Latvia,LV,2024-03-31,2024-Q1,NSFR,1.176356,168.3,1,MEDIUM
LV_SWLV,Swedbank Latvia,LV,2024-06-30,2024-Q2,NSFR,1.353996,168.3,1,MEDIUM
MT_BOV,Bank of Valletta,MT,2023-09-30,2023-Q3,NSFR,1.325424,131.9,0,MEDIUM
MT_BOV,Bank of Valletta,MT,2023-12-31,2023-Q4,NSFR,1.350641,131.9,0,MEDIUM
MT_BOV,Bank of Valletta,MT,2024-03-31,2024-Q1,NSFR,1.175579,131.9,0,MEDIUM
MT_BOV,Bank of Valletta,MT,2024-06-30,2024-Q2,NSFR,1.215483,131.9,0,MEDIUM
NL_ABN,ABN AMRO,NL,2023-09-30,2023-Q3,NSFR,1.208376,668.1,1,LARGE
NL_ABN,ABN AMRO,NL,2023-12-31,2023-Q4,NSFR,1.368271,668.1,1,LARGE
NL_ABN,ABN AMRO,NL,2024-03-31,2024-Q1,NSFR,1.252684,668.1,1,LARGE
NL_ABN,ABN AMRO,NL,2024-06-30,2024-Q2,NSFR,1.343184,668.1,1,LARGE
NL_INGA,ING Groep,NL,2023-09-30,2023-Q3,NSFR,1.240666,1257.1,1,LARGE
NL_INGA,ING Groep,NL,2023-12-31,2023-Q4,NSFR,1.348746,1257.1,1,LARGE
NL_INGA,ING Groep,NL,2024-03-31,2024-Q1,NSFR,1.344649,1257.1,1,LARGE
NL_INGA,ING Groep,NL,2024-06-30,2024-Q2,NSFR,1.188206,1257.1,1,LARGE
NL_RABO,Rabobank,NL,2023-09-30,2023-Q3,NSFR,1.367884,890.4,1,LARGE
NL_RABO,Rabobank,NL,2023-12-31,2023-Q4,NSFR,1.331071,890.4,1,LARGE
NL_RABO,Rabobank,NL,2024-03-31,2024-Q1,NSFR,1.238812,890.4,1,LARGE
NL_RABO,Rabobank,NL,2024-06-30,2024-Q2,NSFR,1.198519,890.4,1,LARGE
NO_DNB,DNB Bank,NO,2023-09-30,2023-Q3,NSFR,1.296354,594.0,0,LARGE
NO_DNB,DNB Bank,NO,2023-12-31,2023-Q4,NSFR,1.359637,594.0,0,LARGE
NO_DNB,DNB Bank,NO,2024-03-31,2024-Q1,NSFR,1.351602,594.0,0,LARGE
NO_DNB,DNB Bank,NO,2024-06-30,2024-Q2,NSFR,1.267705,594.0,0,LARGE
PL_PEKAO,Bank Pekao,PL,2023-09-30,2023-Q3,NSFR,1.352544,195.9,0,MEDIUM
PL_PEKAO,Bank Pekao,PL,2023-12-31,2023-Q4,NSFR,1.290308,195.9,0,MEDIUM
PL_PEKAO,Bank Pekao,PL,2024-03-31,2024-Q1,NSFR,1.258544,195.9,0,MEDIUM
PL_PEKAO,Bank Pekao,PL,2024-06-30,2024-Q2,NSFR,1.29151,195.9,0,MEDIUM
PL_PKO,PKO Bank Polski,PL,2023-09-30,2023-Q3,NSFR,1.354078,374.5,1,LARGE
PL_PKO,PKO Bank Polski,PL,2023-12-31,2023-Q4,NSFR,1.349143,374.5,1,LARGE
PL_PKO,PKO Bank Polski,PL,2024-03-31,2024-Q1,NSFR,1.269096,374.5,1,LARGE
PL_PKO,PKO Bank Polski,PL,2024-06-30,2024-Q2,NSFR,1.296647,374.5,1,LARGE
PL_MBK,mBank,PL,2023-09-30,2023-Q3,NSFR,1.273911,144.3,1,MEDIUM
PL_MBK,mBank,PL,2023-12-31,2023-Q4,NSFR,1.290762,144.3,1,MEDIUM
PL_MBK,mBank,PL,2024-03-31,2024-Q1,NSFR,1.210653,144.3,1,MEDIUM
PL_MBK,mBank,PL,2024-06-30,2024-Q2,NSFR,1.309937,144.3,1,MEDIUM
PT_CGD,Caixa Geral de Depositos,PT,2023-09-30,2023-Q3,NSFR,1.219182,332.4,0,LARGE
PT_CGD,Caixa Geral de Depositos,PT,2023-12-31,2023-Q4,NSFR,1.236804,332.4,0,LARGE
PT_CGD,Caixa Geral de Depositos,PT,2024-03-31,2024-Q1,NSFR,1.333884,332.4,0,LARGE
PT_CGD,Caixa Geral de Depositos,PT,2024-06-30,2024-Q2,NSFR,1.235668,332.4,0,LARGE
PT_BCP,Millennium BCP,PT,2023-09-30,2023-Q3,NSFR,1.256519,375.6,0,LARGE
PT_BCP,Millennium BCP,PT,2023-12-31,2023-Q4,NSFR,1.213636,375.6,0,LARGE
PT_BCP,Millennium BCP,PT,2024-03-31,2024-Q1,NSFR,1.217277,375.6,0,LARGE
PT_BCP,Millennium BCP,PT,2024-06-30,2024-Q2,NSFR,1.328842,375.6,0,LARGE
RO_BRD,BRD Groupe SG,RO,2023-09-30,2023-Q3,NSFR,1.216717,164.3,0,MEDIUM
RO_BRD,BRD Groupe SG,RO,2023-12-31,2023-Q4,NSFR,1.242355,164.3,0,MEDIUM
RO_BRD,BRD Groupe SG,RO,2024-03-31,2024-Q1,NSFR,1.24373,164.3,0,MEDIUM
RO_BRD,BRD Groupe SG,RO,2024-06-30,2024-Q2,NSFR,1.235426,164.3,0,MEDIUM
SE_SHB,Handelsbanken,SE,2023-09-30,2023-Q3,NSFR,1.261924,505.3,1,LARGE
SE_SHB,Handelsbanken,SE,2023-12-31,2023-Q4,NSFR,1.311367,505.3,1,LARGE
SE_SHB,Handelsbanken,SE,2024-03-31,2024-Q1,NSFR,1.306228,505.3,1,LARGE
SE_SHB,Handelsbanken,SE,2024-06-30,2024-Q2,NSFR,1.173238,505.3,1,LARGE
SE_NDA,Nordea,SE,2023-09-30,2023-Q3,NSFR,1.345322,627.3,1,LARGE
SE_NDA,Nordea,SE,2023-12-31,2023-Q4,NSFR,1.31223,627.3,1,LARGE
SE_NDA,Nordea,SE,2024-03-31,2024-Q1,NSFR,1.226416,627.3,1,LARGE
SE_NDA,Nordea,SE,2024-06-30,2024-Q2,NSFR,1.311209,627.3,1,LARGE
SE_SEB,SEB,SE,2023-09-30,2023-Q3,NSFR,1.315904,427.3,1,LARGE
SE_SEB,SEB,SE,2023-12-31,2023-Q4,NSFR,1.200865,427.3,1,LARGE
SE_SEB,SEB,SE,2024-03-31,2024-Q1,NSFR,1.27986,427.3,1,LARGE
SE_SEB,SEB,SE,2024-06-30,2024-Q2,NSFR,1.284476,427.3,1,LARGE
SE_SWED,Swedbank,SE,2023-09-30,2023-Q3,NSFR,1.304542,536.9,1,LARGE
SE_SWED,Swedbank,SE,2023-12-31,2023-Q4,NSFR,1.27518,536.9,1,LARGE
SE_SWED,Swedbank,SE,2024-03-31,2024-Q1,NSFR,1.253011,536.9,1,LARGE
SE_SWED,Swedbank,SE,2024-06-30,2024-Q2,NSFR,1.198195,536.9,1,LARGE
SI_NLB,NLB Group,SI,2023-09-30,2023-Q3,NSFR,1.363194,201.6,0,MEDIUM
SI_NLB,NLB Group,SI,2023-12-31,2023-Q4,NSFR,1.319205,201.6,0,MEDIUM
SI_NLB,NLB Group,SI,2024-03-31,2024-Q1,NSFR,1.177072,201.6,0,MEDIUM
SI_NLB,NLB Group,SI,2024-06-30,2024-Q2,NSFR,1.327513,201.6,0,MEDIUM
SK_VUB,VUB Banka,SK,2023-09-30,2023-Q3,NSFR,1.334138,252.7,0,MEDIUM
SK_VUB,VUB Banka,SK,2023-12-31,2023-Q4,NSFR,1.287029,252.7,0,MEDIUM
SK_VUB,VUB Banka,SK,2024-03-31,2024-Q1,NSFR,1.235575,252.7,0,MEDIUM
SK_VUB,VUB Banka,SK,2024-06-30,2024-Q2,NSFR,1.259789,252.7,0,MEDIUM
AT_ERST,Erste Group,AT,2023-09-30,2023-Q3,ROA,0.005356,566.4,1,LARGE
AT_ERST,Erste Group,AT,2023-12-31,2023-Q4,ROA,0.007795,566.4,1,LARGE
AT_ERST,Erste Group,AT,2024-03-31,2024-Q1,ROA,0.008748,566.4,1,LARGE
AT_ERST,Erste Group,AT,2024-06-30,2024-Q2,ROA,0.008776,566.4,1,LARGE
AT_RBI,Raiffeisen Bank Intl,AT,2023-09-30,2023-Q3,ROA,0.009168,484.4,0,LARGE
AT_RBI,Raiffeisen Bank Intl,AT,2023-12-31,2023-Q4,ROA,0.009172,484.4,0,LARGE
AT_RBI,Raiffeisen Bank Intl,AT,2024-03-31,2024-Q1,ROA,0.009284,484.4,0,LARGE
AT_RBI,Raiffeisen Bank Intl,AT,2024-06-30,2024-Q2,ROA,0.007404,484.4,0,LARGE
BE_BEL,Belfius,BE,2023-09-30,2023-Q3,ROA,0.006156,375.8,0,LARGE
BE_BEL,Belfius,BE,2023-12-31,2023-Q4,ROA,0.010231,375.8,0,LARGE
BE_BEL,Belfius,BE,2024-03-31,2024-Q1,ROA,0.010313,375.8,0,LARGE
BE_BEL,Belfius,BE,2024-06-30,2024-Q2,ROA,0.012856,375.8,0,LARGE
BE_KBC,KBC Group,BE,2023-09-30,2023-Q3,ROA,0.006835,530.9,1,LARGE
BE_KBC,KBC Group,BE,2023-12-31,2023-Q4,ROA,0.008464,530.9,1,LARGE
BE_KBC,KBC Group,BE,2024-03-31,2024-Q1,ROA,0.011631,530.9,1,LARGE
BE_KBC,KBC Group,BE,2024-06-30,2024-Q2,ROA,0.012595,530.9,1,LARGE
BG_DSK,DSK Bank,BG,2023-09-30,2023-Q3,ROA,0.006029,157.8,0,MEDIUM
BG_DSK,DSK Bank,BG,2023-12-31,2023-Q4,ROA,0.007783,157.8,0,MEDIUM
BG_DSK,DSK Bank,BG,2024-03-31,2024-Q1,ROA,0.011365,157.8,0,MEDIUM
BG_DSK,DSK Bank,BG,2024-06-30,2024-Q2,ROA,0.008876,157.8,0,MEDIUM
CY_BOC,Bank of Cyprus,CY,2023-09-30,2023-Q3,ROA,0.007162,302.2,0,LARGE
CY_BOC,Bank of Cyprus,CY,2023-12-31,2023-Q4,ROA,0.009274,302.2,0,LARGE
CY_BOC,Bank of Cyprus,CY,2024-03-31,2024-Q1,ROA,0.006842,302.2,0,LARGE
CY_BOC,Bank of Cyprus,CY,2024-06-30,2024-Q2,ROA,0.011285,302.2,0,LARGE
CZ_KB,Komercni Banka,CZ,2023-09-30,2023-Q3,ROA,0.009261,344.4,0,LARGE
CZ_KB,Komercni Banka,CZ,2023-12-31,2023-Q4,ROA,0.00755,344.4,0,LARGE
CZ_KB,Komercni Banka,CZ,2024-03-31,2024-Q1,ROA,0.011736,344.4,0,LARGE
CZ_KB,Komercni Banka,CZ,2024-06-30,2024-Q2,ROA,0.011832,344.4,0,LARGE
DE_CBK,Commerzbank,DE,2023-09-30,2023-Q3,ROA,0.004874,771.5,1,LARGE
DE_CBK,Commerzbank,DE,2023-12-31,2023-Q4,ROA,0.00574,771.5,1,LARGE
DE_CBK,Commerzbank,DE,2024-03-31,2024-Q1,ROA,0.009844,771.5,1,LARGE
DE_CBK,Commerzbank,DE,2024-06-30,2024-Q2,ROA,0.007573,771.5,1,LARGE
DE_DZB,DZ Bank,DE,2023-09-30,2023-Q3,ROA,0.006361,797.0,0,LARGE
DE_DZB,DZ Bank,DE,2023-12-31,2023-Q4,ROA,0.008108,797.0,0,LARGE
DE_DZB,DZ Bank,DE,2024-03-31,2024-Q1,ROA,0.009474,797.0,0,LARGE
DE_DZB,DZ Bank,DE,2024-06-30,2024-Q2,ROA,0.011139,797.0,0,LARGE
DE_DBK,Deutsche Bank,DE,2023-09-30,2023-Q3,ROA,0.009677,1559.6,1,LARGE
DE_DBK,Deutsche Bank,DE,2023-12-31,2023-Q4,ROA,0.006164,1559.6,1,LARGE
DE_DBK,Deutsche Bank,DE,2024-03-31,2024-Q1,ROA,0.010259,1559.6,1,LARGE
DE_DBK,Deutsche Bank,DE,2024-06-30,2024-Q2,ROA,0.010615,1559.6,1,LARGE
DE_HCOB,Hamburg Commercial Bank,DE,2023-09-30,2023-Q3,ROA,0.005604,287.9,0,MEDIUM
DE_HCOB,Hamburg Commercial Bank,DE,2023-12-31,2023-Q4,ROA,0.008359,287.9,0,MEDIUM
DE_HCOB,Hamburg Commercial Bank,DE,2024-03-31,2024-Q1,ROA,0.006627,287.9,0,MEDIUM
DE_HCOB,Hamburg Commercial Bank,DE,2024-06-30,2024-Q2,ROA,0.009113,287.9,0,MEDIUM
DE_LBW,LBBW,DE,2023-09-30,2023-Q3,ROA,0.007302,580.4,0,LARGE
DE_LBW,LBBW,DE,2023-12-31,2023-Q4,ROA,0.010399,580.4,0,LARGE
DE_LBW,LBBW,DE,2024-03-31,2024-Q1,ROA,0.009671,580.4,0,LARGE
DE_LBW,LBBW,DE,2024-06-30,2024-Q2,ROA,0.011468,580.4,0,LARGE
DE_NORD,NORD/LB,DE,2023-09-30,2023-Q3,ROA,0.009162,391.0,0,LARGE
DE_NORD,NORD/LB,DE,2023-12-31,2023-Q4,ROA,0.010931,391.0,0,LARGE
DE_NORD,NORD/LB,DE,2024-03-31,2024-Q1,ROA,0.007559,391.0,0,LARGE
DE_NORD,NORD/LB,DE,2024-06-30,2024-Q2,ROA,0.012091,391.0,0,LARGE
DK_DAN,Danske Bank,DK,2023-09-30,2023-Q3,ROA,0.00414,704.4,1,LARGE
DK_DAN,Danske Bank,DK,2023-12-31,2023-Q4,ROA,0.006683,704.4,1,LARGE
DK_DAN,Danske Bank,DK,2024-03-31,2024-Q1,ROA,0.007313,704.4,1,LARGE
DK_DAN,Danske Bank,DK,2024-06-30,2024-Q2,ROA,0.011585,704.4,1,LARGE
DK_JYS,Jyske Bank,DK,2023-09-30,2023-Q3,ROA,0.004433,118.6,0,MEDIUM
DK_JYS,Jyske Bank,DK,2023-12-31,2023-Q4,ROA,0.007123,118.6,0,MEDIUM
DK_JYS,Jyske Bank,DK,2024-03-31,2024-Q1,ROA,0.007617,118.6,0,MEDIUM
DK_JYS,Jyske Bank,DK,2024-06-30,2024-Q2,ROA,0.007322,118.6,0,MEDIUM
EE_LHV,LHV Group,EE,2023-09-30,2023-Q3,ROA,0.006741,156.0,0,MEDIUM
EE_LHV,LHV Group,EE,2023-12-31,2023-Q4,ROA,0.00682,156.0,0,MEDIUM
EE_LHV,LHV Group,EE,2024-03-31,2024-Q1,ROA,0.011123,156.0,0,MEDIUM
EE_LHV,LHV Group,EE,2024-06-30,2024-Q2,ROA,0.012359,156.0,0,MEDIUM
ES_BBVA,BBVA,ES,2023-09-30,2023-Q3,ROA,0.006955,863.5,1,LARGE
ES_BBVA,BBVA,ES,2023-12-31,2023-Q4,ROA,0.005652,863.5,1,LARGE
ES_BBVA,BBVA,ES,2024-03-31,2024-Q1,ROA,0.011262,863.5,1,LARGE
ES_BBVA,BBVA,ES,2024-06-30,2024-Q2,ROA,0.00873,863.5,1,LARGE
ES_SAB,Banco Sabadell,ES,2023-09-30,2023-Q3,ROA,0.006275,330.9,0,LARGE
ES_SAB,Banco Sabadell,ES,2023-12-31,2023-Q4,ROA,0.006613,330.9,0,LARGE
ES_SAB,Banco Sabadell,ES,2024-03-31,2024-Q1,ROA,0.009516,330.9,0,LARGE
ES_SAB,Banco Sabadell,ES,2024-06-30,2024-Q2,ROA,0.010488,330.9,0,LARGE
ES_SAN,Banco Santander,ES,2023-09-30,2023-Q3,ROA,0.004814,1996.1,1,LARGE
ES_SAN,Banco Santander,ES,2023-12-31,2023-Q4,ROA,0.008148,1996.1,1,LARGE
ES_SAN,Banco Santander,ES,2024-03-31,2024-Q1,ROA,0.006742,1996.1,1,LARGE
ES_SAN,Banco Santander,ES,2024-06-30,2024-Q2,ROA,0.012859,1996.1,1,LARGE
ES_CABK,CaixaBank,ES,2023-09-30,2023-Q3,ROA,0.005399,769.0,0,LARGE
ES_CABK,CaixaBank,ES,2023-12-31,2023-Q4,ROA,0.007662,769.0,0,LARGE
ES_CABK,CaixaBank,ES,2024-03-31,2024-Q1,ROA,0.009682,769.0,0,LARGE
ES_CABK,CaixaBank,ES,2024-06-30,2024-Q2,ROA,0.009539,769.0,0,LARGE
FI_OP,OP Group,FI,2023-09-30,2023-Q3,ROA,0.005064,280.1,0,MEDIUM
FI_OP,OP Group,FI,2023-12-31,2023-Q4,ROA,0.00969,280.1,0,MEDIUM
FI_OP,OP Group,FI,2024-03-31,2024-Q1,ROA,0.006645,280.1,0,MEDIUM
FI_OP,OP Group,FI,2024-06-30,2024-Q2,ROA,0.012168,280.1,0,MEDIUM
FR_BNPP,BNP Paribas,FR,2023-09-30,2023-Q3,ROA,0.006396,2685.9,1,LARGE
FR_BNPP,BNP Paribas,FR,2023-12-31,2023-Q4,ROA,0.005967,2685.9,1,LARGE
FR_BNPP,BNP Paribas,FR,2024-03-31,2024-Q1,ROA,0.007701,2685.9,1,LARGE
FR_BNPP,BNP Paribas,FR,2024-06-30,2024-Q2,ROA,0.009506,2685.9,1,LARGE
FR_BPCE,BPCE,FR,2023-09-30,2023-Q3,ROA,0.009588,1765.8,1,LARGE
FR_BPCE,BPCE,FR,2023-12-31,2023-Q4,ROA,0.007507,1765.8,1,LARGE
FR_BPCE,BPCE,FR,2024-03-31,2024-Q1,ROA,0.011309,1765.8,1,LARGE
FR_BPCE,BPCE,FR,2024-06-30,2024-Q2,ROA,0.007567,1765.8,1,LARGE
FR_ACA,Credit Agricole Group,FR,2023-09-30,2023-Q3,ROA,0.009416,2387.7,1,LARGE
FR_ACA,Credit Agricole Group,FR,2023-12-31,2023-Q4,ROA,0.006618,2387.7,1,LARGE
FR_ACA,Credit Agricole Group,FR,2024-03-31,2024-Q1,ROA,0.0081,2387.7,1,LARGE
FR_ACA,Credit Agricole Group,FR,2024-06-30,2024-Q2,ROA,0.008667,2387.7,1,LARGE
FR_HSBC,HSBC Continental Europe,FR,2023-09-30,2023-Q3,ROA,0.006595,475.5,0,LARGE
FR_HSBC,HSBC Continental Europe,FR,2023-12-31,2023-Q4,ROA,0.009617,475.5,0,LARGE
FR_HSBC,HSBC Continental Europe,FR,2024-03-31,2024-Q1,ROA,0.011658,475.5,0,LARGE
FR_HSBC,HSBC Continental Europe,FR,2024-06-30,2024-Q2,ROA,0.012148,475.5,0,LARGE
FR_GLE,Societe Generale,FR,2023-09-30,2023-Q3,ROA,0.008335,1766.0,1,LARGE
FR_GLE,Societe Generale,FR,2023-12-31,2023-Q4,ROA,0.009692,1766.0,1,LARGE
FR_GLE,Societe Generale,FR,2024-03-31,2024-Q1,ROA,0.007539,1766.0,1,LARGE
FR_GLE,Societe Generale,FR,2024-06-30,2024-Q2,ROA,0.007513,1766.0,1,LARGE
GR_ALPHA,Alpha Bank,GR,2023-09-30,2023-Q3,ROA,0.00946,295.5,0,MEDIUM
GR_ALPHA,Alpha Bank,GR,2023-12-31,2023-Q4,ROA,0.005037,295.5,0,MEDIUM
GR_ALPHA,Alpha Bank,GR,2024-03-31,2024-Q1,ROA,0.00766,295.5,0,MEDIUM
GR_ALPHA,Alpha Bank,GR,2024-06-30,2024-Q2,ROA,0.008985,295.5,0,MEDIUM
GR_ETE,Eurobank Ergasias,GR,2023-09-30,2023-Q3,ROA,0.004682,315.4,0,LARGE
GR_ETE,Eurobank Ergasias,GR,2023-12-31,2023-Q4,ROA,0.005056,315.4,0,LARGE
GR_ETE,Eurobank Ergasias,GR,2024-03-31,2024-Q1,ROA,0.008985,315.4,0,LARGE
GR_ETE,Eurobank Ergasias,GR,2024-06-30,2024-Q2,ROA,0.010619,315.4,0,LARGE
GR_NBG,National Bank of Greece,GR,2023-09-30,2023-Q3,ROA,0.009237,325.7,0,LARGE
GR_NBG,National Bank of Greece,GR,2023-12-31,2023-Q4,ROA,0.009825,325.7,0,LARGE
GR_NBG,National Bank of Greece,GR,2024-03-31,2024-Q1,ROA,0.009522,325.7,0,LARGE
GR_NBG,National Bank of Greece,GR,2024-06-30,2024-Q2,ROA,0.010267,325.7,0,LARGE
GR_PIR,Piraeus Bank,GR,2023-09-30,2023-Q3,ROA,0.006064,212.6,0,MEDIUM
GR_PIR,Piraeus Bank,GR,2023-12-31,2023-Q4,ROA,0.010414,212.6,0,MEDIUM
GR_PIR,Piraeus Bank,GR,2024-03-31,2024-Q1,ROA,0.009952,212.6,0,MEDIUM
GR_PIR,Piraeus Bank,GR,2024-06-30,2024-Q2,ROA,0.01047,212.6,0,MEDIUM
HR_ZABA,Zagrebacka Banka,HR,2023-09-30,2023-Q3,ROA,0.00883,287.4,0,MEDIUM
HR_ZABA,Zagrebacka Banka,HR,2023-12-31,2023-Q4,ROA,0.009338,287.4,0,MEDIUM
HR_ZABA,Zagrebacka Banka,HR,2024-03-31,2024-Q1,ROA,0.00611,287.4,0,MEDIUM
HR_ZABA,Zagrebacka Banka,HR,2024-06-30,2024-Q2,ROA,0.010505,287.4,0,MEDIUM
HU_OTP,OTP Bank,HU,2023-09-30,2023-Q3,ROA,0.008585,292.8,0,MEDIUM
HU_OTP,OTP Bank,HU,2023-12-31,2023-Q4,ROA,0.00563,292.8,0,MEDIUM
HU_OTP,OTP Bank,HU,2024-03-31,2024-Q1,ROA,0.008508,292.8,0,MEDIUM
HU_OTP,OTP Bank,HU,2024-06-30,2024-Q2,ROA,0.007725,292.8,0,MEDIUM
IE_AIB,AIB Group,IE,2023-09-30,2023-Q3,ROA,0.006599,356.4,0,LARGE
IE_AIB,AIB Group,IE,2023-12-31,2023-Q4,ROA,0.005999,356.4,0,LARGE
IE_AIB,AIB Group,IE,2024-03-31,2024-Q1,ROA,0.006801,356.4,0,LARGE
IE_AIB,AIB Group,IE,2024-06-30,2024-Q2,ROA,0.011404,356.4,0,LARGE
IE_BIRG,Bank of Ireland,IE,2023-09-30,2023-Q3,ROA,0.008833,134.8,0,MEDIUM
IE_BIRG,Bank of Ireland,IE,2023-12-31,2023-Q4,ROA,0.009611,134.8,0,MEDIUM
IE_BIRG,Bank of Ireland,IE,2024-03-31,2024-Q1,ROA,0.00965,134.8,0,MEDIUM
IE_BIRG,Bank of Ireland,IE,2024-06-30,2024-Q2,ROA,0.011859,134.8,0,MEDIUM
IS_LAN,Landsbankinn,IS,2023-09-30,2023-Q3,ROA,0.004693,252.3,0,MEDIUM
IS_LAN,Landsbankinn,IS,2023-12-31,2023-Q4,ROA,0.01011,252.3,0,MEDIUM
IS_LAN,Landsbankinn,IS,2024-03-31,2024-Q1,ROA,0.006906,252.3,0,MEDIUM
IS_LAN,Landsbankinn,IS,2024-06-30,2024-Q2,ROA,0.009524,252.3,0,MEDIUM
IT_BAMI,Banco BPM,IT,2023-09-30,2023-Q3,ROA,0.004793,406.3,0,LARGE
IT_BAMI,Banco BPM,IT,2023-12-31,2023-Q4,ROA,0.010336,406.3,0,LARGE
IT_BAMI,Banco BPM,IT,2024-03-31,2024-Q1,ROA,0.011729,406.3,0,LARGE
IT_BAMI,Banco BPM,IT,2024-06-30,2024-Q2,ROA,0.010211,406.3,0,LARGE
IT_ISP,Intesa Sanpaolo,IT,2023-09-30,2023-Q3,ROA,0.006113,936.6,1,LARGE
IT_ISP,Intesa Sanpaolo,IT,2023-12-31,2023-Q4,ROA,0.008536,936.6,1,LARGE
IT_ISP,Intesa Sanpaolo,IT,2024-03-31,2024-Q1,ROA,0.006276,936.6,1,LARGE
IT_ISP,Intesa Sanpaolo,IT,2024-06-30,2024-Q2,ROA,0.012363,936.6,1,LARGE
IT_MED,Mediobanca,IT,2023-09-30,2023-Q3,ROA,0.008721,263.0,0,MEDIUM
IT_MED,Mediobanca,IT,2023-12-31,2023-Q4,ROA,0.007515,263.0,0,MEDIUM
IT_MED,Mediobanca,IT,2024-03-31,2024-Q1,ROA,0.010849,263.0,0,MEDIUM
IT_MED,Mediobanca,IT,2024-06-30,2024-Q2,ROA,0.007175,263.0,0,MEDIUM
IT_BMPS,Monte dei Paschi,IT,2023-09-30,2023-Q3,ROA,0.008778,342.8,0,LARGE
IT_BMPS,Monte dei Paschi,IT,2023-12-31,2023-Q4,ROA,0.006429,342.8,0,LARGE
IT_BMPS,Monte dei Paschi,IT,2024-03-31,2024-Q1,ROA,0.008102,342.8,0,LARGE
IT_BMPS,Monte dei Paschi,IT,2024-06-30,2024-Q2,ROA,0.007423,342.8,0,LARGE
IT_UCG,UniCredit,IT,2023-09-30,2023-Q3,ROA,0.004189,995.9,1,LARGE
IT_UCG,UniCredit,IT,2023-12-31,2023-Q4,ROA,0.009741,995.9,1,LARGE
IT_UCG,UniCredit,IT,2024-03-31,2024-Q1,ROA,0.010842,995.9,1,LARGE
IT_UCG,UniCredit,IT,2024-06-30,2024-Q2,ROA,0.008949,995.9,1,LARGE
LI_LLB,Liechtensteinische LB,LI,2023-09-30,2023-Q3,ROA,0.007633,293.7,0,MEDIUM
LI_LLB,Liechtensteinische LB,LI,2023-12-31,2023-Q4,ROA,0.005418,293.7,0,MEDIUM
LI_LLB,Liechtensteinische LB,LI,2024-03-31,2024-Q1,ROA,0.0061,293.7,0,MEDIUM
LI_LLB,Liechtensteinische LB,LI,2024-06-30,2024-Q2,ROA,0.007809,293.7,0,MEDIUM
LT_SBLT,Siauliu Bankas,LT,2023-09-30,2023-Q3,ROA,0.005078,286.8,0,MEDIUM
LT_SBLT,Siauliu Bankas,LT,2023-12-31,2023-Q4,ROA,0.01066,286.8,0,MEDIUM
LT_SBLT,Siauliu Bankas,LT,2024-03-31,2024-Q1,ROA,0.01141,286.8,0,MEDIUM
LT_SBLT,Siauliu Bankas,LT,2024-06-30,2024-Q2,ROA,0.00848,286.8,0,MEDIUM
LU_BIL,Banque Internationale Lux,LU,2023-09-30,2023-Q3,ROA,0.006138,297.7,0,MEDIUM
LU_BIL,Banque Internationale Lux,LU,2023-12-31,2023-Q4,ROA,0.006959,297.7,0,MEDIUM
LU_BIL,Banque Internationale Lux,LU,2024-03-31,2024-Q1,ROA,0.007266,297.7,0,MEDIUM
LU_BIL,Banque Internationale Lux,LU,2024-06-30,2024-Q2,ROA,0.009294,297.7,0,MEDIUM
LV_SWLV,Swedbank Latvia,LV,2023-09-30,2023-Q3,ROA,0.008938,168.3,1,MEDIUM
LV_SWLV,Swedbank Latvia,LV,2023-12-31,2023-Q4,ROA,0.007948,168.3,1,MEDIUM
LV_SWLV,Swedbank Latvia,LV,2024-03-31,2024-Q1,ROA,0.007589,168.3,1,MEDIUM
LV_SWLV,Swedbank Latvia,LV,2024-06-30,2024-Q2,ROA,0.011934,168.3,1,MEDIUM
MT_BOV,Bank of Valletta,MT,2023-09-30,2023-Q3,ROA,0.008384,131.9,0,MEDIUM
MT_BOV,Bank of Valletta,MT,2023-12-31,2023-Q4,ROA,0.00915,131.9,0,MEDIUM
MT_BOV,Bank of Valletta,MT,2024-03-31,2024-Q1,ROA,0.007991,131.9,0,MEDIUM
MT_BOV,Bank of Valletta,MT,2024-06-30,2024-Q2,ROA,0.009692,131.9,0,MEDIUM
NL_ABN,ABN AMRO,NL,2023-09-30,2023-Q3,ROA,0.006201,668.1,1,LARGE
NL_ABN,ABN AMRO,NL,2023-12-31,2023-Q4,ROA,0.007814,668.1,1,LARGE
NL_ABN,ABN AMRO,NL,2024-03-31,2024-Q1,ROA,0.007902,668.1,1,LARGE
NL_ABN,ABN AMRO,NL,2024-06-30,2024-Q2,ROA,0.011848,668.1,1,LARGE
NL_INGA,ING Groep,NL,2023-09-30,2023-Q3,ROA,0.009356,1257.1,1,LARGE
NL_INGA,ING Groep,NL,2023-12-31,2023-Q4,ROA,0.005424,1257.1,1,LARGE
NL_INGA,ING Groep,NL,2024-03-31,2024-Q1,ROA,0.008551,1257.1,1,LARGE
NL_INGA,ING Groep,NL,2024-06-30,2024-Q2,ROA,0.008328,1257.1,1,LARGE
NL_RABO,Rabobank,NL,2023-09-30,2023-Q3,ROA,0.007666,890.4,1,LARGE
NL_RABO,Rabobank,NL,2023-12-31,2023-Q4,ROA,0.005726,890.4,1,LARGE
NL_RABO,Rabobank,NL,2024-03-31,2024-Q1,ROA,0.006315,890.4,1,LARGE
NL_RABO,Rabobank,NL,2024-06-30,2024-Q2,ROA,0.007748,890.4,1,LARGE
NO_DNB,DNB Bank,NO,2023-09-30,2023-Q3,ROA,0.00523,594.0,0,LARGE
NO_DNB,DNB Bank,NO,2023-12-31,2023-Q4,ROA,0.007243,594.0,0,LARGE
NO_DNB,DNB Bank,NO,2024-03-31,2024-Q1,ROA,0.009258,594.0,0,LARGE
NO_DNB,DNB Bank,NO,2024-06-30,2024-Q2,ROA,0.012199,594.0,0,LARGE
PL_PEKAO,Bank Pekao,PL,2023-09-30,2023-Q3,ROA,0.007542,195.9,0,MEDIUM
PL_PEKAO,Bank Pekao,PL,2023-12-31,2023-Q4,ROA,0.010767,195.9,0,MEDIUM
PL_PEKAO,Bank Pekao,PL,2024-03-31,2024-Q1,ROA,0.011443,195.9,0,MEDIUM
PL_PEKAO,Bank Pekao,PL,2024-06-30,2024-Q2,ROA,0.008385,195.9,0,MEDIUM
PL_PKO,PKO Bank Polski,PL,2023-09-30,2023-Q3,ROA,0.009796,374.5,1,LARGE
PL_PKO,PKO Bank Polski,PL,2023-12-31,2023-Q4,ROA,0.008957,374.5,1,LARGE
PL_PKO,PKO Bank Polski,PL,2024-03-31,2024-Q1,ROA,0.006697,374.5,1,LARGE
PL_PKO,PKO Bank Polski,PL,2024-06-30,2024-Q2,ROA,0.009637,374.5,1,LARGE
PL_MBK,mBank,PL,2023-09-30,2023-Q3,ROA,0.006575,144.3,1,MEDIUM
PL_MBK,mBank,PL,2023-12-31,2023-Q4,ROA,0.005364,144.3,1,MEDIUM
PL_MBK,mBank,PL,2024-03-31,2024-Q1,ROA,0.009241,144.3,1,MEDIUM
PL_MBK,mBank,PL,2024-06-30,2024-Q2,ROA,0.011539,144.3,1,MEDIUM
PT_CGD,Caixa Geral de Depositos,PT,2023-09-30,2023-Q3,ROA,0.007548,332.4,0,LARGE
PT_CGD,Caixa Geral de Depositos,PT,2023-12-31,2023-Q4,ROA,0.010749,332.4,0,LARGE
PT_CGD,Caixa Geral de Depositos,PT,2024-03-31,2024-Q1,ROA,0.009799,332.4,0,LARGE
PT_CGD,Caixa Geral de Depositos,PT,2024-06-30,2024-Q2,ROA,0.011607,332.4,0,LARGE
PT_BCP,Millennium BCP,PT,2023-09-30,2023-Q3,ROA,0.005579,375.6,0,LARGE
PT_BCP,Millennium BCP,PT,2023-12-31,2023-Q4,ROA,0.006616,375.6,0,LARGE
PT_BCP,Millennium BCP,PT,2024-03-31,2024-Q1,ROA,0.008918,375.6,0,LARGE
PT_BCP,Millennium BCP,PT,2024-06-30,2024-Q2,ROA,0.010345,375.6,0,LARGE
RO_BRD,BRD Groupe SG,RO,2023-09-30,2023-Q3,ROA,0.009926,164.3,0,MEDIUM
RO_BRD,BRD Groupe SG,RO,2023-12-31,2023-Q4,ROA,0.00661,164.3,0,MEDIUM
RO_BRD,BRD Groupe SG,RO,2024-03-31,2024-Q1,ROA,0.010781,164.3,0,MEDIUM
RO_BRD,BRD Groupe SG,RO,2024-06-30,2024-Q2,ROA,0.011105,164.3,0,MEDIUM
SE_SHB,Handelsbanken,SE,2023-09-30,2023-Q3,ROA,0.006325,505.3,1,LARGE
SE_SHB,Handelsbanken,SE,2023-12-31,2023-Q4,ROA,0.010123,505.3,1,LARGE
SE_SHB,Handelsbanken,SE,2024-03-31,2024-Q1,ROA,0.008511,505.3,1,LARGE
SE_SHB,Handelsbanken,SE,2024-06-30,2024-Q2,ROA,0.009038,505.3,1,LARGE
SE_NDA,Nordea,SE,2023-09-30,2023-Q3,ROA,0.005022,627.3,1,LARGE
SE_NDA,Nordea,SE,2023-12-31,2023-Q4,ROA,0.009611,627.3,1,LARGE
SE_NDA,Nordea,SE,2024-03-31,2024-Q1,ROA,0.009654,627.3,1,LARGE
SE_NDA,Nordea,SE,2024-06-30,2024-Q2,ROA,0.010287,627.3,1,LARGE
SE_SEB,SEB,SE,2023-09-30,2023-Q3,ROA,0.004271,427.3,1,LARGE
SE_SEB,SEB,SE,2023-12-31,2023-Q4,ROA,0.008782,427.3,1,LARGE
SE_SEB,SEB,SE,2024-03-31,2024-Q1,ROA,0.01175,427.3,1,LARGE
SE_SEB,SEB,SE,2024-06-30,2024-Q2,ROA,0.012031,427.3,1,LARGE
SE_SWED,Swedbank,SE,2023-09-30,2023-Q3,ROA,0.007216,536.9,1,LARGE
SE_SWED,Swedbank,SE,2023-12-31,2023-Q4,ROA,0.006327,536.9,1,LARGE
SE_SWED,Swedbank,SE,2024-03-31,2024-Q1,ROA,0.007389,536.9,1,LARGE
SE_SWED,Swedbank,SE,2024-06-30,2024-Q2,ROA,0.00831,536.9,1,LARGE
SI_NLB,NLB Group,SI,2023-09-30,2023-Q3,ROA,0.005639,201.6,0,MEDIUM
SI_NLB,NLB Group,SI,2023-12-31,2023-Q4,ROA,0.006148,201.6,0,MEDIUM
SI_NLB,NLB Group,SI,2024-03-31,2024-Q1,ROA,0.008519,201.6,0,MEDIUM
SI_NLB,NLB Group,SI,2024-06-30,2024-Q2,ROA,0.009535,201.6,0,MEDIUM
SK_VUB,VUB Banka,SK,2023-09-30,2023-Q3,ROA,0.009911,252.7,0,MEDIUM
SK_VUB,VUB Banka,SK,2023-12-31,2023-Q4,ROA,0.006787,252.7,0,MEDIUM
SK_VUB,VUB Banka,SK,2024-03-31,2024-Q1,ROA,0.008644,252.7,0,MEDIUM
SK_VUB,VUB Banka,SK,2024-06-30,2024-Q2,ROA,0.00948,252.7,0,MEDIUM
AT_ERST,Erste Group,AT,2023-09-30,2023-Q3,ROE,0.065231,566.4,1,LARGE
AT_ERST,Erste Group,AT,2023-12-31,2023-Q4,ROE,0.092417,566.4,1,LARGE
AT_ERST,Erste Group,AT,2024-03-31,2024-Q1,ROE,0.064805,566.4,1,LARGE
AT_ERST,Erste Group,AT,2024-06-30,2024-Q2,ROE,0.062989,566.4,1,LARGE
AT_RBI,Raiffeisen Bank Intl,AT,2023-09-30,2023-Q3,ROE,0.116859,484.4,0,LARGE
AT_RBI,Raiffeisen Bank Intl,AT,2023-12-31,2023-Q4,ROE,0.086331,484.4,0,LARGE
AT_RBI,Raiffeisen Bank Intl,AT,2024-03-31,2024-Q1,ROE,0.091954,484.4,0,LARGE
AT_RBI,Raiffeisen Bank Intl,AT,2024-06-30,2024-Q2,ROE,0.117303,484.4,0,LARGE
BE_BEL,Belfius,BE,2023-09-30,2023-Q3,ROE,0.082916,375.8,0,LARGE
BE_BEL,Belfius,BE,2023-12-31,2023-Q4,ROE,0.078877,375.8,0,LARGE
BE_BEL,Belfius,BE,2024-03-31,2024-Q1,ROE,0.06567,375.8,0,LARGE
BE_BEL,Belfius,BE,2024-06-30,2024-Q2,ROE,0.086034,375.8,0,LARGE
BE_KBC,KBC Group,BE,2023-09-30,2023-Q3,ROE,0.05357,530.9,1,LARGE
BE_KBC,KBC Group,BE,2023-12-31,2023-Q4,ROE,0.088015,530.9,1,LARGE
BE_KBC,KBC Group,BE,2024-03-31,2024-Q1,ROE,0.083156,530.9,1,LARGE
BE_KBC,KBC Group,BE,2024-06-30,2024-Q2,ROE,0.089044,530.9,1,LARGE
BG_DSK,DSK Bank,BG,2023-09-30,2023-Q3,ROE,0.085838,157.8,0,MEDIUM
BG_DSK,DSK Bank,BG,2023-12-31,2023-Q4,ROE,0.0764,157.8,0,MEDIUM
BG_DSK,DSK Bank,BG,2024-03-31,2024-Q1,ROE,0.091241,157.8,0,MEDIUM
BG_DSK,DSK Bank,BG,2024-06-30,2024-Q2,ROE,0.067317,157.8,0,MEDIUM
CY_BOC,Bank of Cyprus,CY,2023-09-30,2023-Q3,ROE,0.070228,302.2,0,LARGE
CY_BOC,Bank of Cyprus,CY,2023-12-31,2023-Q4,ROE,0.094669,302.2,0,LARGE
CY_BOC,Bank of Cyprus,CY,2024-03-31,2024-Q1,ROE,0.11227,302.2,0,LARGE
CY_BOC,Bank of Cyprus,CY,2024-06-30,2024-Q2,ROE,0.11529,302.2,0,LARGE
CZ_KB,Komercni Banka,CZ,2023-09-30,2023-Q3,ROE,0.062959,344.4,0,LARGE
CZ_KB,Komercni Banka,CZ,2023-12-31,2023-Q4,ROE,0.072418,344.4,0,LARGE
CZ_KB,Komercni Banka,CZ,2024-03-31,2024-Q1,ROE,0.113454,344.4,0,LARGE
CZ_KB,Komercni Banka,CZ,2024-06-30,2024-Q2,ROE,0.119143,344.4,0,LARGE
DE_CBK,Commerzbank,DE,2023-09-30,2023-Q3,ROE,0.114385,771.5,1,LARGE
DE_CBK,Commerzbank,DE,2023-12-31,2023-Q4,ROE,0.056913,771.5,1,LARGE
DE_CBK,Commerzbank,DE,2024-03-31,2024-Q1,ROE,0.063457,771.5,1,LARGE
DE_CBK,Commerzbank,DE,2024-06-30,2024-Q2,ROE,0.068061,771.5,1,LARGE
DE_DZB,DZ Bank,DE,2023-09-30,2023-Q3,ROE,0.058452,797.0,0,LARGE
DE_DZB,DZ Bank,DE,2023-12-31,2023-Q4,ROE,0.09827,797.0,0,LARGE
DE_DZB,DZ Bank,DE,2024-03-31,2024-Q1,ROE,0.094857,797.0,0,LARGE
DE_DZB,DZ Bank,DE,2024-06-30,2024-Q2,ROE,0.12244,797.0,0,LARGE
DE_DBK,Deutsche Bank,DE,2023-09-30,2023-Q3,ROE,0.113109,1559.6,1,LARGE
DE_DBK,Deutsche Bank,DE,2023-12-31,2023-Q4,ROE,0.061269,1559.6,1,LARGE
DE_DBK,Deutsche Bank,DE,2024-03-31,2024-Q1,ROE,0.062133,1559.6,1,LARGE
DE_DBK,Deutsche Bank,DE,2024-06-30,2024-Q2,ROE,0.106167,1559.6,1,LARGE
DE_HCOB,Hamburg Commercial Bank,DE,2023-09-30,2023-Q3,ROE,0.115515,287.9,0,MEDIUM
DE_HCOB,Hamburg Commercial Bank,DE,2023-12-31,2023-Q4,ROE,0.073089,287.9,0,MEDIUM
DE_HCOB,Hamburg Commercial Bank,DE,2024-03-31,2024-Q1,ROE,0.103068,287.9,0,MEDIUM
DE_HCOB,Hamburg Commercial Bank,DE,2024-06-30,2024-Q2,ROE,0.072778,287.9,0,MEDIUM
DE_LBW,LBBW,DE,2023-09-30,2023-Q3,ROE,0.092277,580.4,0,LARGE
DE_LBW,LBBW,DE,2023-12-31,2023-Q4,ROE,0.08948,580.4,0,LARGE
DE_LBW,LBBW,DE,2024-03-31,2024-Q1,ROE,0.106335,580.4,0,LARGE
DE_LBW,LBBW,DE,2024-06-30,2024-Q2,ROE,0.066832,580.4,0,LARGE
DE_NORD,NORD/LB,DE,2023-09-30,2023-Q3,ROE,0.099657,391.0,0,LARGE
DE_NORD,NORD/LB,DE,2023-12-31,2023-Q4,ROE,0.061322,391.0,0,LARGE
DE_NORD,NORD/LB,DE,2024-03-31,2024-Q1,ROE,0.07124,391.0,0,LARGE
DE_NORD,NORD/LB,DE,2024-06-30,2024-Q2,ROE,0.075096,391.0,0,LARGE
DK_DAN,Danske Bank,DK,2023-09-30,2023-Q3,ROE,0.095782,704.4,1,LARGE
DK_DAN,Danske Bank,DK,2023-12-31,2023-Q4,ROE,0.08777,704.4,1,LARGE
DK_DAN,Danske Bank,DK,2024-03-31,2024-Q1,ROE,0.111993,704.4,1,LARGE
DK_DAN,Danske Bank,DK,2024-06-30,2024-Q2,ROE,0.094041,704.4,1,LARGE
DK_JYS,Jyske Bank,DK,2023-09-30,2023-Q3,ROE,0.119142,118.6,0,MEDIUM
DK_JYS,Jyske Bank,DK,2023-12-31,2023-Q4,ROE,0.087521,118.6,0,MEDIUM
DK_JYS,Jyske Bank,DK,2024-03-31,2024-Q1,ROE,0.09961,118.6,0,MEDIUM
DK_JYS,Jyske Bank,DK,2024-06-30,2024-Q2,ROE,0.106656,118.6,0,MEDIUM
EE_LHV,LHV Group,EE,2023-09-30,2023-Q3,ROE,0.10327,156.0,0,MEDIUM
EE_LHV,LHV Group,EE,2023-12-31,2023-Q4,ROE,0.096562,156.0,0,MEDIUM
EE_LHV,LHV Group,EE,2024-03-31,2024-Q1,ROE,0.06305,156.0,0,MEDIUM
EE_LHV,LHV Group,EE,2024-06-30,2024-Q2,ROE,0.090028,156.0,0,MEDIUM
ES_BBVA,BBVA,ES,2023-09-30,2023-Q3,ROE,0.05153,863.5,1,LARGE
ES_BBVA,BBVA,ES,2023-12-31,2023-Q4,ROE,0.094533,863.5,1,LARGE
ES_BBVA,BBVA,ES,2024-03-31,2024-Q1,ROE,0.101938,863.5,1,LARGE
ES_BBVA,BBVA,ES,2024-06-30,2024-Q2,ROE,0.120756,863.5,1,LARGE
ES_SAB,Banco Sabadell,ES,2023-09-30,2023-Q3,ROE,0.118705,330.9,0,LARGE
ES_SAB,Banco Sabadell,ES,2023-12-31,2023-Q4,ROE,0.074929,330.9,0,LARGE
ES_SAB,Banco Sabadell,ES,2024-03-31,2024-Q1,ROE,0.121795,330.9,0,LARGE
ES_SAB,Banco Sabadell,ES,2024-06-30,2024-Q2,ROE,0.107041,330.9,0,LARGE
ES_SAN,Banco Santander,ES,2023-09-30,2023-Q3,ROE,0.055866,1996.1,1,LARGE
ES_SAN,Banco Santander,ES,2023-12-31,2023-Q4,ROE,0.118418,1996.1,1,LARGE
ES_SAN,Banco Santander,ES,2024-03-31,2024-Q1,ROE,0.078448,1996.1,1,LARGE
ES_SAN,Banco Santander,ES,2024-06-30,2024-Q2,ROE,0.076963,1996.1,1,LARGE
ES_CABK,CaixaBank,ES,2023-09-30,2023-Q3,ROE,0.090082,769.0,0,LARGE
ES_CABK,CaixaBank,ES,2023-12-31,2023-Q4,ROE,0.071112,769.0,0,LARGE
ES_CABK,CaixaBank,ES,2024-03-31,2024-Q1,ROE,0.087533,769.0,0,LARGE
ES_CABK,CaixaBank,ES,2024-06-30,2024-Q2,ROE,0.057933,769.0,0,LARGE
FI_OP,OP Group,FI,2023-09-30,2023-Q3,ROE,0.052803,280.1,0,MEDIUM
FI_OP,OP Group,FI,2023-12-31,2023-Q4,ROE,0.115284,280.1,0,MEDIUM
FI_OP,OP Group,FI,2024-03-31,2024-Q1,ROE,0.058675,280.1,0,MEDIUM
FI_OP,OP Group,FI,2024-06-30,2024-Q2,ROE,0.063205,280.1,0,MEDIUM
FR_BNPP,BNP Paribas,FR,2023-09-30,2023-Q3,ROE,0.086841,2685.9,1,LARGE
FR_BNPP,BNP Paribas,FR,2023-12-31,2023-Q4,ROE,0.119348,2685.9,1,LARGE
FR_BNPP,BNP Paribas,FR,2024-03-31,2024-Q1,ROE,0.063129,2685.9,1,LARGE
FR_BNPP,BNP Paribas,FR,2024-06-30,2024-Q2,ROE,0.078235,2685.9,1,LARGE
FR_BPCE,BPCE,FR,2023-09-30,2023-Q3,ROE,0.11358,1765.8,1,LARGE
FR_BPCE,BPCE,FR,2023-12-31,2023-Q4,ROE,0.110654,1765.8,1,LARGE
FR_BPCE,BPCE,FR,2024-03-31,2024-Q1,ROE,0.110497,1765.8,1,LARGE
FR_BPCE,BPCE,FR,2024-06-30,2024-Q2,ROE,0.061092,1765.8,1,LARGE
FR_ACA,Credit Agricole Group,FR,2023-09-30,2023-Q3,ROE,0.114099,2387.7,1,LARGE
FR_ACA,Credit Agricole Group,FR,2023-12-31,2023-Q4,ROE,0.105793,2387.7,1,LARGE
FR_ACA,Credit Agricole Group,FR,2024-03-31,2024-Q1,ROE,0.10906,2387.7,1,LARGE
FR_ACA,Credit Agricole Group,FR,2024-06-30,2024-Q2,ROE,0.091144,2387.7,1,LARGE
FR_HSBC,HSBC Continental Europe,FR,2023-09-30,2023-Q3,ROE,0.058645,475.5,0,LARGE
FR_HSBC,HSBC Continental Europe,FR,2023-12-31,2023-Q4,ROE,0.105525,475.5,0,LARGE
FR_HSBC,HSBC Continental Europe,FR,2024-03-31,2024-Q1,ROE,0.111076,475.5,0,LARGE
FR_HSBC,HSBC Continental Europe,FR,2024-06-30,2024-Q2,ROE,0.078052,475.5,0,LARGE
FR_GLE,Societe Generale,FR,2023-09-30,2023-Q3,ROE,0.052072,1766.0,1,LARGE
FR_GLE,Societe Generale,FR,2023-12-31,2023-Q4,ROE,0.111339,1766.0,1,LARGE
FR_GLE,Societe Generale,FR,2024-03-31,2024-Q1,ROE,0.100725,1766.0,1,LARGE
FR_GLE,Societe Generale,FR,2024-06-30,2024-Q2,ROE,0.058164,1766.0,1,LARGE
GR_ALPHA,Alpha Bank,GR,2023-09-30,2023-Q3,ROE,0.055676,295.5,0,MEDIUM
GR_ALPHA,Alpha Bank,GR,2023-12-31,2023-Q4,ROE,0.09001,295.5,0,MEDIUM
GR_ALPHA,Alpha Bank,GR,2024-03-31,2024-Q1,ROE,0.079929,295.5,0,MEDIUM
GR_ALPHA,Alpha Bank,GR,2024-06-30,2024-Q2,ROE,0.122542,295.5,0,MEDIUM
GR_ETE,Eurobank Ergasias,GR,2023-09-30,2023-Q3,ROE,0.075155,315.4,0,LARGE
GR_ETE,Eurobank Ergasias,GR,2023-12-31,2023-Q4,ROE,0.051922,315.4,0,LARGE
GR_ETE,Eurobank Ergasias,GR,2024-03-31,2024-Q1,ROE,0.063872,315.4,0,LARGE
GR_ETE,Eurobank Ergasias,GR,2024-06-30,2024-Q2,ROE,0.089019,315.4,0,LARGE
GR_NBG,National Bank of Greece,GR,2023-09-30,2023-Q3,ROE,0.073276,325.7,0,LARGE
GR_NBG,National Bank of Greece,GR,2023-12-31,2023-Q4,ROE,0.055507,325.7,0,LARGE
GR_NBG,National Bank of Greece,GR,2024-03-31,2024-Q1,ROE,0.069953,325.7,0,LARGE
GR_NBG,National Bank of Greece,GR,2024-06-30,2024-Q2,ROE,0.121295,325.7,0,LARGE
GR_PIR,Piraeus Bank,GR,2023-09-30,2023-Q3,ROE,0.054704,212.6,0,MEDIUM
GR_PIR,Piraeus Bank,GR,2023-12-31,2023-Q4,ROE,0.081529,212.6,0,MEDIUM
GR_PIR,Piraeus Bank,GR,2024-03-31,2024-Q1,ROE,0.078026,212.6,0,MEDIUM
GR_PIR,Piraeus Bank,GR,2024-06-30,2024-Q2,ROE,0.104355,212.6,0,MEDIUM
HR_ZABA,Zagrebacka Banka,HR,2023-09-30,2023-Q3,ROE,0.081731,287.4,0,MEDIUM
HR_ZABA,Zagrebacka Banka,HR,2023-12-31,2023-Q4,ROE,0.076891,287.4,0,MEDIUM
HR_ZABA,Zagrebacka Banka,HR,2024-03-31,2024-Q1,ROE,0.07735,287.4,0,MEDIUM
HR_ZABA,Zagrebacka Banka,HR,2024-06-30,2024-Q2,ROE,0.118302,287.4,0,MEDIUM
HU_OTP,OTP Bank,HU,2023-09-30,2023-Q3,ROE,0.101843,292.8,0,MEDIUM
HU_OTP,OTP Bank,HU,2023-12-31,2023-Q4,ROE,0.056075,292.8,0,MEDIUM
HU_OTP,OTP Bank,HU,2024-03-31,2024-Q1,ROE,0.0953,292.8,0,MEDIUM
HU_OTP,OTP Bank,HU,2024-06-30,2024-Q2,ROE,0.059589,292.8,0,MEDIUM
IE_AIB,AIB Group,IE,2023-09-30,2023-Q3,ROE,0.114568,356.4,0,LARGE
IE_AIB,AIB Group,IE,2023-12-31,2023-Q4,ROE,0.058191,356.4,0,LARGE
IE_AIB,AIB Group,IE,2024-03-31,2024-Q1,ROE,0.093306,356.4,0,LARGE
IE_AIB,AIB Group,IE,2024-06-30,2024-Q2,ROE,0.114723,356.4,0,LARGE
IE_BIRG,Bank of Ireland,IE,2023-09-30,2023-Q3,ROE,0.084066,134.8,0,MEDIUM
IE_BIRG,Bank of Ireland,IE,2023-12-31,2023-Q4,ROE,0.069634,134.8,0,MEDIUM
IE_BIRG,Bank of Ireland,IE,2024-03-31,2024-Q1,ROE,0.072792,134.8,0,MEDIUM
IE_BIRG,Bank of Ireland,IE,2024-06-30,2024-Q2,ROE,0.10988,134.8,0,MEDIUM
IS_LAN,Landsbankinn,IS,2023-09-30,2023-Q3,ROE,0.064534,252.3,0,MEDIUM
IS_LAN,Landsbankinn,IS,2023-12-31,2023-Q4,ROE,0.120726,252.3,0,MEDIUM
IS_LAN,Landsbankinn,IS,2024-03-31,2024-Q1,ROE,0.113426,252.3,0,MEDIUM
IS_LAN,Landsbankinn,IS,2024-06-30,2024-Q2,ROE,0.088158,252.3,0,MEDIUM
IT_BAMI,Banco BPM,IT,2023-09-30,2023-Q3,ROE,0.086509,406.3,0,LARGE
IT_BAMI,Banco BPM,IT,2023-12-31,2023-Q4,ROE,0.057083,406.3,0,LARGE
IT_BAMI,Banco BPM,IT,2024-03-31,2024-Q1,ROE,0.052217,406.3,0,LARGE
IT_BAMI,Banco BPM,IT,2024-06-30,2024-Q2,ROE,0.055805,406.3,0,LARGE
IT_ISP,Intesa Sanpaolo,IT,2023-09-30,2023-Q3,ROE,0.062044,936.6,1,LARGE
IT_ISP,Intesa Sanpaolo,IT,2023-12-31,2023-Q4,ROE,0.070159,936.6,1,LARGE
IT_ISP,Intesa Sanpaolo,IT,2024-03-31,2024-Q1,ROE,0.083653,936.6,1,LARGE
IT_ISP,Intesa Sanpaolo,IT,2024-06-30,2024-Q2,ROE,0.096108,936.6,1,LARGE
IT_MED,Mediobanca,IT,2023-09-30,2023-Q3,ROE,0.100426,263.0,0,MEDIUM
IT_MED,Mediobanca,IT,2023-12-31,2023-Q4,ROE,0.079048,263.0,0,MEDIUM
IT_MED,Mediobanca,IT,2024-03-31,2024-Q1,ROE,0.065992,263.0,0,MEDIUM
IT_MED,Mediobanca,IT,2024-06-30,2024-Q2,ROE,0.106943,263.0,0,MEDIUM
IT_BMPS,Monte dei Paschi,IT,2023-09-30,2023-Q3,ROE,0.077969,342.8,0,LARGE
IT_BMPS,Monte dei Paschi,IT,2023-12-31,2023-Q4,ROE,0.113942,342.8,0,LARGE
IT_BMPS,Monte dei Paschi,IT,2024-03-31,2024-Q1,ROE,0.099508,342.8,0,LARGE
IT_BMPS,Monte dei Paschi,IT,2024-06-30,2024-Q2,ROE,0.097585,342.8,0,LARGE
IT_UCG,UniCredit,IT,2023-09-30,2023-Q3,ROE,0.084168,995.9,1,LARGE
IT_UCG,UniCredit,IT,2023-12-31,2023-Q4,ROE,0.053308,995.9,1,LARGE
IT_UCG,UniCredit,IT,2024-03-31,2024-Q1,ROE,0.11641,995.9,1,LARGE
IT_UCG,UniCredit,IT,2024-06-30,2024-Q2,ROE,0.054261,995.9,1,LARGE
LI_LLB,Liechtensteinische LB,LI,2023-09-30,2023-Q3,ROE,0.10998,293.7,0,MEDIUM
LI_LLB,Liechtensteinische LB,LI,2023-12-31,2023-Q4,ROE,0.120994,293.7,0,MEDIUM
LI_LLB,Liechtensteinische LB,LI,2024-03-31,2024-Q1,ROE,0.076711,293.7,0,MEDIUM
LI_LLB,Liechtensteinische LB,LI,2024-06-30,2024-Q2,ROE,0.121438,293.7,0,MEDIUM
LT_SBLT,Siauliu Bankas,LT,2023-09-30,2023-Q3,ROE,0.115823,286.8,0,MEDIUM
LT_SBLT,Siauliu Bankas,LT,2023-12-31,2023-Q4,ROE,0.059603,286.8,0,MEDIUM
LT_SBLT,Siauliu Bankas,LT,2024-03-31,2024-Q1,ROE,0.065773,286.8,0,MEDIUM
LT_SBLT,Siauliu Bankas,LT,2024-06-30,2024-Q2,ROE,0.118897,286.8,0,MEDIUM
LU_BIL,Banque Internationale Lux,LU,2023-09-30,2023-Q3,ROE,0.11571,297.7,0,MEDIUM
LU_BIL,Banque Internationale Lux,LU,2023-12-31,2023-Q4,ROE,0.094071,297.7,0,MEDIUM
LU_BIL,Banque Internationale Lux,LU,2024-03-31,2024-Q1,ROE,0.059849,297.7,0,MEDIUM
LU_BIL,Banque Internationale Lux,LU,2024-06-30,2024-Q2,ROE,0.094621,297.7,0,MEDIUM
LV_SWLV,Swedbank Latvia,LV,2023-09-30,2023-Q3,ROE,0.062788,168.3,1,MEDIUM
LV_SWLV,Swedbank Latvia,LV,2023-12-31,2023-Q4,ROE,0.100699,168.3,1,MEDIUM
LV_SWLV,Swedbank Latvia,LV,2024-03-31,2024-Q1,ROE,0.069541,168.3,1,MEDIUM
LV_SWLV,Swedbank Latvia,LV,2024-06-30,2024-Q2,ROE,0.053882,168.3,1,MEDIUM
MT_BOV,Bank of Valletta,MT,2023-09-30,2023-Q3,ROE,0.085326,131.9,0,MEDIUM
MT_BOV,Bank of Valletta,MT,2023-12-31,2023-Q4,ROE,0.118876,131.9,0,MEDIUM
MT_BOV,Bank of Valletta,MT,2024-03-31,2024-Q1,ROE,0.097203,131.9,0,MEDIUM
MT_BOV,Bank of Valletta,MT,2024-06-30,2024-Q2,ROE,0.064952,131.9,0,MEDIUM
NL_ABN,ABN AMRO,NL,2023-09-30,2023-Q3,ROE,0.051347,668.1,1,LARGE
NL_ABN,ABN AMRO,NL,2023-12-31,2023-Q4,ROE,0.069221,668.1,1,LARGE
NL_ABN,ABN AMRO,NL,2024-03-31,2024-Q1,ROE,0.082125,668.1,1,LARGE
NL_ABN,ABN AMRO,NL,2024-06-30,2024-Q2,ROE,0.073926,668.1,1,LARGE
NL_INGA,ING Groep,NL,2023-09-30,2023-Q3,ROE,0.102007,1257.1,1,LARGE
NL_INGA,ING Groep,NL,2023-12-31,2023-Q4,ROE,0.095053,1257.1,1,LARGE
NL_INGA,ING Groep,NL,2024-03-31,2024-Q1,ROE,0.069163,1257.1,1,LARGE
NL_INGA,ING Groep,NL,2024-06-30,2024-Q2,ROE,0.073287,1257.1,1,LARGE
NL_RABO,Rabobank,NL,2023-09-30,2023-Q3,ROE,0.090904,890.4,1,LARGE
NL_RABO,Rabobank,NL,2023-12-31,2023-Q4,ROE,0.090696,890.4,1,LARGE
NL_RABO,Rabobank,NL,2024-03-31,2024-Q1,ROE,0.11699,890.4,1,LARGE
NL_RABO,Rabobank,NL,2024-06-30,2024-Q2,ROE,0.056084,890.4,1,LARGE
NO_DNB,DNB Bank,NO,2023-09-30,2023-Q3,ROE,0.084299,594.0,0,LARGE
NO_DNB,DNB Bank,NO,2023-12-31,2023-Q4,ROE,0.090618,594.0,0,LARGE
NO_DNB,DNB Bank,NO,2024-03-31,2024-Q1,ROE,0.099449,594.0,0,LARGE
NO_DNB,DNB Bank,NO,2024-06-30,2024-Q2,ROE,0.067925,594.0,0,LARGE
PL_PEKAO,Bank Pekao,PL,2023-09-30,2023-Q3,ROE,0.074478,195.9,0,MEDIUM
PL_PEKAO,Bank Pekao,PL,2023-12-31,2023-Q4,ROE,0.081268,195.9,0,MEDIUM
PL_PEKAO,Bank Pekao,PL,2024-03-31,2024-Q1,ROE,0.093639,195.9,0,MEDIUM
PL_PEKAO,Bank Pekao,PL,2024-06-30,2024-Q2,ROE,0.090964,195.9,0,MEDIUM
PL_PKO,PKO Bank Polski,PL,2023-09-30,2023-Q3,ROE,0.093005,374.5,1,LARGE
PL_PKO,PKO Bank Polski,PL,2023-12-31,2023-Q4,ROE,0.105622,374.5,1,LARGE
PL_PKO,PKO Bank Polski,PL,2024-03-31,2024-Q1,ROE,0.082304,374.5,1,LARGE
PL_PKO,PKO Bank Polski,PL,2024-06-30,2024-Q2,ROE,0.082012,374.5,1,LARGE
PL_MBK,mBank,PL,2023-09-30,2023-Q3,ROE,0.06381,144.3,1,MEDIUM
PL_MBK,mBank,PL,2023-12-31,2023-Q4,ROE,0.094852,144.3,1,MEDIUM
PL_MBK,mBank,PL,2024-03-31,2024-Q1,ROE,0.092936,144.3,1,MEDIUM
PL_MBK,mBank,PL,2024-06-30,2024-Q2,ROE,0.07166,144.3,1,MEDIUM
PT_CGD,Caixa Geral de Depositos,PT,2023-09-30,2023-Q3,ROE,0.112741,332.4,0,LARGE
PT_CGD,Caixa Geral de Depositos,PT,2023-12-31,2023-Q4,ROE,0.075064,332.4,0,LARGE
PT_CGD,Caixa Geral de Depositos,PT,2024-03-31,2024-Q1,ROE,0.10127,332.4,0,LARGE
PT_CGD,Caixa Geral de Depositos,PT,2024-06-30,2024-Q2,ROE,0.082824,332.4,0,LARGE
PT_BCP,Millennium BCP,PT,2023-09-30,2023-Q3,ROE,0.085818,375.6,0,LARGE
PT_BCP,Millennium BCP,PT,2023-12-31,2023-Q4,ROE,0.105006,375.6,0,LARGE
PT_BCP,Millennium BCP,PT,2024-03-31,2024-Q1,ROE,0.112807,375.6,0,LARGE
PT_BCP,Millennium BCP,PT,2024-06-30,2024-Q2,ROE,0.102587,375.6,0,LARGE
RO_BRD,BRD Groupe SG,RO,2023-09-30,2023-Q3,ROE,0.08111,164.3,0,MEDIUM
RO_BRD,BRD Groupe SG,RO,2023-12-31,2023-Q4,ROE,0.074755,164.3,0,MEDIUM
RO_BRD,BRD Groupe SG,RO,2024-03-31,2024-Q1,ROE,0.089443,164.3,0,MEDIUM
RO_BRD,BRD Groupe SG,RO,2024-06-30,2024-Q2,ROE,0.112808,164.3,0,MEDIUM
SE_SHB,Handelsbanken,SE,2023-09-30,2023-Q3,ROE,0.051218,505.3,1,LARGE
SE_SHB,Handelsbanken,SE,2023-12-31,2023-Q4,ROE,0.076486,505.3,1,LARGE
SE_SHB,Handelsbanken,SE,2024-03-31,2024-Q1,ROE,0.11025,505.3,1,LARGE
SE_SHB,Handelsbanken,SE,2024-06-30,2024-Q2,ROE,0.08847,505.3,1,LARGE
SE_NDA,Nordea,SE,2023-09-30,2023-Q3,ROE,0.097275,627.3,1,LARGE
SE_NDA,Nordea,SE,2023-12-31,2023-Q4,ROE,0.059351,627.3,1,LARGE
SE_NDA,Nordea,SE,2024-03-31,2024-Q1,ROE,0.118597,627.3,1,LARGE
SE_NDA,Nordea,SE,2024-06-30,2024-Q2,ROE,0.076888,627.3,1,LARGE
SE_SEB,SEB,SE,2023-09-30,2023-Q3,ROE,0.063578,427.3,1,LARGE
SE_SEB,SEB,SE,2023-12-31,2023-Q4,ROE,0.105703,427.3,1,LARGE
SE_SEB,SEB,SE,2024-03-31,2024-Q1,ROE,0.103546,427.3,1,LARGE
SE_SEB,SEB,SE,2024-06-30,2024-Q2,ROE,0.120481,427.3,1,LARGE
SE_SWED,Swedbank,SE,2023-09-30,2023-Q3,ROE,0.069477,536.9,1,LARGE
SE_SWED,Swedbank,SE,2023-12-31,2023-Q4,ROE,0.094646,536.9,1,LARGE
SE_SWED,Swedbank,SE,2024-03-31,2024-Q1,ROE,0.11155,536.9,1,LARGE
SE_SWED,Swedbank,SE,2024-06-30,2024-Q2,ROE,0.098944,536.9,1,LARGE
SI_NLB,NLB Group,SI,2023-09-30,2023-Q3,ROE,0.111911,201.6,0,MEDIUM
SI_NLB,NLB Group,SI,2023-12-31,2023-Q4,ROE,0.100355,201.6,0,MEDIUM
SI_NLB,NLB Group,SI,2024-03-31,2024-Q1,ROE,0.112964,201.6,0,MEDIUM
SI_NLB,NLB Group,SI,2024-06-30,2024-Q2,ROE,0.060346,201.6,0,MEDIUM
SK_VUB,VUB Banka,SK,2023-09-30,2023-Q3,ROE,0.111394,252.7,0,MEDIUM
SK_VUB,VUB Banka,SK,2023-12-31,2023-Q4,ROE,0.066245,252.7,0,MEDIUM
SK_VUB,VUB Banka,SK,2024-03-31,2024-Q1,ROE,0.115928,252.7,0,MEDIUM
SK_VUB,VUB Banka,SK,2024-06-30,2024-Q2,ROE,0.121344,252.7,0,MEDIUM
AT_ERST,Erste Group,AT,2023-09-30,2023-Q3,RWA_TOTAL,83.492607,566.4,1,LARGE
AT_ERST,Erste Group,AT,2023-12-31,2023-Q4,RWA_TOTAL,198.226549,566.4,1,LARGE
AT_ERST,Erste Group,AT,2024-03-31,2024-Q1,RWA_TOTAL,117.72946,566.4,1,LARGE
AT_ERST,Erste Group,AT,2024-06-30,2024-Q2,RWA_TOTAL,182.659689,566.4,1,LARGE
AT_RBI,Raiffeisen Bank Intl,AT,2023-09-30,2023-Q3,RWA_TOTAL,114.854607,484.4,0,LARGE
AT_RBI,Raiffeisen Bank Intl,AT,2023-12-31,2023-Q4,RWA_TOTAL,169.551432,484.4,0,LARGE
AT_RBI,Raiffeisen Bank Intl,AT,2024-03-31,2024-Q1,RWA_TOTAL,108.050997,484.4,0,LARGE
AT_RBI,Raiffeisen Bank Intl,AT,2024-06-30,2024-Q2,RWA_TOTAL,78.829795,484.4,0,LARGE
BE_BEL,Belfius,BE,2023-09-30,2023-Q3,RWA_TOTAL,131.545439,375.8,0,LARGE
BE_BEL,Belfius,BE,2023-12-31,2023-Q4,RWA_TOTAL,10.959619,375.8,0,LARGE
BE_BEL,Belfius,BE,2024-03-31,2024-Q1,RWA_TOTAL,5.0,375.8,0,LARGE
BE_BEL,Belfius,BE,2024-06-30,2024-Q2,RWA_TOTAL,29.878066,375.8,0,LARGE
BE_KBC,KBC Group,BE,2023-09-30,2023-Q3,RWA_TOTAL,130.750336,530.9,1,LARGE
BE_KBC,KBC Group,BE,2023-12-31,2023-Q4,RWA_TOTAL,151.980891,530.9,1,LARGE
BE_KBC,KBC Group,BE,2024-03-31,2024-Q1,RWA_TOTAL,59.006571,530.9,1,LARGE
BE_KBC,KBC Group,BE,2024-06-30,2024-Q2,RWA_TOTAL,185.798615,530.9,1,LARGE
BG_DSK,DSK Bank,BG,2023-09-30,2023-Q3,RWA_TOTAL,5.0,157.8,0,MEDIUM
BG_DSK,DSK Bank,BG,2023-12-31,2023-Q4,RWA_TOTAL,5.0,157.8,0,MEDIUM
BG_DSK,DSK Bank,BG,2024-03-31,2024-Q1,RWA_TOTAL,5.0,157.8,0,MEDIUM
BG_DSK,DSK Bank,BG,2024-06-30,2024-Q2,RWA_TOTAL,55.2293,157.8,0,MEDIUM
CY_BOC,Bank of Cyprus,CY,2023-09-30,2023-Q3,RWA_TOTAL,105.755039,302.2,0,LARGE
CY_BOC,Bank of Cyprus,CY,2023-12-31,2023-Q4,RWA_TOTAL,99.559017,302.2,0,LARGE
CY_BOC,Bank of Cyprus,CY,2024-03-31,2024-Q1,RWA_TOTAL,5.0,302.2,0,LARGE
CY_BOC,Bank of Cyprus,CY,2024-06-30,2024-Q2,RWA_TOTAL,13.229963,302.2,0,LARGE
CZ_KB,Komercni Banka,CZ,2023-09-30,2023-Q3,RWA_TOTAL,120.548468,344.4,0,LARGE
CZ_KB,Komercni Banka,CZ,2023-12-31,2023-Q4,RWA_TOTAL,34.239109,344.4,0,LARGE
CZ_KB,Komercni Banka,CZ,2024-03-31,2024-Q1,RWA_TOTAL,109.645089,344.4,0,LARGE
CZ_KB,Komercni Banka,CZ,2024-06-30,2024-Q2,RWA_TOTAL,5.0,344.4,0,LARGE
DE_CBK,Commerzbank,DE,2023-09-30,2023-Q3,RWA_TOTAL,132.978609,771.5,1,LARGE
DE_CBK,Commerzbank,DE,2023-12-31,2023-Q4,RWA_TOTAL,183.832343,771.5,1,LARGE
DE_CBK,Commerzbank,DE,2024-03-31,2024-Q1,RWA_TOTAL,105.023991,771.5,1,LARGE
DE_CBK,Commerzbank,DE,2024-06-30,2024-Q2,RWA_TOTAL,270.028643,771.5,1,LARGE
DE_DZB,DZ Bank,DE,2023-09-30,2023-Q3,RWA_TOTAL,160.795594,797.0,0,LARGE
DE_DZB,DZ Bank,DE,2023-12-31,2023-Q4,RWA_TOTAL,197.994312,797.0,0,LARGE
DE_DZB,DZ Bank,DE,2024-03-31,2024-Q1,RWA_TOTAL,278.966272,797.0,0,LARGE
DE_DZB,DZ Bank,DE,2024-06-30,2024-Q2,RWA_TOTAL,249.15224,797.0,0,LARGE
DE_DBK,Deutsche Bank,DE,2023-09-30,2023-Q3,RWA_TOTAL,545.846374,1559.6,1,LARGE
DE_DBK,Deutsche Bank,DE,2023-12-31,2023-Q4,RWA_TOTAL,517.581198,1559.6,1,LARGE
DE_DBK,Deutsche Bank,DE,2024-03-31,2024-Q1,RWA_TOTAL,518.656808,1559.6,1,LARGE
DE_DBK,Deutsche Bank,DE,2024-06-30,2024-Q2,RWA_TOTAL,414.298678,1559.6,1,LARGE
DE_HCOB,Hamburg Commercial Bank,DE,2023-09-30,2023-Q3,RWA_TOTAL,100.756252,287.9,0,MEDIUM
DE_HCOB,Hamburg Commercial Bank,DE,2023-12-31,2023-Q4,RWA_TOTAL,5.0,287.9,0,MEDIUM
DE_HCOB,Hamburg Commercial Bank,DE,2024-03-31,2024-Q1,RWA_TOTAL,5.0,287.9,0,MEDIUM
DE_HCOB,Hamburg Commercial Bank,DE,2024-06-30,2024-Q2,RWA_TOTAL,5.0,287.9,0,MEDIUM
DE_LBW,LBBW,DE,2023-09-30,2023-Q3,RWA_TOTAL,152.485966,580.4,0,LARGE
DE_LBW,LBBW,DE,2023-12-31,2023-Q4,RWA_TOTAL,61.890964,580.4,0,LARGE
DE_LBW,LBBW,DE,2024-03-31,2024-Q1,RWA_TOTAL,153.395944,580.4,0,LARGE
DE_LBW,LBBW,DE,2024-06-30,2024-Q2,RWA_TOTAL,203.126895,580.4,0,LARGE
DE_NORD,NORD/LB,DE,2023-09-30,2023-Q3,RWA_TOTAL,136.834452,391.0,0,LARGE
DE_NORD,NORD/LB,DE,2023-12-31,2023-Q4,RWA_TOTAL,35.878704,391.0,0,LARGE
DE_NORD,NORD/LB,DE,2024-03-31,2024-Q1,RWA_TOTAL,5.0,391.0,0,LARGE
DE_NORD,NORD/LB,DE,2024-06-30,2024-Q2,RWA_TOTAL,76.850092,391.0,0,LARGE
DK_DAN,Danske Bank,DK,2023-09-30,2023-Q3,RWA_TOTAL,246.444004,704.4,1,LARGE
DK_DAN,Danske Bank,DK,2023-12-31,2023-Q4,RWA_TOTAL,157.339635,704.4,1,LARGE
DK_DAN,Danske Bank,DK,2024-03-31,2024-Q1,RWA_TOTAL,246.548628,704.4,1,LARGE
DK_DAN,Danske Bank,DK,2024-06-30,2024-Q2,RWA_TOTAL,190.342113,704.4,1,LARGE
DK_JYS,Jyske Bank,DK,2023-09-30,2023-Q3,RWA_TOTAL,41.498523,118.6,0,MEDIUM
DK_JYS,Jyske Bank,DK,2023-12-31,2023-Q4,RWA_TOTAL,5.0,118.6,0,MEDIUM
DK_JYS,Jyske Bank,DK,2024-03-31,2024-Q1,RWA_TOTAL,5.0,118.6,0,MEDIUM
DK_JYS,Jyske Bank,DK,2024-06-30,2024-Q2,RWA_TOTAL,37.669571,118.6,0,MEDIUM
EE_LHV,LHV Group,EE,2023-09-30,2023-Q3,RWA_TOTAL,5.0,156.0,0,MEDIUM
EE_LHV,LHV Group,EE,2023-12-31,2023-Q4,RWA_TOTAL,5.0,156.0,0,MEDIUM
EE_LHV,LHV Group,EE,2024-03-31,2024-Q1,RWA_TOTAL,54.607724,156.0,0,MEDIUM
EE_LHV,LHV Group,EE,2024-06-30,2024-Q2,RWA_TOTAL,5.0,156.0,0,MEDIUM
ES_BBVA,BBVA,ES,2023-09-30,2023-Q3,RWA_TOTAL,176.590876,863.5,1,LARGE
ES_BBVA,BBVA,ES,2023-12-31,2023-Q4,RWA_TOTAL,215.162204,863.5,1,LARGE
ES_BBVA,BBVA,ES,2024-03-31,2024-Q1,RWA_TOTAL,177.003865,863.5,1,LARGE
ES_BBVA,BBVA,ES,2024-06-30,2024-Q2,RWA_TOTAL,302.238723,863.5,1,LARGE
ES_SAB,Banco Sabadell,ES,2023-09-30,2023-Q3,RWA_TOTAL,10.682764,330.9,0,LARGE
ES_SAB,Banco Sabadell,ES,2023-12-31,2023-Q4,RWA_TOTAL,23.184621,330.9,0,LARGE
ES_SAB,Banco Sabadell,ES,2024-03-31,2024-Q1,RWA_TOTAL,19.674983,330.9,0,LARGE
ES_SAB,Banco Sabadell,ES,2024-06-30,2024-Q2,RWA_TOTAL,115.824836,330.9,0,LARGE
ES_SAN,Banco Santander,ES,2023-09-30,2023-Q3,RWA_TOTAL,662.513863,1996.1,1,LARGE
ES_SAN,Banco Santander,ES,2023-12-31,2023-Q4,RWA_TOTAL,598.850661,1996.1,1,LARGE
ES_SAN,Banco Santander,ES,2024-03-31,2024-Q1,RWA_TOTAL,592.573826,1996.1,1,LARGE
ES_SAN,Banco Santander,ES,2024-06-30,2024-Q2,RWA_TOTAL,698.637795,1996.1,1,LARGE
ES_CABK,CaixaBank,ES,2023-09-30,2023-Q3,RWA_TOTAL,146.799973,769.0,0,LARGE
ES_CABK,CaixaBank,ES,2023-12-31,2023-Q4,RWA_TOTAL,265.804985,769.0,0,LARGE
ES_CABK,CaixaBank,ES,2024-03-31,2024-Q1,RWA_TOTAL,269.167049,769.0,0,LARGE
ES_CABK,CaixaBank,ES,2024-06-30,2024-Q2,RWA_TOTAL,251.704196,769.0,0,LARGE
FI_OP,OP Group,FI,2023-09-30,2023-Q3,RWA_TOTAL,27.533985,280.1,0,MEDIUM
FI_OP,OP Group,FI,2023-12-31,2023-Q4,RWA_TOTAL,98.038341,280.1,0,MEDIUM
FI_OP,OP Group,FI,2024-03-31,2024-Q1,RWA_TOTAL,5.0,280.1,0,MEDIUM
FI_OP,OP Group,FI,2024-06-30,2024-Q2,RWA_TOTAL,5.0,280.1,0,MEDIUM
FR_BNPP,BNP Paribas,FR,2023-09-30,2023-Q3,RWA_TOTAL,917.8845,2685.9,1,LARGE
FR_BNPP,BNP Paribas,FR,2023-12-31,2023-Q4,RWA_TOTAL,940.055279,2685.9,1,LARGE
FR_BNPP,BNP Paribas,FR,2024-03-31,2024-Q1,RWA_TOTAL,843.062063,2685.9,1,LARGE
FR_BNPP,BNP Paribas,FR,2024-06-30,2024-Q2,RWA_TOTAL,888.937008,2685.9,1,LARGE
FR_BPCE,BPCE,FR,2023-09-30,2023-Q3,RWA_TOTAL,606.807822,1765.8,1,LARGE
FR_BPCE,BPCE,FR,2023-12-31,2023-Q4,RWA_TOTAL,618.01729,1765.8,1,LARGE
FR_BPCE,BPCE,FR,2024-03-31,2024-Q1,RWA_TOTAL,607.603007,1765.8,1,LARGE
FR_BPCE,BPCE,FR,2024-06-30,2024-Q2,RWA_TOTAL,616.924619,1765.8,1,LARGE
FR_ACA,Credit Agricole Group,FR,2023-09-30,2023-Q3,RWA_TOTAL,726.186252,2387.7,1,LARGE
FR_ACA,Credit Agricole Group,FR,2023-12-31,2023-Q4,RWA_TOTAL,723.532712,2387.7,1,LARGE
FR_ACA,Credit Agricole Group,FR,2024-03-31,2024-Q1,RWA_TOTAL,822.609621,2387.7,1,LARGE
FR_ACA,Credit Agricole Group,FR,2024-06-30,2024-Q2,RWA_TOTAL,835.701095,2387.7,1,LARGE
FR_HSBC,HSBC Continental Europe,FR,2023-09-30,2023-Q3,RWA_TOTAL,40.521238,475.5,0,LARGE
FR_HSBC,HSBC Continental Europe,FR,2023-12-31,2023-Q4,RWA_TOTAL,101.833584,475.5,0,LARGE
FR_HSBC,HSBC Continental Europe,FR,2024-03-31,2024-Q1,RWA_TOTAL,5.0,475.5,0,LARGE
FR_HSBC,HSBC Continental Europe,FR,2024-06-30,2024-Q2,RWA_TOTAL,166.436911,475.5,0,LARGE
FR_GLE,Societe Generale,FR,2023-09-30,2023-Q3,RWA_TOTAL,534.747228,1766.0,1,LARGE
FR_GLE,Societe Generale,FR,2023-12-31,2023-Q4,RWA_TOTAL,575.354304,1766.0,1,LARGE
FR_GLE,Societe Generale,FR,2024-03-31,2024-Q1,RWA_TOTAL,618.116431,1766.0,1,LARGE
FR_GLE,Societe Generale,FR,2024-06-30,2024-Q2,RWA_TOTAL,553.632413,1766.0,1,LARGE
GR_ALPHA,Alpha Bank,GR,2023-09-30,2023-Q3,RWA_TOTAL,5.0,295.5,0,MEDIUM
GR_ALPHA,Alpha Bank,GR,2023-12-31,2023-Q4,RWA_TOTAL,5.0,295.5,0,MEDIUM
GR_ALPHA,Alpha Bank,GR,2024-03-31,2024-Q1,RWA_TOTAL,31.284658,295.5,0,MEDIUM
GR_ALPHA,Alpha Bank,GR,2024-06-30,2024-Q2,RWA_TOTAL,103.437331,295.5,0,MEDIUM
GR_ETE,Eurobank Ergasias,GR,2023-09-30,2023-Q3,RWA_TOTAL,54.513874,315.4,0,LARGE
GR_ETE,Eurobank Ergasias,GR,2023-12-31,2023-Q4,RWA_TOTAL,37.411854,315.4,0,LARGE
GR_ETE,Eurobank Ergasias,GR,2024-03-31,2024-Q1,RWA_TOTAL,110.382636,315.4,0,LARGE
GR_ETE,Eurobank Ergasias,GR,2024-06-30,2024-Q2,RWA_TOTAL,77.131695,315.4,0,LARGE
GR_NBG,National Bank of Greece,GR,2023-09-30,2023-Q3,RWA_TOTAL,55.553411,325.7,0,LARGE
GR_NBG,National Bank of Greece,GR,2023-12-31,2023-Q4,RWA_TOTAL,5.0,325.7,0,LARGE
GR_NBG,National Bank of Greece,GR,2024-03-31,2024-Q1,RWA_TOTAL,5.0,325.7,0,LARGE
GR_NBG,National Bank of Greece,GR,2024-06-30,2024-Q2,RWA_TOTAL,114.011094,325.7,0,LARGE
GR_PIR,Piraeus Bank,GR,2023-09-30,2023-Q3,RWA_TOTAL,46.179845,212.6,0,MEDIUM
GR_PIR,Piraeus Bank,GR,2023-12-31,2023-Q4,RWA_TOTAL,74.418475,212.6,0,MEDIUM
GR_PIR,Piraeus Bank,GR,2024-03-31,2024-Q1,RWA_TOTAL,5.0,212.6,0,MEDIUM
GR_PIR,Piraeus Bank,GR,2024-06-30,2024-Q2,RWA_TOTAL,5.0,212.6,0,MEDIUM
HR_ZABA,Zagrebacka Banka,HR,2023-09-30,2023-Q3,RWA_TOTAL,5.0,287.4,0,MEDIUM
HR_ZABA,Zagrebacka Banka,HR,2023-12-31,2023-Q4,RWA_TOTAL,46.403004,287.4,0,MEDIUM
HR_ZABA,Zagrebacka Banka,HR,2024-03-31,2024-Q1,RWA_TOTAL,61.543526,287.4,0,MEDIUM
HR_ZABA,Zagrebacka Banka,HR,2024-06-30,2024-Q2,RWA_TOTAL,100.581733,287.4,0,MEDIUM
HU_OTP,OTP Bank,HU,2023-09-30,2023-Q3,RWA_TOTAL,5.0,292.8,0,MEDIUM
HU_OTP,OTP Bank,HU,2023-12-31,2023-Q4,RWA_TOTAL,5.0,292.8,0,MEDIUM
HU_OTP,OTP Bank,HU,2024-03-31,2024-Q1,RWA_TOTAL,102.471396,292.8,0,MEDIUM
HU_OTP,OTP Bank,HU,2024-06-30,2024-Q2,RWA_TOTAL,40.988017,292.8,0,MEDIUM
IE_AIB,AIB Group,IE,2023-09-30,2023-Q3,RWA_TOTAL,72.291748,356.4,0,LARGE
IE_AIB,AIB Group,IE,2023-12-31,2023-Q4,RWA_TOTAL,124.72597,356.4,0,LARGE
IE_AIB,AIB Group,IE,2024-03-31,2024-Q1,RWA_TOTAL,65.157607,356.4,0,LARGE
IE_AIB,AIB Group,IE,2024-06-30,2024-Q2,RWA_TOTAL,77.520435,356.4,0,LARGE
IE_BIRG,Bank of Ireland,IE,2023-09-30,2023-Q3,RWA_TOTAL,47.182746,134.8,0,MEDIUM
IE_BIRG,Bank of Ireland,IE,2023-12-31,2023-Q4,RWA_TOTAL,5.0,134.8,0,MEDIUM
IE_BIRG,Bank of Ireland,IE,2024-03-31,2024-Q1,RWA_TOTAL,37.95452,134.8,0,MEDIUM
IE_BIRG,Bank of Ireland,IE,2024-06-30,2024-Q2,RWA_TOTAL,5.0,134.8,0,MEDIUM
IS_LAN,Landsbankinn,IS,2023-09-30,2023-Q3,RWA_TOTAL,88.297917,252.3,0,MEDIUM
IS_LAN,Landsbankinn,IS,2023-12-31,2023-Q4,RWA_TOTAL,5.0,252.3,0,MEDIUM
IS_LAN,Landsbankinn,IS,2024-03-31,2024-Q1,RWA_TOTAL,5.0,252.3,0,MEDIUM
IS_LAN,Landsbankinn,IS,2024-06-30,2024-Q2,RWA_TOTAL,5.0,252.3,0,MEDIUM
IT_BAMI,Banco BPM,IT,2023-09-30,2023-Q3,RWA_TOTAL,13.90171,406.3,0,LARGE
IT_BAMI,Banco BPM,IT,2023-12-31,2023-Q4,RWA_TOTAL,98.452513,406.3,0,LARGE
IT_BAMI,Banco BPM,IT,2024-03-31,2024-Q1,RWA_TOTAL,142.192808,406.3,0,LARGE
IT_BAMI,Banco BPM,IT,2024-06-30,2024-Q2,RWA_TOTAL,5.0,406.3,0,LARGE
IT_ISP,Intesa Sanpaolo,IT,2023-09-30,2023-Q3,RWA_TOTAL,292.449533,936.6,1,LARGE
IT_ISP,Intesa Sanpaolo,IT,2023-12-31,2023-Q4,RWA_TOTAL,275.388808,936.6,1,LARGE
IT_ISP,Intesa Sanpaolo,IT,2024-03-31,2024-Q1,RWA_TOTAL,327.814718,936.6,1,LARGE
IT_ISP,Intesa Sanpaolo,IT,2024-06-30,2024-Q2,RWA_TOTAL,323.100115,936.6,1,LARGE
IT_MED,Mediobanca,IT,2023-09-30,2023-Q3,RWA_TOTAL,5.0,263.0,0,MEDIUM
IT_MED,Mediobanca,IT,2023-12-31,2023-Q4,RWA_TOTAL,5.0,263.0,0,MEDIUM
IT_MED,Mediobanca,IT,2024-03-31,2024-Q1,RWA_TOTAL,80.900303,263.0,0,MEDIUM
IT_MED,Mediobanca,IT,2024-06-30,2024-Q2,RWA_TOTAL,92.035623,263.0,0,MEDIUM
IT_BMPS,Monte dei Paschi,IT,2023-09-30,2023-Q3,RWA_TOTAL,5.0,342.8,0,LARGE
IT_BMPS,Monte dei Paschi,IT,2023-12-31,2023-Q4,RWA_TOTAL,51.172498,342.8,0,LARGE
IT_BMPS,Monte dei Paschi,IT,2024-03-31,2024-Q1,RWA_TOTAL,119.981924,342.8,0,LARGE
IT_BMPS,Monte dei Paschi,IT,2024-06-30,2024-Q2,RWA_TOTAL,100.023552,342.8,0,LARGE
IT_UCG,UniCredit,IT,2023-09-30,2023-Q3,RWA_TOTAL,186.005845,995.9,1,LARGE
IT_UCG,UniCredit,IT,2023-12-31,2023-Q4,RWA_TOTAL,221.886726,995.9,1,LARGE
IT_UCG,UniCredit,IT,2024-03-31,2024-Q1,RWA_TOTAL,334.39751,995.9,1,LARGE
IT_UCG,UniCredit,IT,2024-06-30,2024-Q2,RWA_TOTAL,348.564187,995.9,1,LARGE
LI_LLB,Liechtensteinische LB,LI,2023-09-30,2023-Q3,RWA_TOTAL,6.089466,293.7,0,MEDIUM
LI_LLB,Liechtensteinische LB,LI,2023-12-31,2023-Q4,RWA_TOTAL,102.81072,293.7,0,MEDIUM
LI_LLB,Liechtensteinische LB,LI,2024-03-31,2024-Q1,RWA_TOTAL,23.022695,293.7,0,MEDIUM
LI_LLB,Liechtensteinische LB,LI,2024-06-30,2024-Q2,RWA_TOTAL,63.336453,293.7,0,MEDIUM
LT_SBLT,Siauliu Bankas,LT,2023-09-30,2023-Q3,RWA_TOTAL,79.052559,286.8,0,MEDIUM
LT_SBLT,Siauliu Bankas,LT,2023-12-31,2023-Q4,RWA_TOTAL,83.135461,286.8,0,MEDIUM
LT_SBLT,Siauliu Bankas,LT,2024-03-31,2024-Q1,RWA_TOTAL,42.119714,286.8,0,MEDIUM
LT_SBLT,Siauliu Bankas,LT,2024-06-30,2024-Q2,RWA_TOTAL,100.366643,286.8,0,MEDIUM
LU_BIL,Banque Internationale Lux,LU,2023-09-30,2023-Q3,RWA_TOTAL,104.204418,297.7,0,MEDIUM
LU_BIL,Banque Internationale Lux,LU,2023-12-31,2023-Q4,RWA_TOTAL,5.0,297.7,0,MEDIUM
LU_BIL,Banque Internationale Lux,LU,2024-03-31,2024-Q1,RWA_TOTAL,81.004589,297.7,0,MEDIUM
LU_BIL,Banque Internationale Lux,LU,2024-06-30,2024-Q2,RWA_TOTAL,5.0,297.7,0,MEDIUM
LV_SWLV,Swedbank Latvia,LV,2023-09-30,2023-Q3,RWA_TOTAL,5.0,168.3,1,MEDIUM
LV_SWLV,Swedbank Latvia,LV,2023-12-31,2023-Q4,RWA_TOTAL,5.0,168.3,1,MEDIUM
LV_SWLV,Swedbank Latvia,LV,2024-03-31,2024-Q1,RWA_TOTAL,58.910825,168.3,1,MEDIUM
LV_SWLV,Swedbank Latvia,LV,2024-06-30,2024-Q2,RWA_TOTAL,5.0,168.3,1,MEDIUM
MT_BOV,Bank of Valletta,MT,2023-09-30,2023-Q3,RWA_TOTAL,22.234099,131.9,0,MEDIUM
MT_BOV,Bank of Valletta,MT,2023-12-31,2023-Q4,RWA_TOTAL,11.120927,131.9,0,MEDIUM
MT_BOV,Bank of Valletta,MT,2024-03-31,2024-Q1,RWA_TOTAL,46.157933,131.9,0,MEDIUM
MT_BOV,Bank of Valletta,MT,2024-06-30,2024-Q2,RWA_TOTAL,5.0,131.9,0,MEDIUM
NL_ABN,ABN AMRO,NL,2023-09-30,2023-Q3,RWA_TOTAL,233.826474,668.1,1,LARGE
NL_ABN,ABN AMRO,NL,2023-12-31,2023-Q4,RWA_TOTAL,194.938383,668.1,1,LARGE
NL_ABN,ABN AMRO,NL,2024-03-31,2024-Q1,RWA_TOTAL,75.251117,668.1,1,LARGE
NL_ABN,ABN AMRO,NL,2024-06-30,2024-Q2,RWA_TOTAL,60.481957,668.1,1,LARGE
NL_INGA,ING Groep,NL,2023-09-30,2023-Q3,RWA_TOTAL,265.068952,1257.1,1,LARGE
NL_INGA,ING Groep,NL,2023-12-31,2023-Q4,RWA_TOTAL,439.995497,1257.1,1,LARGE
NL_INGA,ING Groep,NL,2024-03-31,2024-Q1,RWA_TOTAL,436.198236,1257.1,1,LARGE
NL_INGA,ING Groep,NL,2024-06-30,2024-Q2,RWA_TOTAL,320.44891,1257.1,1,LARGE
NL_RABO,Rabobank,NL,2023-09-30,2023-Q3,RWA_TOTAL,311.655574,890.4,1,LARGE
NL_RABO,Rabobank,NL,2023-12-31,2023-Q4,RWA_TOTAL,211.728313,890.4,1,LARGE
NL_RABO,Rabobank,NL,2024-03-31,2024-Q1,RWA_TOTAL,261.905959,890.4,1,LARGE
NL_RABO,Rabobank,NL,2024-06-30,2024-Q2,RWA_TOTAL,180.084498,890.4,1,LARGE
NO_DNB,DNB Bank,NO,2023-09-30,2023-Q3,RWA_TOTAL,207.897333,594.0,0,LARGE
NO_DNB,DNB Bank,NO,2023-12-31,2023-Q4,RWA_TOTAL,163.011228,594.0,0,LARGE
NO_DNB,DNB Bank,NO,2024-03-31,2024-Q1,RWA_TOTAL,50.946655,594.0,0,LARGE
NO_DNB,DNB Bank,NO,2024-06-30,2024-Q2,RWA_TOTAL,194.542131,594.0,0,LARGE
PL_PEKAO,Bank Pekao,PL,2023-09-30,2023-Q3,RWA_TOTAL,5.286171,195.9,0,MEDIUM
PL_PEKAO,Bank Pekao,PL,2023-12-31,2023-Q4,RWA_TOTAL,5.0,195.9,0,MEDIUM
PL_PEKAO,Bank Pekao,PL,2024-03-31,2024-Q1,RWA_TOTAL,68.557294,195.9,0,MEDIUM
PL_PEKAO,Bank Pekao,PL,2024-06-30,2024-Q2,RWA_TOTAL,34.270328,195.9,0,MEDIUM
PL_PKO,PKO Bank Polski,PL,2023-09-30,2023-Q3,RWA_TOTAL,56.072405,374.5,1,LARGE
PL_PKO,PKO Bank Polski,PL,2023-12-31,2023-Q4,RWA_TOTAL,131.091136,374.5,1,LARGE
PL_PKO,PKO Bank Polski,PL,2024-03-31,2024-Q1,RWA_TOTAL,123.120146,374.5,1,LARGE
PL_PKO,PKO Bank Polski,PL,2024-06-30,2024-Q2,RWA_TOTAL,5.0,374.5,1,LARGE
PL_MBK,mBank,PL,2023-09-30,2023-Q3,RWA_TOTAL,5.0,144.3,1,MEDIUM
PL_MBK,mBank,PL,2023-12-31,2023-Q4,RWA_TOTAL,5.0,144.3,1,MEDIUM
PL_MBK,mBank,PL,2024-03-31,2024-Q1,RWA_TOTAL,30.472258,144.3,1,MEDIUM
PL_MBK,mBank,PL,2024-06-30,2024-Q2,RWA_TOTAL,50.519291,144.3,1,MEDIUM
PT_CGD,Caixa Geral de Depositos,PT,2023-09-30,2023-Q3,RWA_TOTAL,5.0,332.4,0,LARGE
PT_CGD,Caixa Geral de Depositos,PT,2023-12-31,2023-Q4,RWA_TOTAL,11.089302,332.4,0,LARGE
PT_CGD,Caixa Geral de Depositos,PT,2024-03-31,2024-Q1,RWA_TOTAL,116.333944,332.4,0,LARGE
PT_CGD,Caixa Geral de Depositos,PT,2024-06-30,2024-Q2,RWA_TOTAL,57.792553,332.4,0,LARGE
PT_BCP,Millennium BCP,PT,2023-09-30,2023-Q3,RWA_TOTAL,69.973789,375.6,0,LARGE
PT_BCP,Millennium BCP,PT,2023-12-31,2023-Q4,RWA_TOTAL,131.446356,375.6,0,LARGE
PT_BCP,Millennium BCP,PT,2024-03-31,2024-Q1,RWA_TOTAL,89.221766,375.6,0,LARGE
PT_BCP,Millennium BCP,PT,2024-06-30,2024-Q2,RWA_TOTAL,5.0,375.6,0,LARGE
RO_BRD,BRD Groupe SG,RO,2023-09-30,2023-Q3,RWA_TOTAL,57.500893,164.3,0,MEDIUM
RO_BRD,BRD Groupe SG,RO,2023-12-31,2023-Q4,RWA_TOTAL,5.0,164.3,0,MEDIUM
RO_BRD,BRD Groupe SG,RO,2024-03-31,2024-Q1,RWA_TOTAL,47.957396,164.3,0,MEDIUM
RO_BRD,BRD Groupe SG,RO,2024-06-30,2024-Q2,RWA_TOTAL,37.926939,164.3,0,MEDIUM
SE_SHB,Handelsbanken,SE,2023-09-30,2023-Q3,RWA_TOTAL,26.324987,505.3,1,LARGE
SE_SHB,Handelsbanken,SE,2023-12-31,2023-Q4,RWA_TOTAL,36.227606,505.3,1,LARGE
SE_SHB,Handelsbanken,SE,2024-03-31,2024-Q1,RWA_TOTAL,109.56439,505.3,1,LARGE
SE_SHB,Handelsbanken,SE,2024-06-30,2024-Q2,RWA_TOTAL,176.856179,505.3,1,LARGE
SE_NDA,Nordea,SE,2023-09-30,2023-Q3,RWA_TOTAL,129.934132,627.3,1,LARGE
SE_NDA,Nordea,SE,2023-12-31,2023-Q4,RWA_TOTAL,177.762664,627.3,1,LARGE
SE_NDA,Nordea,SE,2024-03-31,2024-Q1,RWA_TOTAL,219.558659,627.3,1,LARGE
SE_NDA,Nordea,SE,2024-06-30,2024-Q2,RWA_TOTAL,129.999438,627.3,1,LARGE
SE_SEB,SEB,SE,2023-09-30,2023-Q3,RWA_TOTAL,66.359465,427.3,1,LARGE
SE_SEB,SEB,SE,2023-12-31,2023-Q4,RWA_TOTAL,26.128003,427.3,1,LARGE
SE_SEB,SEB,SE,2024-03-31,2024-Q1,RWA_TOTAL,93.866091,427.3,1,LARGE
SE_SEB,SEB,SE,2024-06-30,2024-Q2,RWA_TOTAL,149.554431,427.3,1,LARGE
SE_SWED,Swedbank,SE,2023-09-30,2023-Q3,RWA_TOTAL,112.129026,536.9,1,LARGE
SE_SWED,Swedbank,SE,2023-12-31,2023-Q4,RWA_TOTAL,115.589996,536.9,1,LARGE
SE_SWED,Swedbank,SE,2024-03-31,2024-Q1,RWA_TOTAL,83.381059,536.9,1,LARGE
SE_SWED,Swedbank,SE,2024-06-30,2024-Q2,RWA_TOTAL,187.911568,536.9,1,LARGE
SI_NLB,NLB Group,SI,2023-09-30,2023-Q3,RWA_TOTAL,5.0,201.6,0,MEDIUM
SI_NLB,NLB Group,SI,2023-12-31,2023-Q4,RWA_TOTAL,5.0,201.6,0,MEDIUM
SI_NLB,NLB Group,SI,2024-03-31,2024-Q1,RWA_TOTAL,5.0,201.6,0,MEDIUM
SI_NLB,NLB Group,SI,2024-06-30,2024-Q2,RWA_TOTAL,70.554132,201.6,0,MEDIUM
SK_VUB,VUB Banka,SK,2023-09-30,2023-Q3,RWA_TOTAL,5.0,252.7,0,MEDIUM
SK_VUB,VUB Banka,SK,2023-12-31,2023-Q4,RWA_TOTAL,88.450224,252.7,0,MEDIUM
SK_VUB,VUB Banka,SK,2024-03-31,2024-Q1,RWA_TOTAL,5.0,252.7,0,MEDIUM
SK_VUB,VUB Banka,SK,2024-06-30,2024-Q2,RWA_TOTAL,76.13905,252.7,0,MEDIUM
AT_ERST,Erste Group,AT,2023-09-30,2023-Q3,TIER1_FL,0.18354,566.4,1,LARGE
AT_ERST,Erste Group,AT,2023-12-31,2023-Q4,TIER1_FL,0.183365,566.4,1,LARGE
AT_ERST,Erste Group,AT,2024-03-31,2024-Q1,TIER1_FL,0.210989,566.4,1,LARGE
AT_ERST,Erste Group,AT,2024-06-30,2024-Q2,TIER1_FL,0.165805,566.4,1,LARGE
AT_RBI,Raiffeisen Bank Intl,AT,2023-09-30,2023-Q3,TIER1_FL,0.209918,484.4,0,LARGE
AT_RBI,Raiffeisen Bank Intl,AT,2023-12-31,2023-Q4,TIER1_FL,0.165151,484.4,0,LARGE
AT_RBI,Raiffeisen Bank Intl,AT,2024-03-31,2024-Q1,TIER1_FL,0.194455,484.4,0,LARGE
AT_RBI,Raiffeisen Bank Intl,AT,2024-06-30,2024-Q2,TIER1_FL,0.206128,484.4,0,LARGE
BE_BEL,Belfius,BE,2023-09-30,2023-Q3,TIER1_FL,0.183941,375.8,0,LARGE
BE_BEL,Belfius,BE,2023-12-31,2023-Q4,TIER1_FL,0.201637,375.8,0,LARGE
BE_BEL,Belfius,BE,2024-03-31,2024-Q1,TIER1_FL,0.155586,375.8,0,LARGE
BE_BEL,Belfius,BE,2024-06-30,2024-Q2,TIER1_FL,0.207553,375.8,0,LARGE
BE_KBC,KBC Group,BE,2023-09-30,2023-Q3,TIER1_FL,0.195565,530.9,1,LARGE
BE_KBC,KBC Group,BE,2023-12-31,2023-Q4,TIER1_FL,0.206736,530.9,1,LARGE
BE_KBC,KBC Group,BE,2024-03-31,2024-Q1,TIER1_FL,0.157629,530.9,1,LARGE
BE_KBC,KBC Group,BE,2024-06-30,2024-Q2,TIER1_FL,0.144876,530.9,1,LARGE
BG_DSK,DSK Bank,BG,2023-09-30,2023-Q3,TIER1_FL,0.163239,157.8,0,MEDIUM
BG_DSK,DSK Bank,BG,2023-12-31,2023-Q4,TIER1_FL,0.188362,157.8,0,MEDIUM
BG_DSK,DSK Bank,BG,2024-03-31,2024-Q1,TIER1_FL,0.19358,157.8,0,MEDIUM
BG_DSK,DSK Bank,BG,2024-06-30,2024-Q2,TIER1_FL,0.175262,157.8,0,MEDIUM
CY_BOC,Bank of Cyprus,CY,2023-09-30,2023-Q3,TIER1_FL,0.201606,302.2,0,LARGE
CY_BOC,Bank of Cyprus,CY,2023-12-31,2023-Q4,TIER1_FL,0.143341,302.2,0,LARGE
CY_BOC,Bank of Cyprus,CY,2024-03-31,2024-Q1,TIER1_FL,0.152821,302.2,0,LARGE
CY_BOC,Bank of Cyprus,CY,2024-06-30,2024-Q2,TIER1_FL,0.215095,302.2,0,LARGE
CZ_KB,Komercni Banka,CZ,2023-09-30,2023-Q3,TIER1_FL,0.207667,344.4,0,LARGE
CZ_KB,Komercni Banka,CZ,2023-12-31,2023-Q4,TIER1_FL,0.188432,344.4,0,LARGE
CZ_KB,Komercni Banka,CZ,2024-03-31,2024-Q1,TIER1_FL,0.177491,344.4,0,LARGE
CZ_KB,Komercni Banka,CZ,2024-06-30,2024-Q2,TIER1_FL,0.148153,344.4,0,LARGE
DE_CBK,Commerzbank,DE,2023-09-30,2023-Q3,TIER1_FL,0.178267,771.5,1,LARGE
DE_CBK,Commerzbank,DE,2023-12-31,2023-Q4,TIER1_FL,0.199457,771.5,1,LARGE
DE_CBK,Commerzbank,DE,2024-03-31,2024-Q1,TIER1_FL,0.192865,771.5,1,LARGE
DE_CBK,Commerzbank,DE,2024-06-30,2024-Q2,TIER1_FL,0.198351,771.5,1,LARGE
DE_DZB,DZ Bank,DE,2023-09-30,2023-Q3,TIER1_FL,0.198805,797.0,0,LARGE
DE_DZB,DZ Bank,DE,2023-12-31,2023-Q4,TIER1_FL,0.183425,797.0,0,LARGE
DE_DZB,DZ Bank,DE,2024-03-31,2024-Q1,TIER1_FL,0.212566,797.0,0,LARGE
DE_DZB,DZ Bank,DE,2024-06-30,2024-Q2,TIER1_FL,0.167035,797.0,0,LARGE
DE_DBK,Deutsche Bank,DE,2023-09-30,2023-Q3,TIER1_FL,0.20328,1559.6,1,LARGE
DE_DBK,Deutsche Bank,DE,2023-12-31,2023-Q4,TIER1_FL,0.195724,1559.6,1,LARGE
DE_DBK,Deutsche Bank,DE,2024-03-31,2024-Q1,TIER1_FL,0.152002,1559.6,1,LARGE
DE_DBK,Deutsche Bank,DE,2024-06-30,2024-Q2,TIER1_FL,0.196952,1559.6,1,LARGE
DE_HCOB,Hamburg Commercial Bank,DE,2023-09-30,2023-Q3,TIER1_FL,0.195437,287.9,0,MEDIUM
DE_HCOB,Hamburg Commercial Bank,DE,2023-12-31,2023-Q4,TIER1_FL,0.157732,287.9,0,MEDIUM
DE_HCOB,Hamburg Commercial Bank,DE,2024-03-31,2024-Q1,TIER1_FL,0.164708,287.9,0,MEDIUM
DE_HCOB,Hamburg Commercial Bank,DE,2024-06-30,2024-Q2,TIER1_FL,0.187362,287.9,0,MEDIUM
DE_LBW,LBBW,DE,2023-09-30,2023-Q3,TIER1_FL,0.179564,580.4,0,LARGE
DE_LBW,LBBW,DE,2023-12-31,2023-Q4,TIER1_FL,0.207144,580.4,0,LARGE
DE_LBW,LBBW,DE,2024-03-31,2024-Q1,TIER1_FL,0.212511,580.4,0,LARGE
DE_LBW,LBBW,DE,2024-06-30,2024-Q2,TIER1_FL,0.212553,580.4,0,LARGE
DE_NORD,NORD/LB,DE,2023-09-30,2023-Q3,TIER1_FL,0.209609,391.0,0,LARGE
DE_NORD,NORD/LB,DE,2023-12-31,2023-Q4,TIER1_FL,0.214527,391.0,0,LARGE
DE_NORD,NORD/LB,DE,2024-03-31,2024-Q1,TIER1_FL,0.202909,391.0,0,LARGE
DE_NORD,NORD/LB,DE,2024-06-30,2024-Q2,TIER1_FL,0.179266,391.0,0,LARGE
DK_DAN,Danske Bank,DK,2023-09-30,2023-Q3,TIER1_FL,0.186655,704.4,1,LARGE
DK_DAN,Danske Bank,DK,2023-12-31,2023-Q4,TIER1_FL,0.17655,704.4,1,LARGE
DK_DAN,Danske Bank,DK,2024-03-31,2024-Q1,TIER1_FL,0.140255,704.4,1,LARGE
DK_DAN,Danske Bank,DK,2024-06-30,2024-Q2,TIER1_FL,0.182919,704.4,1,LARGE
DK_JYS,Jyske Bank,DK,2023-09-30,2023-Q3,TIER1_FL,0.171833,118.6,0,MEDIUM
DK_JYS,Jyske Bank,DK,2023-12-31,2023-Q4,TIER1_FL,0.136836,118.6,0,MEDIUM
DK_JYS,Jyske Bank,DK,2024-03-31,2024-Q1,TIER1_FL,0.140706,118.6,0,MEDIUM
DK_JYS,Jyske Bank,DK,2024-06-30,2024-Q2,TIER1_FL,0.195581,118.6,0,MEDIUM
EE_LHV,LHV Group,EE,2023-09-30,2023-Q3,TIER1_FL,0.180929,156.0,0,MEDIUM
EE_LHV,LHV Group,EE,2023-12-31,2023-Q4,TIER1_FL,0.212193,156.0,0,MEDIUM
EE_LHV,LHV Group,EE,2024-03-31,2024-Q1,TIER1_FL,0.16188,156.0,0,MEDIUM
EE_LHV,LHV Group,EE,2024-06-30,2024-Q2,TIER1_FL,0.202638,156.0,0,MEDIUM
ES_BBVA,BBVA,ES,2023-09-30,2023-Q3,TIER1_FL,0.21391,863.5,1,LARGE
ES_BBVA,BBVA,ES,2023-12-31,2023-Q4,TIER1_FL,0.208019,863.5,1,LARGE
ES_BBVA,BBVA,ES,2024-03-31,2024-Q1,TIER1_FL,0.177652,863.5,1,LARGE
ES_BBVA,BBVA,ES,2024-06-30,2024-Q2,TIER1_FL,0.173942,863.5,1,LARGE
ES_SAB,Banco Sabadell,ES,2023-09-30,2023-Q3,TIER1_FL,0.163265,330.9,0,LARGE
ES_SAB,Banco Sabadell,ES,2023-12-31,2023-Q4,TIER1_FL,0.173924,330.9,0,LARGE
ES_SAB,Banco Sabadell,ES,2024-03-31,2024-Q1,TIER1_FL,0.216794,330.9,0,LARGE
ES_SAB,Banco Sabadell,ES,2024-06-30,2024-Q2,TIER1_FL,0.166792,330.9,0,LARGE
ES_SAN,Banco Santander,ES,2023-09-30,2023-Q3,TIER1_FL,0.194324,1996.1,1,LARGE
ES_SAN,Banco Santander,ES,2023-12-31,2023-Q4,TIER1_FL,0.193362,1996.1,1,LARGE
ES_SAN,Banco Santander,ES,2024-03-31,2024-Q1,TIER1_FL,0.188861,1996.1,1,LARGE
ES_SAN,Banco Santander,ES,2024-06-30,2024-Q2,TIER1_FL,0.198534,1996.1,1,LARGE
ES_CABK,CaixaBank,ES,2023-09-30,2023-Q3,TIER1_FL,0.172196,769.0,0,LARGE
ES_CABK,CaixaBank,ES,2023-12-31,2023-Q4,TIER1_FL,0.190046,769.0,0,LARGE
ES_CABK,CaixaBank,ES,2024-03-31,2024-Q1,TIER1_FL,0.150774,769.0,0,LARGE
ES_CABK,CaixaBank,ES,2024-06-30,2024-Q2,TIER1_FL,0.193811,769.0,0,LARGE
FI_OP,OP Group,FI,2023-09-30,2023-Q3,TIER1_FL,0.18968,280.1,0,MEDIUM
FI_OP,OP Group,FI,2023-12-31,2023-Q4,TIER1_FL,0.16428,280.1,0,MEDIUM
FI_OP,OP Group,FI,2024-03-31,2024-Q1,TIER1_FL,0.157354,280.1,0,MEDIUM
FI_OP,OP Group,FI,2024-06-30,2024-Q2,TIER1_FL,0.18031,280.1,0,MEDIUM
FR_BNPP,BNP Paribas,FR,2023-09-30,2023-Q3,TIER1_FL,0.184143,2685.9,1,LARGE
FR_BNPP,BNP Paribas,FR,2023-12-31,2023-Q4,TIER1_FL,0.208258,2685.9,1,LARGE
FR_BNPP,BNP Paribas,FR,2024-03-31,2024-Q1,TIER1_FL,0.181222,2685.9,1,LARGE
FR_BNPP,BNP Paribas,FR,2024-06-30,2024-Q2,TIER1_FL,0.16937,2685.9,1,LARGE
FR_BPCE,BPCE,FR,2023-09-30,2023-Q3,TIER1_FL,0.175563,1765.8,1,LARGE
FR_BPCE,BPCE,FR,2023-12-31,2023-Q4,TIER1_FL,0.21126,1765.8,1,LARGE
FR_BPCE,BPCE,FR,2024-03-31,2024-Q1,TIER1_FL,0.169058,1765.8,1,LARGE
FR_BPCE,BPCE,FR,2024-06-30,2024-Q2,TIER1_FL,0.186533,1765.8,1,LARGE
FR_ACA,Credit Agricole Group,FR,2023-09-30,2023-Q3,TIER1_FL,0.216495,2387.7,1,LARGE
FR_ACA,Credit Agricole Group,FR,2023-12-31,2023-Q4,TIER1_FL,0.156575,2387.7,1,LARGE
FR_ACA,Credit Agricole Group,FR,2024-03-31,2024-Q1,TIER1_FL,0.194214,2387.7,1,LARGE
FR_ACA,Credit Agricole Group,FR,2024-06-30,2024-Q2,TIER1_FL,0.16601,2387.7,1,LARGE
FR_HSBC,HSBC Continental Europe,FR,2023-09-30,2023-Q3,TIER1_FL,0.176385,475.5,0,LARGE
FR_HSBC,HSBC Continental Europe,FR,2023-12-31,2023-Q4,TIER1_FL,0.16182,475.5,0,LARGE
FR_HSBC,HSBC Continental Europe,FR,2024-03-31,2024-Q1,TIER1_FL,0.139017,475.5,0,LARGE
FR_HSBC,HSBC Continental Europe,FR,2024-06-30,2024-Q2,TIER1_FL,0.190514,475.5,0,LARGE
FR_GLE,Societe Generale,FR,2023-09-30,2023-Q3,TIER1_FL,0.14918,1766.0,1,LARGE
FR_GLE,Societe Generale,FR,2023-12-31,2023-Q4,TIER1_FL,0.197495,1766.0,1,LARGE
FR_GLE,Societe Generale,FR,2024-03-31,2024-Q1,TIER1_FL,0.192102,1766.0,1,LARGE
FR_GLE,Societe Generale,FR,2024-06-30,2024-Q2,TIER1_FL,0.213839,1766.0,1,LARGE
GR_ALPHA,Alpha Bank,GR,2023-09-30,2023-Q3,TIER1_FL,0.167327,295.5,0,MEDIUM
GR_ALPHA,Alpha Bank,GR,2023-12-31,2023-Q4,TIER1_FL,0.196535,295.5,0,MEDIUM
GR_ALPHA,Alpha Bank,GR,2024-03-31,2024-Q1,TIER1_FL,0.190669,295.5,0,MEDIUM
GR_ALPHA,Alpha Bank,GR,2024-06-30,2024-Q2,TIER1_FL,0.155136,295.5,0,MEDIUM
GR_ETE,Eurobank Ergasias,GR,2023-09-30,2023-Q3,TIER1_FL,0.178061,315.4,0,LARGE
GR_ETE,Eurobank Ergasias,GR,2023-12-31,2023-Q4,TIER1_FL,0.20354,315.4,0,LARGE
GR_ETE,Eurobank Ergasias,GR,2024-03-31,2024-Q1,TIER1_FL,0.176724,315.4,0,LARGE
GR_ETE,Eurobank Ergasias,GR,2024-06-30,2024-Q2,TIER1_FL,0.205106,315.4,0,LARGE
GR_NBG,National Bank of Greece,GR,2023-09-30,2023-Q3,TIER1_FL,0.165086,325.7,0,LARGE
GR_NBG,National Bank of Greece,GR,2023-12-31,2023-Q4,TIER1_FL,0.136273,325.7,0,LARGE
GR_NBG,National Bank of Greece,GR,2024-03-31,2024-Q1,TIER1_FL,0.190358,325.7,0,LARGE
GR_NBG,National Bank of Greece,GR,2024-06-30,2024-Q2,TIER1_FL,0.179317,325.7,0,LARGE
GR_PIR,Piraeus Bank,GR,2023-09-30,2023-Q3,TIER1_FL,0.151705,212.6,0,MEDIUM
GR_PIR,Piraeus Bank,GR,2023-12-31,2023-Q4,TIER1_FL,0.159147,212.6,0,MEDIUM
GR_PIR,Piraeus Bank,GR,2024-03-31,2024-Q1,TIER1_FL,0.183154,212.6,0,MEDIUM
GR_PIR,Piraeus Bank,GR,2024-06-30,2024-Q2,TIER1_FL,0.18052,212.6,0,MEDIUM
HR_ZABA,Zagrebacka Banka,HR,2023-09-30,2023-Q3,TIER1_FL,0.180067,287.4,0,MEDIUM
HR_ZABA,Zagrebacka Banka,HR,2023-12-31,2023-Q4,TIER1_FL,0.14757,287.4,0,MEDIUM
HR_ZABA,Zagrebacka Banka,HR,2024-03-31,2024-Q1,TIER1_FL,0.156908,287.4,0,MEDIUM
HR_ZABA,Zagrebacka Banka,HR,2024-06-30,2024-Q2,TIER1_FL,0.19579,287.4,0,MEDIUM
HU_OTP,OTP Bank,HU,2023-09-30,2023-Q3,TIER1_FL,0.144824,292.8,0,MEDIUM
HU_OTP,OTP Bank,HU,2023-12-31,2023-Q4,TIER1_FL,0.185792,292.8,0,MEDIUM
HU_OTP,OTP Bank,HU,2024-03-31,2024-Q1,TIER1_FL,0.162576,292.8,0,MEDIUM
HU_OTP,OTP Bank,HU,2024-06-30,2024-Q2,TIER1_FL,0.197571,292.8,0,MEDIUM
IE_AIB,AIB Group,IE,2023-09-30,2023-Q3,TIER1_FL,0.146891,356.4,0,LARGE
IE_AIB,AIB Group,IE,2023-12-31,2023-Q4,TIER1_FL,0.178508,356.4,0,LARGE
IE_AIB,AIB Group,IE,2024-03-31,2024-Q1,TIER1_FL,0.20999,356.4,0,LARGE
IE_AIB,AIB Group,IE,2024-06-30,2024-Q2,TIER1_FL,0.139302,356.4,0,LARGE
IE_BIRG,Bank of Ireland,IE,2023-09-30,2023-Q3,TIER1_FL,0.191427,134.8,0,MEDIUM
IE_BIRG,Bank of Ireland,IE,2023-12-31,2023-Q4,TIER1_FL,0.202465,134.8,0,MEDIUM
IE_BIRG,Bank of Ireland,IE,2024-03-31,2024-Q1,TIER1_FL,0.167562,134.8,0,MEDIUM
IE_BIRG,Bank of Ireland,IE,2024-06-30,2024-Q2,TIER1_FL,0.202684,134.8,0,MEDIUM
IS_LAN,Landsbankinn,IS,2023-09-30,2023-Q3,TIER1_FL,0.187164,252.3,0,MEDIUM
IS_LAN,Landsbankinn,IS,2023-12-31,2023-Q4,TIER1_FL,0.203102,252.3,0,MEDIUM
IS_LAN,Landsbankinn,IS,2024-03-31,2024-Q1,TIER1_FL,0.205994,252.3,0,MEDIUM
IS_LAN,Landsbankinn,IS,2024-06-30,2024-Q2,TIER1_FL,0.194243,252.3,0,MEDIUM
IT_BAMI,Banco BPM,IT,2023-09-30,2023-Q3,TIER1_FL,0.159236,406.3,0,LARGE
IT_BAMI,Banco BPM,IT,2023-12-31,2023-Q4,TIER1_FL,0.196846,406.3,0,LARGE
IT_BAMI,Banco BPM,IT,2024-03-31,2024-Q1,TIER1_FL,0.146825,406.3,0,LARGE
IT_BAMI,Banco BPM,IT,2024-06-30,2024-Q2,TIER1_FL,0.182956,406.3,0,LARGE
IT_ISP,Intesa Sanpaolo,IT,2023-09-30,2023-Q3,TIER1_FL,0.20899,936.6,1,LARGE
IT_ISP,Intesa Sanpaolo,IT,2023-12-31,2023-Q4,TIER1_FL,0.146123,936.6,1,LARGE
IT_ISP,Intesa Sanpaolo,IT,2024-03-31,2024-Q1,TIER1_FL,0.202532,936.6,1,LARGE
IT_ISP,Intesa Sanpaolo,IT,2024-06-30,2024-Q2,TIER1_FL,0.194556,936.6,1,LARGE
IT_MED,Mediobanca,IT,2023-09-30,2023-Q3,TIER1_FL,0.183228,263.0,0,MEDIUM
IT_MED,Mediobanca,IT,2023-12-31,2023-Q4,TIER1_FL,0.199718,263.0,0,MEDIUM
IT_MED,Mediobanca,IT,2024-03-31,2024-Q1,TIER1_FL,0.163631,263.0,0,MEDIUM
IT_MED,Mediobanca,IT,2024-06-30,2024-Q2,TIER1_FL,0.212649,263.0,0,MEDIUM
IT_BMPS,Monte dei Paschi,IT,2023-09-30,2023-Q3,TIER1_FL,0.138787,342.8,0,LARGE
IT_BMPS,Monte dei Paschi,IT,2023-12-31,2023-Q4,TIER1_FL,0.185941,342.8,0,LARGE
IT_BMPS,Monte dei Paschi,IT,2024-03-31,2024-Q1,TIER1_FL,0.191764,342.8,0,LARGE
IT_BMPS,Monte dei Paschi,IT,2024-06-30,2024-Q2,TIER1_FL,0.165331,342.8,0,LARGE
IT_UCG,UniCredit,IT,2023-09-30,2023-Q3,TIER1_FL,0.150945,995.9,1,LARGE
IT_UCG,UniCredit,IT,2023-12-31,2023-Q4,TIER1_FL,0.181003,995.9,1,LARGE
IT_UCG,UniCredit,IT,2024-03-31,2024-Q1,TIER1_FL,0.167017,995.9,1,LARGE
IT_UCG,UniCredit,IT,2024-06-30,2024-Q2,TIER1_FL,0.164973,995.9,1,LARGE
LI_LLB,Liechtensteinische LB,LI,2023-09-30,2023-Q3,TIER1_FL,0.135915,293.7,0,MEDIUM
LI_LLB,Liechtensteinische LB,LI,2023-12-31,2023-Q4,TIER1_FL,0.154334,293.7,0,MEDIUM
LI_LLB,Liechtensteinische LB,LI,2024-03-31,2024-Q1,TIER1_FL,0.191818,293.7,0,MEDIUM
LI_LLB,Liechtensteinische LB,LI,2024-06-30,2024-Q2,TIER1_FL,0.146425,293.7,0,MEDIUM
LT_SBLT,Siauliu Bankas,LT,2023-09-30,2023-Q3,TIER1_FL,0.146113,286.8,0,MEDIUM
LT_SBLT,Siauliu Bankas,LT,2023-12-31,2023-Q4,TIER1_FL,0.174783,286.8,0,MEDIUM
LT_SBLT,Siauliu Bankas,LT,2024-03-31,2024-Q1,TIER1_FL,0.163476,286.8,0,MEDIUM
LT_SBLT,Siauliu Bankas,LT,2024-06-30,2024-Q2,TIER1_FL,0.148715,286.8,0,MEDIUM
LU_BIL,Banque Internationale Lux,LU,2023-09-30,2023-Q3,TIER1_FL,0.190114,297.7,0,MEDIUM
LU_BIL,Banque Internationale Lux,LU,2023-12-31,2023-Q4,TIER1_FL,0.203999,297.7,0,MEDIUM
LU_BIL,Banque Internationale Lux,LU,2024-03-31,2024-Q1,TIER1_FL,0.187305,297.7,0,MEDIUM
LU_BIL,Banque Internationale Lux,LU,2024-06-30,2024-Q2,TIER1_FL,0.164732,297.7,0,MEDIUM
LV_SWLV,Swedbank Latvia,LV,2023-09-30,2023-Q3,TIER1_FL,0.18746,168.3,1,MEDIUM
LV_SWLV,Swedbank Latvia,LV,2023-12-31,2023-Q4,TIER1_FL,0.168572,168.3,1,MEDIUM
LV_SWLV,Swedbank Latvia,LV,2024-03-31,2024-Q1,TIER1_FL,0.167589,168.3,1,MEDIUM
LV_SWLV,Swedbank Latvia,LV,2024-06-30,2024-Q2,TIER1_FL,0.208229,168.3,1,MEDIUM
MT_BOV,Bank of Valletta,MT,2023-09-30,2023-Q3,TIER1_FL,0.20043,131.9,0,MEDIUM
MT_BOV,Bank of Valletta,MT,2023-12-31,2023-Q4,TIER1_FL,0.144397,131.9,0,MEDIUM
MT_BOV,Bank of Valletta,MT,2024-03-31,2024-Q1,TIER1_FL,0.147639,131.9,0,MEDIUM
MT_BOV,Bank of Valletta,MT,2024-06-30,2024-Q2,TIER1_FL,0.17909,131.9,0,MEDIUM
NL_ABN,ABN AMRO,NL,2023-09-30,2023-Q3,TIER1_FL,0.210935,668.1,1,LARGE
NL_ABN,ABN AMRO,NL,2023-12-31,2023-Q4,TIER1_FL,0.136534,668.1,1,LARGE
NL_ABN,ABN AMRO,NL,2024-03-31,2024-Q1,TIER1_FL,0.197336,668.1,1,LARGE
NL_ABN,ABN AMRO,NL,2024-06-30,2024-Q2,TIER1_FL,0.160659,668.1,1,LARGE
NL_INGA,ING Groep,NL,2023-09-30,2023-Q3,TIER1_FL,0.201512,1257.1,1,LARGE
NL_INGA,ING Groep,NL,2023-12-31,2023-Q4,TIER1_FL,0.148489,1257.1,1,LARGE
NL_INGA,ING Groep,NL,2024-03-31,2024-Q1,TIER1_FL,0.215101,1257.1,1,LARGE
NL_INGA,ING Groep,NL,2024-06-30,2024-Q2,TIER1_FL,0.215974,1257.1,1,LARGE
NL_RABO,Rabobank,NL,2023-09-30,2023-Q3,TIER1_FL,0.153126,890.4,1,LARGE
NL_RABO,Rabobank,NL,2023-12-31,2023-Q4,TIER1_FL,0.176729,890.4,1,LARGE
NL_RABO,Rabobank,NL,2024-03-31,2024-Q1,TIER1_FL,0.145016,890.4,1,LARGE
NL_RABO,Rabobank,NL,2024-06-30,2024-Q2,TIER1_FL,0.145932,890.4,1,LARGE
NO_DNB,DNB Bank,NO,2023-09-30,2023-Q3,TIER1_FL,0.174574,594.0,0,LARGE
NO_DNB,DNB Bank,NO,2023-12-31,2023-Q4,TIER1_FL,0.171567,594.0,0,LARGE
NO_DNB,DNB Bank,NO,2024-03-31,2024-Q1,TIER1_FL,0.140329,594.0,0,LARGE
NO_DNB,DNB Bank,NO,2024-06-30,2024-Q2,TIER1_FL,0.139709,594.0,0,LARGE
PL_PEKAO,Bank Pekao,PL,2023-09-30,2023-Q3,TIER1_FL,0.192332,195.9,0,MEDIUM
PL_PEKAO,Bank Pekao,PL,2023-12-31,2023-Q4,TIER1_FL,0.147056,195.9,0,MEDIUM
PL_PEKAO,Bank Pekao,PL,2024-03-31,2024-Q1,TIER1_FL,0.185253,195.9,0,MEDIUM
PL_PEKAO,Bank Pekao,PL,2024-06-30,2024-Q2,TIER1_FL,0.1973,195.9,0,MEDIUM
PL_PKO,PKO Bank Polski,PL,2023-09-30,2023-Q3,TIER1_FL,0.141278,374.5,1,LARGE
PL_PKO,PKO Bank Polski,PL,2023-12-31,2023-Q4,TIER1_FL,0.194088,374.5,1,LARGE
PL_PKO,PKO Bank Polski,PL,2024-03-31,2024-Q1,TIER1_FL,0.169433,374.5,1,LARGE
PL_PKO,PKO Bank Polski,PL,2024-06-30,2024-Q2,TIER1_FL,0.17825,374.5,1,LARGE
PL_MBK,mBank,PL,2023-09-30,2023-Q3,TIER1_FL,0.176973,144.3,1,MEDIUM
PL_MBK,mBank,PL,2023-12-31,2023-Q4,TIER1_FL,0.148924,144.3,1,MEDIUM
PL_MBK,mBank,PL,2024-03-31,2024-Q1,TIER1_FL,0.201227,144.3,1,MEDIUM
PL_MBK,mBank,PL,2024-06-30,2024-Q2,TIER1_FL,0.186555,144.3,1,MEDIUM
PT_CGD,Caixa Geral de Depositos,PT,2023-09-30,2023-Q3,TIER1_FL,0.193844,332.4,0,LARGE
PT_CGD,Caixa Geral de Depositos,PT,2023-12-31,2023-Q4,TIER1_FL,0.21526,332.4,0,LARGE
PT_CGD,Caixa Geral de Depositos,PT,2024-03-31,2024-Q1,TIER1_FL,0.149562,332.4,0,LARGE
PT_CGD,Caixa Geral de Depositos,PT,2024-06-30,2024-Q2,TIER1_FL,0.15511,332.4,0,LARGE
PT_BCP,Millennium BCP,PT,2023-09-30,2023-Q3,TIER1_FL,0.157947,375.6,0,LARGE
PT_BCP,Millennium BCP,PT,2023-12-31,2023-Q4,TIER1_FL,0.188028,375.6,0,LARGE
PT_BCP,Millennium BCP,PT,2024-03-31,2024-Q1,TIER1_FL,0.151737,375.6,0,LARGE
PT_BCP,Millennium BCP,PT,2024-06-30,2024-Q2,TIER1_FL,0.211907,375.6,0,LARGE
RO_BRD,BRD Groupe SG,RO,2023-09-30,2023-Q3,TIER1_FL,0.175835,164.3,0,MEDIUM
RO_BRD,BRD Groupe SG,RO,2023-12-31,2023-Q4,TIER1_FL,0.166835,164.3,0,MEDIUM
RO_BRD,BRD Groupe SG,RO,2024-03-31,2024-Q1,TIER1_FL,0.212537,164.3,0,MEDIUM
RO_BRD,BRD Groupe SG,RO,2024-06-30,2024-Q2,TIER1_FL,0.150541,164.3,0,MEDIUM
SE_SHB,Handelsbanken,SE,2023-09-30,2023-Q3,TIER1_FL,0.187249,505.3,1,LARGE
SE_SHB,Handelsbanken,SE,2023-12-31,2023-Q4,TIER1_FL,0.211842,505.3,1,LARGE
SE_SHB,Handelsbanken,SE,2024-03-31,2024-Q1,TIER1_FL,0.183241,505.3,1,LARGE
SE_SHB,Handelsbanken,SE,2024-06-30,2024-Q2,TIER1_FL,0.209497,505.3,1,LARGE
SE_NDA,Nordea,SE,2023-09-30,2023-Q3,TIER1_FL,0.154997,627.3,1,LARGE
SE_NDA,Nordea,SE,2023-12-31,2023-Q4,TIER1_FL,0.220037,627.3,1,LARGE
SE_NDA,Nordea,SE,2024-03-31,2024-Q1,TIER1_FL,0.187204,627.3,1,LARGE
SE_NDA,Nordea,SE,2024-06-30,2024-Q2,TIER1_FL,0.148657,627.3,1,LARGE
SE_SEB,SEB,SE,2023-09-30,2023-Q3,TIER1_FL,0.183199,427.3,1,LARGE
SE_SEB,SEB,SE,2023-12-31,2023-Q4,TIER1_FL,0.173244,427.3,1,LARGE
SE_SEB,SEB,SE,2024-03-31,2024-Q1,TIER1_FL,0.206428,427.3,1,LARGE
SE_SEB,SEB,SE,2024-06-30,2024-Q2,TIER1_FL,0.177776,427.3,1,LARGE
SE_SWED,Swedbank,SE,2023-09-30,2023-Q3,TIER1_FL,0.172688,536.9,1,LARGE
SE_SWED,Swedbank,SE,2023-12-31,2023-Q4,TIER1_FL,0.186374,536.9,1,LARGE
SE_SWED,Swedbank,SE,2024-03-31,2024-Q1,TIER1_FL,0.188629,536.9,1,LARGE
SE_SWED,Swedbank,SE,2024-06-30,2024-Q2,TIER1_FL,0.164302,536.9,1,LARGE
SI_NLB,NLB Group,SI,2023-09-30,2023-Q3,TIER1_FL,0.183126,201.6,0,MEDIUM
SI_NLB,NLB Group,SI,2023-12-31,2023-Q4,TIER1_FL,0.202151,201.6,0,MEDIUM
SI_NLB,NLB Group,SI,2024-03-31,2024-Q1,TIER1_FL,0.187276,201.6,0,MEDIUM
SI_NLB,NLB Group,SI,2024-06-30,2024-Q2,TIER1_FL,0.141837,201.6,0,MEDIUM
SK_VUB,VUB Banka,SK,2023-09-30,2023-Q3,TIER1_FL,0.156764,252.7,0,MEDIUM
SK_VUB,VUB Banka,SK,2023-12-31,2023-Q4,TIER1_FL,0.174757,252.7,0,MEDIUM
SK_VUB,VUB Banka,SK,2024-03-31,2024-Q1,TIER1_FL,0.173892,252.7,0,MEDIUM
SK_VUB,VUB Banka,SK,2024-06-30,2024-Q2,TIER1_FL,0.214952,252.7,0,MEDIUM
AT_ERST,Erste Group,AT,2023-09-30,2023-Q3,TOTAL_CAP_FL,0.224778,566.4,1,LARGE
AT_ERST,Erste Group,AT,2023-12-31,2023-Q4,TOTAL_CAP_FL,0.190658,566.4,1,LARGE
AT_ERST,Erste Group,AT,2024-03-31,2024-Q1,TOTAL_CAP_FL,0.229851,566.4,1,LARGE
AT_ERST,Erste Group,AT,2024-06-30,2024-Q2,TOTAL_CAP_FL,0.207195,566.4,1,LARGE
AT_RBI,Raiffeisen Bank Intl,AT,2023-09-30,2023-Q3,TOTAL_CAP_FL,0.215866,484.4,0,LARGE
AT_RBI,Raiffeisen Bank Intl,AT,2023-12-31,2023-Q4,TOTAL_CAP_FL,0.181948,484.4,0,LARGE
AT_RBI,Raiffeisen Bank Intl,AT,2024-03-31,2024-Q1,TOTAL_CAP_FL,0.222678,484.4,0,LARGE
AT_RBI,Raiffeisen Bank Intl,AT,2024-06-30,2024-Q2,TOTAL_CAP_FL,0.201756,484.4,0,LARGE
BE_BEL,Belfius,BE,2023-09-30,2023-Q3,TOTAL_CAP_FL,0.226636,375.8,0,LARGE
BE_BEL,Belfius,BE,2023-12-31,2023-Q4,TOTAL_CAP_FL,0.182331,375.8,0,LARGE
BE_BEL,Belfius,BE,2024-03-31,2024-Q1,TOTAL_CAP_FL,0.186247,375.8,0,LARGE
BE_BEL,Belfius,BE,2024-06-30,2024-Q2,TOTAL_CAP_FL,0.228644,375.8,0,LARGE
BE_KBC,KBC Group,BE,2023-09-30,2023-Q3,TOTAL_CAP_FL,0.235891,530.9,1,LARGE
BE_KBC,KBC Group,BE,2023-12-31,2023-Q4,TOTAL_CAP_FL,0.162233,530.9,1,LARGE
BE_KBC,KBC Group,BE,2024-03-31,2024-Q1,TOTAL_CAP_FL,0.162975,530.9,1,LARGE
BE_KBC,KBC Group,BE,2024-06-30,2024-Q2,TOTAL_CAP_FL,0.198315,530.9,1,LARGE
BG_DSK,DSK Bank,BG,2023-09-30,2023-Q3,TOTAL_CAP_FL,0.175339,157.8,0,MEDIUM
BG_DSK,DSK Bank,BG,2023-12-31,2023-Q4,TOTAL_CAP_FL,0.174274,157.8,0,MEDIUM
BG_DSK,DSK Bank,BG,2024-03-31,2024-Q1,TOTAL_CAP_FL,0.21569,157.8,0,MEDIUM
BG_DSK,DSK Bank,BG,2024-06-30,2024-Q2,TOTAL_CAP_FL,0.199526,157.8,0,MEDIUM
CY_BOC,Bank of Cyprus,CY,2023-09-30,2023-Q3,TOTAL_CAP_FL,0.22153,302.2,0,LARGE
CY_BOC,Bank of Cyprus,CY,2023-12-31,2023-Q4,TOTAL_CAP_FL,0.184863,302.2,0,LARGE
CY_BOC,Bank of Cyprus,CY,2024-03-31,2024-Q1,TOTAL_CAP_FL,0.233473,302.2,0,LARGE
CY_BOC,Bank of Cyprus,CY,2024-06-30,2024-Q2,TOTAL_CAP_FL,0.204635,302.2,0,LARGE
CZ_KB,Komercni Banka,CZ,2023-09-30,2023-Q3,TOTAL_CAP_FL,0.158636,344.4,0,LARGE
CZ_KB,Komercni Banka,CZ,2023-12-31,2023-Q4,TOTAL_CAP_FL,0.174369,344.4,0,LARGE
CZ_KB,Komercni Banka,CZ,2024-03-31,2024-Q1,TOTAL_CAP_FL,0.214329,344.4,0,LARGE
CZ_KB,Komercni Banka,CZ,2024-06-30,2024-Q2,TOTAL_CAP_FL,0.225968,344.4,0,LARGE
DE_CBK,Commerzbank,DE,2023-09-30,2023-Q3,TOTAL_CAP_FL,0.195484,771.5,1,LARGE
DE_CBK,Commerzbank,DE,2023-12-31,2023-Q4,TOTAL_CAP_FL,0.232503,771.5,1,LARGE
DE_CBK,Commerzbank,DE,2024-03-31,2024-Q1,TOTAL_CAP_FL,0.214142,771.5,1,LARGE
DE_CBK,Commerzbank,DE,2024-06-30,2024-Q2,TOTAL_CAP_FL,0.218885,771.5,1,LARGE
DE_DZB,DZ Bank,DE,2023-09-30,2023-Q3,TOTAL_CAP_FL,0.159919,797.0,0,LARGE
DE_DZB,DZ Bank,DE,2023-12-31,2023-Q4,TOTAL_CAP_FL,0.190885,797.0,0,LARGE
DE_DZB,DZ Bank,DE,2024-03-31,2024-Q1,TOTAL_CAP_FL,0.193403,797.0,0,LARGE
DE_DZB,DZ Bank,DE,2024-06-30,2024-Q2,TOTAL_CAP_FL,0.166889,797.0,0,LARGE
DE_DBK,Deutsche Bank,DE,2023-09-30,2023-Q3,TOTAL_CAP_FL,0.206879,1559.6,1,LARGE
DE_DBK,Deutsche Bank,DE,2023-12-31,2023-Q4,TOTAL_CAP_FL,0.176501,1559.6,1,LARGE
DE_DBK,Deutsche Bank,DE,2024-03-31,2024-Q1,TOTAL_CAP_FL,0.186241,1559.6,1,LARGE
DE_DBK,Deutsche Bank,DE,2024-06-30,2024-Q2,TOTAL_CAP_FL,0.170584,1559.6,1,LARGE
DE_HCOB,Hamburg Commercial Bank,DE,2023-09-30,2023-Q3,TOTAL_CAP_FL,0.233516,287.9,0,MEDIUM
DE_HCOB,Hamburg Commercial Bank,DE,2023-12-31,2023-Q4,TOTAL_CAP_FL,0.170719,287.9,0,MEDIUM
DE_HCOB,Hamburg Commercial Bank,DE,2024-03-31,2024-Q1,TOTAL_CAP_FL,0.16281,287.9,0,MEDIUM
DE_HCOB,Hamburg Commercial Bank,DE,2024-06-30,2024-Q2,TOTAL_CAP_FL,0.185338,287.9,0,MEDIUM
DE_LBW,LBBW,DE,2023-09-30,2023-Q3,TOTAL_CAP_FL,0.183827,580.4,0,LARGE
DE_LBW,LBBW,DE,2023-12-31,2023-Q4,TOTAL_CAP_FL,0.197786,580.4,0,LARGE
DE_LBW,LBBW,DE,2024-03-31,2024-Q1,TOTAL_CAP_FL,0.161774,580.4,0,LARGE
DE_LBW,LBBW,DE,2024-06-30,2024-Q2,TOTAL_CAP_FL,0.162183,580.4,0,LARGE
DE_NORD,NORD/LB,DE,2023-09-30,2023-Q3,TOTAL_CAP_FL,0.213248,391.0,0,LARGE
DE_NORD,NORD/LB,DE,2023-12-31,2023-Q4,TOTAL_CAP_FL,0.172594,391.0,0,LARGE
DE_NORD,NORD/LB,DE,2024-03-31,2024-Q1,TOTAL_CAP_FL,0.202062,391.0,0,LARGE
DE_NORD,NORD/LB,DE,2024-06-30,2024-Q2,TOTAL_CAP_FL,0.184332,391.0,0,LARGE
DK_DAN,Danske Bank,DK,2023-09-30,2023-Q3,TOTAL_CAP_FL,0.159026,704.4,1,LARGE
DK_DAN,Danske Bank,DK,2023-12-31,2023-Q4,TOTAL_CAP_FL,0.19781,704.4,1,LARGE
DK_DAN,Danske Bank,DK,2024-03-31,2024-Q1,TOTAL_CAP_FL,0.164,704.4,1,LARGE
DK_DAN,Danske Bank,DK,2024-06-30,2024-Q2,TOTAL_CAP_FL,0.210169,704.4,1,LARGE
DK_JYS,Jyske Bank,DK,2023-09-30,2023-Q3,TOTAL_CAP_FL,0.208903,118.6,0,MEDIUM
DK_JYS,Jyske Bank,DK,2023-12-31,2023-Q4,TOTAL_CAP_FL,0.218654,118.6,0,MEDIUM
DK_JYS,Jyske Bank,DK,2024-03-31,2024-Q1,TOTAL_CAP_FL,0.213247,118.6,0,MEDIUM
DK_JYS,Jyske Bank,DK,2024-06-30,2024-Q2,TOTAL_CAP_FL,0.229344,118.6,0,MEDIUM
EE_LHV,LHV Group,EE,2023-09-30,2023-Q3,TOTAL_CAP_FL,0.195346,156.0,0,MEDIUM
EE_LHV,LHV Group,EE,2023-12-31,2023-Q4,TOTAL_CAP_FL,0.192703,156.0,0,MEDIUM
EE_LHV,LHV Group,EE,2024-03-31,2024-Q1,TOTAL_CAP_FL,0.22659,156.0,0,MEDIUM
EE_LHV,LHV Group,EE,2024-06-30,2024-Q2,TOTAL_CAP_FL,0.220148,156.0,0,MEDIUM
ES_BBVA,BBVA,ES,2023-09-30,2023-Q3,TOTAL_CAP_FL,0.195356,863.5,1,LARGE
ES_BBVA,BBVA,ES,2023-12-31,2023-Q4,TOTAL_CAP_FL,0.226429,863.5,1,LARGE
ES_BBVA,BBVA,ES,2024-03-31,2024-Q1,TOTAL_CAP_FL,0.221642,863.5,1,LARGE
ES_BBVA,BBVA,ES,2024-06-30,2024-Q2,TOTAL_CAP_FL,0.203173,863.5,1,LARGE
ES_SAB,Banco Sabadell,ES,2023-09-30,2023-Q3,TOTAL_CAP_FL,0.20798,330.9,0,LARGE
ES_SAB,Banco Sabadell,ES,2023-12-31,2023-Q4,TOTAL_CAP_FL,0.21763,330.9,0,LARGE
ES_SAB,Banco Sabadell,ES,2024-03-31,2024-Q1,TOTAL_CAP_FL,0.16113,330.9,0,LARGE
ES_SAB,Banco Sabadell,ES,2024-06-30,2024-Q2,TOTAL_CAP_FL,0.183708,330.9,0,LARGE
ES_SAN,Banco Santander,ES,2023-09-30,2023-Q3,TOTAL_CAP_FL,0.221421,1996.1,1,LARGE
ES_SAN,Banco Santander,ES,2023-12-31,2023-Q4,TOTAL_CAP_FL,0.2113,1996.1,1,LARGE
ES_SAN,Banco Santander,ES,2024-03-31,2024-Q1,TOTAL_CAP_FL,0.167291,1996.1,1,LARGE
ES_SAN,Banco Santander,ES,2024-06-30,2024-Q2,TOTAL_CAP_FL,0.18998,1996.1,1,LARGE
ES_CABK,CaixaBank,ES,2023-09-30,2023-Q3,TOTAL_CAP_FL,0.237495,769.0,0,LARGE
ES_CABK,CaixaBank,ES,2023-12-31,2023-Q4,TOTAL_CAP_FL,0.163884,769.0,0,LARGE
ES_CABK,CaixaBank,ES,2024-03-31,2024-Q1,TOTAL_CAP_FL,0.232794,769.0,0,LARGE
ES_CABK,CaixaBank,ES,2024-06-30,2024-Q2,TOTAL_CAP_FL,0.182708,769.0,0,LARGE
FI_OP,OP Group,FI,2023-09-30,2023-Q3,TOTAL_CAP_FL,0.170175,280.1,0,MEDIUM
FI_OP,OP Group,FI,2023-12-31,2023-Q4,TOTAL_CAP_FL,0.228125,280.1,0,MEDIUM
FI_OP,OP Group,FI,2024-03-31,2024-Q1,TOTAL_CAP_FL,0.168312,280.1,0,MEDIUM
FI_OP,OP Group,FI,2024-06-30,2024-Q2,TOTAL_CAP_FL,0.224953,280.1,0,MEDIUM
FR_BNPP,BNP Paribas,FR,2023-09-30,2023-Q3,TOTAL_CAP_FL,0.172922,2685.9,1,LARGE
FR_BNPP,BNP Paribas,FR,2023-12-31,2023-Q4,TOTAL_CAP_FL,0.179433,2685.9,1,LARGE
FR_BNPP,BNP Paribas,FR,2024-03-31,2024-Q1,TOTAL_CAP_FL,0.18124,2685.9,1,LARGE
FR_BNPP,BNP Paribas,FR,2024-06-30,2024-Q2,TOTAL_CAP_FL,0.232422,2685.9,1,LARGE
FR_BPCE,BPCE,FR,2023-09-30,2023-Q3,TOTAL_CAP_FL,0.187411,1765.8,1,LARGE
FR_BPCE,BPCE,FR,2023-12-31,2023-Q4,TOTAL_CAP_FL,0.233268,1765.8,1,LARGE
FR_BPCE,BPCE,FR,2024-03-31,2024-Q1,TOTAL_CAP_FL,0.211561,1765.8,1,LARGE
FR_BPCE,BPCE,FR,2024-06-30,2024-Q2,TOTAL_CAP_FL,0.226735,1765.8,1,LARGE
FR_ACA,Credit Agricole Group,FR,2023-09-30,2023-Q3,TOTAL_CAP_FL,0.202128,2387.7,1,LARGE
FR_ACA,Credit Agricole Group,FR,2023-12-31,2023-Q4,TOTAL_CAP_FL,0.242774,2387.7,1,LARGE
FR_ACA,Credit Agricole Group,FR,2024-03-31,2024-Q1,TOTAL_CAP_FL,0.227563,2387.7,1,LARGE
FR_ACA,Credit Agricole Group,FR,2024-06-30,2024-Q2,TOTAL_CAP_FL,0.208096,2387.7,1,LARGE
FR_HSBC,HSBC Continental Europe,FR,2023-09-30,2023-Q3,TOTAL_CAP_FL,0.174914,475.5,0,LARGE
FR_HSBC,HSBC Continental Europe,FR,2023-12-31,2023-Q4,TOTAL_CAP_FL,0.170647,475.5,0,LARGE
FR_HSBC,HSBC Continental Europe,FR,2024-03-31,2024-Q1,TOTAL_CAP_FL,0.176536,475.5,0,LARGE
FR_HSBC,HSBC Continental Europe,FR,2024-06-30,2024-Q2,TOTAL_CAP_FL,0.234358,475.5,0,LARGE
FR_GLE,Societe Generale,FR,2023-09-30,2023-Q3,TOTAL_CAP_FL,0.193437,1766.0,1,LARGE
FR_GLE,Societe Generale,FR,2023-12-31,2023-Q4,TOTAL_CAP_FL,0.237776,1766.0,1,LARGE
FR_GLE,Societe Generale,FR,2024-03-31,2024-Q1,TOTAL_CAP_FL,0.167583,1766.0,1,LARGE
FR_GLE,Societe Generale,FR,2024-06-30,2024-Q2,TOTAL_CAP_FL,0.197028,1766.0,1,LARGE
GR_ALPHA,Alpha Bank,GR,2023-09-30,2023-Q3,TOTAL_CAP_FL,0.173549,295.5,0,MEDIUM
GR_ALPHA,Alpha Bank,GR,2023-12-31,2023-Q4,TOTAL_CAP_FL,0.172623,295.5,0,MEDIUM
GR_ALPHA,Alpha Bank,GR,2024-03-31,2024-Q1,TOTAL_CAP_FL,0.2379,295.5,0,MEDIUM
GR_ALPHA,Alpha Bank,GR,2024-06-30,2024-Q2,TOTAL_CAP_FL,0.235231,295.5,0,MEDIUM
GR_ETE,Eurobank Ergasias,GR,2023-09-30,2023-Q3,TOTAL_CAP_FL,0.209417,315.4,0,LARGE
GR_ETE,Eurobank Ergasias,GR,2023-12-31,2023-Q4,TOTAL_CAP_FL,0.192205,315.4,0,LARGE
GR_ETE,Eurobank Ergasias,GR,2024-03-31,2024-Q1,TOTAL_CAP_FL,0.174358,315.4,0,LARGE
GR_ETE,Eurobank Ergasias,GR,2024-06-30,2024-Q2,TOTAL_CAP_FL,0.225148,315.4,0,LARGE
GR_NBG,National Bank of Greece,GR,2023-09-30,2023-Q3,TOTAL_CAP_FL,0.219222,325.7,0,LARGE
GR_NBG,National Bank of Greece,GR,2023-12-31,2023-Q4,TOTAL_CAP_FL,0.181435,325.7,0,LARGE
GR_NBG,National Bank of Greece,GR,2024-03-31,2024-Q1,TOTAL_CAP_FL,0.223075,325.7,0,LARGE
GR_NBG,National Bank of Greece,GR,2024-06-30,2024-Q2,TOTAL_CAP_FL,0.226627,325.7,0,LARGE
GR_PIR,Piraeus Bank,GR,2023-09-30,2023-Q3,TOTAL_CAP_FL,0.182515,212.6,0,MEDIUM
GR_PIR,Piraeus Bank,GR,2023-12-31,2023-Q4,TOTAL_CAP_FL,0.231488,212.6,0,MEDIUM
GR_PIR,Piraeus Bank,GR,2024-03-31,2024-Q1,TOTAL_CAP_FL,0.172462,212.6,0,MEDIUM
GR_PIR,Piraeus Bank,GR,2024-06-30,2024-Q2,TOTAL_CAP_FL,0.184927,212.6,0,MEDIUM
HR_ZABA,Zagrebacka Banka,HR,2023-09-30,2023-Q3,TOTAL_CAP_FL,0.233306,287.4,0,MEDIUM
HR_ZABA,Zagrebacka Banka,HR,2023-12-31,2023-Q4,TOTAL_CAP_FL,0.207304,287.4,0,MEDIUM
HR_ZABA,Zagrebacka Banka,HR,2024-03-31,2024-Q1,TOTAL_CAP_FL,0.166967,287.4,0,MEDIUM
HR_ZABA,Zagrebacka Banka,HR,2024-06-30,2024-Q2,TOTAL_CAP_FL,0.23556,287.4,0,MEDIUM
HU_OTP,OTP Bank,HU,2023-09-30,2023-Q3,TOTAL_CAP_FL,0.23659,292.8,0,MEDIUM
HU_OTP,OTP Bank,HU,2023-12-31,2023-Q4,TOTAL_CAP_FL,0.177664,292.8,0,MEDIUM
HU_OTP,OTP Bank,HU,2024-03-31,2024-Q1,TOTAL_CAP_FL,0.166406,292.8,0,MEDIUM
HU_OTP,OTP Bank,HU,2024-06-30,2024-Q2,TOTAL_CAP_FL,0.188656,292.8,0,MEDIUM
IE_AIB,AIB Group,IE,2023-09-30,2023-Q3,TOTAL_CAP_FL,0.19295,356.4,0,LARGE
IE_AIB,AIB Group,IE,2023-12-31,2023-Q4,TOTAL_CAP_FL,0.233735,356.4,0,LARGE
IE_AIB,AIB Group,IE,2024-03-31,2024-Q1,TOTAL_CAP_FL,0.208145,356.4,0,LARGE
IE_AIB,AIB Group,IE,2024-06-30,2024-Q2,TOTAL_CAP_FL,0.173641,356.4,0,LARGE
IE_BIRG,Bank of Ireland,IE,2023-09-30,2023-Q3,TOTAL_CAP_FL,0.172972,134.8,0,MEDIUM
IE_BIRG,Bank of Ireland,IE,2023-12-31,2023-Q4,TOTAL_CAP_FL,0.230212,134.8,0,MEDIUM
IE_BIRG,Bank of Ireland,IE,2024-03-31,2024-Q1,TOTAL_CAP_FL,0.210384,134.8,0,MEDIUM
IE_BIRG,Bank of Ireland,IE,2024-06-30,2024-Q2,TOTAL_CAP_FL,0.209354,134.8,0,MEDIUM
IS_LAN,Landsbankinn,IS,2023-09-30,2023-Q3,TOTAL_CAP_FL,0.174143,252.3,0,MEDIUM
IS_LAN,Landsbankinn,IS,2023-12-31,2023-Q4,TOTAL_CAP_FL,0.171634,252.3,0,MEDIUM
IS_LAN,Landsbankinn,IS,2024-03-31,2024-Q1,TOTAL_CAP_FL,0.168287,252.3,0,MEDIUM
IS_LAN,Landsbankinn,IS,2024-06-30,2024-Q2,TOTAL_CAP_FL,0.228729,252.3,0,MEDIUM
IT_BAMI,Banco BPM,IT,2023-09-30,2023-Q3,TOTAL_CAP_FL,0.215305,406.3,0,LARGE
IT_BAMI,Banco BPM,IT,2023-12-31,2023-Q4,TOTAL_CAP_FL,0.188169,406.3,0,LARGE
IT_BAMI,Banco BPM,IT,2024-03-31,2024-Q1,TOTAL_CAP_FL,0.177395,406.3,0,LARGE
IT_BAMI,Banco BPM,IT,2024-06-30,2024-Q2,TOTAL_CAP_FL,0.202243,406.3,0,LARGE
IT_ISP,Intesa Sanpaolo,IT,2023-09-30,2023-Q3,TOTAL_CAP_FL,0.187783,936.6,1,LARGE
IT_ISP,Intesa Sanpaolo,IT,2023-12-31,2023-Q4,TOTAL_CAP_FL,0.167909,936.6,1,LARGE
IT_ISP,Intesa Sanpaolo,IT,2024-03-31,2024-Q1,TOTAL_CAP_FL,0.18678,936.6,1,LARGE
IT_ISP,Intesa Sanpaolo,IT,2024-06-30,2024-Q2,TOTAL_CAP_FL,0.232584,936.6,1,LARGE
IT_MED,Mediobanca,IT,2023-09-30,2023-Q3,TOTAL_CAP_FL,0.199333,263.0,0,MEDIUM
IT_MED,Mediobanca,IT,2023-12-31,2023-Q4,TOTAL_CAP_FL,0.213616,263.0,0,MEDIUM
IT_MED,Mediobanca,IT,2024-03-31,2024-Q1,TOTAL_CAP_FL,0.163426,263.0,0,MEDIUM
IT_MED,Mediobanca,IT,2024-06-30,2024-Q2,TOTAL_CAP_FL,0.186791,263.0,0,MEDIUM
IT_BMPS,Monte dei Paschi,IT,2023-09-30,2023-Q3,TOTAL_CAP_FL,0.160351,342.8,0,LARGE
IT_BMPS,Monte dei Paschi,IT,2023-12-31,2023-Q4,TOTAL_CAP_FL,0.174081,342.8,0,LARGE
IT_BMPS,Monte dei Paschi,IT,2024-03-31,2024-Q1,TOTAL_CAP_FL,0.173662,342.8,0,LARGE
IT_BMPS,Monte dei Paschi,IT,2024-06-30,2024-Q2,TOTAL_CAP_FL,0.186261,342.8,0,LARGE
IT_UCG,UniCredit,IT,2023-09-30,2023-Q3,TOTAL_CAP_FL,0.230797,995.9,1,LARGE
IT_UCG,UniCredit,IT,2023-12-31,2023-Q4,TOTAL_CAP_FL,0.19937,995.9,1,LARGE
IT_UCG,UniCredit,IT,2024-03-31,2024-Q1,TOTAL_CAP_FL,0.24038,995.9,1,LARGE
IT_UCG,UniCredit,IT,2024-06-30,2024-Q2,TOTAL_CAP_FL,0.226603,995.9,1,LARGE
LI_LLB,Liechtensteinische LB,LI,2023-09-30,2023-Q3,TOTAL_CAP_FL,0.199683,293.7,0,MEDIUM
LI_LLB,Liechtensteinische LB,LI,2023-12-31,2023-Q4,TOTAL_CAP_FL,0.206283,293.7,0,MEDIUM
LI_LLB,Liechtensteinische LB,LI,2024-03-31,2024-Q1,TOTAL_CAP_FL,0.1661,293.7,0,MEDIUM
LI_LLB,Liechtensteinische LB,LI,2024-06-30,2024-Q2,TOTAL_CAP_FL,0.186009,293.7,0,MEDIUM
LT_SBLT,Siauliu Bankas,LT,2023-09-30,2023-Q3,TOTAL_CAP_FL,0.216414,286.8,0,MEDIUM
LT_SBLT,Siauliu Bankas,LT,2023-12-31,2023-Q4,TOTAL_CAP_FL,0.165976,286.8,0,MEDIUM
LT_SBLT,Siauliu Bankas,LT,2024-03-31,2024-Q1,TOTAL_CAP_FL,0.185212,286.8,0,MEDIUM
LT_SBLT,Siauliu Bankas,LT,2024-06-30,2024-Q2,TOTAL_CAP_FL,0.237491,286.8,0,MEDIUM
LU_BIL,Banque Internationale Lux,LU,2023-09-30,2023-Q3,TOTAL_CAP_FL,0.218114,297.7,0,MEDIUM
LU_BIL,Banque Internationale Lux,LU,2023-12-31,2023-Q4,TOTAL_CAP_FL,0.222102,297.7,0,MEDIUM
LU_BIL,Banque Internationale Lux,LU,2024-03-31,2024-Q1,TOTAL_CAP_FL,0.237855,297.7,0,MEDIUM
LU_BIL,Banque Internationale Lux,LU,2024-06-30,2024-Q2,TOTAL_CAP_FL,0.214596,297.7,0,MEDIUM
LV_SWLV,Swedbank Latvia,LV,2023-09-30,2023-Q3,TOTAL_CAP_FL,0.189437,168.3,1,MEDIUM
LV_SWLV,Swedbank Latvia,LV,2023-12-31,2023-Q4,TOTAL_CAP_FL,0.195486,168.3,1,MEDIUM
LV_SWLV,Swedbank Latvia,LV,2024-03-31,2024-Q1,TOTAL_CAP_FL,0.204596,168.3,1,MEDIUM
LV_SWLV,Swedbank Latvia,LV,2024-06-30,2024-Q2,TOTAL_CAP_FL,0.195481,168.3,1,MEDIUM
MT_BOV,Bank of Valletta,MT,2023-09-30,2023-Q3,TOTAL_CAP_FL,0.190186,131.9,0,MEDIUM
MT_BOV,Bank of Valletta,MT,2023-12-31,2023-Q4,TOTAL_CAP_FL,0.230602,131.9,0,MEDIUM
MT_BOV,Bank of Valletta,MT,2024-03-31,2024-Q1,TOTAL_CAP_FL,0.218616,131.9,0,MEDIUM
MT_BOV,Bank of Valletta,MT,2024-06-30,2024-Q2,TOTAL_CAP_FL,0.200021,131.9,0,MEDIUM
NL_ABN,ABN AMRO,NL,2023-09-30,2023-Q3,TOTAL_CAP_FL,0.164381,668.1,1,LARGE
NL_ABN,ABN AMRO,NL,2023-12-31,2023-Q4,TOTAL_CAP_FL,0.228838,668.1,1,LARGE
NL_ABN,ABN AMRO,NL,2024-03-31,2024-Q1,TOTAL_CAP_FL,0.177126,668.1,1,LARGE
NL_ABN,ABN AMRO,NL,2024-06-30,2024-Q2,TOTAL_CAP_FL,0.180226,668.1,1,LARGE
NL_INGA,ING Groep,NL,2023-09-30,2023-Q3,TOTAL_CAP_FL,0.219389,1257.1,1,LARGE
NL_INGA,ING Groep,NL,2023-12-31,2023-Q4,TOTAL_CAP_FL,0.221822,1257.1,1,LARGE
NL_INGA,ING Groep,NL,2024-03-31,2024-Q1,TOTAL_CAP_FL,0.225244,1257.1,1,LARGE
NL_INGA,ING Groep,NL,2024-06-30,2024-Q2,TOTAL_CAP_FL,0.180406,1257.1,1,LARGE
NL_RABO,Rabobank,NL,2023-09-30,2023-Q3,TOTAL_CAP_FL,0.231906,890.4,1,LARGE
NL_RABO,Rabobank,NL,2023-12-31,2023-Q4,TOTAL_CAP_FL,0.177502,890.4,1,LARGE
NL_RABO,Rabobank,NL,2024-03-31,2024-Q1,TOTAL_CAP_FL,0.204297,890.4,1,LARGE
NL_RABO,Rabobank,NL,2024-06-30,2024-Q2,TOTAL_CAP_FL,0.200572,890.4,1,LARGE
NO_DNB,DNB Bank,NO,2023-09-30,2023-Q3,TOTAL_CAP_FL,0.160063,594.0,0,LARGE
NO_DNB,DNB Bank,NO,2023-12-31,2023-Q4,TOTAL_CAP_FL,0.199852,594.0,0,LARGE
NO_DNB,DNB Bank,NO,2024-03-31,2024-Q1,TOTAL_CAP_FL,0.226883,594.0,0,LARGE
NO_DNB,DNB Bank,NO,2024-06-30,2024-Q2,TOTAL_CAP_FL,0.172229,594.0,0,LARGE
PL_PEKAO,Bank Pekao,PL,2023-09-30,2023-Q3,TOTAL_CAP_FL,0.207304,195.9,0,MEDIUM
PL_PEKAO,Bank Pekao,PL,2023-12-31,2023-Q4,TOTAL_CAP_FL,0.238316,195.9,0,MEDIUM
PL_PEKAO,Bank Pekao,PL,2024-03-31,2024-Q1,TOTAL_CAP_FL,0.19156,195.9,0,MEDIUM
PL_PEKAO,Bank Pekao,PL,2024-06-30,2024-Q2,TOTAL_CAP_FL,0.236366,195.9,0,MEDIUM
PL_PKO,PKO Bank Polski,PL,2023-09-30,2023-Q3,TOTAL_CAP_FL,0.197655,374.5,1,LARGE
PL_PKO,PKO Bank Polski,PL,2023-12-31,2023-Q4,TOTAL_CAP_FL,0.169136,374.5,1,LARGE
PL_PKO,PKO Bank Polski,PL,2024-03-31,2024-Q1,TOTAL_CAP_FL,0.207505,374.5,1,LARGE
PL_PKO,PKO Bank Polski,PL,2024-06-30,2024-Q2,TOTAL_CAP_FL,0.206526,374.5,1,LARGE
PL_MBK,mBank,PL,2023-09-30,2023-Q3,TOTAL_CAP_FL,0.177641,144.3,1,MEDIUM
PL_MBK,mBank,PL,2023-12-31,2023-Q4,TOTAL_CAP_FL,0.177531,144.3,1,MEDIUM
PL_MBK,mBank,PL,2024-03-31,2024-Q1,TOTAL_CAP_FL,0.20466,144.3,1,MEDIUM
PL_MBK,mBank,PL,2024-06-30,2024-Q2,TOTAL_CAP_FL,0.232609,144.3,1,MEDIUM
PT_CGD,Caixa Geral de Depositos,PT,2023-09-30,2023-Q3,TOTAL_CAP_FL,0.175634,332.4,0,LARGE
PT_CGD,Caixa Geral de Depositos,PT,2023-12-31,2023-Q4,TOTAL_CAP_FL,0.193304,332.4,0,LARGE
PT_CGD,Caixa Geral de Depositos,PT,2024-03-31,2024-Q1,TOTAL_CAP_FL,0.178246,332.4,0,LARGE
PT_CGD,Caixa Geral de Depositos,PT,2024-06-30,2024-Q2,TOTAL_CAP_FL,0.208384,332.4,0,LARGE
PT_BCP,Millennium BCP,PT,2023-09-30,2023-Q3,TOTAL_CAP_FL,0.189791,375.6,0,LARGE
PT_BCP,Millennium BCP,PT,2023-12-31,2023-Q4,TOTAL_CAP_FL,0.228474,375.6,0,LARGE
PT_BCP,Millennium BCP,PT,2024-03-31,2024-Q1,TOTAL_CAP_FL,0.193018,375.6,0,LARGE
PT_BCP,Millennium BCP,PT,2024-06-30,2024-Q2,TOTAL_CAP_FL,0.195854,375.6,0,LARGE
RO_BRD,BRD Groupe SG,RO,2023-09-30,2023-Q3,TOTAL_CAP_FL,0.210676,164.3,0,MEDIUM
RO_BRD,BRD Groupe SG,RO,2023-12-31,2023-Q4,TOTAL_CAP_FL,0.160657,164.3,0,MEDIUM
RO_BRD,BRD Groupe SG,RO,2024-03-31,2024-Q1,TOTAL_CAP_FL,0.201176,164.3,0,MEDIUM
RO_BRD,BRD Groupe SG,RO,2024-06-30,2024-Q2,TOTAL_CAP_FL,0.209691,164.3,0,MEDIUM
SE_SHB,Handelsbanken,SE,2023-09-30,2023-Q3,TOTAL_CAP_FL,0.221718,505.3,1,LARGE
SE_SHB,Handelsbanken,SE,2023-12-31,2023-Q4,TOTAL_CAP_FL,0.180241,505.3,1,LARGE
SE_SHB,Handelsbanken,SE,2024-03-31,2024-Q1,TOTAL_CAP_FL,0.229042,505.3,1,LARGE
SE_SHB,Handelsbanken,SE,2024-06-30,2024-Q2,TOTAL_CAP_FL,0.208946,505.3,1,LARGE
SE_NDA,Nordea,SE,2023-09-30,2023-Q3,TOTAL_CAP_FL,0.207855,627.3,1,LARGE
SE_NDA,Nordea,SE,2023-12-31,2023-Q4,TOTAL_CAP_FL,0.19624,627.3,1,LARGE
SE_NDA,Nordea,SE,2024-03-31,2024-Q1,TOTAL_CAP_FL,0.217654,627.3,1,LARGE
SE_NDA,Nordea,SE,2024-06-30,2024-Q2,TOTAL_CAP_FL,0.213478,627.3,1,LARGE
SE_SEB,SEB,SE,2023-09-30,2023-Q3,TOTAL_CAP_FL,0.216962,427.3,1,LARGE
SE_SEB,SEB,SE,2023-12-31,2023-Q4,TOTAL_CAP_FL,0.200377,427.3,1,LARGE
SE_SEB,SEB,SE,2024-03-31,2024-Q1,TOTAL_CAP_FL,0.204052,427.3,1,LARGE
SE_SEB,SEB,SE,2024-06-30,2024-Q2,TOTAL_CAP_FL,0.161404,427.3,1,LARGE
SE_SWED,Swedbank,SE,2023-09-30,2023-Q3,TOTAL_CAP_FL,0.215359,536.9,1,LARGE
SE_SWED,Swedbank,SE,2023-12-31,2023-Q4,TOTAL_CAP_FL,0.180202,536.9,1,LARGE
SE_SWED,Swedbank,SE,2024-03-31,2024-Q1,TOTAL_CAP_FL,0.186616,536.9,1,LARGE
SE_SWED,Swedbank,SE,2024-06-30,2024-Q2,TOTAL_CAP_FL,0.215457,536.9,1,LARGE
SI_NLB,NLB Group,SI,2023-09-30,2023-Q3,TOTAL_CAP_FL,0.177024,201.6,0,MEDIUM
SI_NLB,NLB Group,SI,2023-12-31,2023-Q4,TOTAL_CAP_FL,0.228413,201.6,0,MEDIUM
SI_NLB,NLB Group,SI,2024-03-31,2024-Q1,TOTAL_CAP_FL,0.179451,201.6,0,MEDIUM
SI_NLB,NLB Group,SI,2024-06-30,2024-Q2,TOTAL_CAP_FL,0.240256,201.6,0,MEDIUM
SK_VUB,VUB Banka,SK,2023-09-30,2023-Q3,TOTAL_CAP_FL,0.21715,252.7,0,MEDIUM
SK_VUB,VUB Banka,SK,2023-12-31,2023-Q4,TOTAL_CAP_FL,0.229484,252.7,0,MEDIUM
SK_VUB,VUB Banka,SK,2024-03-31,2024-Q1,TOTAL_CAP_FL,0.237724,252.7,0,MEDIUM
SK_VUB,VUB Banka,SK,2024-06-30,2024-Q2,TOTAL_CAP_FL,0.201702,252.7,0,MEDIUM
